Date,Time,plates
2026-06-01,13:46:17,[]
2026-06-01,13:46:17.033333,[]
2026-06-01,13:46:17.066666,[]
2026-06-01,13:46:17.099999,[]
2026-06-01,13:46:17.133332,[]
2026-06-01,13:46:17.166665,[]
2026-06-01,13:46:17.199998,[]
2026-06-01,13:46:17.233331,[]
2026-06-01,13:46:17.266664,[]
2026-06-01,13:46:17.299997,[]
2026-06-01,13:46:17.333330,[]
2026-06-01,13:46:17.366663,[]
2026-06-01,13:46:17.399996,[]
2026-06-01,13:46:17.433329,[]
2026-06-01,13:46:17.466662,[]
2026-06-01,13:46:17.499995,[]
2026-06-01,13:46:17.533328,[]
2026-06-01,13:46:17.566661,[]
2026-06-01,13:46:17.599994,[]
2026-06-01,13:46:17.633327,[]
2026-06-01,13:46:17.666660,[]
2026-06-01,13:46:17.699993,[]
2026-06-01,13:46:17.733326,[]
2026-06-01,13:46:17.766659,[]
2026-06-01,13:46:17.799992,[]
2026-06-01,13:46:17.833325,[]
2026-06-01,13:46:17.866658,[]
2026-06-01,13:46:17.899991,[]
2026-06-01,13:46:17.933324,[]
2026-06-01,13:46:17.966657,[]
2026-06-01,13:46:17.999990,[]
2026-06-01,13:46:18.033323,[]
2026-06-01,13:46:18.066656,[]
2026-06-01,13:46:18.099989,[]
2026-06-01,13:46:18.133322,[]
2026-06-01,13:46:18.166655,[]
2026-06-01,13:46:18.199988,[]
2026-06-01,13:46:18.233321,[]
2026-06-01,13:46:18.266654,[]
2026-06-01,13:46:18.299987,[]
2026-06-01,13:46:18.333320,[]
2026-06-01,13:46:18.366653,[]
2026-06-01,13:46:18.399986,[]
2026-06-01,13:46:18.433319,[]
2026-06-01,13:46:18.466652,[]
2026-06-01,13:46:18.499985,[]
2026-06-01,13:46:18.533318,[]
2026-06-01,13:46:18.566651,[]
2026-06-01,13:46:18.599984,[]
2026-06-01,13:46:18.633317,[]
2026-06-01,13:46:18.666650,[]
2026-06-01,13:46:18.699983,[]
2026-06-01,13:46:18.733316,[]
2026-06-01,13:46:18.766649,[]
2026-06-01,13:46:18.799982,[]
2026-06-01,13:46:18.833315,[]
2026-06-01,13:46:18.866648,[]
2026-06-01,13:46:18.899981,[]
2026-06-01,13:46:18.933314,[]
2026-06-01,13:46:18.966647,[]
2026-06-01,13:46:18.999980,[]
2026-06-01,13:46:19.033313,[]
2026-06-01,13:46:19.066646,[]
2026-06-01,13:46:19.099979,[]
2026-06-01,13:46:19.133312,[]
2026-06-01,13:46:19.166645,[]
2026-06-01,13:46:19.199978,[]
2026-06-01,13:46:19.233311,[]
2026-06-01,13:46:19.266644,[]
2026-06-01,13:46:19.299977,[]
2026-06-01,13:46:19.333310,[]
2026-06-01,13:46:19.366643,[]
2026-06-01,13:46:19.399976,[]
2026-06-01,13:46:19.433309,[]
2026-06-01,13:46:19.466642,[]
2026-06-01,13:46:19.499975,[]
2026-06-01,13:46:19.533308,[]
2026-06-01,13:46:19.566641,[]
2026-06-01,13:46:19.599974,[]
2026-06-01,13:46:19.633307,[]
2026-06-01,13:46:19.666640,[]
2026-06-01,13:46:19.699973,[]
2026-06-01,13:46:19.733306,[]
2026-06-01,13:46:19.766639,[]
2026-06-01,13:46:19.799972,[]
2026-06-01,13:46:19.833305,[]
2026-06-01,13:46:19.866638,[]
2026-06-01,13:46:19.899971,[]
2026-06-01,13:46:19.933304,[]
2026-06-01,13:46:19.966637,[]
2026-06-01,13:46:19.999970,[]
2026-06-01,13:46:20.033303,[]
2026-06-01,13:46:20.066636,[]
2026-06-01,13:46:20.099969,[]
2026-06-01,13:46:20.133302,[]
2026-06-01,13:46:20.166635,[]
2026-06-01,13:46:20.199968,[]
2026-06-01,13:46:20.233301,[]
2026-06-01,13:46:20.266634,[]
2026-06-01,13:46:20.299967,[]
2026-06-01,13:46:20.333300,[]
2026-06-01,13:46:20.366633,[]
2026-06-01,13:46:20.399966,[]
2026-06-01,13:46:20.433299,[]
2026-06-01,13:46:20.466632,[]
2026-06-01,13:46:20.499965,[]
2026-06-01,13:46:20.533298,[]
2026-06-01,13:46:20.566631,[]
2026-06-01,13:46:20.599964,[]
2026-06-01,13:46:20.633297,[]
2026-06-01,13:46:20.666630,[]
2026-06-01,13:46:20.699963,[]
2026-06-01,13:46:20.733296,[]
2026-06-01,13:46:20.766629,[]
2026-06-01,13:46:20.799962,[]
2026-06-01,13:46:20.833295,[]
2026-06-01,13:46:20.866628,[]
2026-06-01,13:46:20.899961,[]
2026-06-01,13:46:20.933294,[]
2026-06-01,13:46:20.966627,[]
2026-06-01,13:46:20.999960,[]
2026-06-01,13:46:21.033293,[]
2026-06-01,13:46:21.066626,[]
2026-06-01,13:46:21.099959,[]
2026-06-01,13:46:21.133292,[]
2026-06-01,13:46:21.166625,[]
2026-06-01,13:46:21.199958,[]
2026-06-01,13:46:21.233291,[]
2026-06-01,13:46:21.266624,[]
2026-06-01,13:46:21.299957,[]
2026-06-01,13:46:21.333290,[]
2026-06-01,13:46:21.366623,[]
2026-06-01,13:46:21.399956,[]
2026-06-01,13:46:21.433289,[]
2026-06-01,13:46:21.466622,[]
2026-06-01,13:46:21.499955,[]
2026-06-01,13:46:21.533288,[]
2026-06-01,13:46:21.566621,[]
2026-06-01,13:46:21.599954,[]
2026-06-01,13:46:21.633287,[]
2026-06-01,13:46:21.666620,[]
2026-06-01,13:46:21.699953,[]
2026-06-01,13:46:21.733286,[]
2026-06-01,13:46:21.766619,[]
2026-06-01,13:46:21.799952,[]
2026-06-01,13:46:21.833285,[]
2026-06-01,13:46:21.866618,[]
2026-06-01,13:46:21.899951,[]
2026-06-01,13:46:21.933284,[]
2026-06-01,13:46:21.966617,[]
2026-06-01,13:46:21.999950,[]
2026-06-01,13:46:22.033283,[]
2026-06-01,13:46:22.066616,[]
2026-06-01,13:46:22.099949,[]
2026-06-01,13:46:22.133282,[]
2026-06-01,13:46:22.166615,[]
2026-06-01,13:46:22.199948,[]
2026-06-01,13:46:22.233281,[]
2026-06-01,13:46:22.266614,[]
2026-06-01,13:46:22.299947,[]
2026-06-01,13:46:22.333280,[]
2026-06-01,13:46:22.366613,[]
2026-06-01,13:46:22.399946,[]
2026-06-01,13:46:22.433279,[]
2026-06-01,13:46:22.466612,[]
2026-06-01,13:46:22.499945,[]
2026-06-01,13:46:22.533278,[]
2026-06-01,13:46:22.566611,[]
2026-06-01,13:46:22.599944,[]
2026-06-01,13:46:22.633277,[]
2026-06-01,13:46:22.666610,[]
2026-06-01,13:46:22.699943,[]
2026-06-01,13:46:22.733276,[]
2026-06-01,13:46:22.766609,[]
2026-06-01,13:46:22.799942,[]
2026-06-01,13:46:22.833275,[]
2026-06-01,13:46:22.866608,[]
2026-06-01,13:46:22.899941,[]
2026-06-01,13:46:22.933274,[]
2026-06-01,13:46:22.966607,[]
2026-06-01,13:46:22.999940,[]
2026-06-01,13:46:23.033273,[]
2026-06-01,13:46:23.066606,[]
2026-06-01,13:46:23.099939,[]
2026-06-01,13:46:23.133272,[]
2026-06-01,13:46:23.166605,[]
2026-06-01,13:46:23.199938,[]
2026-06-01,13:46:23.233271,[]
2026-06-01,13:46:23.266604,[]
2026-06-01,13:46:23.299937,[]
2026-06-01,13:46:23.333270,[]
2026-06-01,13:46:23.366603,[]
2026-06-01,13:46:23.399936,[]
2026-06-01,13:46:23.433269,[]
2026-06-01,13:46:23.466602,[]
2026-06-01,13:46:23.499935,[]
2026-06-01,13:46:23.533268,[]
2026-06-01,13:46:23.566601,[]
2026-06-01,13:46:23.599934,[]
2026-06-01,13:46:23.633267,[]
2026-06-01,13:46:23.666600,[]
2026-06-01,13:46:23.699933,[]
2026-06-01,13:46:23.733266,[]
2026-06-01,13:46:23.766599,[]
2026-06-01,13:46:23.799932,[]
2026-06-01,13:46:23.833265,[]
2026-06-01,13:46:23.866598,[]
2026-06-01,13:46:23.899931,[]
2026-06-01,13:46:23.933264,[]
2026-06-01,13:46:23.966597,[]
2026-06-01,13:46:23.999930,[]
2026-06-01,13:46:24.033263,[]
2026-06-01,13:46:24.066596,[]
2026-06-01,13:46:24.099929,[]
2026-06-01,13:46:24.133262,[]
2026-06-01,13:46:24.166595,[]
2026-06-01,13:46:24.199928,[]
2026-06-01,13:46:24.233261,[]
2026-06-01,13:46:24.266594,[]
2026-06-01,13:46:24.299927,[]
2026-06-01,13:46:24.333260,[]
2026-06-01,13:46:24.366593,[]
2026-06-01,13:46:24.399926,[]
2026-06-01,13:46:24.433259,[]
2026-06-01,13:46:24.466592,[]
2026-06-01,13:46:24.499925,[]
2026-06-01,13:46:24.533258,[]
2026-06-01,13:46:24.566591,[]
2026-06-01,13:46:24.599924,[]
2026-06-01,13:46:24.633257,[]
2026-06-01,13:46:24.666590,[]
2026-06-01,13:46:24.699923,[]
2026-06-01,13:46:24.733256,[]
2026-06-01,13:46:24.766589,[]
2026-06-01,13:46:24.799922,[]
2026-06-01,13:46:24.833255,[]
2026-06-01,13:46:24.866588,[]
2026-06-01,13:46:24.899921,[]
2026-06-01,13:46:24.933254,[]
2026-06-01,13:46:24.966587,[]
2026-06-01,13:46:24.999920,[]
2026-06-01,13:46:25.033253,[]
2026-06-01,13:46:25.066586,[]
2026-06-01,13:46:25.099919,[]
2026-06-01,13:46:25.133252,[]
2026-06-01,13:46:25.166585,[]
2026-06-01,13:46:25.199918,[]
2026-06-01,13:46:25.233251,[]
2026-06-01,13:46:25.266584,[]
2026-06-01,13:46:25.299917,[]
2026-06-01,13:46:25.333250,[]
2026-06-01,13:46:25.366583,[]
2026-06-01,13:46:25.399916,[]
2026-06-01,13:46:25.433249,[]
2026-06-01,13:46:25.466582,[]
2026-06-01,13:46:25.499915,[]
2026-06-01,13:46:25.533248,[]
2026-06-01,13:46:25.566581,[]
2026-06-01,13:46:25.599914,[]
2026-06-01,13:46:25.633247,[]
2026-06-01,13:46:25.666580,[]
2026-06-01,13:46:25.699913,[]
2026-06-01,13:46:25.733246,[]
2026-06-01,13:46:25.766579,[]
2026-06-01,13:46:25.799912,[]
2026-06-01,13:46:25.833245,[]
2026-06-01,13:46:25.866578,[]
2026-06-01,13:46:25.899911,[]
2026-06-01,13:46:25.933244,[]
2026-06-01,13:46:25.966577,[]
2026-06-01,13:46:25.999910,[]
2026-06-01,13:46:26.033243,[]
2026-06-01,13:46:26.066576,[]
2026-06-01,13:46:26.099909,[]
2026-06-01,13:46:26.133242,[]
2026-06-01,13:46:26.166575,[]
2026-06-01,13:46:26.199908,[]
2026-06-01,13:46:26.233241,[]
2026-06-01,13:46:26.266574,[]
2026-06-01,13:46:26.299907,[]
2026-06-01,13:46:26.333240,[]
2026-06-01,13:46:26.366573,[]
2026-06-01,13:46:26.399906,[]
2026-06-01,13:46:26.433239,[]
2026-06-01,13:46:26.466572,[]
2026-06-01,13:46:26.499905,[]
2026-06-01,13:46:26.533238,[]
2026-06-01,13:46:26.566571,[]
2026-06-01,13:46:26.599904,[]
2026-06-01,13:46:26.633237,[]
2026-06-01,13:46:26.666570,[]
2026-06-01,13:46:26.699903,[]
2026-06-01,13:46:26.733236,[]
2026-06-01,13:46:26.766569,[]
2026-06-01,13:46:26.799902,[]
2026-06-01,13:46:26.833235,[]
2026-06-01,13:46:26.866568,[]
2026-06-01,13:46:26.899901,[]
2026-06-01,13:46:26.933234,[]
2026-06-01,13:46:26.966567,[]
2026-06-01,13:46:26.999900,[]
2026-06-01,13:46:27.033233,[]
2026-06-01,13:46:27.066566,[]
2026-06-01,13:46:27.099899,[]
2026-06-01,13:46:27.133232,[]
2026-06-01,13:46:27.166565,[]
2026-06-01,13:46:27.199898,[]
2026-06-01,13:46:27.233231,[]
2026-06-01,13:46:27.266564,[]
2026-06-01,13:46:27.299897,[]
2026-06-01,13:46:27.333230,[]
2026-06-01,13:46:27.366563,[]
2026-06-01,13:46:27.399896,[]
2026-06-01,13:46:27.433229,[]
2026-06-01,13:46:27.466562,[]
2026-06-01,13:46:27.499895,[]
2026-06-01,13:46:27.533228,[]
2026-06-01,13:46:27.566561,[]
2026-06-01,13:46:27.599894,[]
2026-06-01,13:46:27.633227,[]
2026-06-01,13:46:27.666560,[]
2026-06-01,13:46:27.699893,[]
2026-06-01,13:46:27.733226,[]
2026-06-01,13:46:27.766559,[]
2026-06-01,13:46:27.799892,[]
2026-06-01,13:46:27.833225,[]
2026-06-01,13:46:27.866558,[]
2026-06-01,13:46:27.899891,[]
2026-06-01,13:46:27.933224,[]
2026-06-01,13:46:27.966557,[]
2026-06-01,13:46:27.999890,[]
2026-06-01,13:46:28.033223,[]
2026-06-01,13:46:28.066556,[]
2026-06-01,13:46:28.099889,[]
2026-06-01,13:46:28.133222,[]
2026-06-01,13:46:28.166555,[]
2026-06-01,13:46:28.199888,[]
2026-06-01,13:46:28.233221,[]
2026-06-01,13:46:28.266554,[]
2026-06-01,13:46:28.299887,[]
2026-06-01,13:46:28.333220,[]
2026-06-01,13:46:28.366553,[]
2026-06-01,13:46:28.399886,[]
2026-06-01,13:46:28.433219,[]
2026-06-01,13:46:28.466552,[]
2026-06-01,13:46:28.499885,[]
2026-06-01,13:46:28.533218,[]
2026-06-01,13:46:28.566551,[]
2026-06-01,13:46:28.599884,[]
2026-06-01,13:46:28.633217,[]
2026-06-01,13:46:28.666550,[]
2026-06-01,13:46:28.699883,[]
2026-06-01,13:46:28.733216,[]
2026-06-01,13:46:28.766549,[]
2026-06-01,13:46:28.799882,[]
2026-06-01,13:46:28.833215,[]
2026-06-01,13:46:28.866548,[]
2026-06-01,13:46:28.899881,[]
2026-06-01,13:46:28.933214,[]
2026-06-01,13:46:28.966547,[]
2026-06-01,13:46:28.999880,[]
2026-06-01,13:46:29.033213,[]
2026-06-01,13:46:29.066546,[]
2026-06-01,13:46:29.099879,[]
2026-06-01,13:46:29.133212,[]
2026-06-01,13:46:29.166545,[]
2026-06-01,13:46:29.199878,[]
2026-06-01,13:46:29.233211,[]
2026-06-01,13:46:29.266544,[]
2026-06-01,13:46:29.299877,[]
2026-06-01,13:46:29.333210,[]
2026-06-01,13:46:29.366543,[]
2026-06-01,13:46:29.399876,[]
2026-06-01,13:46:29.433209,[]
2026-06-01,13:46:29.466542,[]
2026-06-01,13:46:29.499875,[]
2026-06-01,13:46:29.533208,[]
2026-06-01,13:46:29.566541,[]
2026-06-01,13:46:29.599874,[]
2026-06-01,13:46:29.633207,[]
2026-06-01,13:46:29.666540,[]
2026-06-01,13:46:29.699873,[]
2026-06-01,13:46:29.733206,[]
2026-06-01,13:46:29.766539,[]
2026-06-01,13:46:29.799872,[]
2026-06-01,13:46:29.833205,[]
2026-06-01,13:46:29.866538,[]
2026-06-01,13:46:29.899871,[]
2026-06-01,13:46:29.933204,[]
2026-06-01,13:46:29.966537,[]
2026-06-01,13:46:29.999870,[]
2026-06-01,13:46:30.033203,[]
2026-06-01,13:46:30.066536,[]
2026-06-01,13:46:30.099869,[]
2026-06-01,13:46:30.133202,[]
2026-06-01,13:46:30.166535,[]
2026-06-01,13:46:30.199868,[]
2026-06-01,13:46:30.233201,[]
2026-06-01,13:46:30.266534,[]
2026-06-01,13:46:30.299867,[]
2026-06-01,13:46:30.333200,[]
2026-06-01,13:46:30.366533,[]
2026-06-01,13:46:30.399866,[]
2026-06-01,13:46:30.433199,[]
2026-06-01,13:46:30.466532,[]
2026-06-01,13:46:30.499865,[]
2026-06-01,13:46:30.533198,[]
2026-06-01,13:46:30.566531,[]
2026-06-01,13:46:30.599864,[]
2026-06-01,13:46:30.633197,[]
2026-06-01,13:46:30.666530,[]
2026-06-01,13:46:30.699863,[]
2026-06-01,13:46:30.733196,[]
2026-06-01,13:46:30.766529,[]
2026-06-01,13:46:30.799862,[]
2026-06-01,13:46:30.833195,[]
2026-06-01,13:46:30.866528,[]
2026-06-01,13:46:30.899861,[]
2026-06-01,13:46:30.933194,[]
2026-06-01,13:46:30.966527,[]
2026-06-01,13:46:30.999860,[]
2026-06-01,13:46:31.033193,[]
2026-06-01,13:46:31.066526,[]
2026-06-01,13:46:31.099859,[]
2026-06-01,13:46:31.133192,[]
2026-06-01,13:46:31.166525,[]
2026-06-01,13:46:31.199858,[]
2026-06-01,13:46:31.233191,[]
2026-06-01,13:46:31.266524,[]
2026-06-01,13:46:31.299857,[]
2026-06-01,13:46:31.333190,[]
2026-06-01,13:46:31.366523,[]
2026-06-01,13:46:31.399856,[]
2026-06-01,13:46:31.433189,[]
2026-06-01,13:46:31.466522,[]
2026-06-01,13:46:31.499855,[]
2026-06-01,13:46:31.533188,[]
2026-06-01,13:46:31.566521,[]
2026-06-01,13:46:31.599854,[]
2026-06-01,13:46:31.633187,[]
2026-06-01,13:46:31.666520,[]
2026-06-01,13:46:31.699853,[]
2026-06-01,13:46:31.733186,[]
2026-06-01,13:46:31.766519,[]
2026-06-01,13:46:31.799852,[]
2026-06-01,13:46:31.833185,[]
2026-06-01,13:46:31.866518,[]
2026-06-01,13:46:31.899851,[]
2026-06-01,13:46:31.933184,[]
2026-06-01,13:46:31.966517,[]
2026-06-01,13:46:31.999850,[]
2026-06-01,13:46:32.033183,[]
2026-06-01,13:46:32.066516,[]
2026-06-01,13:46:32.099849,[]
2026-06-01,13:46:32.133182,[]
2026-06-01,13:46:32.166515,[]
2026-06-01,13:46:32.199848,[]
2026-06-01,13:46:32.233181,[]
2026-06-01,13:46:32.266514,[]
2026-06-01,13:46:32.299847,[]
2026-06-01,13:46:32.333180,[]
2026-06-01,13:46:32.366513,[]
2026-06-01,13:46:32.399846,[]
2026-06-01,13:46:32.433179,[]
2026-06-01,13:46:32.466512,[]
2026-06-01,13:46:32.499845,[]
2026-06-01,13:46:32.533178,[]
2026-06-01,13:46:32.566511,[]
2026-06-01,13:46:32.599844,[]
2026-06-01,13:46:32.633177,[]
2026-06-01,13:46:32.666510,[]
2026-06-01,13:46:32.699843,[]
2026-06-01,13:46:32.733176,[]
2026-06-01,13:46:32.766509,[]
2026-06-01,13:46:32.799842,[]
2026-06-01,13:46:32.833175,[]
2026-06-01,13:46:32.866508,[]
2026-06-01,13:46:32.899841,[]
2026-06-01,13:46:32.933174,[]
2026-06-01,13:46:32.966507,[]
2026-06-01,13:46:32.999840,[]
2026-06-01,13:46:33.033173,[]
2026-06-01,13:46:33.066506,[]
2026-06-01,13:46:33.099839,[]
2026-06-01,13:46:33.133172,[]
2026-06-01,13:46:33.166505,[]
2026-06-01,13:46:33.199838,[]
2026-06-01,13:46:33.233171,[]
2026-06-01,13:46:33.266504,[]
2026-06-01,13:46:33.299837,[]
2026-06-01,13:46:33.333170,[]
2026-06-01,13:46:33.366503,[]
2026-06-01,13:46:33.399836,[]
2026-06-01,13:46:33.433169,[]
2026-06-01,13:46:33.466502,[]
2026-06-01,13:46:33.499835,[]
2026-06-01,13:46:33.533168,[]
2026-06-01,13:46:33.566501,[]
2026-06-01,13:46:33.599834,[]
2026-06-01,13:46:33.633167,[]
2026-06-01,13:46:33.666500,[]
2026-06-01,13:46:33.699833,[]
2026-06-01,13:46:33.733166,[]
2026-06-01,13:46:33.766499,[]
2026-06-01,13:46:33.799832,[]
2026-06-01,13:46:33.833165,[]
2026-06-01,13:46:33.866498,[]
2026-06-01,13:46:33.899831,[]
2026-06-01,13:46:33.933164,[]
2026-06-01,13:46:33.966497,[]
2026-06-01,13:46:33.999830,[]
2026-06-01,13:46:34.033163,[]
2026-06-01,13:46:34.066496,[]
2026-06-01,13:46:34.099829,[]
2026-06-01,13:46:34.133162,[]
2026-06-01,13:46:34.166495,[]
2026-06-01,13:46:34.199828,[]
2026-06-01,13:46:34.233161,[]
2026-06-01,13:46:34.266494,[]
2026-06-01,13:46:34.299827,[]
2026-06-01,13:46:34.333160,[]
2026-06-01,13:46:34.366493,[]
2026-06-01,13:46:34.399826,[]
2026-06-01,13:46:34.433159,[]
2026-06-01,13:46:34.466492,[]
2026-06-01,13:46:34.499825,[]
2026-06-01,13:46:34.533158,[]
2026-06-01,13:46:34.566491,[]
2026-06-01,13:46:34.599824,[]
2026-06-01,13:46:34.633157,[]
2026-06-01,13:46:34.666490,[]
2026-06-01,13:46:34.699823,[]
2026-06-01,13:46:34.733156,[]
2026-06-01,13:46:34.766489,[]
2026-06-01,13:46:34.799822,[]
2026-06-01,13:46:34.833155,[]
2026-06-01,13:46:34.866488,[]
2026-06-01,13:46:34.899821,[]
2026-06-01,13:46:34.933154,[]
2026-06-01,13:46:34.966487,[]
2026-06-01,13:46:34.999820,[]
2026-06-01,13:46:35.033153,[]
2026-06-01,13:46:35.066486,[]
2026-06-01,13:46:35.099819,[]
2026-06-01,13:46:35.133152,[]
2026-06-01,13:46:35.166485,[]
2026-06-01,13:46:35.199818,[]
2026-06-01,13:46:35.233151,[]
2026-06-01,13:46:35.266484,[]
2026-06-01,13:46:35.299817,[]
2026-06-01,13:46:35.333150,[]
2026-06-01,13:46:35.366483,[]
2026-06-01,13:46:35.399816,[]
2026-06-01,13:46:35.433149,[]
2026-06-01,13:46:35.466482,[]
2026-06-01,13:46:35.499815,[]
2026-06-01,13:46:35.533148,[]
2026-06-01,13:46:35.566481,[]
2026-06-01,13:46:35.599814,[]
2026-06-01,13:46:35.633147,[]
2026-06-01,13:46:35.666480,[]
2026-06-01,13:46:35.699813,[]
2026-06-01,13:46:35.733146,[]
2026-06-01,13:46:35.766479,[]
2026-06-01,13:46:35.799812,[]
2026-06-01,13:46:35.833145,[]
2026-06-01,13:46:35.866478,[]
2026-06-01,13:46:35.899811,[]
2026-06-01,13:46:35.933144,[]
2026-06-01,13:46:35.966477,[]
2026-06-01,13:46:35.999810,[]
2026-06-01,13:46:36.033143,[]
2026-06-01,13:46:36.066476,[]
2026-06-01,13:46:36.099809,[]
2026-06-01,13:46:36.133142,[]
2026-06-01,13:46:36.166475,[]
2026-06-01,13:46:36.199808,[]
2026-06-01,13:46:36.233141,[]
2026-06-01,13:46:36.266474,[]
2026-06-01,13:46:36.299807,[]
2026-06-01,13:46:36.333140,[]
2026-06-01,13:46:36.366473,[]
2026-06-01,13:46:36.399806,[]
2026-06-01,13:46:36.433139,[]
2026-06-01,13:46:36.466472,[]
2026-06-01,13:46:36.499805,[]
2026-06-01,13:46:36.533138,[]
2026-06-01,13:46:36.566471,[]
2026-06-01,13:46:36.599804,[]
2026-06-01,13:46:36.633137,[]
2026-06-01,13:46:36.666470,[]
2026-06-01,13:46:36.699803,[]
2026-06-01,13:46:36.733136,[]
2026-06-01,13:46:36.766469,[]
2026-06-01,13:46:36.799802,[]
2026-06-01,13:46:36.833135,[]
2026-06-01,13:46:36.866468,[]
2026-06-01,13:46:36.899801,[]
2026-06-01,13:46:36.933134,[]
2026-06-01,13:46:36.966467,[]
2026-06-01,13:46:36.999800,[]
2026-06-01,13:46:37.033133,[]
2026-06-01,13:46:37.066466,[]
2026-06-01,13:46:37.099799,[]
2026-06-01,13:46:37.133132,[]
2026-06-01,13:46:37.166465,[]
2026-06-01,13:46:37.199798,[]
2026-06-01,13:46:37.233131,[]
2026-06-01,13:46:37.266464,[]
2026-06-01,13:46:37.299797,[]
2026-06-01,13:46:37.333130,[]
2026-06-01,13:46:37.366463,[]
2026-06-01,13:46:37.399796,[]
2026-06-01,13:46:37.433129,[]
2026-06-01,13:46:37.466462,[]
2026-06-01,13:46:37.499795,[]
2026-06-01,13:46:37.533128,[]
2026-06-01,13:46:37.566461,[]
2026-06-01,13:46:37.599794,[]
2026-06-01,13:46:37.633127,[]
2026-06-01,13:46:37.666460,[]
2026-06-01,13:46:37.699793,[]
2026-06-01,13:46:37.733126,[]
2026-06-01,13:46:37.766459,[]
2026-06-01,13:46:37.799792,[]
2026-06-01,13:46:37.833125,[]
2026-06-01,13:46:37.866458,[]
2026-06-01,13:46:37.899791,[]
2026-06-01,13:46:37.933124,[]
2026-06-01,13:46:37.966457,[]
2026-06-01,13:46:37.999790,[]
2026-06-01,13:46:38.033123,[]
2026-06-01,13:46:38.066456,[]
2026-06-01,13:46:38.099789,[]
2026-06-01,13:46:38.133122,[]
2026-06-01,13:46:38.166455,[]
2026-06-01,13:46:38.199788,[]
2026-06-01,13:46:38.233121,[]
2026-06-01,13:46:38.266454,[]
2026-06-01,13:46:38.299787,[]
2026-06-01,13:46:38.333120,[]
2026-06-01,13:46:38.366453,[]
2026-06-01,13:46:38.399786,[]
2026-06-01,13:46:38.433119,[]
2026-06-01,13:46:38.466452,[]
2026-06-01,13:46:38.499785,[]
2026-06-01,13:46:38.533118,[]
2026-06-01,13:46:38.566451,[]
2026-06-01,13:46:38.599784,[]
2026-06-01,13:46:38.633117,[]
2026-06-01,13:46:38.666450,[]
2026-06-01,13:46:38.699783,[]
2026-06-01,13:46:38.733116,[]
2026-06-01,13:46:38.766449,[]
2026-06-01,13:46:38.799782,[]
2026-06-01,13:46:38.833115,[]
2026-06-01,13:46:38.866448,[]
2026-06-01,13:46:38.899781,[]
2026-06-01,13:46:38.933114,[]
2026-06-01,13:46:38.966447,[]
2026-06-01,13:46:38.999780,[]
2026-06-01,13:46:39.033113,[]
2026-06-01,13:46:39.066446,[]
2026-06-01,13:46:39.099779,[]
2026-06-01,13:46:39.133112,[]
2026-06-01,13:46:39.166445,[]
2026-06-01,13:46:39.199778,[]
2026-06-01,13:46:39.233111,[]
2026-06-01,13:46:39.266444,[]
2026-06-01,13:46:39.299777,[]
2026-06-01,13:46:39.333110,[]
2026-06-01,13:46:39.366443,[]
2026-06-01,13:46:39.399776,[]
2026-06-01,13:46:39.433109,[]
2026-06-01,13:46:39.466442,[]
2026-06-01,13:46:39.499775,[]
2026-06-01,13:46:39.533108,[]
2026-06-01,13:46:39.566441,[]
2026-06-01,13:46:39.599774,[]
2026-06-01,13:46:39.633107,[]
2026-06-01,13:46:39.666440,[]
2026-06-01,13:46:39.699773,[]
2026-06-01,13:46:39.733106,[]
2026-06-01,13:46:39.766439,[]
2026-06-01,13:46:39.799772,[]
2026-06-01,13:46:39.833105,[]
2026-06-01,13:46:39.866438,[]
2026-06-01,13:46:39.899771,[]
2026-06-01,13:46:39.933104,[]
2026-06-01,13:46:39.966437,[]
2026-06-01,13:46:39.999770,[]
2026-06-01,13:46:40.033103,[]
2026-06-01,13:46:40.066436,[]
2026-06-01,13:46:40.099769,[]
2026-06-01,13:46:40.133102,[]
2026-06-01,13:46:40.166435,[]
2026-06-01,13:46:40.199768,[]
2026-06-01,13:46:40.233101,[]
2026-06-01,13:46:40.266434,[]
2026-06-01,13:46:40.299767,[]
2026-06-01,13:46:40.333100,[]
2026-06-01,13:46:40.366433,[]
2026-06-01,13:46:40.399766,[]
2026-06-01,13:46:40.433099,[]
2026-06-01,13:46:40.466432,[]
2026-06-01,13:46:40.499765,[]
2026-06-01,13:46:40.533098,[]
2026-06-01,13:46:40.566431,[]
2026-06-01,13:46:40.599764,[]
2026-06-01,13:46:40.633097,[]
2026-06-01,13:46:40.666430,[]
2026-06-01,13:46:40.699763,[]
2026-06-01,13:46:40.733096,[]
2026-06-01,13:46:40.766429,[]
2026-06-01,13:46:40.799762,[]
2026-06-01,13:46:40.833095,[]
2026-06-01,13:46:40.866428,[]
2026-06-01,13:46:40.899761,[]
2026-06-01,13:46:40.933094,[]
2026-06-01,13:46:40.966427,[]
2026-06-01,13:46:40.999760,[]
2026-06-01,13:46:41.033093,[]
2026-06-01,13:46:41.066426,[]
2026-06-01,13:46:41.099759,[]
2026-06-01,13:46:41.133092,[]
2026-06-01,13:46:41.166425,[]
2026-06-01,13:46:41.199758,[]
2026-06-01,13:46:41.233091,[]
2026-06-01,13:46:41.266424,[]
2026-06-01,13:46:41.299757,[]
2026-06-01,13:46:41.333090,[]
2026-06-01,13:46:41.366423,[]
2026-06-01,13:46:41.399756,[]
2026-06-01,13:46:41.433089,[]
2026-06-01,13:46:41.466422,[]
2026-06-01,13:46:41.499755,[]
2026-06-01,13:46:41.533088,[]
2026-06-01,13:46:41.566421,[]
2026-06-01,13:46:41.599754,[]
2026-06-01,13:46:41.633087,[]
2026-06-01,13:46:41.666420,[]
2026-06-01,13:46:41.699753,[]
2026-06-01,13:46:41.733086,[]
2026-06-01,13:46:41.766419,[]
2026-06-01,13:46:41.799752,[]
2026-06-01,13:46:41.833085,[]
2026-06-01,13:46:41.866418,[]
2026-06-01,13:46:41.899751,[]
2026-06-01,13:46:41.933084,[]
2026-06-01,13:46:41.966417,[]
2026-06-01,13:46:41.999750,[]
2026-06-01,13:46:42.033083,[]
2026-06-01,13:46:42.066416,[]
2026-06-01,13:46:42.099749,[]
2026-06-01,13:46:42.133082,[]
2026-06-01,13:46:42.166415,[]
2026-06-01,13:46:42.199748,[]
2026-06-01,13:46:42.233081,[]
2026-06-01,13:46:42.266414,[]
2026-06-01,13:46:42.299747,[]
2026-06-01,13:46:42.333080,[]
2026-06-01,13:46:42.366413,[]
2026-06-01,13:46:42.399746,[]
2026-06-01,13:46:42.433079,[]
2026-06-01,13:46:42.466412,[]
2026-06-01,13:46:42.499745,[]
2026-06-01,13:46:42.533078,[]
2026-06-01,13:46:42.566411,[]
2026-06-01,13:46:42.599744,[]
2026-06-01,13:46:42.633077,[]
2026-06-01,13:46:42.666410,[]
2026-06-01,13:46:42.699743,[]
2026-06-01,13:46:42.733076,[]
2026-06-01,13:46:42.766409,[]
2026-06-01,13:46:42.799742,[]
2026-06-01,13:46:42.833075,[]
2026-06-01,13:46:42.866408,[]
2026-06-01,13:46:42.899741,[]
2026-06-01,13:46:42.933074,[]
2026-06-01,13:46:42.966407,[]
2026-06-01,13:46:42.999740,[]
2026-06-01,13:46:43.033073,[]
2026-06-01,13:46:43.066406,[]
2026-06-01,13:46:43.099739,[]
2026-06-01,13:46:43.133072,[]
2026-06-01,13:46:43.166405,[]
2026-06-01,13:46:43.199738,['ER66099']
2026-06-01,13:46:43.233071,['ER66099']
2026-06-01,13:46:43.266404,['ER66099']
2026-06-01,13:46:43.299737,['ER66099']
2026-06-01,13:46:43.333070,['ER66099']
2026-06-01,13:46:43.366403,['ER66099']
2026-06-01,13:46:43.399736,[]
2026-06-01,13:46:43.433069,[]
2026-06-01,13:46:43.466402,[]
2026-06-01,13:46:43.499735,[]
2026-06-01,13:46:43.533068,[]
2026-06-01,13:46:43.566401,[]
2026-06-01,13:46:43.599734,[]
2026-06-01,13:46:43.633067,[]
2026-06-01,13:46:43.666400,[]
2026-06-01,13:46:43.699733,[]
2026-06-01,13:46:43.733066,[]
2026-06-01,13:46:43.766399,[]
2026-06-01,13:46:43.799732,[]
2026-06-01,13:46:43.833065,[]
2026-06-01,13:46:43.866398,[]
2026-06-01,13:46:43.899731,[]
2026-06-01,13:46:43.933064,[]
2026-06-01,13:46:43.966397,[]
2026-06-01,13:46:43.999730,[]
2026-06-01,13:46:44.033063,[]
2026-06-01,13:46:44.066396,[]
2026-06-01,13:46:44.099729,[]
2026-06-01,13:46:44.133062,[]
2026-06-01,13:46:44.166395,[]
2026-06-01,13:46:44.199728,[]
2026-06-01,13:46:44.233061,[]
2026-06-01,13:46:44.266394,[]
2026-06-01,13:46:44.299727,['EP20189']
2026-06-01,13:46:44.333060,[]
2026-06-01,13:46:44.366393,[]
2026-06-01,13:46:44.399726,[]
2026-06-01,13:46:44.433059,[]
2026-06-01,13:46:44.466392,[]
2026-06-01,13:46:44.499725,[]
2026-06-01,13:46:44.533058,[]
2026-06-01,13:46:44.566391,[]
2026-06-01,13:46:44.599724,[]
2026-06-01,13:46:44.633057,[]
2026-06-01,13:46:44.666390,[]
2026-06-01,13:46:44.699723,[]
2026-06-01,13:46:44.733056,[]
2026-06-01,13:46:44.766389,[]
2026-06-01,13:46:44.799722,[]
2026-06-01,13:46:44.833055,[]
2026-06-01,13:46:44.866388,[]
2026-06-01,13:46:44.899721,[]
2026-06-01,13:46:44.933054,[]
2026-06-01,13:46:44.966387,[]
2026-06-01,13:46:44.999720,[]
2026-06-01,13:46:45.033053,[]
2026-06-01,13:46:45.066386,[]
2026-06-01,13:46:45.099719,[]
2026-06-01,13:46:45.133052,[]
2026-06-01,13:46:45.166385,[]
2026-06-01,13:46:45.199718,[]
2026-06-01,13:46:45.233051,[]
2026-06-01,13:46:45.266384,[]
2026-06-01,13:46:45.299717,[]
2026-06-01,13:46:45.333050,[]
2026-06-01,13:46:45.366383,[]
2026-06-01,13:46:45.399716,[]
2026-06-01,13:46:45.433049,[]
2026-06-01,13:46:45.466382,[]
2026-06-01,13:46:45.499715,[]
2026-06-01,13:46:45.533048,[]
2026-06-01,13:46:45.566381,[]
2026-06-01,13:46:45.599714,[]
2026-06-01,13:46:45.633047,[]
2026-06-01,13:46:45.666380,[]
2026-06-01,13:46:45.699713,[]
2026-06-01,13:46:45.733046,[]
2026-06-01,13:46:45.766379,[]
2026-06-01,13:46:45.799712,[]
2026-06-01,13:46:45.833045,[]
2026-06-01,13:46:45.866378,[]
2026-06-01,13:46:45.899711,[]
2026-06-01,13:46:45.933044,[]
2026-06-01,13:46:45.966377,[]
2026-06-01,13:46:45.999710,[]
2026-06-01,13:46:46.033043,[]
2026-06-01,13:46:46.066376,[]
2026-06-01,13:46:46.099709,[]
2026-06-01,13:46:46.133042,[]
2026-06-01,13:46:46.166375,[]
2026-06-01,13:46:46.199708,[]
2026-06-01,13:46:46.233041,[]
2026-06-01,13:46:46.266374,[]
2026-06-01,13:46:46.299707,[]
2026-06-01,13:46:46.333040,[]
2026-06-01,13:46:46.366373,[]
2026-06-01,13:46:46.399706,[]
2026-06-01,13:46:46.433039,[]
2026-06-01,13:46:46.466372,[]
2026-06-01,13:46:46.499705,[]
2026-06-01,13:46:46.533038,[]
2026-06-01,13:46:46.566371,[]
2026-06-01,13:46:46.599704,[]
2026-06-01,13:46:46.633037,[]
2026-06-01,13:46:46.666370,[]
2026-06-01,13:46:46.699703,[]
2026-06-01,13:46:46.733036,[]
2026-06-01,13:46:46.766369,[]
2026-06-01,13:46:46.799702,[]
2026-06-01,13:46:46.833035,[]
2026-06-01,13:46:46.866368,[]
2026-06-01,13:46:46.899701,[]
2026-06-01,13:46:46.933034,[]
2026-06-01,13:46:46.966367,[]
2026-06-01,13:46:46.999700,[]
2026-06-01,13:46:47.033033,[]
2026-06-01,13:46:47.066366,[]
2026-06-01,13:46:47.099699,[]
2026-06-01,13:46:47.133032,[]
2026-06-01,13:46:47.166365,[]
2026-06-01,13:46:47.199698,[]
2026-06-01,13:46:47.233031,[]
2026-06-01,13:46:47.266364,[]
2026-06-01,13:46:47.299697,[]
2026-06-01,13:46:47.333030,[]
2026-06-01,13:46:47.366363,[]
2026-06-01,13:46:47.399696,[]
2026-06-01,13:46:47.433029,[]
2026-06-01,13:46:47.466362,[]
2026-06-01,13:46:47.499695,[]
2026-06-01,13:46:47.533028,[]
2026-06-01,13:46:47.566361,[]
2026-06-01,13:46:47.599694,[]
2026-06-01,13:46:47.633027,[]
2026-06-01,13:46:47.666360,[]
2026-06-01,13:46:47.699693,[]
2026-06-01,13:46:47.733026,[]
2026-06-01,13:46:47.766359,[]
2026-06-01,13:46:47.799692,[]
2026-06-01,13:46:47.833025,[]
2026-06-01,13:46:47.866358,[]
2026-06-01,13:46:47.899691,[]
2026-06-01,13:46:47.933024,[]
2026-06-01,13:46:47.966357,[]
2026-06-01,13:46:47.999690,[]
2026-06-01,13:46:48.033023,[]
2026-06-01,13:46:48.066356,[]
2026-06-01,13:46:48.099689,[]
2026-06-01,13:46:48.133022,[]
2026-06-01,13:46:48.166355,[]
2026-06-01,13:46:48.199688,[]
2026-06-01,13:46:48.233021,[]
2026-06-01,13:46:48.266354,[]
2026-06-01,13:46:48.299687,[]
2026-06-01,13:46:48.333020,[]
2026-06-01,13:46:48.366353,[]
2026-06-01,13:46:48.399686,[]
2026-06-01,13:46:48.433019,[]
2026-06-01,13:46:48.466352,[]
2026-06-01,13:46:48.499685,[]
2026-06-01,13:46:48.533018,[]
2026-06-01,13:46:48.566351,[]
2026-06-01,13:46:48.599684,[]
2026-06-01,13:46:48.633017,[]
2026-06-01,13:46:48.666350,[]
2026-06-01,13:46:48.699683,[]
2026-06-01,13:46:48.733016,[]
2026-06-01,13:46:48.766349,[]
2026-06-01,13:46:48.799682,[]
2026-06-01,13:46:48.833015,[]
2026-06-01,13:46:48.866348,[]
2026-06-01,13:46:48.899681,[]
2026-06-01,13:46:48.933014,[]
2026-06-01,13:46:48.966347,[]
2026-06-01,13:46:48.999680,[]
2026-06-01,13:46:49.033013,[]
2026-06-01,13:46:49.066346,[]
2026-06-01,13:46:49.099679,[]
2026-06-01,13:46:49.133012,[]
2026-06-01,13:46:49.166345,[]
2026-06-01,13:46:49.199678,[]
2026-06-01,13:46:49.233011,[]
2026-06-01,13:46:49.266344,[]
2026-06-01,13:46:49.299677,[]
2026-06-01,13:46:49.333010,[]
2026-06-01,13:46:49.366343,[]
2026-06-01,13:46:49.399676,[]
2026-06-01,13:46:49.433009,[]
2026-06-01,13:46:49.466342,[]
2026-06-01,13:46:49.499675,[]
2026-06-01,13:46:49.533008,[]
2026-06-01,13:46:49.566341,[]
2026-06-01,13:46:49.599674,[]
2026-06-01,13:46:49.633007,[]
2026-06-01,13:46:49.666340,[]
2026-06-01,13:46:49.699673,[]
2026-06-01,13:46:49.733006,[]
2026-06-01,13:46:49.766339,[]
2026-06-01,13:46:49.799672,[]
2026-06-01,13:46:49.833005,[]
2026-06-01,13:46:49.866338,[]
2026-06-01,13:46:49.899671,[]
2026-06-01,13:46:49.933004,[]
2026-06-01,13:46:49.966337,[]
2026-06-01,13:46:49.999670,[]
2026-06-01,13:46:50.033003,[]
2026-06-01,13:46:50.066336,[]
2026-06-01,13:46:50.099669,[]
2026-06-01,13:46:50.133002,[]
2026-06-01,13:46:50.166335,[]
2026-06-01,13:46:50.199668,[]
2026-06-01,13:46:50.233001,[]
2026-06-01,13:46:50.266334,[]
2026-06-01,13:46:50.299667,[]
2026-06-01,13:46:50.333000,[]
2026-06-01,13:46:50.366333,[]
2026-06-01,13:46:50.399666,[]
2026-06-01,13:46:50.432999,[]
2026-06-01,13:46:50.466332,[]
2026-06-01,13:46:50.499665,[]
2026-06-01,13:46:50.532998,[]
2026-06-01,13:46:50.566331,[]
2026-06-01,13:46:50.599664,[]
2026-06-01,13:46:50.632997,[]
2026-06-01,13:46:50.666330,[]
2026-06-01,13:46:50.699663,[]
2026-06-01,13:46:50.732996,[]
2026-06-01,13:46:50.766329,[]
2026-06-01,13:46:50.799662,[]
2026-06-01,13:46:50.832995,[]
2026-06-01,13:46:50.866328,[]
2026-06-01,13:46:50.899661,[]
2026-06-01,13:46:50.932994,['EL89694']
2026-06-01,13:46:50.966327,['EL89694']
2026-06-01,13:46:50.999660,['EL89695']
2026-06-01,13:46:51.032993,['EL89694']
2026-06-01,13:46:51.066326,['EL89694']
2026-06-01,13:46:51.099659,['EL89692']
2026-06-01,13:46:51.132992,[]
2026-06-01,13:46:51.166325,[]
2026-06-01,13:46:51.199658,[]
2026-06-01,13:46:51.232991,[]
2026-06-01,13:46:51.266324,[]
2026-06-01,13:46:51.299657,[]
2026-06-01,13:46:51.332990,[]
2026-06-01,13:46:51.366323,[]
2026-06-01,13:46:51.399656,[]
2026-06-01,13:46:51.432989,[]
2026-06-01,13:46:51.466322,[]
2026-06-01,13:46:51.499655,[]
2026-06-01,13:46:51.532988,[]
2026-06-01,13:46:51.566321,[]
2026-06-01,13:46:51.599654,[]
2026-06-01,13:46:51.632987,[]
2026-06-01,13:46:51.666320,[]
2026-06-01,13:46:51.699653,[]
2026-06-01,13:46:51.732986,[]
2026-06-01,13:46:51.766319,[]
2026-06-01,13:46:51.799652,[]
2026-06-01,13:46:51.832985,[]
2026-06-01,13:46:51.866318,[]
2026-06-01,13:46:51.899651,[]
2026-06-01,13:46:51.932984,[]
2026-06-01,13:46:51.966317,[]
2026-06-01,13:46:51.999650,[]
2026-06-01,13:46:52.032983,[]
2026-06-01,13:46:52.066316,[]
2026-06-01,13:46:52.099649,[]
2026-06-01,13:46:52.132982,[]
2026-06-01,13:46:52.166315,[]
2026-06-01,13:46:52.199648,[]
2026-06-01,13:46:52.232981,[]
2026-06-01,13:46:52.266314,[]
2026-06-01,13:46:52.299647,[]
2026-06-01,13:46:52.332980,[]
2026-06-01,13:46:52.366313,[]
2026-06-01,13:46:52.399646,[]
2026-06-01,13:46:52.432979,[]
2026-06-01,13:46:52.466312,[]
2026-06-01,13:46:52.499645,[]
2026-06-01,13:46:52.532978,[]
2026-06-01,13:46:52.566311,[]
2026-06-01,13:46:52.599644,[]
2026-06-01,13:46:52.632977,[]
2026-06-01,13:46:52.666310,[]
2026-06-01,13:46:52.699643,[]
2026-06-01,13:46:52.732976,[]
2026-06-01,13:46:52.766309,[]
2026-06-01,13:46:52.799642,[]
2026-06-01,13:46:52.832975,[]
2026-06-01,13:46:52.866308,[]
2026-06-01,13:46:52.899641,[]
2026-06-01,13:46:52.932974,[]
2026-06-01,13:46:52.966307,[]
2026-06-01,13:46:52.999640,[]
2026-06-01,13:46:53.032973,[]
2026-06-01,13:46:53.066306,[]
2026-06-01,13:46:53.099639,[]
2026-06-01,13:46:53.132972,[]
2026-06-01,13:46:53.166305,[]
2026-06-01,13:46:53.199638,[]
2026-06-01,13:46:53.232971,[]
2026-06-01,13:46:53.266304,[]
2026-06-01,13:46:53.299637,[]
2026-06-01,13:46:53.332970,[]
2026-06-01,13:46:53.366303,[]
2026-06-01,13:46:53.399636,[]
2026-06-01,13:46:53.432969,[]
2026-06-01,13:46:53.466302,[]
2026-06-01,13:46:53.499635,[]
2026-06-01,13:46:53.532968,[]
2026-06-01,13:46:53.566301,[]
2026-06-01,13:46:53.599634,[]
2026-06-01,13:46:53.632967,[]
2026-06-01,13:46:53.666300,[]
2026-06-01,13:46:53.699633,[]
2026-06-01,13:46:53.732966,[]
2026-06-01,13:46:53.766299,[]
2026-06-01,13:46:53.799632,[]
2026-06-01,13:46:53.832965,[]
2026-06-01,13:46:53.866298,[]
2026-06-01,13:46:53.899631,[]
2026-06-01,13:46:53.932964,[]
2026-06-01,13:46:53.966297,[]
2026-06-01,13:46:53.999630,[]
2026-06-01,13:46:54.032963,[]
2026-06-01,13:46:54.066296,[]
2026-06-01,13:46:54.099629,[]
2026-06-01,13:46:54.132962,[]
2026-06-01,13:46:54.166295,[]
2026-06-01,13:46:54.199628,[]
2026-06-01,13:46:54.232961,[]
2026-06-01,13:46:54.266294,[]
2026-06-01,13:46:54.299627,[]
2026-06-01,13:46:54.332960,[]
2026-06-01,13:46:54.366293,[]
2026-06-01,13:46:54.399626,[]
2026-06-01,13:46:54.432959,[]
2026-06-01,13:46:54.466292,[]
2026-06-01,13:46:54.499625,[]
2026-06-01,13:46:54.532958,[]
2026-06-01,13:46:54.566291,[]
2026-06-01,13:46:54.599624,[]
2026-06-01,13:46:54.632957,[]
2026-06-01,13:46:54.666290,[]
2026-06-01,13:46:54.699623,[]
2026-06-01,13:46:54.732956,[]
2026-06-01,13:46:54.766289,[]
2026-06-01,13:46:54.799622,[]
2026-06-01,13:46:54.832955,[]
2026-06-01,13:46:54.866288,[]
2026-06-01,13:46:54.899621,[]
2026-06-01,13:46:54.932954,[]
2026-06-01,13:46:54.966287,[]
2026-06-01,13:46:54.999620,[]
2026-06-01,13:46:55.032953,[]
2026-06-01,13:46:55.066286,[]
2026-06-01,13:46:55.099619,[]
2026-06-01,13:46:55.132952,[]
2026-06-01,13:46:55.166285,[]
2026-06-01,13:46:55.199618,[]
2026-06-01,13:46:55.232951,[]
2026-06-01,13:46:55.266284,[]
2026-06-01,13:46:55.299617,[]
2026-06-01,13:46:55.332950,[]
2026-06-01,13:46:55.366283,[]
2026-06-01,13:46:55.399616,[]
2026-06-01,13:46:55.432949,[]
2026-06-01,13:46:55.466282,[]
2026-06-01,13:46:55.499615,[]
2026-06-01,13:46:55.532948,['ES61350']
2026-06-01,13:46:55.566281,['ES61350']
2026-06-01,13:46:55.599614,[]
2026-06-01,13:46:55.632947,['ES61350']
2026-06-01,13:46:55.666280,['ES61350']
2026-06-01,13:46:55.699613,['ES61350']
2026-06-01,13:46:55.732946,['ES61350']
2026-06-01,13:46:55.766279,[]
2026-06-01,13:46:55.799612,[]
2026-06-01,13:46:55.832945,[]
2026-06-01,13:46:55.866278,[]
2026-06-01,13:46:55.899611,[]
2026-06-01,13:46:55.932944,[]
2026-06-01,13:46:55.966277,[]
2026-06-01,13:46:55.999610,[]
2026-06-01,13:46:56.032943,[]
2026-06-01,13:46:56.066276,[]
2026-06-01,13:46:56.099609,[]
2026-06-01,13:46:56.132942,[]
2026-06-01,13:46:56.166275,[]
2026-06-01,13:46:56.199608,[]
2026-06-01,13:46:56.232941,[]
2026-06-01,13:46:56.266274,[]
2026-06-01,13:46:56.299607,[]
2026-06-01,13:46:56.332940,[]
2026-06-01,13:46:56.366273,[]
2026-06-01,13:46:56.399606,[]
2026-06-01,13:46:56.432939,[]
2026-06-01,13:46:56.466272,[]
2026-06-01,13:46:56.499605,[]
2026-06-01,13:46:56.532938,[]
2026-06-01,13:46:56.566271,[]
2026-06-01,13:46:56.599604,[]
2026-06-01,13:46:56.632937,[]
2026-06-01,13:46:56.666270,[]
2026-06-01,13:46:56.699603,[]
2026-06-01,13:46:56.732936,[]
2026-06-01,13:46:56.766269,[]
2026-06-01,13:46:56.799602,[]
2026-06-01,13:46:56.832935,[]
2026-06-01,13:46:56.866268,[]
2026-06-01,13:46:56.899601,[]
2026-06-01,13:46:56.932934,[]
2026-06-01,13:46:56.966267,[]
2026-06-01,13:46:56.999600,[]
2026-06-01,13:46:57.032933,[]
2026-06-01,13:46:57.066266,[]
2026-06-01,13:46:57.099599,[]
2026-06-01,13:46:57.132932,[]
2026-06-01,13:46:57.166265,[]
2026-06-01,13:46:57.199598,[]
2026-06-01,13:46:57.232931,[]
2026-06-01,13:46:57.266264,[]
2026-06-01,13:46:57.299597,[]
2026-06-01,13:46:57.332930,[]
2026-06-01,13:46:57.366263,[]
2026-06-01,13:46:57.399596,[]
2026-06-01,13:46:57.432929,[]
2026-06-01,13:46:57.466262,[]
2026-06-01,13:46:57.499595,[]
2026-06-01,13:46:57.532928,[]
2026-06-01,13:46:57.566261,['DY63862']
2026-06-01,13:46:57.599594,['DY63862']
2026-06-01,13:46:57.632927,['DY63862']
2026-06-01,13:46:57.666260,['DY63862']
2026-06-01,13:46:57.699593,['DY63862']
2026-06-01,13:46:57.732926,['DY63862']
2026-06-01,13:46:57.766259,['DY63862']
2026-06-01,13:46:57.799592,[]
2026-06-01,13:46:57.832925,[]
2026-06-01,13:46:57.866258,[]
2026-06-01,13:46:57.899591,[]
2026-06-01,13:46:57.932924,[]
2026-06-01,13:46:57.966257,[]
2026-06-01,13:46:57.999590,[]
2026-06-01,13:46:58.032923,[]
2026-06-01,13:46:58.066256,[]
2026-06-01,13:46:58.099589,[]
2026-06-01,13:46:58.132922,[]
2026-06-01,13:46:58.166255,[]
2026-06-01,13:46:58.199588,[]
2026-06-01,13:46:58.232921,[]
2026-06-01,13:46:58.266254,[]
2026-06-01,13:46:58.299587,[]
2026-06-01,13:46:58.332920,[]
2026-06-01,13:46:58.366253,[]
2026-06-01,13:46:58.399586,[]
2026-06-01,13:46:58.432919,[]
2026-06-01,13:46:58.466252,[]
2026-06-01,13:46:58.499585,[]
2026-06-01,13:46:58.532918,[]
2026-06-01,13:46:58.566251,[]
2026-06-01,13:46:58.599584,[]
2026-06-01,13:46:58.632917,[]
2026-06-01,13:46:58.666250,[]
2026-06-01,13:46:58.699583,[]
2026-06-01,13:46:58.732916,[]
2026-06-01,13:46:58.766249,[]
2026-06-01,13:46:58.799582,[]
2026-06-01,13:46:58.832915,[]
2026-06-01,13:46:58.866248,[]
2026-06-01,13:46:58.899581,[]
2026-06-01,13:46:58.932914,[]
2026-06-01,13:46:58.966247,[]
2026-06-01,13:46:58.999580,[]
2026-06-01,13:46:59.032913,[]
2026-06-01,13:46:59.066246,[]
2026-06-01,13:46:59.099579,[]
2026-06-01,13:46:59.132912,[]
2026-06-01,13:46:59.166245,[]
2026-06-01,13:46:59.199578,[]
2026-06-01,13:46:59.232911,[]
2026-06-01,13:46:59.266244,[]
2026-06-01,13:46:59.299577,[]
2026-06-01,13:46:59.332910,[]
2026-06-01,13:46:59.366243,[]
2026-06-01,13:46:59.399576,[]
2026-06-01,13:46:59.432909,[]
2026-06-01,13:46:59.466242,[]
2026-06-01,13:46:59.499575,[]
2026-06-01,13:46:59.532908,[]
2026-06-01,13:46:59.566241,[]
2026-06-01,13:46:59.599574,[]
2026-06-01,13:46:59.632907,[]
2026-06-01,13:46:59.666240,[]
2026-06-01,13:46:59.699573,[]
2026-06-01,13:46:59.732906,[]
2026-06-01,13:46:59.766239,[]
2026-06-01,13:46:59.799572,[]
2026-06-01,13:46:59.832905,[]
2026-06-01,13:46:59.866238,[]
2026-06-01,13:46:59.899571,[]
2026-06-01,13:46:59.932904,[]
2026-06-01,13:46:59.966237,[]
2026-06-01,13:46:59.999570,[]
2026-06-01,13:47:00.032903,[]
2026-06-01,13:47:00.066236,[]
2026-06-01,13:47:00.099569,[]
2026-06-01,13:47:00.132902,[]
2026-06-01,13:47:00.166235,[]
2026-06-01,13:47:00.199568,[]
2026-06-01,13:47:00.232901,[]
2026-06-01,13:47:00.266234,[]
2026-06-01,13:47:00.299567,[]
2026-06-01,13:47:00.332900,[]
2026-06-01,13:47:00.366233,[]
2026-06-01,13:47:00.399566,[]
2026-06-01,13:47:00.432899,[]
2026-06-01,13:47:00.466232,[]
2026-06-01,13:47:00.499565,[]
2026-06-01,13:47:00.532898,[]
2026-06-01,13:47:00.566231,[]
2026-06-01,13:47:00.599564,[]
2026-06-01,13:47:00.632897,[]
2026-06-01,13:47:00.666230,[]
2026-06-01,13:47:00.699563,[]
2026-06-01,13:47:00.732896,[]
2026-06-01,13:47:00.766229,[]
2026-06-01,13:47:00.799562,['AP10891']
2026-06-01,13:47:00.832895,['AP10891']
2026-06-01,13:47:00.866228,['AP10891']
2026-06-01,13:47:00.899561,['AP10891']
2026-06-01,13:47:00.932894,['AP10891']
2026-06-01,13:47:00.966227,['AP10891']
2026-06-01,13:47:00.999560,['AP10891']
2026-06-01,13:47:01.032893,[]
2026-06-01,13:47:01.066226,[]
2026-06-01,13:47:01.099559,[]
2026-06-01,13:47:01.132892,[]
2026-06-01,13:47:01.166225,[]
2026-06-01,13:47:01.199558,[]
2026-06-01,13:47:01.232891,[]
2026-06-01,13:47:01.266224,[]
2026-06-01,13:47:01.299557,[]
2026-06-01,13:47:01.332890,[]
2026-06-01,13:47:01.366223,[]
2026-06-01,13:47:01.399556,[]
2026-06-01,13:47:01.432889,[]
2026-06-01,13:47:01.466222,[]
2026-06-01,13:47:01.499555,[]
2026-06-01,13:47:01.532888,[]
2026-06-01,13:47:01.566221,[]
2026-06-01,13:47:01.599554,[]
2026-06-01,13:47:01.632887,[]
2026-06-01,13:47:01.666220,[]
2026-06-01,13:47:01.699553,[]
2026-06-01,13:47:01.732886,[]
2026-06-01,13:47:01.766219,[]
2026-06-01,13:47:01.799552,[]
2026-06-01,13:47:01.832885,[]
2026-06-01,13:47:01.866218,[]
2026-06-01,13:47:01.899551,[]
2026-06-01,13:47:01.932884,[]
2026-06-01,13:47:01.966217,[]
2026-06-01,13:47:01.999550,[]
2026-06-01,13:47:02.032883,[]
2026-06-01,13:47:02.066216,[]
2026-06-01,13:47:02.099549,[]
2026-06-01,13:47:02.132882,[]
2026-06-01,13:47:02.166215,[]
2026-06-01,13:47:02.199548,[]
2026-06-01,13:47:02.232881,[]
2026-06-01,13:47:02.266214,[]
2026-06-01,13:47:02.299547,[]
2026-06-01,13:47:02.332880,[]
2026-06-01,13:47:02.366213,[]
2026-06-01,13:47:02.399546,[]
2026-06-01,13:47:02.432879,[]
2026-06-01,13:47:02.466212,[]
2026-06-01,13:47:02.499545,[]
2026-06-01,13:47:02.532878,[]
2026-06-01,13:47:02.566211,[]
2026-06-01,13:47:02.599544,[]
2026-06-01,13:47:02.632877,[]
2026-06-01,13:47:02.666210,[]
2026-06-01,13:47:02.699543,[]
2026-06-01,13:47:02.732876,[]
2026-06-01,13:47:02.766209,[]
2026-06-01,13:47:02.799542,[]
2026-06-01,13:47:02.832875,[]
2026-06-01,13:47:02.866208,[]
2026-06-01,13:47:02.899541,[]
2026-06-01,13:47:02.932874,[]
2026-06-01,13:47:02.966207,[]
2026-06-01,13:47:02.999540,[]
2026-06-01,13:47:03.032873,[]
2026-06-01,13:47:03.066206,[]
2026-06-01,13:47:03.099539,[]
2026-06-01,13:47:03.132872,[]
2026-06-01,13:47:03.166205,[]
2026-06-01,13:47:03.199538,[]
2026-06-01,13:47:03.232871,[]
2026-06-01,13:47:03.266204,[]
2026-06-01,13:47:03.299537,[]
2026-06-01,13:47:03.332870,[]
2026-06-01,13:47:03.366203,[]
2026-06-01,13:47:03.399536,[]
2026-06-01,13:47:03.432869,[]
2026-06-01,13:47:03.466202,[]
2026-06-01,13:47:03.499535,[]
2026-06-01,13:47:03.532868,[]
2026-06-01,13:47:03.566201,[]
2026-06-01,13:47:03.599534,['FK90922']
2026-06-01,13:47:03.632867,['FK90922']
2026-06-01,13:47:03.666200,['FK90922']
2026-06-01,13:47:03.699533,['FK90922']
2026-06-01,13:47:03.732866,['FK90922']
2026-06-01,13:47:03.766199,['FK90922']
2026-06-01,13:47:03.799532,['FK90922']
2026-06-01,13:47:03.832865,['FK90922']
2026-06-01,13:47:03.866198,['FK90922']
2026-06-01,13:47:03.899531,[]
2026-06-01,13:47:03.932864,[]
2026-06-01,13:47:03.966197,[]
2026-06-01,13:47:03.999530,[]
2026-06-01,13:47:04.032863,[]
2026-06-01,13:47:04.066196,[]
2026-06-01,13:47:04.099529,[]
2026-06-01,13:47:04.132862,[]
2026-06-01,13:47:04.166195,[]
2026-06-01,13:47:04.199528,[]
2026-06-01,13:47:04.232861,[]
2026-06-01,13:47:04.266194,[]
2026-06-01,13:47:04.299527,[]
2026-06-01,13:47:04.332860,[]
2026-06-01,13:47:04.366193,[]
2026-06-01,13:47:04.399526,[]
2026-06-01,13:47:04.432859,[]
2026-06-01,13:47:04.466192,[]
2026-06-01,13:47:04.499525,[]
2026-06-01,13:47:04.532858,[]
2026-06-01,13:47:04.566191,[]
2026-06-01,13:47:04.599524,[]
2026-06-01,13:47:04.632857,[]
2026-06-01,13:47:04.666190,[]
2026-06-01,13:47:04.699523,[]
2026-06-01,13:47:04.732856,[]
2026-06-01,13:47:04.766189,[]
2026-06-01,13:47:04.799522,[]
2026-06-01,13:47:04.832855,[]
2026-06-01,13:47:04.866188,[]
2026-06-01,13:47:04.899521,[]
2026-06-01,13:47:04.932854,[]
2026-06-01,13:47:04.966187,[]
2026-06-01,13:47:04.999520,[]
2026-06-01,13:47:05.032853,[]
2026-06-01,13:47:05.066186,[]
2026-06-01,13:47:05.099519,[]
2026-06-01,13:47:05.132852,[]
2026-06-01,13:47:05.166185,[]
2026-06-01,13:47:05.199518,[]
2026-06-01,13:47:05.232851,[]
2026-06-01,13:47:05.266184,[]
2026-06-01,13:47:05.299517,[]
2026-06-01,13:47:05.332850,[]
2026-06-01,13:47:05.366183,[]
2026-06-01,13:47:05.399516,[]
2026-06-01,13:47:05.432849,[]
2026-06-01,13:47:05.466182,[]
2026-06-01,13:47:05.499515,[]
2026-06-01,13:47:05.532848,[]
2026-06-01,13:47:05.566181,[]
2026-06-01,13:47:05.599514,[]
2026-06-01,13:47:05.632847,[]
2026-06-01,13:47:05.666180,[]
2026-06-01,13:47:05.699513,[]
2026-06-01,13:47:05.732846,[]
2026-06-01,13:47:05.766179,[]
2026-06-01,13:47:05.799512,[]
2026-06-01,13:47:05.832845,[]
2026-06-01,13:47:05.866178,[]
2026-06-01,13:47:05.899511,[]
2026-06-01,13:47:05.932844,[]
2026-06-01,13:47:05.966177,[]
2026-06-01,13:47:05.999510,[]
2026-06-01,13:47:06.032843,[]
2026-06-01,13:47:06.066176,[]
2026-06-01,13:47:06.099509,[]
2026-06-01,13:47:06.132842,[]
2026-06-01,13:47:06.166175,[]
2026-06-01,13:47:06.199508,[]
2026-06-01,13:47:06.232841,[]
2026-06-01,13:47:06.266174,[]
2026-06-01,13:47:06.299507,[]
2026-06-01,13:47:06.332840,[]
2026-06-01,13:47:06.366173,[]
2026-06-01,13:47:06.399506,[]
2026-06-01,13:47:06.432839,[]
2026-06-01,13:47:06.466172,[]
2026-06-01,13:47:06.499505,[]
2026-06-01,13:47:06.532838,[]
2026-06-01,13:47:06.566171,[]
2026-06-01,13:47:06.599504,[]
2026-06-01,13:47:06.632837,[]
2026-06-01,13:47:06.666170,[]
2026-06-01,13:47:06.699503,[]
2026-06-01,13:47:06.732836,[]
2026-06-01,13:47:06.766169,[]
2026-06-01,13:47:06.799502,[]
2026-06-01,13:47:06.832835,[]
2026-06-01,13:47:06.866168,[]
2026-06-01,13:47:06.899501,[]
2026-06-01,13:47:06.932834,[]
2026-06-01,13:47:06.966167,[]
2026-06-01,13:47:06.999500,[]
2026-06-01,13:47:07.032833,[]
2026-06-01,13:47:07.066166,[]
2026-06-01,13:47:07.099499,[]
2026-06-01,13:47:07.132832,[]
2026-06-01,13:47:07.166165,[]
2026-06-01,13:47:07.199498,[]
2026-06-01,13:47:07.232831,[]
2026-06-01,13:47:07.266164,[]
2026-06-01,13:47:07.299497,[]
2026-06-01,13:47:07.332830,[]
2026-06-01,13:47:07.366163,[]
2026-06-01,13:47:07.399496,[]
2026-06-01,13:47:07.432829,[]
2026-06-01,13:47:07.466162,[]
2026-06-01,13:47:07.499495,[]
2026-06-01,13:47:07.532828,[]
2026-06-01,13:47:07.566161,[]
2026-06-01,13:47:07.599494,[]
2026-06-01,13:47:07.632827,[]
2026-06-01,13:47:07.666160,[]
2026-06-01,13:47:07.699493,[]
2026-06-01,13:47:07.732826,[]
2026-06-01,13:47:07.766159,[]
2026-06-01,13:47:07.799492,[]
2026-06-01,13:47:07.832825,[]
2026-06-01,13:47:07.866158,[]
2026-06-01,13:47:07.899491,[]
2026-06-01,13:47:07.932824,[]
2026-06-01,13:47:07.966157,[]
2026-06-01,13:47:07.999490,[]
2026-06-01,13:47:08.032823,[]
2026-06-01,13:47:08.066156,[]
2026-06-01,13:47:08.099489,[]
2026-06-01,13:47:08.132822,[]
2026-06-01,13:47:08.166155,[]
2026-06-01,13:47:08.199488,[]
2026-06-01,13:47:08.232821,[]
2026-06-01,13:47:08.266154,[]
2026-06-01,13:47:08.299487,[]
2026-06-01,13:47:08.332820,[]
2026-06-01,13:47:08.366153,[]
2026-06-01,13:47:08.399486,[]
2026-06-01,13:47:08.432819,[]
2026-06-01,13:47:08.466152,[]
2026-06-01,13:47:08.499485,[]
2026-06-01,13:47:08.532818,[]
2026-06-01,13:47:08.566151,[]
2026-06-01,13:47:08.599484,[]
2026-06-01,13:47:08.632817,[]
2026-06-01,13:47:08.666150,[]
2026-06-01,13:47:08.699483,[]
2026-06-01,13:47:08.732816,[]
2026-06-01,13:47:08.766149,[]
2026-06-01,13:47:08.799482,[]
2026-06-01,13:47:08.832815,[]
2026-06-01,13:47:08.866148,[]
2026-06-01,13:47:08.899481,[]
2026-06-01,13:47:08.932814,[]
2026-06-01,13:47:08.966147,[]
2026-06-01,13:47:08.999480,[]
2026-06-01,13:47:09.032813,[]
2026-06-01,13:47:09.066146,[]
2026-06-01,13:47:09.099479,[]
2026-06-01,13:47:09.132812,[]
2026-06-01,13:47:09.166145,[]
2026-06-01,13:47:09.199478,[]
2026-06-01,13:47:09.232811,[]
2026-06-01,13:47:09.266144,[]
2026-06-01,13:47:09.299477,[]
2026-06-01,13:47:09.332810,[]
2026-06-01,13:47:09.366143,[]
2026-06-01,13:47:09.399476,[]
2026-06-01,13:47:09.432809,[]
2026-06-01,13:47:09.466142,[]
2026-06-01,13:47:09.499475,[]
2026-06-01,13:47:09.532808,[]
2026-06-01,13:47:09.566141,[]
2026-06-01,13:47:09.599474,[]
2026-06-01,13:47:09.632807,[]
2026-06-01,13:47:09.666140,[]
2026-06-01,13:47:09.699473,[]
2026-06-01,13:47:09.732806,[]
2026-06-01,13:47:09.766139,[]
2026-06-01,13:47:09.799472,[]
2026-06-01,13:47:09.832805,[]
2026-06-01,13:47:09.866138,[]
2026-06-01,13:47:09.899471,[]
2026-06-01,13:47:09.932804,[]
2026-06-01,13:47:09.966137,[]
2026-06-01,13:47:09.999470,[]
2026-06-01,13:47:10.032803,[]
2026-06-01,13:47:10.066136,[]
2026-06-01,13:47:10.099469,[]
2026-06-01,13:47:10.132802,[]
2026-06-01,13:47:10.166135,[]
2026-06-01,13:47:10.199468,[]
2026-06-01,13:47:10.232801,[]
2026-06-01,13:47:10.266134,[]
2026-06-01,13:47:10.299467,[]
2026-06-01,13:47:10.332800,[]
2026-06-01,13:47:10.366133,[]
2026-06-01,13:47:10.399466,[]
2026-06-01,13:47:10.432799,[]
2026-06-01,13:47:10.466132,[]
2026-06-01,13:47:10.499465,[]
2026-06-01,13:47:10.532798,[]
2026-06-01,13:47:10.566131,[]
2026-06-01,13:47:10.599464,[]
2026-06-01,13:47:10.632797,[]
2026-06-01,13:47:10.666130,[]
2026-06-01,13:47:10.699463,[]
2026-06-01,13:47:10.732796,[]
2026-06-01,13:47:10.766129,[]
2026-06-01,13:47:10.799462,[]
2026-06-01,13:47:10.832795,[]
2026-06-01,13:47:10.866128,[]
2026-06-01,13:47:10.899461,[]
2026-06-01,13:47:10.932794,[]
2026-06-01,13:47:10.966127,[]
2026-06-01,13:47:10.999460,[]
2026-06-01,13:47:11.032793,[]
2026-06-01,13:47:11.066126,[]
2026-06-01,13:47:11.099459,[]
2026-06-01,13:47:11.132792,[]
2026-06-01,13:47:11.166125,[]
2026-06-01,13:47:11.199458,[]
2026-06-01,13:47:11.232791,[]
2026-06-01,13:47:11.266124,[]
2026-06-01,13:47:11.299457,[]
2026-06-01,13:47:11.332790,[]
2026-06-01,13:47:11.366123,[]
2026-06-01,13:47:11.399456,[]
2026-06-01,13:47:11.432789,[]
2026-06-01,13:47:11.466122,[]
2026-06-01,13:47:11.499455,[]
2026-06-01,13:47:11.532788,[]
2026-06-01,13:47:11.566121,[]
2026-06-01,13:47:11.599454,[]
2026-06-01,13:47:11.632787,[]
2026-06-01,13:47:11.666120,[]
2026-06-01,13:47:11.699453,[]
2026-06-01,13:47:11.732786,[]
2026-06-01,13:47:11.766119,[]
2026-06-01,13:47:11.799452,[]
2026-06-01,13:47:11.832785,[]
2026-06-01,13:47:11.866118,[]
2026-06-01,13:47:11.899451,[]
2026-06-01,13:47:11.932784,[]
2026-06-01,13:47:11.966117,[]
2026-06-01,13:47:11.999450,[]
2026-06-01,13:47:12.032783,[]
2026-06-01,13:47:12.066116,[]
2026-06-01,13:47:12.099449,[]
2026-06-01,13:47:12.132782,[]
2026-06-01,13:47:12.166115,[]
2026-06-01,13:47:12.199448,[]
2026-06-01,13:47:12.232781,[]
2026-06-01,13:47:12.266114,[]
2026-06-01,13:47:12.299447,[]
2026-06-01,13:47:12.332780,[]
2026-06-01,13:47:12.366113,[]
2026-06-01,13:47:12.399446,[]
2026-06-01,13:47:12.432779,[]
2026-06-01,13:47:12.466112,[]
2026-06-01,13:47:12.499445,[]
2026-06-01,13:47:12.532778,[]
2026-06-01,13:47:12.566111,[]
2026-06-01,13:47:12.599444,[]
2026-06-01,13:47:12.632777,[]
2026-06-01,13:47:12.666110,[]
2026-06-01,13:47:12.699443,[]
2026-06-01,13:47:12.732776,[]
2026-06-01,13:47:12.766109,[]
2026-06-01,13:47:12.799442,[]
2026-06-01,13:47:12.832775,[]
2026-06-01,13:47:12.866108,[]
2026-06-01,13:47:12.899441,[]
2026-06-01,13:47:12.932774,[]
2026-06-01,13:47:12.966107,[]
2026-06-01,13:47:12.999440,[]
2026-06-01,13:47:13.032773,[]
2026-06-01,13:47:13.066106,[]
2026-06-01,13:47:13.099439,[]
2026-06-01,13:47:13.132772,[]
2026-06-01,13:47:13.166105,[]
2026-06-01,13:47:13.199438,[]
2026-06-01,13:47:13.232771,[]
2026-06-01,13:47:13.266104,[]
2026-06-01,13:47:13.299437,[]
2026-06-01,13:47:13.332770,[]
2026-06-01,13:47:13.366103,[]
2026-06-01,13:47:13.399436,[]
2026-06-01,13:47:13.432769,[]
2026-06-01,13:47:13.466102,[]
2026-06-01,13:47:13.499435,[]
2026-06-01,13:47:13.532768,[]
2026-06-01,13:47:13.566101,[]
2026-06-01,13:47:13.599434,[]
2026-06-01,13:47:13.632767,[]
2026-06-01,13:47:13.666100,[]
2026-06-01,13:47:13.699433,[]
2026-06-01,13:47:13.732766,[]
2026-06-01,13:47:13.766099,[]
2026-06-01,13:47:13.799432,[]
2026-06-01,13:47:13.832765,[]
2026-06-01,13:47:13.866098,[]
2026-06-01,13:47:13.899431,[]
2026-06-01,13:47:13.932764,[]
2026-06-01,13:47:13.966097,[]
2026-06-01,13:47:13.999430,[]
2026-06-01,13:47:14.032763,[]
2026-06-01,13:47:14.066096,[]
2026-06-01,13:47:14.099429,[]
2026-06-01,13:47:14.132762,[]
2026-06-01,13:47:14.166095,[]
2026-06-01,13:47:14.199428,[]
2026-06-01,13:47:14.232761,[]
2026-06-01,13:47:14.266094,[]
2026-06-01,13:47:14.299427,[]
2026-06-01,13:47:14.332760,[]
2026-06-01,13:47:14.366093,[]
2026-06-01,13:47:14.399426,[]
2026-06-01,13:47:14.432759,[]
2026-06-01,13:47:14.466092,[]
2026-06-01,13:47:14.499425,[]
2026-06-01,13:47:14.532758,[]
2026-06-01,13:47:14.566091,[]
2026-06-01,13:47:14.599424,[]
2026-06-01,13:47:14.632757,[]
2026-06-01,13:47:14.666090,[]
2026-06-01,13:47:14.699423,[]
2026-06-01,13:47:14.732756,[]
2026-06-01,13:47:14.766089,[]
2026-06-01,13:47:14.799422,[]
2026-06-01,13:47:14.832755,[]
2026-06-01,13:47:14.866088,[]
2026-06-01,13:47:14.899421,[]
2026-06-01,13:47:14.932754,[]
2026-06-01,13:47:14.966087,[]
2026-06-01,13:47:14.999420,[]
2026-06-01,13:47:15.032753,[]
2026-06-01,13:47:15.066086,[]
2026-06-01,13:47:15.099419,[]
2026-06-01,13:47:15.132752,[]
2026-06-01,13:47:15.166085,[]
2026-06-01,13:47:15.199418,[]
2026-06-01,13:47:15.232751,[]
2026-06-01,13:47:15.266084,[]
2026-06-01,13:47:15.299417,[]
2026-06-01,13:47:15.332750,[]
2026-06-01,13:47:15.366083,[]
2026-06-01,13:47:15.399416,[]
2026-06-01,13:47:15.432749,[]
2026-06-01,13:47:15.466082,[]
2026-06-01,13:47:15.499415,[]
2026-06-01,13:47:15.532748,[]
2026-06-01,13:47:15.566081,[]
2026-06-01,13:47:15.599414,[]
2026-06-01,13:47:15.632747,[]
2026-06-01,13:47:15.666080,[]
2026-06-01,13:47:15.699413,[]
2026-06-01,13:47:15.732746,[]
2026-06-01,13:47:15.766079,[]
2026-06-01,13:47:15.799412,[]
2026-06-01,13:47:15.832745,[]
2026-06-01,13:47:15.866078,[]
2026-06-01,13:47:15.899411,[]
2026-06-01,13:47:15.932744,[]
2026-06-01,13:47:15.966077,[]
2026-06-01,13:47:15.999410,[]
2026-06-01,13:47:16.032743,[]
2026-06-01,13:47:16.066076,[]
2026-06-01,13:47:16.099409,[]
2026-06-01,13:47:16.132742,[]
2026-06-01,13:47:16.166075,[]
2026-06-01,13:47:16.199408,[]
2026-06-01,13:47:16.232741,[]
2026-06-01,13:47:16.266074,[]
2026-06-01,13:47:16.299407,[]
2026-06-01,13:47:16.332740,[]
2026-06-01,13:47:16.366073,[]
2026-06-01,13:47:16.399406,[]
2026-06-01,13:47:16.432739,[]
2026-06-01,13:47:16.466072,[]
2026-06-01,13:47:16.499405,[]
2026-06-01,13:47:16.532738,[]
2026-06-01,13:47:16.566071,[]
2026-06-01,13:47:16.599404,[]
2026-06-01,13:47:16.632737,[]
2026-06-01,13:47:16.666070,[]
2026-06-01,13:47:16.699403,[]
2026-06-01,13:47:16.732736,[]
2026-06-01,13:47:16.766069,[]
2026-06-01,13:47:16.799402,[]
2026-06-01,13:47:16.832735,[]
2026-06-01,13:47:16.866068,[]
2026-06-01,13:47:16.899401,[]
2026-06-01,13:47:16.932734,[]
2026-06-01,13:47:16.966067,[]
2026-06-01,13:47:16.999400,[]
2026-06-01,13:47:17.032733,[]
2026-06-01,13:47:17.066066,[]
2026-06-01,13:47:17.099399,[]
2026-06-01,13:47:17.132732,[]
2026-06-01,13:47:17.166065,[]
2026-06-01,13:47:17.199398,[]
2026-06-01,13:47:17.232731,[]
2026-06-01,13:47:17.266064,[]
2026-06-01,13:47:17.299397,[]
2026-06-01,13:47:17.332730,[]
2026-06-01,13:47:17.366063,[]
2026-06-01,13:47:17.399396,[]
2026-06-01,13:47:17.432729,[]
2026-06-01,13:47:17.466062,[]
2026-06-01,13:47:17.499395,[]
2026-06-01,13:47:17.532728,[]
2026-06-01,13:47:17.566061,[]
2026-06-01,13:47:17.599394,[]
2026-06-01,13:47:17.632727,[]
2026-06-01,13:47:17.666060,[]
2026-06-01,13:47:17.699393,[]
2026-06-01,13:47:17.732726,[]
2026-06-01,13:47:17.766059,[]
2026-06-01,13:47:17.799392,[]
2026-06-01,13:47:17.832725,[]
2026-06-01,13:47:17.866058,[]
2026-06-01,13:47:17.899391,[]
2026-06-01,13:47:17.932724,[]
2026-06-01,13:47:17.966057,[]
2026-06-01,13:47:17.999390,[]
2026-06-01,13:47:18.032723,[]
2026-06-01,13:47:18.066056,[]
2026-06-01,13:47:18.099389,[]
2026-06-01,13:47:18.132722,[]
2026-06-01,13:47:18.166055,[]
2026-06-01,13:47:18.199388,[]
2026-06-01,13:47:18.232721,[]
2026-06-01,13:47:18.266054,[]
2026-06-01,13:47:18.299387,[]
2026-06-01,13:47:18.332720,[]
2026-06-01,13:47:18.366053,[]
2026-06-01,13:47:18.399386,[]
2026-06-01,13:47:18.432719,[]
2026-06-01,13:47:18.466052,[]
2026-06-01,13:47:18.499385,[]
2026-06-01,13:47:18.532718,[]
2026-06-01,13:47:18.566051,[]
2026-06-01,13:47:18.599384,[]
2026-06-01,13:47:18.632717,[]
2026-06-01,13:47:18.666050,[]
2026-06-01,13:47:18.699383,[]
2026-06-01,13:47:18.732716,[]
2026-06-01,13:47:18.766049,[]
2026-06-01,13:47:18.799382,[]
2026-06-01,13:47:18.832715,[]
2026-06-01,13:47:18.866048,[]
2026-06-01,13:47:18.899381,[]
2026-06-01,13:47:18.932714,[]
2026-06-01,13:47:18.966047,[]
2026-06-01,13:47:18.999380,[]
2026-06-01,13:47:19.032713,[]
2026-06-01,13:47:19.066046,[]
2026-06-01,13:47:19.099379,[]
2026-06-01,13:47:19.132712,[]
2026-06-01,13:47:19.166045,[]
2026-06-01,13:47:19.199378,[]
2026-06-01,13:47:19.232711,[]
2026-06-01,13:47:19.266044,[]
2026-06-01,13:47:19.299377,[]
2026-06-01,13:47:19.332710,[]
2026-06-01,13:47:19.366043,[]
2026-06-01,13:47:19.399376,[]
2026-06-01,13:47:19.432709,[]
2026-06-01,13:47:19.466042,[]
2026-06-01,13:47:19.499375,[]
2026-06-01,13:47:19.532708,['EL63245']
2026-06-01,13:47:19.566041,['EL63245']
2026-06-01,13:47:19.599374,['EL63245']
2026-06-01,13:47:19.632707,['EL63245']
2026-06-01,13:47:19.666040,['EL63245']
2026-06-01,13:47:19.699373,['EL63245']
2026-06-01,13:47:19.732706,['EL63245']
2026-06-01,13:47:19.766039,['EL63245']
2026-06-01,13:47:19.799372,['EL63245']
2026-06-01,13:47:19.832705,['EL63245']
2026-06-01,13:47:19.866038,['EL63245']
2026-06-01,13:47:19.899371,['EL63245']
2026-06-01,13:47:19.932704,[]
2026-06-01,13:47:19.966037,[]
2026-06-01,13:47:19.999370,[]
2026-06-01,13:47:20.032703,[]
2026-06-01,13:47:20.066036,[]
2026-06-01,13:47:20.099369,[]
2026-06-01,13:47:20.132702,[]
2026-06-01,13:47:20.166035,[]
2026-06-01,13:47:20.199368,[]
2026-06-01,13:47:20.232701,[]
2026-06-01,13:47:20.266034,[]
2026-06-01,13:47:20.299367,[]
2026-06-01,13:47:20.332700,[]
2026-06-01,13:47:20.366033,[]
2026-06-01,13:47:20.399366,[]
2026-06-01,13:47:20.432699,[]
2026-06-01,13:47:20.466032,[]
2026-06-01,13:47:20.499365,[]
2026-06-01,13:47:20.532698,[]
2026-06-01,13:47:20.566031,[]
2026-06-01,13:47:20.599364,[]
2026-06-01,13:47:20.632697,[]
2026-06-01,13:47:20.666030,[]
2026-06-01,13:47:20.699363,[]
2026-06-01,13:47:20.732696,[]
2026-06-01,13:47:20.766029,[]
2026-06-01,13:47:20.799362,[]
2026-06-01,13:47:20.832695,[]
2026-06-01,13:47:20.866028,[]
2026-06-01,13:47:20.899361,[]
2026-06-01,13:47:20.932694,[]
2026-06-01,13:47:20.966027,[]
2026-06-01,13:47:20.999360,[]
2026-06-01,13:47:21.032693,[]
2026-06-01,13:47:21.066026,[]
2026-06-01,13:47:21.099359,[]
2026-06-01,13:47:21.132692,[]
2026-06-01,13:47:21.166025,[]
2026-06-01,13:47:21.199358,[]
2026-06-01,13:47:21.232691,[]
2026-06-01,13:47:21.266024,[]
2026-06-01,13:47:21.299357,[]
2026-06-01,13:47:21.332690,[]
2026-06-01,13:47:21.366023,[]
2026-06-01,13:47:21.399356,[]
2026-06-01,13:47:21.432689,[]
2026-06-01,13:47:21.466022,[]
2026-06-01,13:47:21.499355,[]
2026-06-01,13:47:21.532688,[]
2026-06-01,13:47:21.566021,[]
2026-06-01,13:47:21.599354,[]
2026-06-01,13:47:21.632687,[]
2026-06-01,13:47:21.666020,[]
2026-06-01,13:47:21.699353,[]
2026-06-01,13:47:21.732686,[]
2026-06-01,13:47:21.766019,[]
2026-06-01,13:47:21.799352,[]
2026-06-01,13:47:21.832685,[]
2026-06-01,13:47:21.866018,[]
2026-06-01,13:47:21.899351,[]
2026-06-01,13:47:21.932684,[]
2026-06-01,13:47:21.966017,[]
2026-06-01,13:47:21.999350,[]
2026-06-01,13:47:22.032683,[]
2026-06-01,13:47:22.066016,[]
2026-06-01,13:47:22.099349,[]
2026-06-01,13:47:22.132682,[]
2026-06-01,13:47:22.166015,[]
2026-06-01,13:47:22.199348,[]
2026-06-01,13:47:22.232681,[]
2026-06-01,13:47:22.266014,[]
2026-06-01,13:47:22.299347,[]
2026-06-01,13:47:22.332680,[]
2026-06-01,13:47:22.366013,[]
2026-06-01,13:47:22.399346,[]
2026-06-01,13:47:22.432679,[]
2026-06-01,13:47:22.466012,[]
2026-06-01,13:47:22.499345,[]
2026-06-01,13:47:22.532678,[]
2026-06-01,13:47:22.566011,[]
2026-06-01,13:47:22.599344,[]
2026-06-01,13:47:22.632677,[]
2026-06-01,13:47:22.666010,[]
2026-06-01,13:47:22.699343,[]
2026-06-01,13:47:22.732676,[]
2026-06-01,13:47:22.766009,[]
2026-06-01,13:47:22.799342,[]
2026-06-01,13:47:22.832675,[]
2026-06-01,13:47:22.866008,[]
2026-06-01,13:47:22.899341,[]
2026-06-01,13:47:22.932674,[]
2026-06-01,13:47:22.966007,[]
2026-06-01,13:47:22.999340,[]
2026-06-01,13:47:23.032673,[]
2026-06-01,13:47:23.066006,[]
2026-06-01,13:47:23.099339,[]
2026-06-01,13:47:23.132672,[]
2026-06-01,13:47:23.166005,[]
2026-06-01,13:47:23.199338,[]
2026-06-01,13:47:23.232671,[]
2026-06-01,13:47:23.266004,[]
2026-06-01,13:47:23.299337,[]
2026-06-01,13:47:23.332670,[]
2026-06-01,13:47:23.366003,[]
2026-06-01,13:47:23.399336,[]
2026-06-01,13:47:23.432669,[]
2026-06-01,13:47:23.466002,[]
2026-06-01,13:47:23.499335,[]
2026-06-01,13:47:23.532668,[]
2026-06-01,13:47:23.566001,[]
2026-06-01,13:47:23.599334,[]
2026-06-01,13:47:23.632667,[]
2026-06-01,13:47:23.666000,[]
2026-06-01,13:47:23.699333,[]
2026-06-01,13:47:23.732666,[]
2026-06-01,13:47:23.765999,[]
2026-06-01,13:47:23.799332,[]
2026-06-01,13:47:23.832665,['EF62877']
2026-06-01,13:47:23.865998,['EF62877']
2026-06-01,13:47:23.899331,['EF62877']
2026-06-01,13:47:23.932664,['EF62877']
2026-06-01,13:47:23.965997,['EF62877']
2026-06-01,13:47:23.999330,['EF62877']
2026-06-01,13:47:24.032663,['EF62877']
2026-06-01,13:47:24.065996,['EF62877']
2026-06-01,13:47:24.099329,['EF62877']
2026-06-01,13:47:24.132662,['EF62877']
2026-06-01,13:47:24.165995,['EF62877']
2026-06-01,13:47:24.199328,['EF62877']
2026-06-01,13:47:24.232661,[]
2026-06-01,13:47:24.265994,[]
2026-06-01,13:47:24.299327,[]
2026-06-01,13:47:24.332660,[]
2026-06-01,13:47:24.365993,[]
2026-06-01,13:47:24.399326,[]
2026-06-01,13:47:24.432659,[]
2026-06-01,13:47:24.465992,[]
2026-06-01,13:47:24.499325,[]
2026-06-01,13:47:24.532658,[]
2026-06-01,13:47:24.565991,[]
2026-06-01,13:47:24.599324,[]
2026-06-01,13:47:24.632657,[]
2026-06-01,13:47:24.665990,[]
2026-06-01,13:47:24.699323,[]
2026-06-01,13:47:24.732656,[]
2026-06-01,13:47:24.765989,[]
2026-06-01,13:47:24.799322,[]
2026-06-01,13:47:24.832655,[]
2026-06-01,13:47:24.865988,[]
2026-06-01,13:47:24.899321,[]
2026-06-01,13:47:24.932654,[]
2026-06-01,13:47:24.965987,[]
2026-06-01,13:47:24.999320,[]
2026-06-01,13:47:25.032653,[]
2026-06-01,13:47:25.065986,[]
2026-06-01,13:47:25.099319,[]
2026-06-01,13:47:25.132652,[]
2026-06-01,13:47:25.165985,[]
2026-06-01,13:47:25.199318,[]
2026-06-01,13:47:25.232651,[]
2026-06-01,13:47:25.265984,[]
2026-06-01,13:47:25.299317,[]
2026-06-01,13:47:25.332650,[]
2026-06-01,13:47:25.365983,[]
2026-06-01,13:47:25.399316,[]
2026-06-01,13:47:25.432649,[]
2026-06-01,13:47:25.465982,[]
2026-06-01,13:47:25.499315,[]
2026-06-01,13:47:25.532648,[]
2026-06-01,13:47:25.565981,[]
2026-06-01,13:47:25.599314,[]
2026-06-01,13:47:25.632647,[]
2026-06-01,13:47:25.665980,[]
2026-06-01,13:47:25.699313,[]
2026-06-01,13:47:25.732646,[]
2026-06-01,13:47:25.765979,[]
2026-06-01,13:47:25.799312,[]
2026-06-01,13:47:25.832645,[]
2026-06-01,13:47:25.865978,[]
2026-06-01,13:47:25.899311,[]
2026-06-01,13:47:25.932644,[]
2026-06-01,13:47:25.965977,[]
2026-06-01,13:47:25.999310,[]
2026-06-01,13:47:26.032643,[]
2026-06-01,13:47:26.065976,[]
2026-06-01,13:47:26.099309,[]
2026-06-01,13:47:26.132642,[]
2026-06-01,13:47:26.165975,[]
2026-06-01,13:47:26.199308,[]
2026-06-01,13:47:26.232641,[]
2026-06-01,13:47:26.265974,[]
2026-06-01,13:47:26.299307,[]
2026-06-01,13:47:26.332640,[]
2026-06-01,13:47:26.365973,[]
2026-06-01,13:47:26.399306,[]
2026-06-01,13:47:26.432639,[]
2026-06-01,13:47:26.465972,[]
2026-06-01,13:47:26.499305,[]
2026-06-01,13:47:26.532638,[]
2026-06-01,13:47:26.565971,[]
2026-06-01,13:47:26.599304,[]
2026-06-01,13:47:26.632637,[]
2026-06-01,13:47:26.665970,[]
2026-06-01,13:47:26.699303,[]
2026-06-01,13:47:26.732636,[]
2026-06-01,13:47:26.765969,[]
2026-06-01,13:47:26.799302,[]
2026-06-01,13:47:26.832635,[]
2026-06-01,13:47:26.865968,[]
2026-06-01,13:47:26.899301,[]
2026-06-01,13:47:26.932634,[]
2026-06-01,13:47:26.965967,[]
2026-06-01,13:47:26.999300,[]
2026-06-01,13:47:27.032633,[]
2026-06-01,13:47:27.065966,[]
2026-06-01,13:47:27.099299,[]
2026-06-01,13:47:27.132632,[]
2026-06-01,13:47:27.165965,[]
2026-06-01,13:47:27.199298,[]
2026-06-01,13:47:27.232631,[]
2026-06-01,13:47:27.265964,[]
2026-06-01,13:47:27.299297,[]
2026-06-01,13:47:27.332630,[]
2026-06-01,13:47:27.365963,[]
2026-06-01,13:47:27.399296,[]
2026-06-01,13:47:27.432629,[]
2026-06-01,13:47:27.465962,[]
2026-06-01,13:47:27.499295,[]
2026-06-01,13:47:27.532628,[]
2026-06-01,13:47:27.565961,[]
2026-06-01,13:47:27.599294,[]
2026-06-01,13:47:27.632627,[]
2026-06-01,13:47:27.665960,[]
2026-06-01,13:47:27.699293,[]
2026-06-01,13:47:27.732626,[]
2026-06-01,13:47:27.765959,[]
2026-06-01,13:47:27.799292,[]
2026-06-01,13:47:27.832625,[]
2026-06-01,13:47:27.865958,[]
2026-06-01,13:47:27.899291,[]
2026-06-01,13:47:27.932624,[]
2026-06-01,13:47:27.965957,[]
2026-06-01,13:47:27.999290,[]
2026-06-01,13:47:28.032623,[]
2026-06-01,13:47:28.065956,[]
2026-06-01,13:47:28.099289,[]
2026-06-01,13:47:28.132622,[]
2026-06-01,13:47:28.165955,[]
2026-06-01,13:47:28.199288,[]
2026-06-01,13:47:28.232621,[]
2026-06-01,13:47:28.265954,[]
2026-06-01,13:47:28.299287,[]
2026-06-01,13:47:28.332620,[]
2026-06-01,13:47:28.365953,[]
2026-06-01,13:47:28.399286,[]
2026-06-01,13:47:28.432619,[]
2026-06-01,13:47:28.465952,[]
2026-06-01,13:47:28.499285,[]
2026-06-01,13:47:28.532618,[]
2026-06-01,13:47:28.565951,[]
2026-06-01,13:47:28.599284,[]
2026-06-01,13:47:28.632617,[]
2026-06-01,13:47:28.665950,[]
2026-06-01,13:47:28.699283,[]
2026-06-01,13:47:28.732616,[]
2026-06-01,13:47:28.765949,[]
2026-06-01,13:47:28.799282,[]
2026-06-01,13:47:28.832615,[]
2026-06-01,13:47:28.865948,[]
2026-06-01,13:47:28.899281,[]
2026-06-01,13:47:28.932614,[]
2026-06-01,13:47:28.965947,[]
2026-06-01,13:47:28.999280,[]
2026-06-01,13:47:29.032613,[]
2026-06-01,13:47:29.065946,[]
2026-06-01,13:47:29.099279,[]
2026-06-01,13:47:29.132612,[]
2026-06-01,13:47:29.165945,[]
2026-06-01,13:47:29.199278,['DM85422']
2026-06-01,13:47:29.232611,[]
2026-06-01,13:47:29.265944,['DM85422']
2026-06-01,13:47:29.299277,['DM85422']
2026-06-01,13:47:29.332610,['DM85422']
2026-06-01,13:47:29.365943,['DM85422']
2026-06-01,13:47:29.399276,['DM85422']
2026-06-01,13:47:29.432609,[]
2026-06-01,13:47:29.465942,['DM85422']
2026-06-01,13:47:29.499275,['DM85422']
2026-06-01,13:47:29.532608,[]
2026-06-01,13:47:29.565941,[]
2026-06-01,13:47:29.599274,[]
2026-06-01,13:47:29.632607,[]
2026-06-01,13:47:29.665940,[]
2026-06-01,13:47:29.699273,[]
2026-06-01,13:47:29.732606,[]
2026-06-01,13:47:29.765939,[]
2026-06-01,13:47:29.799272,[]
2026-06-01,13:47:29.832605,[]
2026-06-01,13:47:29.865938,[]
2026-06-01,13:47:29.899271,[]
2026-06-01,13:47:29.932604,[]
2026-06-01,13:47:29.965937,[]
2026-06-01,13:47:29.999270,[]
2026-06-01,13:47:30.032603,[]
2026-06-01,13:47:30.065936,[]
2026-06-01,13:47:30.099269,[]
2026-06-01,13:47:30.132602,[]
2026-06-01,13:47:30.165935,[]
2026-06-01,13:47:30.199268,[]
2026-06-01,13:47:30.232601,[]
2026-06-01,13:47:30.265934,[]
2026-06-01,13:47:30.299267,[]
2026-06-01,13:47:30.332600,[]
2026-06-01,13:47:30.365933,[]
2026-06-01,13:47:30.399266,[]
2026-06-01,13:47:30.432599,[]
2026-06-01,13:47:30.465932,[]
2026-06-01,13:47:30.499265,[]
2026-06-01,13:47:30.532598,[]
2026-06-01,13:47:30.565931,[]
2026-06-01,13:47:30.599264,[]
2026-06-01,13:47:30.632597,[]
2026-06-01,13:47:30.665930,[]
2026-06-01,13:47:30.699263,[]
2026-06-01,13:47:30.732596,[]
2026-06-01,13:47:30.765929,[]
2026-06-01,13:47:30.799262,[]
2026-06-01,13:47:30.832595,[]
2026-06-01,13:47:30.865928,[]
2026-06-01,13:47:30.899261,[]
2026-06-01,13:47:30.932594,[]
2026-06-01,13:47:30.965927,[]
2026-06-01,13:47:30.999260,[]
2026-06-01,13:47:31.032593,[]
2026-06-01,13:47:31.065926,[]
2026-06-01,13:47:31.099259,[]
2026-06-01,13:47:31.132592,[]
2026-06-01,13:47:31.165925,[]
2026-06-01,13:47:31.199258,[]
2026-06-01,13:47:31.232591,[]
2026-06-01,13:47:31.265924,[]
2026-06-01,13:47:31.299257,[]
2026-06-01,13:47:31.332590,[]
2026-06-01,13:47:31.365923,[]
2026-06-01,13:47:31.399256,[]
2026-06-01,13:47:31.432589,[]
2026-06-01,13:47:31.465922,[]
2026-06-01,13:47:31.499255,[]
2026-06-01,13:47:31.532588,[]
2026-06-01,13:47:31.565921,[]
2026-06-01,13:47:31.599254,[]
2026-06-01,13:47:31.632587,[]
2026-06-01,13:47:31.665920,[]
2026-06-01,13:47:31.699253,[]
2026-06-01,13:47:31.732586,[]
2026-06-01,13:47:31.765919,[]
2026-06-01,13:47:31.799252,[]
2026-06-01,13:47:31.832585,[]
2026-06-01,13:47:31.865918,[]
2026-06-01,13:47:31.899251,[]
2026-06-01,13:47:31.932584,[]
2026-06-01,13:47:31.965917,[]
2026-06-01,13:47:31.999250,[]
2026-06-01,13:47:32.032583,[]
2026-06-01,13:47:32.065916,[]
2026-06-01,13:47:32.099249,[]
2026-06-01,13:47:32.132582,[]
2026-06-01,13:47:32.165915,[]
2026-06-01,13:47:32.199248,[]
2026-06-01,13:47:32.232581,[]
2026-06-01,13:47:32.265914,[]
2026-06-01,13:47:32.299247,[]
2026-06-01,13:47:32.332580,[]
2026-06-01,13:47:32.365913,[]
2026-06-01,13:47:32.399246,[]
2026-06-01,13:47:32.432579,[]
2026-06-01,13:47:32.465912,[]
2026-06-01,13:47:32.499245,[]
2026-06-01,13:47:32.532578,[]
2026-06-01,13:47:32.565911,[]
2026-06-01,13:47:32.599244,[]
2026-06-01,13:47:32.632577,[]
2026-06-01,13:47:32.665910,[]
2026-06-01,13:47:32.699243,[]
2026-06-01,13:47:32.732576,[]
2026-06-01,13:47:32.765909,[]
2026-06-01,13:47:32.799242,[]
2026-06-01,13:47:32.832575,[]
2026-06-01,13:47:32.865908,[]
2026-06-01,13:47:32.899241,[]
2026-06-01,13:47:32.932574,[]
2026-06-01,13:47:32.965907,[]
2026-06-01,13:47:32.999240,[]
2026-06-01,13:47:33.032573,[]
2026-06-01,13:47:33.065906,[]
2026-06-01,13:47:33.099239,[]
2026-06-01,13:47:33.132572,[]
2026-06-01,13:47:33.165905,[]
2026-06-01,13:47:33.199238,[]
2026-06-01,13:47:33.232571,[]
2026-06-01,13:47:33.265904,[]
2026-06-01,13:47:33.299237,[]
2026-06-01,13:47:33.332570,[]
2026-06-01,13:47:33.365903,[]
2026-06-01,13:47:33.399236,[]
2026-06-01,13:47:33.432569,[]
2026-06-01,13:47:33.465902,[]
2026-06-01,13:47:33.499235,[]
2026-06-01,13:47:33.532568,[]
2026-06-01,13:47:33.565901,[]
2026-06-01,13:47:33.599234,[]
2026-06-01,13:47:33.632567,[]
2026-06-01,13:47:33.665900,[]
2026-06-01,13:47:33.699233,[]
2026-06-01,13:47:33.732566,[]
2026-06-01,13:47:33.765899,[]
2026-06-01,13:47:33.799232,[]
2026-06-01,13:47:33.832565,[]
2026-06-01,13:47:33.865898,[]
2026-06-01,13:47:33.899231,[]
2026-06-01,13:47:33.932564,[]
2026-06-01,13:47:33.965897,[]
2026-06-01,13:47:33.999230,[]
2026-06-01,13:47:34.032563,[]
2026-06-01,13:47:34.065896,[]
2026-06-01,13:47:34.099229,[]
2026-06-01,13:47:34.132562,[]
2026-06-01,13:47:34.165895,[]
2026-06-01,13:47:34.199228,[]
2026-06-01,13:47:34.232561,[]
2026-06-01,13:47:34.265894,[]
2026-06-01,13:47:34.299227,[]
2026-06-01,13:47:34.332560,[]
2026-06-01,13:47:34.365893,[]
2026-06-01,13:47:34.399226,[]
2026-06-01,13:47:34.432559,[]
2026-06-01,13:47:34.465892,[]
2026-06-01,13:47:34.499225,[]
2026-06-01,13:47:34.532558,[]
2026-06-01,13:47:34.565891,[]
2026-06-01,13:47:34.599224,[]
2026-06-01,13:47:34.632557,[]
2026-06-01,13:47:34.665890,[]
2026-06-01,13:47:34.699223,[]
2026-06-01,13:47:34.732556,[]
2026-06-01,13:47:34.765889,[]
2026-06-01,13:47:34.799222,[]
2026-06-01,13:47:34.832555,[]
2026-06-01,13:47:34.865888,[]
2026-06-01,13:47:34.899221,[]
2026-06-01,13:47:34.932554,[]
2026-06-01,13:47:34.965887,[]
2026-06-01,13:47:34.999220,[]
2026-06-01,13:47:35.032553,[]
2026-06-01,13:47:35.065886,[]
2026-06-01,13:47:35.099219,[]
2026-06-01,13:47:35.132552,[]
2026-06-01,13:47:35.165885,[]
2026-06-01,13:47:35.199218,[]
2026-06-01,13:47:35.232551,[]
2026-06-01,13:47:35.265884,[]
2026-06-01,13:47:35.299217,[]
2026-06-01,13:47:35.332550,[]
2026-06-01,13:47:35.365883,[]
2026-06-01,13:47:35.399216,[]
2026-06-01,13:47:35.432549,[]
2026-06-01,13:47:35.465882,[]
2026-06-01,13:47:35.499215,[]
2026-06-01,13:47:35.532548,[]
2026-06-01,13:47:35.565881,[]
2026-06-01,13:47:35.599214,[]
2026-06-01,13:47:35.632547,[]
2026-06-01,13:47:35.665880,[]
2026-06-01,13:47:35.699213,[]
2026-06-01,13:47:35.732546,[]
2026-06-01,13:47:35.765879,[]
2026-06-01,13:47:35.799212,[]
2026-06-01,13:47:35.832545,[]
2026-06-01,13:47:35.865878,[]
2026-06-01,13:47:35.899211,[]
2026-06-01,13:47:35.932544,[]
2026-06-01,13:47:35.965877,[]
2026-06-01,13:47:35.999210,[]
2026-06-01,13:47:36.032543,[]
2026-06-01,13:47:36.065876,[]
2026-06-01,13:47:36.099209,[]
2026-06-01,13:47:36.132542,[]
2026-06-01,13:47:36.165875,[]
2026-06-01,13:47:36.199208,[]
2026-06-01,13:47:36.232541,[]
2026-06-01,13:47:36.265874,[]
2026-06-01,13:47:36.299207,[]
2026-06-01,13:47:36.332540,[]
2026-06-01,13:47:36.365873,[]
2026-06-01,13:47:36.399206,[]
2026-06-01,13:47:36.432539,[]
2026-06-01,13:47:36.465872,[]
2026-06-01,13:47:36.499205,[]
2026-06-01,13:47:36.532538,[]
2026-06-01,13:47:36.565871,[]
2026-06-01,13:47:36.599204,[]
2026-06-01,13:47:36.632537,[]
2026-06-01,13:47:36.665870,[]
2026-06-01,13:47:36.699203,[]
2026-06-01,13:47:36.732536,[]
2026-06-01,13:47:36.765869,[]
2026-06-01,13:47:36.799202,[]
2026-06-01,13:47:36.832535,[]
2026-06-01,13:47:36.865868,[]
2026-06-01,13:47:36.899201,[]
2026-06-01,13:47:36.932534,[]
2026-06-01,13:47:36.965867,[]
2026-06-01,13:47:36.999200,[]
2026-06-01,13:47:37.032533,[]
2026-06-01,13:47:37.065866,[]
2026-06-01,13:47:37.099199,[]
2026-06-01,13:47:37.132532,[]
2026-06-01,13:47:37.165865,[]
2026-06-01,13:47:37.199198,[]
2026-06-01,13:47:37.232531,[]
2026-06-01,13:47:37.265864,[]
2026-06-01,13:47:37.299197,[]
2026-06-01,13:47:37.332530,[]
2026-06-01,13:47:37.365863,[]
2026-06-01,13:47:37.399196,[]
2026-06-01,13:47:37.432529,[]
2026-06-01,13:47:37.465862,[]
2026-06-01,13:47:37.499195,[]
2026-06-01,13:47:37.532528,[]
2026-06-01,13:47:37.565861,[]
2026-06-01,13:47:37.599194,[]
2026-06-01,13:47:37.632527,[]
2026-06-01,13:47:37.665860,[]
2026-06-01,13:47:37.699193,[]
2026-06-01,13:47:37.732526,[]
2026-06-01,13:47:37.765859,[]
2026-06-01,13:47:37.799192,[]
2026-06-01,13:47:37.832525,[]
2026-06-01,13:47:37.865858,[]
2026-06-01,13:47:37.899191,[]
2026-06-01,13:47:37.932524,[]
2026-06-01,13:47:37.965857,[]
2026-06-01,13:47:37.999190,[]
2026-06-01,13:47:38.032523,[]
2026-06-01,13:47:38.065856,[]
2026-06-01,13:47:38.099189,[]
2026-06-01,13:47:38.132522,[]
2026-06-01,13:47:38.165855,[]
2026-06-01,13:47:38.199188,[]
2026-06-01,13:47:38.232521,[]
2026-06-01,13:47:38.265854,[]
2026-06-01,13:47:38.299187,[]
2026-06-01,13:47:38.332520,[]
2026-06-01,13:47:38.365853,[]
2026-06-01,13:47:38.399186,[]
2026-06-01,13:47:38.432519,[]
2026-06-01,13:47:38.465852,[]
2026-06-01,13:47:38.499185,[]
2026-06-01,13:47:38.532518,[]
2026-06-01,13:47:38.565851,[]
2026-06-01,13:47:38.599184,[]
2026-06-01,13:47:38.632517,[]
2026-06-01,13:47:38.665850,[]
2026-06-01,13:47:38.699183,[]
2026-06-01,13:47:38.732516,[]
2026-06-01,13:47:38.765849,[]
2026-06-01,13:47:38.799182,[]
2026-06-01,13:47:38.832515,[]
2026-06-01,13:47:38.865848,[]
2026-06-01,13:47:38.899181,[]
2026-06-01,13:47:38.932514,[]
2026-06-01,13:47:38.965847,[]
2026-06-01,13:47:38.999180,[]
2026-06-01,13:47:39.032513,[]
2026-06-01,13:47:39.065846,[]
2026-06-01,13:47:39.099179,[]
2026-06-01,13:47:39.132512,[]
2026-06-01,13:47:39.165845,[]
2026-06-01,13:47:39.199178,[]
2026-06-01,13:47:39.232511,[]
2026-06-01,13:47:39.265844,[]
2026-06-01,13:47:39.299177,[]
2026-06-01,13:47:39.332510,[]
2026-06-01,13:47:39.365843,[]
2026-06-01,13:47:39.399176,[]
2026-06-01,13:47:39.432509,[]
2026-06-01,13:47:39.465842,[]
2026-06-01,13:47:39.499175,[]
2026-06-01,13:47:39.532508,[]
2026-06-01,13:47:39.565841,[]
2026-06-01,13:47:39.599174,[]
2026-06-01,13:47:39.632507,[]
2026-06-01,13:47:39.665840,[]
2026-06-01,13:47:39.699173,[]
2026-06-01,13:47:39.732506,[]
2026-06-01,13:47:39.765839,[]
2026-06-01,13:47:39.799172,[]
2026-06-01,13:47:39.832505,[]
2026-06-01,13:47:39.865838,[]
2026-06-01,13:47:39.899171,[]
2026-06-01,13:47:39.932504,[]
2026-06-01,13:47:39.965837,[]
2026-06-01,13:47:39.999170,[]
2026-06-01,13:47:40.032503,[]
2026-06-01,13:47:40.065836,[]
2026-06-01,13:47:40.099169,[]
2026-06-01,13:47:40.132502,[]
2026-06-01,13:47:40.165835,[]
2026-06-01,13:47:40.199168,[]
2026-06-01,13:47:40.232501,[]
2026-06-01,13:47:40.265834,[]
2026-06-01,13:47:40.299167,[]
2026-06-01,13:47:40.332500,[]
2026-06-01,13:47:40.365833,[]
2026-06-01,13:47:40.399166,[]
2026-06-01,13:47:40.432499,[]
2026-06-01,13:47:40.465832,[]
2026-06-01,13:47:40.499165,[]
2026-06-01,13:47:40.532498,[]
2026-06-01,13:47:40.565831,[]
2026-06-01,13:47:40.599164,[]
2026-06-01,13:47:40.632497,[]
2026-06-01,13:47:40.665830,[]
2026-06-01,13:47:40.699163,[]
2026-06-01,13:47:40.732496,[]
2026-06-01,13:47:40.765829,[]
2026-06-01,13:47:40.799162,[]
2026-06-01,13:47:40.832495,[]
2026-06-01,13:47:40.865828,[]
2026-06-01,13:47:40.899161,[]
2026-06-01,13:47:40.932494,[]
2026-06-01,13:47:40.965827,[]
2026-06-01,13:47:40.999160,[]
2026-06-01,13:47:41.032493,[]
2026-06-01,13:47:41.065826,[]
2026-06-01,13:47:41.099159,[]
2026-06-01,13:47:41.132492,[]
2026-06-01,13:47:41.165825,[]
2026-06-01,13:47:41.199158,[]
2026-06-01,13:47:41.232491,[]
2026-06-01,13:47:41.265824,[]
2026-06-01,13:47:41.299157,[]
2026-06-01,13:47:41.332490,[]
2026-06-01,13:47:41.365823,[]
2026-06-01,13:47:41.399156,[]
2026-06-01,13:47:41.432489,[]
2026-06-01,13:47:41.465822,[]
2026-06-01,13:47:41.499155,[]
2026-06-01,13:47:41.532488,[]
2026-06-01,13:47:41.565821,[]
2026-06-01,13:47:41.599154,[]
2026-06-01,13:47:41.632487,[]
2026-06-01,13:47:41.665820,[]
2026-06-01,13:47:41.699153,[]
2026-06-01,13:47:41.732486,[]
2026-06-01,13:47:41.765819,[]
2026-06-01,13:47:41.799152,[]
2026-06-01,13:47:41.832485,[]
2026-06-01,13:47:41.865818,[]
2026-06-01,13:47:41.899151,[]
2026-06-01,13:47:41.932484,[]
2026-06-01,13:47:41.965817,[]
2026-06-01,13:47:41.999150,[]
2026-06-01,13:47:42.032483,[]
2026-06-01,13:47:42.065816,[]
2026-06-01,13:47:42.099149,[]
2026-06-01,13:47:42.132482,[]
2026-06-01,13:47:42.165815,[]
2026-06-01,13:47:42.199148,[]
2026-06-01,13:47:42.232481,[]
2026-06-01,13:47:42.265814,[]
2026-06-01,13:47:42.299147,[]
2026-06-01,13:47:42.332480,[]
2026-06-01,13:47:42.365813,[]
2026-06-01,13:47:42.399146,[]
2026-06-01,13:47:42.432479,[]
2026-06-01,13:47:42.465812,[]
2026-06-01,13:47:42.499145,[]
2026-06-01,13:47:42.532478,[]
2026-06-01,13:47:42.565811,[]
2026-06-01,13:47:42.599144,[]
2026-06-01,13:47:42.632477,[]
2026-06-01,13:47:42.665810,[]
2026-06-01,13:47:42.699143,[]
2026-06-01,13:47:42.732476,[]
2026-06-01,13:47:42.765809,[]
2026-06-01,13:47:42.799142,[]
2026-06-01,13:47:42.832475,[]
2026-06-01,13:47:42.865808,[]
2026-06-01,13:47:42.899141,[]
2026-06-01,13:47:42.932474,[]
2026-06-01,13:47:42.965807,[]
2026-06-01,13:47:42.999140,[]
2026-06-01,13:47:43.032473,[]
2026-06-01,13:47:43.065806,[]
2026-06-01,13:47:43.099139,[]
2026-06-01,13:47:43.132472,[]
2026-06-01,13:47:43.165805,[]
2026-06-01,13:47:43.199138,[]
2026-06-01,13:47:43.232471,[]
2026-06-01,13:47:43.265804,[]
2026-06-01,13:47:43.299137,[]
2026-06-01,13:47:43.332470,[]
2026-06-01,13:47:43.365803,[]
2026-06-01,13:47:43.399136,[]
2026-06-01,13:47:43.432469,[]
2026-06-01,13:47:43.465802,[]
2026-06-01,13:47:43.499135,[]
2026-06-01,13:47:43.532468,[]
2026-06-01,13:47:43.565801,[]
2026-06-01,13:47:43.599134,[]
2026-06-01,13:47:43.632467,[]
2026-06-01,13:47:43.665800,[]
2026-06-01,13:47:43.699133,[]
2026-06-01,13:47:43.732466,[]
2026-06-01,13:47:43.765799,[]
2026-06-01,13:47:43.799132,[]
2026-06-01,13:47:43.832465,[]
2026-06-01,13:47:43.865798,[]
2026-06-01,13:47:43.899131,[]
2026-06-01,13:47:43.932464,[]
2026-06-01,13:47:43.965797,[]
2026-06-01,13:47:43.999130,[]
2026-06-01,13:47:44.032463,[]
2026-06-01,13:47:44.065796,[]
2026-06-01,13:47:44.099129,[]
2026-06-01,13:47:44.132462,[]
2026-06-01,13:47:44.165795,[]
2026-06-01,13:47:44.199128,[]
2026-06-01,13:47:44.232461,[]
2026-06-01,13:47:44.265794,[]
2026-06-01,13:47:44.299127,[]
2026-06-01,13:47:44.332460,[]
2026-06-01,13:47:44.365793,[]
2026-06-01,13:47:44.399126,[]
2026-06-01,13:47:44.432459,[]
2026-06-01,13:47:44.465792,[]
2026-06-01,13:47:44.499125,[]
2026-06-01,13:47:44.532458,[]
2026-06-01,13:47:44.565791,[]
2026-06-01,13:47:44.599124,[]
2026-06-01,13:47:44.632457,[]
2026-06-01,13:47:44.665790,[]
2026-06-01,13:47:44.699123,[]
2026-06-01,13:47:44.732456,[]
2026-06-01,13:47:44.765789,[]
2026-06-01,13:47:44.799122,[]
2026-06-01,13:47:44.832455,[]
2026-06-01,13:47:44.865788,[]
2026-06-01,13:47:44.899121,[]
2026-06-01,13:47:44.932454,[]
2026-06-01,13:47:44.965787,[]
2026-06-01,13:47:44.999120,[]
2026-06-01,13:47:45.032453,[]
2026-06-01,13:47:45.065786,[]
2026-06-01,13:47:45.099119,[]
2026-06-01,13:47:45.132452,[]
2026-06-01,13:47:45.165785,[]
2026-06-01,13:47:45.199118,[]
2026-06-01,13:47:45.232451,[]
2026-06-01,13:47:45.265784,[]
2026-06-01,13:47:45.299117,[]
2026-06-01,13:47:45.332450,[]
2026-06-01,13:47:45.365783,[]
2026-06-01,13:47:45.399116,[]
2026-06-01,13:47:45.432449,[]
2026-06-01,13:47:45.465782,[]
2026-06-01,13:47:45.499115,[]
2026-06-01,13:47:45.532448,[]
2026-06-01,13:47:45.565781,[]
2026-06-01,13:47:45.599114,[]
2026-06-01,13:47:45.632447,[]
2026-06-01,13:47:45.665780,[]
2026-06-01,13:47:45.699113,[]
2026-06-01,13:47:45.732446,[]
2026-06-01,13:47:45.765779,[]
2026-06-01,13:47:45.799112,[]
2026-06-01,13:47:45.832445,[]
2026-06-01,13:47:45.865778,[]
2026-06-01,13:47:45.899111,[]
2026-06-01,13:47:45.932444,[]
2026-06-01,13:47:45.965777,[]
2026-06-01,13:47:45.999110,[]
2026-06-01,13:47:46.032443,[]
2026-06-01,13:47:46.065776,[]
2026-06-01,13:47:46.099109,[]
2026-06-01,13:47:46.132442,[]
2026-06-01,13:47:46.165775,[]
2026-06-01,13:47:46.199108,[]
2026-06-01,13:47:46.232441,[]
2026-06-01,13:47:46.265774,[]
2026-06-01,13:47:46.299107,[]
2026-06-01,13:47:46.332440,[]
2026-06-01,13:47:46.365773,[]
2026-06-01,13:47:46.399106,[]
2026-06-01,13:47:46.432439,[]
2026-06-01,13:47:46.465772,[]
2026-06-01,13:47:46.499105,[]
2026-06-01,13:47:46.532438,[]
2026-06-01,13:47:46.565771,[]
2026-06-01,13:47:46.599104,[]
2026-06-01,13:47:46.632437,[]
2026-06-01,13:47:46.665770,[]
2026-06-01,13:47:46.699103,[]
2026-06-01,13:47:46.732436,[]
2026-06-01,13:47:46.765769,[]
2026-06-01,13:47:46.799102,[]
2026-06-01,13:47:46.832435,[]
2026-06-01,13:47:46.865768,[]
2026-06-01,13:47:46.899101,[]
2026-06-01,13:47:46.932434,[]
2026-06-01,13:47:46.965767,[]
2026-06-01,13:47:46.999100,[]
2026-06-01,13:47:47.032433,[]
2026-06-01,13:47:47.065766,[]
2026-06-01,13:47:47.099099,[]
2026-06-01,13:47:47.132432,[]
2026-06-01,13:47:47.165765,[]
2026-06-01,13:47:47.199098,[]
2026-06-01,13:47:47.232431,[]
2026-06-01,13:47:47.265764,[]
2026-06-01,13:47:47.299097,[]
2026-06-01,13:47:47.332430,[]
2026-06-01,13:47:47.365763,[]
2026-06-01,13:47:47.399096,[]
2026-06-01,13:47:47.432429,[]
2026-06-01,13:47:47.465762,[]
2026-06-01,13:47:47.499095,[]
2026-06-01,13:47:47.532428,[]
2026-06-01,13:47:47.565761,[]
2026-06-01,13:47:47.599094,[]
2026-06-01,13:47:47.632427,[]
2026-06-01,13:47:47.665760,[]
2026-06-01,13:47:47.699093,[]
2026-06-01,13:47:47.732426,[]
2026-06-01,13:47:47.765759,[]
2026-06-01,13:47:47.799092,[]
2026-06-01,13:47:47.832425,[]
2026-06-01,13:47:47.865758,[]
2026-06-01,13:47:47.899091,[]
2026-06-01,13:47:47.932424,[]
2026-06-01,13:47:47.965757,[]
2026-06-01,13:47:47.999090,[]
2026-06-01,13:47:48.032423,[]
2026-06-01,13:47:48.065756,[]
2026-06-01,13:47:48.099089,[]
2026-06-01,13:47:48.132422,[]
2026-06-01,13:47:48.165755,[]
2026-06-01,13:47:48.199088,[]
2026-06-01,13:47:48.232421,[]
2026-06-01,13:47:48.265754,[]
2026-06-01,13:47:48.299087,[]
2026-06-01,13:47:48.332420,[]
2026-06-01,13:47:48.365753,[]
2026-06-01,13:47:48.399086,[]
2026-06-01,13:47:48.432419,[]
2026-06-01,13:47:48.465752,[]
2026-06-01,13:47:48.499085,[]
2026-06-01,13:47:48.532418,[]
2026-06-01,13:47:48.565751,[]
2026-06-01,13:47:48.599084,[]
2026-06-01,13:47:48.632417,[]
2026-06-01,13:47:48.665750,[]
2026-06-01,13:47:48.699083,[]
2026-06-01,13:47:48.732416,[]
2026-06-01,13:47:48.765749,[]
2026-06-01,13:47:48.799082,[]
2026-06-01,13:47:48.832415,[]
2026-06-01,13:47:48.865748,[]
2026-06-01,13:47:48.899081,[]
2026-06-01,13:47:48.932414,[]
2026-06-01,13:47:48.965747,[]
2026-06-01,13:47:48.999080,[]
2026-06-01,13:47:49.032413,[]
2026-06-01,13:47:49.065746,[]
2026-06-01,13:47:49.099079,[]
2026-06-01,13:47:49.132412,[]
2026-06-01,13:47:49.165745,[]
2026-06-01,13:47:49.199078,[]
2026-06-01,13:47:49.232411,[]
2026-06-01,13:47:49.265744,[]
2026-06-01,13:47:49.299077,[]
2026-06-01,13:47:49.332410,[]
2026-06-01,13:47:49.365743,[]
2026-06-01,13:47:49.399076,[]
2026-06-01,13:47:49.432409,[]
2026-06-01,13:47:49.465742,[]
2026-06-01,13:47:49.499075,[]
2026-06-01,13:47:49.532408,[]
2026-06-01,13:47:49.565741,[]
2026-06-01,13:47:49.599074,[]
2026-06-01,13:47:49.632407,[]
2026-06-01,13:47:49.665740,[]
2026-06-01,13:47:49.699073,[]
2026-06-01,13:47:49.732406,[]
2026-06-01,13:47:49.765739,[]
2026-06-01,13:47:49.799072,[]
2026-06-01,13:47:49.832405,[]
2026-06-01,13:47:49.865738,[]
2026-06-01,13:47:49.899071,[]
2026-06-01,13:47:49.932404,[]
2026-06-01,13:47:49.965737,[]
2026-06-01,13:47:49.999070,[]
2026-06-01,13:47:50.032403,[]
2026-06-01,13:47:50.065736,[]
2026-06-01,13:47:50.099069,[]
2026-06-01,13:47:50.132402,[]
2026-06-01,13:47:50.165735,[]
2026-06-01,13:47:50.199068,[]
2026-06-01,13:47:50.232401,[]
2026-06-01,13:47:50.265734,[]
2026-06-01,13:47:50.299067,[]
2026-06-01,13:47:50.332400,[]
2026-06-01,13:47:50.365733,[]
2026-06-01,13:47:50.399066,[]
2026-06-01,13:47:50.432399,[]
2026-06-01,13:47:50.465732,[]
2026-06-01,13:47:50.499065,[]
2026-06-01,13:47:50.532398,[]
2026-06-01,13:47:50.565731,[]
2026-06-01,13:47:50.599064,[]
2026-06-01,13:47:50.632397,[]
2026-06-01,13:47:50.665730,[]
2026-06-01,13:47:50.699063,[]
2026-06-01,13:47:50.732396,[]
2026-06-01,13:47:50.765729,[]
2026-06-01,13:47:50.799062,[]
2026-06-01,13:47:50.832395,[]
2026-06-01,13:47:50.865728,[]
2026-06-01,13:47:50.899061,[]
2026-06-01,13:47:50.932394,[]
2026-06-01,13:47:50.965727,[]
2026-06-01,13:47:50.999060,[]
2026-06-01,13:47:51.032393,[]
2026-06-01,13:47:51.065726,[]
2026-06-01,13:47:51.099059,[]
2026-06-01,13:47:51.132392,[]
2026-06-01,13:47:51.165725,[]
2026-06-01,13:47:51.199058,[]
2026-06-01,13:47:51.232391,[]
2026-06-01,13:47:51.265724,[]
2026-06-01,13:47:51.299057,[]
2026-06-01,13:47:51.332390,[]
2026-06-01,13:47:51.365723,[]
2026-06-01,13:47:51.399056,[]
2026-06-01,13:47:51.432389,[]
2026-06-01,13:47:51.465722,[]
2026-06-01,13:47:51.499055,[]
2026-06-01,13:47:51.532388,[]
2026-06-01,13:47:51.565721,[]
2026-06-01,13:47:51.599054,[]
2026-06-01,13:47:51.632387,[]
2026-06-01,13:47:51.665720,[]
2026-06-01,13:47:51.699053,[]
2026-06-01,13:47:51.732386,[]
2026-06-01,13:47:51.765719,[]
2026-06-01,13:47:51.799052,[]
2026-06-01,13:47:51.832385,[]
2026-06-01,13:47:51.865718,[]
2026-06-01,13:47:51.899051,[]
2026-06-01,13:47:51.932384,[]
2026-06-01,13:47:51.965717,[]
2026-06-01,13:47:51.999050,[]
2026-06-01,13:47:52.032383,[]
2026-06-01,13:47:52.065716,[]
2026-06-01,13:47:52.099049,[]
2026-06-01,13:47:52.132382,[]
2026-06-01,13:47:52.165715,[]
2026-06-01,13:47:52.199048,[]
2026-06-01,13:47:52.232381,[]
2026-06-01,13:47:52.265714,[]
2026-06-01,13:47:52.299047,[]
2026-06-01,13:47:52.332380,[]
2026-06-01,13:47:52.365713,[]
2026-06-01,13:47:52.399046,[]
2026-06-01,13:47:52.432379,[]
2026-06-01,13:47:52.465712,[]
2026-06-01,13:47:52.499045,[]
2026-06-01,13:47:52.532378,[]
2026-06-01,13:47:52.565711,[]
2026-06-01,13:47:52.599044,[]
2026-06-01,13:47:52.632377,[]
2026-06-01,13:47:52.665710,[]
2026-06-01,13:47:52.699043,[]
2026-06-01,13:47:52.732376,[]
2026-06-01,13:47:52.765709,[]
2026-06-01,13:47:52.799042,[]
2026-06-01,13:47:52.832375,[]
2026-06-01,13:47:52.865708,[]
2026-06-01,13:47:52.899041,[]
2026-06-01,13:47:52.932374,[]
2026-06-01,13:47:52.965707,[]
2026-06-01,13:47:52.999040,[]
2026-06-01,13:47:53.032373,[]
2026-06-01,13:47:53.065706,[]
2026-06-01,13:47:53.099039,[]
2026-06-01,13:47:53.132372,[]
2026-06-01,13:47:53.165705,[]
2026-06-01,13:47:53.199038,[]
2026-06-01,13:47:53.232371,[]
2026-06-01,13:47:53.265704,[]
2026-06-01,13:47:53.299037,[]
2026-06-01,13:47:53.332370,[]
2026-06-01,13:47:53.365703,[]
2026-06-01,13:47:53.399036,[]
2026-06-01,13:47:53.432369,[]
2026-06-01,13:47:53.465702,[]
2026-06-01,13:47:53.499035,[]
2026-06-01,13:47:53.532368,[]
2026-06-01,13:47:53.565701,[]
2026-06-01,13:47:53.599034,[]
2026-06-01,13:47:53.632367,[]
2026-06-01,13:47:53.665700,[]
2026-06-01,13:47:53.699033,[]
2026-06-01,13:47:53.732366,[]
2026-06-01,13:47:53.765699,[]
2026-06-01,13:47:53.799032,[]
2026-06-01,13:47:53.832365,[]
2026-06-01,13:47:53.865698,[]
2026-06-01,13:47:53.899031,[]
2026-06-01,13:47:53.932364,[]
2026-06-01,13:47:53.965697,[]
2026-06-01,13:47:53.999030,[]
2026-06-01,13:47:54.032363,[]
2026-06-01,13:47:54.065696,[]
2026-06-01,13:47:54.099029,[]
2026-06-01,13:47:54.132362,[]
2026-06-01,13:47:54.165695,[]
2026-06-01,13:47:54.199028,[]
2026-06-01,13:47:54.232361,[]
2026-06-01,13:47:54.265694,[]
2026-06-01,13:47:54.299027,[]
2026-06-01,13:47:54.332360,[]
2026-06-01,13:47:54.365693,[]
2026-06-01,13:47:54.399026,[]
2026-06-01,13:47:54.432359,[]
2026-06-01,13:47:54.465692,[]
2026-06-01,13:47:54.499025,[]
2026-06-01,13:47:54.532358,[]
2026-06-01,13:47:54.565691,[]
2026-06-01,13:47:54.599024,[]
2026-06-01,13:47:54.632357,[]
2026-06-01,13:47:54.665690,[]
2026-06-01,13:47:54.699023,[]
2026-06-01,13:47:54.732356,[]
2026-06-01,13:47:54.765689,[]
2026-06-01,13:47:54.799022,[]
2026-06-01,13:47:54.832355,[]
2026-06-01,13:47:54.865688,[]
2026-06-01,13:47:54.899021,[]
2026-06-01,13:47:54.932354,[]
2026-06-01,13:47:54.965687,[]
2026-06-01,13:47:54.999020,[]
2026-06-01,13:47:55.032353,[]
2026-06-01,13:47:55.065686,[]
2026-06-01,13:47:55.099019,[]
2026-06-01,13:47:55.132352,[]
2026-06-01,13:47:55.165685,[]
2026-06-01,13:47:55.199018,[]
2026-06-01,13:47:55.232351,[]
2026-06-01,13:47:55.265684,[]
2026-06-01,13:47:55.299017,[]
2026-06-01,13:47:55.332350,[]
2026-06-01,13:47:55.365683,[]
2026-06-01,13:47:55.399016,[]
2026-06-01,13:47:55.432349,[]
2026-06-01,13:47:55.465682,[]
2026-06-01,13:47:55.499015,[]
2026-06-01,13:47:55.532348,[]
2026-06-01,13:47:55.565681,[]
2026-06-01,13:47:55.599014,[]
2026-06-01,13:47:55.632347,[]
2026-06-01,13:47:55.665680,[]
2026-06-01,13:47:55.699013,[]
2026-06-01,13:47:55.732346,[]
2026-06-01,13:47:55.765679,[]
2026-06-01,13:47:55.799012,[]
2026-06-01,13:47:55.832345,[]
2026-06-01,13:47:55.865678,[]
2026-06-01,13:47:55.899011,[]
2026-06-01,13:47:55.932344,[]
2026-06-01,13:47:55.965677,[]
2026-06-01,13:47:55.999010,[]
2026-06-01,13:47:56.032343,[]
2026-06-01,13:47:56.065676,[]
2026-06-01,13:47:56.099009,[]
2026-06-01,13:47:56.132342,[]
2026-06-01,13:47:56.165675,[]
2026-06-01,13:47:56.199008,[]
2026-06-01,13:47:56.232341,[]
2026-06-01,13:47:56.265674,[]
2026-06-01,13:47:56.299007,[]
2026-06-01,13:47:56.332340,[]
2026-06-01,13:47:56.365673,[]
2026-06-01,13:47:56.399006,[]
2026-06-01,13:47:56.432339,[]
2026-06-01,13:47:56.465672,[]
2026-06-01,13:47:56.499005,[]
2026-06-01,13:47:56.532338,[]
2026-06-01,13:47:56.565671,[]
2026-06-01,13:47:56.599004,[]
2026-06-01,13:47:56.632337,[]
2026-06-01,13:47:56.665670,[]
2026-06-01,13:47:56.699003,[]
2026-06-01,13:47:56.732336,[]
2026-06-01,13:47:56.765669,[]
2026-06-01,13:47:56.799002,[]
2026-06-01,13:47:56.832335,[]
2026-06-01,13:47:56.865668,[]
2026-06-01,13:47:56.899001,[]
2026-06-01,13:47:56.932334,[]
2026-06-01,13:47:56.965667,[]
2026-06-01,13:47:56.999000,[]
2026-06-01,13:47:57.032333,[]
2026-06-01,13:47:57.065666,[]
2026-06-01,13:47:57.098999,[]
2026-06-01,13:47:57.132332,[]
2026-06-01,13:47:57.165665,[]
2026-06-01,13:47:57.198998,[]
2026-06-01,13:47:57.232331,[]
2026-06-01,13:47:57.265664,[]
2026-06-01,13:47:57.298997,[]
2026-06-01,13:47:57.332330,[]
2026-06-01,13:47:57.365663,[]
2026-06-01,13:47:57.398996,[]
2026-06-01,13:47:57.432329,[]
2026-06-01,13:47:57.465662,[]
2026-06-01,13:47:57.498995,[]
2026-06-01,13:47:57.532328,[]
2026-06-01,13:47:57.565661,[]
2026-06-01,13:47:57.598994,[]
2026-06-01,13:47:57.632327,[]
2026-06-01,13:47:57.665660,[]
2026-06-01,13:47:57.698993,[]
2026-06-01,13:47:57.732326,[]
2026-06-01,13:47:57.765659,[]
2026-06-01,13:47:57.798992,[]
2026-06-01,13:47:57.832325,[]
2026-06-01,13:47:57.865658,[]
2026-06-01,13:47:57.898991,[]
2026-06-01,13:47:57.932324,[]
2026-06-01,13:47:57.965657,[]
2026-06-01,13:47:57.998990,[]
2026-06-01,13:47:58.032323,[]
2026-06-01,13:47:58.065656,[]
2026-06-01,13:47:58.098989,[]
2026-06-01,13:47:58.132322,[]
2026-06-01,13:47:58.165655,[]
2026-06-01,13:47:58.198988,[]
2026-06-01,13:47:58.232321,[]
2026-06-01,13:47:58.265654,[]
2026-06-01,13:47:58.298987,[]
2026-06-01,13:47:58.332320,[]
2026-06-01,13:47:58.365653,[]
2026-06-01,13:47:58.398986,[]
2026-06-01,13:47:58.432319,[]
2026-06-01,13:47:58.465652,[]
2026-06-01,13:47:58.498985,[]
2026-06-01,13:47:58.532318,[]
2026-06-01,13:47:58.565651,[]
2026-06-01,13:47:58.598984,[]
2026-06-01,13:47:58.632317,[]
2026-06-01,13:47:58.665650,[]
2026-06-01,13:47:58.698983,[]
2026-06-01,13:47:58.732316,[]
2026-06-01,13:47:58.765649,[]
2026-06-01,13:47:58.798982,[]
2026-06-01,13:47:58.832315,[]
2026-06-01,13:47:58.865648,[]
2026-06-01,13:47:58.898981,[]
2026-06-01,13:47:58.932314,[]
2026-06-01,13:47:58.965647,[]
2026-06-01,13:47:58.998980,[]
2026-06-01,13:47:59.032313,[]
2026-06-01,13:47:59.065646,[]
2026-06-01,13:47:59.098979,[]
2026-06-01,13:47:59.132312,[]
2026-06-01,13:47:59.165645,[]
2026-06-01,13:47:59.198978,[]
2026-06-01,13:47:59.232311,[]
2026-06-01,13:47:59.265644,[]
2026-06-01,13:47:59.298977,[]
2026-06-01,13:47:59.332310,[]
2026-06-01,13:47:59.365643,[]
2026-06-01,13:47:59.398976,[]
2026-06-01,13:47:59.432309,[]
2026-06-01,13:47:59.465642,[]
2026-06-01,13:47:59.498975,[]
2026-06-01,13:47:59.532308,[]
2026-06-01,13:47:59.565641,[]
2026-06-01,13:47:59.598974,[]
2026-06-01,13:47:59.632307,[]
2026-06-01,13:47:59.665640,[]
2026-06-01,13:47:59.698973,[]
2026-06-01,13:47:59.732306,[]
2026-06-01,13:47:59.765639,[]
2026-06-01,13:47:59.798972,[]
2026-06-01,13:47:59.832305,[]
2026-06-01,13:47:59.865638,[]
2026-06-01,13:47:59.898971,[]
2026-06-01,13:47:59.932304,[]
2026-06-01,13:47:59.965637,[]
2026-06-01,13:47:59.998970,[]
2026-06-01,13:48:00.032303,[]
2026-06-01,13:48:00.065636,[]
2026-06-01,13:48:00.098969,[]
2026-06-01,13:48:00.132302,[]
2026-06-01,13:48:00.165635,[]
2026-06-01,13:48:00.198968,[]
2026-06-01,13:48:00.232301,[]
2026-06-01,13:48:00.265634,[]
2026-06-01,13:48:00.298967,[]
2026-06-01,13:48:00.332300,[]
2026-06-01,13:48:00.365633,[]
2026-06-01,13:48:00.398966,[]
2026-06-01,13:48:00.432299,[]
2026-06-01,13:48:00.465632,[]
2026-06-01,13:48:00.498965,[]
2026-06-01,13:48:00.532298,[]
2026-06-01,13:48:00.565631,[]
2026-06-01,13:48:00.598964,[]
2026-06-01,13:48:00.632297,[]
2026-06-01,13:48:00.665630,[]
2026-06-01,13:48:00.698963,[]
2026-06-01,13:48:00.732296,[]
2026-06-01,13:48:00.765629,[]
2026-06-01,13:48:00.798962,[]
2026-06-01,13:48:00.832295,[]
2026-06-01,13:48:00.865628,[]
2026-06-01,13:48:00.898961,[]
2026-06-01,13:48:00.932294,[]
2026-06-01,13:48:00.965627,[]
2026-06-01,13:48:00.998960,[]
2026-06-01,13:48:01.032293,[]
2026-06-01,13:48:01.065626,[]
2026-06-01,13:48:01.098959,[]
2026-06-01,13:48:01.132292,[]
2026-06-01,13:48:01.165625,[]
2026-06-01,13:48:01.198958,[]
2026-06-01,13:48:01.232291,[]
2026-06-01,13:48:01.265624,[]
2026-06-01,13:48:01.298957,[]
2026-06-01,13:48:01.332290,[]
2026-06-01,13:48:01.365623,[]
2026-06-01,13:48:01.398956,[]
2026-06-01,13:48:01.432289,[]
2026-06-01,13:48:01.465622,[]
2026-06-01,13:48:01.498955,[]
2026-06-01,13:48:01.532288,[]
2026-06-01,13:48:01.565621,[]
2026-06-01,13:48:01.598954,[]
2026-06-01,13:48:01.632287,[]
2026-06-01,13:48:01.665620,[]
2026-06-01,13:48:01.698953,[]
2026-06-01,13:48:01.732286,[]
2026-06-01,13:48:01.765619,[]
2026-06-01,13:48:01.798952,[]
2026-06-01,13:48:01.832285,[]
2026-06-01,13:48:01.865618,[]
2026-06-01,13:48:01.898951,[]
2026-06-01,13:48:01.932284,[]
2026-06-01,13:48:01.965617,[]
2026-06-01,13:48:01.998950,[]
2026-06-01,13:48:02.032283,[]
2026-06-01,13:48:02.065616,[]
2026-06-01,13:48:02.098949,[]
2026-06-01,13:48:02.132282,[]
2026-06-01,13:48:02.165615,[]
2026-06-01,13:48:02.198948,[]
2026-06-01,13:48:02.232281,[]
2026-06-01,13:48:02.265614,[]
2026-06-01,13:48:02.298947,[]
2026-06-01,13:48:02.332280,[]
2026-06-01,13:48:02.365613,[]
2026-06-01,13:48:02.398946,[]
2026-06-01,13:48:02.432279,[]
2026-06-01,13:48:02.465612,[]
2026-06-01,13:48:02.498945,[]
2026-06-01,13:48:02.532278,[]
2026-06-01,13:48:02.565611,[]
2026-06-01,13:48:02.598944,[]
2026-06-01,13:48:02.632277,[]
2026-06-01,13:48:02.665610,[]
2026-06-01,13:48:02.698943,[]
2026-06-01,13:48:02.732276,[]
2026-06-01,13:48:02.765609,[]
2026-06-01,13:48:02.798942,[]
2026-06-01,13:48:02.832275,[]
2026-06-01,13:48:02.865608,[]
2026-06-01,13:48:02.898941,[]
2026-06-01,13:48:02.932274,[]
2026-06-01,13:48:02.965607,[]
2026-06-01,13:48:02.998940,[]
2026-06-01,13:48:03.032273,[]
2026-06-01,13:48:03.065606,[]
2026-06-01,13:48:03.098939,[]
2026-06-01,13:48:03.132272,[]
2026-06-01,13:48:03.165605,[]
2026-06-01,13:48:03.198938,[]
2026-06-01,13:48:03.232271,[]
2026-06-01,13:48:03.265604,[]
2026-06-01,13:48:03.298937,[]
2026-06-01,13:48:03.332270,[]
2026-06-01,13:48:03.365603,[]
2026-06-01,13:48:03.398936,[]
2026-06-01,13:48:03.432269,[]
2026-06-01,13:48:03.465602,[]
2026-06-01,13:48:03.498935,[]
2026-06-01,13:48:03.532268,[]
2026-06-01,13:48:03.565601,[]
2026-06-01,13:48:03.598934,[]
2026-06-01,13:48:03.632267,[]
2026-06-01,13:48:03.665600,[]
2026-06-01,13:48:03.698933,[]
2026-06-01,13:48:03.732266,[]
2026-06-01,13:48:03.765599,[]
2026-06-01,13:48:03.798932,[]
2026-06-01,13:48:03.832265,[]
2026-06-01,13:48:03.865598,[]
2026-06-01,13:48:03.898931,[]
2026-06-01,13:48:03.932264,[]
2026-06-01,13:48:03.965597,[]
2026-06-01,13:48:03.998930,[]
2026-06-01,13:48:04.032263,[]
2026-06-01,13:48:04.065596,[]
2026-06-01,13:48:04.098929,[]
2026-06-01,13:48:04.132262,[]
2026-06-01,13:48:04.165595,[]
2026-06-01,13:48:04.198928,[]
2026-06-01,13:48:04.232261,[]
2026-06-01,13:48:04.265594,[]
2026-06-01,13:48:04.298927,[]
2026-06-01,13:48:04.332260,[]
2026-06-01,13:48:04.365593,[]
2026-06-01,13:48:04.398926,[]
2026-06-01,13:48:04.432259,[]
2026-06-01,13:48:04.465592,[]
2026-06-01,13:48:04.498925,[]
2026-06-01,13:48:04.532258,[]
2026-06-01,13:48:04.565591,[]
2026-06-01,13:48:04.598924,[]
2026-06-01,13:48:04.632257,[]
2026-06-01,13:48:04.665590,['DS79701']
2026-06-01,13:48:04.698923,['DS79701']
2026-06-01,13:48:04.732256,[]
2026-06-01,13:48:04.765589,['DS79701']
2026-06-01,13:48:04.798922,[]
2026-06-01,13:48:04.832255,[]
2026-06-01,13:48:04.865588,[]
2026-06-01,13:48:04.898921,[]
2026-06-01,13:48:04.932254,[]
2026-06-01,13:48:04.965587,[]
2026-06-01,13:48:04.998920,[]
2026-06-01,13:48:05.032253,[]
2026-06-01,13:48:05.065586,[]
2026-06-01,13:48:05.098919,[]
2026-06-01,13:48:05.132252,[]
2026-06-01,13:48:05.165585,[]
2026-06-01,13:48:05.198918,[]
2026-06-01,13:48:05.232251,[]
2026-06-01,13:48:05.265584,[]
2026-06-01,13:48:05.298917,[]
2026-06-01,13:48:05.332250,[]
2026-06-01,13:48:05.365583,[]
2026-06-01,13:48:05.398916,[]
2026-06-01,13:48:05.432249,[]
2026-06-01,13:48:05.465582,[]
2026-06-01,13:48:05.498915,[]
2026-06-01,13:48:05.532248,[]
2026-06-01,13:48:05.565581,[]
2026-06-01,13:48:05.598914,[]
2026-06-01,13:48:05.632247,[]
2026-06-01,13:48:05.665580,[]
2026-06-01,13:48:05.698913,[]
2026-06-01,13:48:05.732246,[]
2026-06-01,13:48:05.765579,[]
2026-06-01,13:48:05.798912,[]
2026-06-01,13:48:05.832245,[]
2026-06-01,13:48:05.865578,[]
2026-06-01,13:48:05.898911,[]
2026-06-01,13:48:05.932244,[]
2026-06-01,13:48:05.965577,[]
2026-06-01,13:48:05.998910,[]
2026-06-01,13:48:06.032243,[]
2026-06-01,13:48:06.065576,[]
2026-06-01,13:48:06.098909,[]
2026-06-01,13:48:06.132242,[]
2026-06-01,13:48:06.165575,[]
2026-06-01,13:48:06.198908,[]
2026-06-01,13:48:06.232241,[]
2026-06-01,13:48:06.265574,[]
2026-06-01,13:48:06.298907,[]
2026-06-01,13:48:06.332240,[]
2026-06-01,13:48:06.365573,[]
2026-06-01,13:48:06.398906,[]
2026-06-01,13:48:06.432239,[]
2026-06-01,13:48:06.465572,[]
2026-06-01,13:48:06.498905,[]
2026-06-01,13:48:06.532238,[]
2026-06-01,13:48:06.565571,[]
2026-06-01,13:48:06.598904,[]
2026-06-01,13:48:06.632237,[]
2026-06-01,13:48:06.665570,[]
2026-06-01,13:48:06.698903,[]
2026-06-01,13:48:06.732236,[]
2026-06-01,13:48:06.765569,[]
2026-06-01,13:48:06.798902,[]
2026-06-01,13:48:06.832235,['DS11002']
2026-06-01,13:48:06.865568,['DS11002']
2026-06-01,13:48:06.898901,['DS11002']
2026-06-01,13:48:06.932234,['DS11002']
2026-06-01,13:48:06.965567,[]
2026-06-01,13:48:06.998900,[]
2026-06-01,13:48:07.032233,[]
2026-06-01,13:48:07.065566,[]
2026-06-01,13:48:07.098899,[]
2026-06-01,13:48:07.132232,[]
2026-06-01,13:48:07.165565,[]
2026-06-01,13:48:07.198898,[]
2026-06-01,13:48:07.232231,[]
2026-06-01,13:48:07.265564,[]
2026-06-01,13:48:07.298897,[]
2026-06-01,13:48:07.332230,[]
2026-06-01,13:48:07.365563,[]
2026-06-01,13:48:07.398896,[]
2026-06-01,13:48:07.432229,[]
2026-06-01,13:48:07.465562,[]
2026-06-01,13:48:07.498895,[]
2026-06-01,13:48:07.532228,[]
2026-06-01,13:48:07.565561,[]
2026-06-01,13:48:07.598894,[]
2026-06-01,13:48:07.632227,[]
2026-06-01,13:48:07.665560,[]
2026-06-01,13:48:07.698893,[]
2026-06-01,13:48:07.732226,[]
2026-06-01,13:48:07.765559,[]
2026-06-01,13:48:07.798892,[]
2026-06-01,13:48:07.832225,[]
2026-06-01,13:48:07.865558,[]
2026-06-01,13:48:07.898891,[]
2026-06-01,13:48:07.932224,[]
2026-06-01,13:48:07.965557,[]
2026-06-01,13:48:07.998890,[]
2026-06-01,13:48:08.032223,[]
2026-06-01,13:48:08.065556,[]
2026-06-01,13:48:08.098889,[]
2026-06-01,13:48:08.132222,[]
2026-06-01,13:48:08.165555,[]
2026-06-01,13:48:08.198888,[]
2026-06-01,13:48:08.232221,[]
2026-06-01,13:48:08.265554,[]
2026-06-01,13:48:08.298887,[]
2026-06-01,13:48:08.332220,[]
2026-06-01,13:48:08.365553,[]
2026-06-01,13:48:08.398886,[]
2026-06-01,13:48:08.432219,[]
2026-06-01,13:48:08.465552,[]
2026-06-01,13:48:08.498885,[]
2026-06-01,13:48:08.532218,[]
2026-06-01,13:48:08.565551,[]
2026-06-01,13:48:08.598884,[]
2026-06-01,13:48:08.632217,[]
2026-06-01,13:48:08.665550,[]
2026-06-01,13:48:08.698883,[]
2026-06-01,13:48:08.732216,[]
2026-06-01,13:48:08.765549,['BN99506']
2026-06-01,13:48:08.798882,['BN99506']
2026-06-01,13:48:08.832215,['BN99506']
2026-06-01,13:48:08.865548,[]
2026-06-01,13:48:08.898881,[]
2026-06-01,13:48:08.932214,[]
2026-06-01,13:48:08.965547,[]
2026-06-01,13:48:08.998880,[]
2026-06-01,13:48:09.032213,[]
2026-06-01,13:48:09.065546,[]
2026-06-01,13:48:09.098879,[]
2026-06-01,13:48:09.132212,[]
2026-06-01,13:48:09.165545,[]
2026-06-01,13:48:09.198878,[]
2026-06-01,13:48:09.232211,[]
2026-06-01,13:48:09.265544,[]
2026-06-01,13:48:09.298877,[]
2026-06-01,13:48:09.332210,[]
2026-06-01,13:48:09.365543,[]
2026-06-01,13:48:09.398876,[]
2026-06-01,13:48:09.432209,[]
2026-06-01,13:48:09.465542,[]
2026-06-01,13:48:09.498875,[]
2026-06-01,13:48:09.532208,[]
2026-06-01,13:48:09.565541,[]
2026-06-01,13:48:09.598874,[]
2026-06-01,13:48:09.632207,[]
2026-06-01,13:48:09.665540,[]
2026-06-01,13:48:09.698873,[]
2026-06-01,13:48:09.732206,[]
2026-06-01,13:48:09.765539,[]
2026-06-01,13:48:09.798872,[]
2026-06-01,13:48:09.832205,[]
2026-06-01,13:48:09.865538,[]
2026-06-01,13:48:09.898871,[]
2026-06-01,13:48:09.932204,[]
2026-06-01,13:48:09.965537,[]
2026-06-01,13:48:09.998870,[]
2026-06-01,13:48:10.032203,[]
2026-06-01,13:48:10.065536,[]
2026-06-01,13:48:10.098869,[]
2026-06-01,13:48:10.132202,[]
2026-06-01,13:48:10.165535,[]
2026-06-01,13:48:10.198868,[]
2026-06-01,13:48:10.232201,[]
2026-06-01,13:48:10.265534,[]
2026-06-01,13:48:10.298867,[]
2026-06-01,13:48:10.332200,[]
2026-06-01,13:48:10.365533,[]
2026-06-01,13:48:10.398866,[]
2026-06-01,13:48:10.432199,[]
2026-06-01,13:48:10.465532,[]
2026-06-01,13:48:10.498865,[]
2026-06-01,13:48:10.532198,[]
2026-06-01,13:48:10.565531,[]
2026-06-01,13:48:10.598864,[]
2026-06-01,13:48:10.632197,[]
2026-06-01,13:48:10.665530,[]
2026-06-01,13:48:10.698863,[]
2026-06-01,13:48:10.732196,[]
2026-06-01,13:48:10.765529,['EG67756']
2026-06-01,13:48:10.798862,['EG67756']
2026-06-01,13:48:10.832195,['EG67756']
2026-06-01,13:48:10.865528,['EG67756']
2026-06-01,13:48:10.898861,['EG67756']
2026-06-01,13:48:10.932194,[]
2026-06-01,13:48:10.965527,[]
2026-06-01,13:48:10.998860,[]
2026-06-01,13:48:11.032193,[]
2026-06-01,13:48:11.065526,[]
2026-06-01,13:48:11.098859,[]
2026-06-01,13:48:11.132192,[]
2026-06-01,13:48:11.165525,[]
2026-06-01,13:48:11.198858,[]
2026-06-01,13:48:11.232191,[]
2026-06-01,13:48:11.265524,[]
2026-06-01,13:48:11.298857,[]
2026-06-01,13:48:11.332190,[]
2026-06-01,13:48:11.365523,[]
2026-06-01,13:48:11.398856,[]
2026-06-01,13:48:11.432189,[]
2026-06-01,13:48:11.465522,[]
2026-06-01,13:48:11.498855,[]
2026-06-01,13:48:11.532188,[]
2026-06-01,13:48:11.565521,[]
2026-06-01,13:48:11.598854,[]
2026-06-01,13:48:11.632187,[]
2026-06-01,13:48:11.665520,[]
2026-06-01,13:48:11.698853,[]
2026-06-01,13:48:11.732186,[]
2026-06-01,13:48:11.765519,[]
2026-06-01,13:48:11.798852,[]
2026-06-01,13:48:11.832185,[]
2026-06-01,13:48:11.865518,[]
2026-06-01,13:48:11.898851,[]
2026-06-01,13:48:11.932184,[]
2026-06-01,13:48:11.965517,[]
2026-06-01,13:48:11.998850,[]
2026-06-01,13:48:12.032183,[]
2026-06-01,13:48:12.065516,[]
2026-06-01,13:48:12.098849,[]
2026-06-01,13:48:12.132182,[]
2026-06-01,13:48:12.165515,[]
2026-06-01,13:48:12.198848,[]
2026-06-01,13:48:12.232181,[]
2026-06-01,13:48:12.265514,[]
2026-06-01,13:48:12.298847,[]
2026-06-01,13:48:12.332180,[]
2026-06-01,13:48:12.365513,[]
2026-06-01,13:48:12.398846,[]
2026-06-01,13:48:12.432179,[]
2026-06-01,13:48:12.465512,[]
2026-06-01,13:48:12.498845,[]
2026-06-01,13:48:12.532178,[]
2026-06-01,13:48:12.565511,[]
2026-06-01,13:48:12.598844,[]
2026-06-01,13:48:12.632177,[]
2026-06-01,13:48:12.665510,[]
2026-06-01,13:48:12.698843,[]
2026-06-01,13:48:12.732176,[]
2026-06-01,13:48:12.765509,[]
2026-06-01,13:48:12.798842,[]
2026-06-01,13:48:12.832175,[]
2026-06-01,13:48:12.865508,[]
2026-06-01,13:48:12.898841,[]
2026-06-01,13:48:12.932174,[]
2026-06-01,13:48:12.965507,[]
2026-06-01,13:48:12.998840,[]
2026-06-01,13:48:13.032173,[]
2026-06-01,13:48:13.065506,[]
2026-06-01,13:48:13.098839,[]
2026-06-01,13:48:13.132172,[]
2026-06-01,13:48:13.165505,[]
2026-06-01,13:48:13.198838,[]
2026-06-01,13:48:13.232171,[]
2026-06-01,13:48:13.265504,[]
2026-06-01,13:48:13.298837,[]
2026-06-01,13:48:13.332170,[]
2026-06-01,13:48:13.365503,[]
2026-06-01,13:48:13.398836,[]
2026-06-01,13:48:13.432169,[]
2026-06-01,13:48:13.465502,[]
2026-06-01,13:48:13.498835,[]
2026-06-01,13:48:13.532168,[]
2026-06-01,13:48:13.565501,[]
2026-06-01,13:48:13.598834,[]
2026-06-01,13:48:13.632167,[]
2026-06-01,13:48:13.665500,[]
2026-06-01,13:48:13.698833,[]
2026-06-01,13:48:13.732166,[]
2026-06-01,13:48:13.765499,[]
2026-06-01,13:48:13.798832,[]
2026-06-01,13:48:13.832165,[]
2026-06-01,13:48:13.865498,[]
2026-06-01,13:48:13.898831,[]
2026-06-01,13:48:13.932164,[]
2026-06-01,13:48:13.965497,[]
2026-06-01,13:48:13.998830,[]
2026-06-01,13:48:14.032163,[]
2026-06-01,13:48:14.065496,[]
2026-06-01,13:48:14.098829,[]
2026-06-01,13:48:14.132162,[]
2026-06-01,13:48:14.165495,[]
2026-06-01,13:48:14.198828,[]
2026-06-01,13:48:14.232161,[]
2026-06-01,13:48:14.265494,[]
2026-06-01,13:48:14.298827,[]
2026-06-01,13:48:14.332160,[]
2026-06-01,13:48:14.365493,[]
2026-06-01,13:48:14.398826,[]
2026-06-01,13:48:14.432159,[]
2026-06-01,13:48:14.465492,[]
2026-06-01,13:48:14.498825,[]
2026-06-01,13:48:14.532158,[]
2026-06-01,13:48:14.565491,[]
2026-06-01,13:48:14.598824,[]
2026-06-01,13:48:14.632157,[]
2026-06-01,13:48:14.665490,[]
2026-06-01,13:48:14.698823,[]
2026-06-01,13:48:14.732156,[]
2026-06-01,13:48:14.765489,[]
2026-06-01,13:48:14.798822,[]
2026-06-01,13:48:14.832155,[]
2026-06-01,13:48:14.865488,[]
2026-06-01,13:48:14.898821,[]
2026-06-01,13:48:14.932154,[]
2026-06-01,13:48:14.965487,[]
2026-06-01,13:48:14.998820,[]
2026-06-01,13:48:15.032153,[]
2026-06-01,13:48:15.065486,[]
2026-06-01,13:48:15.098819,[]
2026-06-01,13:48:15.132152,[]
2026-06-01,13:48:15.165485,[]
2026-06-01,13:48:15.198818,[]
2026-06-01,13:48:15.232151,[]
2026-06-01,13:48:15.265484,[]
2026-06-01,13:48:15.298817,[]
2026-06-01,13:48:15.332150,[]
2026-06-01,13:48:15.365483,[]
2026-06-01,13:48:15.398816,[]
2026-06-01,13:48:15.432149,[]
2026-06-01,13:48:15.465482,[]
2026-06-01,13:48:15.498815,['DS41437']
2026-06-01,13:48:15.532148,['DS41437']
2026-06-01,13:48:15.565481,['DS41437']
2026-06-01,13:48:15.598814,['DS41437']
2026-06-01,13:48:15.632147,['DS41437']
2026-06-01,13:48:15.665480,[]
2026-06-01,13:48:15.698813,[]
2026-06-01,13:48:15.732146,[]
2026-06-01,13:48:15.765479,[]
2026-06-01,13:48:15.798812,[]
2026-06-01,13:48:15.832145,[]
2026-06-01,13:48:15.865478,[]
2026-06-01,13:48:15.898811,[]
2026-06-01,13:48:15.932144,[]
2026-06-01,13:48:15.965477,[]
2026-06-01,13:48:15.998810,[]
2026-06-01,13:48:16.032143,[]
2026-06-01,13:48:16.065476,[]
2026-06-01,13:48:16.098809,[]
2026-06-01,13:48:16.132142,[]
2026-06-01,13:48:16.165475,[]
2026-06-01,13:48:16.198808,[]
2026-06-01,13:48:16.232141,[]
2026-06-01,13:48:16.265474,[]
2026-06-01,13:48:16.298807,[]
2026-06-01,13:48:16.332140,[]
2026-06-01,13:48:16.365473,[]
2026-06-01,13:48:16.398806,[]
2026-06-01,13:48:16.432139,[]
2026-06-01,13:48:16.465472,[]
2026-06-01,13:48:16.498805,[]
2026-06-01,13:48:16.532138,[]
2026-06-01,13:48:16.565471,[]
2026-06-01,13:48:16.598804,[]
2026-06-01,13:48:16.632137,[]
2026-06-01,13:48:16.665470,[]
2026-06-01,13:48:16.698803,[]
2026-06-01,13:48:16.732136,[]
2026-06-01,13:48:16.765469,[]
2026-06-01,13:48:16.798802,[]
2026-06-01,13:48:16.832135,[]
2026-06-01,13:48:16.865468,[]
2026-06-01,13:48:16.898801,[]
2026-06-01,13:48:16.932134,[]
2026-06-01,13:48:16.965467,[]
2026-06-01,13:48:16.998800,[]
2026-06-01,13:48:17.032133,[]
2026-06-01,13:48:17.065466,[]
2026-06-01,13:48:17.098799,[]
2026-06-01,13:48:17.132132,[]
2026-06-01,13:48:17.165465,[]
2026-06-01,13:48:17.198798,[]
2026-06-01,13:48:17.232131,[]
2026-06-01,13:48:17.265464,[]
2026-06-01,13:48:17.298797,[]
2026-06-01,13:48:17.332130,[]
2026-06-01,13:48:17.365463,[]
2026-06-01,13:48:17.398796,[]
2026-06-01,13:48:17.432129,[]
2026-06-01,13:48:17.465462,[]
2026-06-01,13:48:17.498795,[]
2026-06-01,13:48:17.532128,[]
2026-06-01,13:48:17.565461,[]
2026-06-01,13:48:17.598794,[]
2026-06-01,13:48:17.632127,[]
2026-06-01,13:48:17.665460,[]
2026-06-01,13:48:17.698793,[]
2026-06-01,13:48:17.732126,[]
2026-06-01,13:48:17.765459,[]
2026-06-01,13:48:17.798792,[]
2026-06-01,13:48:17.832125,[]
2026-06-01,13:48:17.865458,[]
2026-06-01,13:48:17.898791,[]
2026-06-01,13:48:17.932124,[]
2026-06-01,13:48:17.965457,[]
2026-06-01,13:48:17.998790,[]
2026-06-01,13:48:18.032123,[]
2026-06-01,13:48:18.065456,[]
2026-06-01,13:48:18.098789,[]
2026-06-01,13:48:18.132122,[]
2026-06-01,13:48:18.165455,[]
2026-06-01,13:48:18.198788,[]
2026-06-01,13:48:18.232121,[]
2026-06-01,13:48:18.265454,[]
2026-06-01,13:48:18.298787,[]
2026-06-01,13:48:18.332120,[]
2026-06-01,13:48:18.365453,[]
2026-06-01,13:48:18.398786,[]
2026-06-01,13:48:18.432119,[]
2026-06-01,13:48:18.465452,[]
2026-06-01,13:48:18.498785,[]
2026-06-01,13:48:18.532118,[]
2026-06-01,13:48:18.565451,[]
2026-06-01,13:48:18.598784,[]
2026-06-01,13:48:18.632117,[]
2026-06-01,13:48:18.665450,[]
2026-06-01,13:48:18.698783,[]
2026-06-01,13:48:18.732116,[]
2026-06-01,13:48:18.765449,[]
2026-06-01,13:48:18.798782,[]
2026-06-01,13:48:18.832115,[]
2026-06-01,13:48:18.865448,[]
2026-06-01,13:48:18.898781,[]
2026-06-01,13:48:18.932114,[]
2026-06-01,13:48:18.965447,[]
2026-06-01,13:48:18.998780,[]
2026-06-01,13:48:19.032113,[]
2026-06-01,13:48:19.065446,[]
2026-06-01,13:48:19.098779,[]
2026-06-01,13:48:19.132112,[]
2026-06-01,13:48:19.165445,[]
2026-06-01,13:48:19.198778,[]
2026-06-01,13:48:19.232111,[]
2026-06-01,13:48:19.265444,[]
2026-06-01,13:48:19.298777,[]
2026-06-01,13:48:19.332110,[]
2026-06-01,13:48:19.365443,[]
2026-06-01,13:48:19.398776,[]
2026-06-01,13:48:19.432109,[]
2026-06-01,13:48:19.465442,[]
2026-06-01,13:48:19.498775,[]
2026-06-01,13:48:19.532108,[]
2026-06-01,13:48:19.565441,[]
2026-06-01,13:48:19.598774,[]
2026-06-01,13:48:19.632107,[]
2026-06-01,13:48:19.665440,[]
2026-06-01,13:48:19.698773,[]
2026-06-01,13:48:19.732106,[]
2026-06-01,13:48:19.765439,[]
2026-06-01,13:48:19.798772,[]
2026-06-01,13:48:19.832105,[]
2026-06-01,13:48:19.865438,[]
2026-06-01,13:48:19.898771,[]
2026-06-01,13:48:19.932104,[]
2026-06-01,13:48:19.965437,[]
2026-06-01,13:48:19.998770,[]
2026-06-01,13:48:20.032103,[]
2026-06-01,13:48:20.065436,[]
2026-06-01,13:48:20.098769,[]
2026-06-01,13:48:20.132102,[]
2026-06-01,13:48:20.165435,[]
2026-06-01,13:48:20.198768,[]
2026-06-01,13:48:20.232101,[]
2026-06-01,13:48:20.265434,[]
2026-06-01,13:48:20.298767,[]
2026-06-01,13:48:20.332100,['BK98076']
2026-06-01,13:48:20.365433,[]
2026-06-01,13:48:20.398766,['BK98076']
2026-06-01,13:48:20.432099,['BK98076']
2026-06-01,13:48:20.465432,[]
2026-06-01,13:48:20.498765,[]
2026-06-01,13:48:20.532098,[]
2026-06-01,13:48:20.565431,[]
2026-06-01,13:48:20.598764,[]
2026-06-01,13:48:20.632097,[]
2026-06-01,13:48:20.665430,[]
2026-06-01,13:48:20.698763,[]
2026-06-01,13:48:20.732096,[]
2026-06-01,13:48:20.765429,[]
2026-06-01,13:48:20.798762,[]
2026-06-01,13:48:20.832095,[]
2026-06-01,13:48:20.865428,[]
2026-06-01,13:48:20.898761,[]
2026-06-01,13:48:20.932094,[]
2026-06-01,13:48:20.965427,[]
2026-06-01,13:48:20.998760,[]
2026-06-01,13:48:21.032093,[]
2026-06-01,13:48:21.065426,[]
2026-06-01,13:48:21.098759,[]
2026-06-01,13:48:21.132092,[]
2026-06-01,13:48:21.165425,[]
2026-06-01,13:48:21.198758,[]
2026-06-01,13:48:21.232091,[]
2026-06-01,13:48:21.265424,[]
2026-06-01,13:48:21.298757,[]
2026-06-01,13:48:21.332090,[]
2026-06-01,13:48:21.365423,[]
2026-06-01,13:48:21.398756,[]
2026-06-01,13:48:21.432089,[]
2026-06-01,13:48:21.465422,[]
2026-06-01,13:48:21.498755,[]
2026-06-01,13:48:21.532088,[]
2026-06-01,13:48:21.565421,[]
2026-06-01,13:48:21.598754,[]
2026-06-01,13:48:21.632087,[]
2026-06-01,13:48:21.665420,[]
2026-06-01,13:48:21.698753,[]
2026-06-01,13:48:21.732086,[]
2026-06-01,13:48:21.765419,[]
2026-06-01,13:48:21.798752,[]
2026-06-01,13:48:21.832085,[]
2026-06-01,13:48:21.865418,[]
2026-06-01,13:48:21.898751,[]
2026-06-01,13:48:21.932084,[]
2026-06-01,13:48:21.965417,[]
2026-06-01,13:48:21.998750,[]
2026-06-01,13:48:22.032083,[]
2026-06-01,13:48:22.065416,[]
2026-06-01,13:48:22.098749,[]
2026-06-01,13:48:22.132082,[]
2026-06-01,13:48:22.165415,[]
2026-06-01,13:48:22.198748,[]
2026-06-01,13:48:22.232081,[]
2026-06-01,13:48:22.265414,[]
2026-06-01,13:48:22.298747,[]
2026-06-01,13:48:22.332080,[]
2026-06-01,13:48:22.365413,[]
2026-06-01,13:48:22.398746,[]
2026-06-01,13:48:22.432079,[]
2026-06-01,13:48:22.465412,[]
2026-06-01,13:48:22.498745,[]
2026-06-01,13:48:22.532078,[]
2026-06-01,13:48:22.565411,[]
2026-06-01,13:48:22.598744,[]
2026-06-01,13:48:22.632077,[]
2026-06-01,13:48:22.665410,[]
2026-06-01,13:48:22.698743,[]
2026-06-01,13:48:22.732076,[]
2026-06-01,13:48:22.765409,[]
2026-06-01,13:48:22.798742,[]
2026-06-01,13:48:22.832075,[]
2026-06-01,13:48:22.865408,[]
2026-06-01,13:48:22.898741,[]
2026-06-01,13:48:22.932074,[]
2026-06-01,13:48:22.965407,[]
2026-06-01,13:48:22.998740,[]
2026-06-01,13:48:23.032073,[]
2026-06-01,13:48:23.065406,[]
2026-06-01,13:48:23.098739,[]
2026-06-01,13:48:23.132072,[]
2026-06-01,13:48:23.165405,[]
2026-06-01,13:48:23.198738,[]
2026-06-01,13:48:23.232071,[]
2026-06-01,13:48:23.265404,[]
2026-06-01,13:48:23.298737,[]
2026-06-01,13:48:23.332070,[]
2026-06-01,13:48:23.365403,[]
2026-06-01,13:48:23.398736,[]
2026-06-01,13:48:23.432069,[]
2026-06-01,13:48:23.465402,[]
2026-06-01,13:48:23.498735,[]
2026-06-01,13:48:23.532068,[]
2026-06-01,13:48:23.565401,[]
2026-06-01,13:48:23.598734,[]
2026-06-01,13:48:23.632067,[]
2026-06-01,13:48:23.665400,[]
2026-06-01,13:48:23.698733,[]
2026-06-01,13:48:23.732066,[]
2026-06-01,13:48:23.765399,[]
2026-06-01,13:48:23.798732,[]
2026-06-01,13:48:23.832065,[]
2026-06-01,13:48:23.865398,[]
2026-06-01,13:48:23.898731,[]
2026-06-01,13:48:23.932064,[]
2026-06-01,13:48:23.965397,[]
2026-06-01,13:48:23.998730,[]
2026-06-01,13:48:24.032063,[]
2026-06-01,13:48:24.065396,[]
2026-06-01,13:48:24.098729,[]
2026-06-01,13:48:24.132062,[]
2026-06-01,13:48:24.165395,[]
2026-06-01,13:48:24.198728,[]
2026-06-01,13:48:24.232061,[]
2026-06-01,13:48:24.265394,[]
2026-06-01,13:48:24.298727,[]
2026-06-01,13:48:24.332060,[]
2026-06-01,13:48:24.365393,[]
2026-06-01,13:48:24.398726,[]
2026-06-01,13:48:24.432059,[]
2026-06-01,13:48:24.465392,[]
2026-06-01,13:48:24.498725,[]
2026-06-01,13:48:24.532058,[]
2026-06-01,13:48:24.565391,[]
2026-06-01,13:48:24.598724,['EJ51120']
2026-06-01,13:48:24.632057,['EJ51120']
2026-06-01,13:48:24.665390,['EJ51120']
2026-06-01,13:48:24.698723,['EJ51120']
2026-06-01,13:48:24.732056,['EJ51120']
2026-06-01,13:48:24.765389,[]
2026-06-01,13:48:24.798722,[]
2026-06-01,13:48:24.832055,[]
2026-06-01,13:48:24.865388,[]
2026-06-01,13:48:24.898721,[]
2026-06-01,13:48:24.932054,[]
2026-06-01,13:48:24.965387,[]
2026-06-01,13:48:24.998720,[]
2026-06-01,13:48:25.032053,[]
2026-06-01,13:48:25.065386,[]
2026-06-01,13:48:25.098719,[]
2026-06-01,13:48:25.132052,[]
2026-06-01,13:48:25.165385,[]
2026-06-01,13:48:25.198718,[]
2026-06-01,13:48:25.232051,[]
2026-06-01,13:48:25.265384,[]
2026-06-01,13:48:25.298717,[]
2026-06-01,13:48:25.332050,[]
2026-06-01,13:48:25.365383,[]
2026-06-01,13:48:25.398716,[]
2026-06-01,13:48:25.432049,[]
2026-06-01,13:48:25.465382,[]
2026-06-01,13:48:25.498715,[]
2026-06-01,13:48:25.532048,[]
2026-06-01,13:48:25.565381,[]
2026-06-01,13:48:25.598714,[]
2026-06-01,13:48:25.632047,[]
2026-06-01,13:48:25.665380,[]
2026-06-01,13:48:25.698713,[]
2026-06-01,13:48:25.732046,[]
2026-06-01,13:48:25.765379,[]
2026-06-01,13:48:25.798712,[]
2026-06-01,13:48:25.832045,[]
2026-06-01,13:48:25.865378,[]
2026-06-01,13:48:25.898711,[]
2026-06-01,13:48:25.932044,[]
2026-06-01,13:48:25.965377,[]
2026-06-01,13:48:25.998710,[]
2026-06-01,13:48:26.032043,[]
2026-06-01,13:48:26.065376,[]
2026-06-01,13:48:26.098709,[]
2026-06-01,13:48:26.132042,[]
2026-06-01,13:48:26.165375,[]
2026-06-01,13:48:26.198708,[]
2026-06-01,13:48:26.232041,[]
2026-06-01,13:48:26.265374,[]
2026-06-01,13:48:26.298707,[]
2026-06-01,13:48:26.332040,[]
2026-06-01,13:48:26.365373,[]
2026-06-01,13:48:26.398706,[]
2026-06-01,13:48:26.432039,[]
2026-06-01,13:48:26.465372,[]
2026-06-01,13:48:26.498705,[]
2026-06-01,13:48:26.532038,[]
2026-06-01,13:48:26.565371,[]
2026-06-01,13:48:26.598704,[]
2026-06-01,13:48:26.632037,[]
2026-06-01,13:48:26.665370,[]
2026-06-01,13:48:26.698703,[]
2026-06-01,13:48:26.732036,[]
2026-06-01,13:48:26.765369,[]
2026-06-01,13:48:26.798702,[]
2026-06-01,13:48:26.832035,[]
2026-06-01,13:48:26.865368,[]
2026-06-01,13:48:26.898701,[]
2026-06-01,13:48:26.932034,[]
2026-06-01,13:48:26.965367,[]
2026-06-01,13:48:26.998700,[]
2026-06-01,13:48:27.032033,[]
2026-06-01,13:48:27.065366,[]
2026-06-01,13:48:27.098699,[]
2026-06-01,13:48:27.132032,[]
2026-06-01,13:48:27.165365,[]
2026-06-01,13:48:27.198698,[]
2026-06-01,13:48:27.232031,[]
2026-06-01,13:48:27.265364,[]
2026-06-01,13:48:27.298697,[]
2026-06-01,13:48:27.332030,[]
2026-06-01,13:48:27.365363,[]
2026-06-01,13:48:27.398696,[]
2026-06-01,13:48:27.432029,[]
2026-06-01,13:48:27.465362,[]
2026-06-01,13:48:27.498695,[]
2026-06-01,13:48:27.532028,[]
2026-06-01,13:48:27.565361,[]
2026-06-01,13:48:27.598694,[]
2026-06-01,13:48:27.632027,[]
2026-06-01,13:48:27.665360,[]
2026-06-01,13:48:27.698693,[]
2026-06-01,13:48:27.732026,[]
2026-06-01,13:48:27.765359,[]
2026-06-01,13:48:27.798692,[]
2026-06-01,13:48:27.832025,[]
2026-06-01,13:48:27.865358,[]
2026-06-01,13:48:27.898691,[]
2026-06-01,13:48:27.932024,[]
2026-06-01,13:48:27.965357,[]
2026-06-01,13:48:27.998690,[]
2026-06-01,13:48:28.032023,[]
2026-06-01,13:48:28.065356,[]
2026-06-01,13:48:28.098689,[]
2026-06-01,13:48:28.132022,[]
2026-06-01,13:48:28.165355,[]
2026-06-01,13:48:28.198688,[]
2026-06-01,13:48:28.232021,[]
2026-06-01,13:48:28.265354,[]
2026-06-01,13:48:28.298687,[]
2026-06-01,13:48:28.332020,[]
2026-06-01,13:48:28.365353,[]
2026-06-01,13:48:28.398686,[]
2026-06-01,13:48:28.432019,[]
2026-06-01,13:48:28.465352,[]
2026-06-01,13:48:28.498685,[]
2026-06-01,13:48:28.532018,[]
2026-06-01,13:48:28.565351,[]
2026-06-01,13:48:28.598684,[]
2026-06-01,13:48:28.632017,[]
2026-06-01,13:48:28.665350,[]
2026-06-01,13:48:28.698683,[]
2026-06-01,13:48:28.732016,[]
2026-06-01,13:48:28.765349,[]
2026-06-01,13:48:28.798682,[]
2026-06-01,13:48:28.832015,[]
2026-06-01,13:48:28.865348,[]
2026-06-01,13:48:28.898681,[]
2026-06-01,13:48:28.932014,[]
2026-06-01,13:48:28.965347,[]
2026-06-01,13:48:28.998680,[]
2026-06-01,13:48:29.032013,[]
2026-06-01,13:48:29.065346,[]
2026-06-01,13:48:29.098679,[]
2026-06-01,13:48:29.132012,[]
2026-06-01,13:48:29.165345,[]
2026-06-01,13:48:29.198678,[]
2026-06-01,13:48:29.232011,[]
2026-06-01,13:48:29.265344,[]
2026-06-01,13:48:29.298677,[]
2026-06-01,13:48:29.332010,[]
2026-06-01,13:48:29.365343,[]
2026-06-01,13:48:29.398676,[]
2026-06-01,13:48:29.432009,[]
2026-06-01,13:48:29.465342,[]
2026-06-01,13:48:29.498675,[]
2026-06-01,13:48:29.532008,[]
2026-06-01,13:48:29.565341,[]
2026-06-01,13:48:29.598674,[]
2026-06-01,13:48:29.632007,[]
2026-06-01,13:48:29.665340,[]
2026-06-01,13:48:29.698673,[]
2026-06-01,13:48:29.732006,[]
2026-06-01,13:48:29.765339,[]
2026-06-01,13:48:29.798672,[]
2026-06-01,13:48:29.832005,[]
2026-06-01,13:48:29.865338,[]
2026-06-01,13:48:29.898671,[]
2026-06-01,13:48:29.932004,[]
2026-06-01,13:48:29.965337,[]
2026-06-01,13:48:29.998670,[]
2026-06-01,13:48:30.032003,[]
2026-06-01,13:48:30.065336,[]
2026-06-01,13:48:30.098669,[]
2026-06-01,13:48:30.132002,[]
2026-06-01,13:48:30.165335,[]
2026-06-01,13:48:30.198668,[]
2026-06-01,13:48:30.232001,[]
2026-06-01,13:48:30.265334,[]
2026-06-01,13:48:30.298667,[]
2026-06-01,13:48:30.332000,[]
2026-06-01,13:48:30.365333,[]
2026-06-01,13:48:30.398666,[]
2026-06-01,13:48:30.431999,[]
2026-06-01,13:48:30.465332,[]
2026-06-01,13:48:30.498665,[]
2026-06-01,13:48:30.531998,[]
2026-06-01,13:48:30.565331,[]
2026-06-01,13:48:30.598664,[]
2026-06-01,13:48:30.631997,[]
2026-06-01,13:48:30.665330,[]
2026-06-01,13:48:30.698663,[]
2026-06-01,13:48:30.731996,[]
2026-06-01,13:48:30.765329,[]
2026-06-01,13:48:30.798662,[]
2026-06-01,13:48:30.831995,[]
2026-06-01,13:48:30.865328,[]
2026-06-01,13:48:30.898661,[]
2026-06-01,13:48:30.931994,[]
2026-06-01,13:48:30.965327,[]
2026-06-01,13:48:30.998660,[]
2026-06-01,13:48:31.031993,[]
2026-06-01,13:48:31.065326,[]
2026-06-01,13:48:31.098659,[]
2026-06-01,13:48:31.131992,[]
2026-06-01,13:48:31.165325,[]
2026-06-01,13:48:31.198658,[]
2026-06-01,13:48:31.231991,[]
2026-06-01,13:48:31.265324,[]
2026-06-01,13:48:31.298657,[]
2026-06-01,13:48:31.331990,[]
2026-06-01,13:48:31.365323,[]
2026-06-01,13:48:31.398656,[]
2026-06-01,13:48:31.431989,[]
2026-06-01,13:48:31.465322,[]
2026-06-01,13:48:31.498655,[]
2026-06-01,13:48:31.531988,[]
2026-06-01,13:48:31.565321,[]
2026-06-01,13:48:31.598654,[]
2026-06-01,13:48:31.631987,[]
2026-06-01,13:48:31.665320,[]
2026-06-01,13:48:31.698653,[]
2026-06-01,13:48:31.731986,[]
2026-06-01,13:48:31.765319,[]
2026-06-01,13:48:31.798652,[]
2026-06-01,13:48:31.831985,[]
2026-06-01,13:48:31.865318,[]
2026-06-01,13:48:31.898651,[]
2026-06-01,13:48:31.931984,[]
2026-06-01,13:48:31.965317,[]
2026-06-01,13:48:31.998650,[]
2026-06-01,13:48:32.031983,[]
2026-06-01,13:48:32.065316,[]
2026-06-01,13:48:32.098649,[]
2026-06-01,13:48:32.131982,[]
2026-06-01,13:48:32.165315,[]
2026-06-01,13:48:32.198648,[]
2026-06-01,13:48:32.231981,[]
2026-06-01,13:48:32.265314,[]
2026-06-01,13:48:32.298647,[]
2026-06-01,13:48:32.331980,[]
2026-06-01,13:48:32.365313,[]
2026-06-01,13:48:32.398646,[]
2026-06-01,13:48:32.431979,[]
2026-06-01,13:48:32.465312,[]
2026-06-01,13:48:32.498645,[]
2026-06-01,13:48:32.531978,[]
2026-06-01,13:48:32.565311,[]
2026-06-01,13:48:32.598644,[]
2026-06-01,13:48:32.631977,[]
2026-06-01,13:48:32.665310,[]
2026-06-01,13:48:32.698643,[]
2026-06-01,13:48:32.731976,[]
2026-06-01,13:48:32.765309,[]
2026-06-01,13:48:32.798642,[]
2026-06-01,13:48:32.831975,[]
2026-06-01,13:48:32.865308,[]
2026-06-01,13:48:32.898641,[]
2026-06-01,13:48:32.931974,[]
2026-06-01,13:48:32.965307,[]
2026-06-01,13:48:32.998640,[]
2026-06-01,13:48:33.031973,[]
2026-06-01,13:48:33.065306,[]
2026-06-01,13:48:33.098639,[]
2026-06-01,13:48:33.131972,[]
2026-06-01,13:48:33.165305,[]
2026-06-01,13:48:33.198638,[]
2026-06-01,13:48:33.231971,[]
2026-06-01,13:48:33.265304,[]
2026-06-01,13:48:33.298637,[]
2026-06-01,13:48:33.331970,[]
2026-06-01,13:48:33.365303,[]
2026-06-01,13:48:33.398636,[]
2026-06-01,13:48:33.431969,[]
2026-06-01,13:48:33.465302,[]
2026-06-01,13:48:33.498635,[]
2026-06-01,13:48:33.531968,[]
2026-06-01,13:48:33.565301,['DH56241']
2026-06-01,13:48:33.598634,['DH56241']
2026-06-01,13:48:33.631967,['DH56241']
2026-06-01,13:48:33.665300,['DH56241']
2026-06-01,13:48:33.698633,[]
2026-06-01,13:48:33.731966,[]
2026-06-01,13:48:33.765299,[]
2026-06-01,13:48:33.798632,[]
2026-06-01,13:48:33.831965,[]
2026-06-01,13:48:33.865298,[]
2026-06-01,13:48:33.898631,[]
2026-06-01,13:48:33.931964,[]
2026-06-01,13:48:33.965297,[]
2026-06-01,13:48:33.998630,[]
2026-06-01,13:48:34.031963,[]
2026-06-01,13:48:34.065296,[]
2026-06-01,13:48:34.098629,[]
2026-06-01,13:48:34.131962,[]
2026-06-01,13:48:34.165295,[]
2026-06-01,13:48:34.198628,[]
2026-06-01,13:48:34.231961,[]
2026-06-01,13:48:34.265294,[]
2026-06-01,13:48:34.298627,[]
2026-06-01,13:48:34.331960,[]
2026-06-01,13:48:34.365293,[]
2026-06-01,13:48:34.398626,[]
2026-06-01,13:48:34.431959,[]
2026-06-01,13:48:34.465292,[]
2026-06-01,13:48:34.498625,[]
2026-06-01,13:48:34.531958,[]
2026-06-01,13:48:34.565291,[]
2026-06-01,13:48:34.598624,[]
2026-06-01,13:48:34.631957,[]
2026-06-01,13:48:34.665290,[]
2026-06-01,13:48:34.698623,[]
2026-06-01,13:48:34.731956,[]
2026-06-01,13:48:34.765289,[]
2026-06-01,13:48:34.798622,[]
2026-06-01,13:48:34.831955,[]
2026-06-01,13:48:34.865288,[]
2026-06-01,13:48:34.898621,[]
2026-06-01,13:48:34.931954,[]
2026-06-01,13:48:34.965287,[]
2026-06-01,13:48:34.998620,[]
2026-06-01,13:48:35.031953,[]
2026-06-01,13:48:35.065286,[]
2026-06-01,13:48:35.098619,[]
2026-06-01,13:48:35.131952,[]
2026-06-01,13:48:35.165285,[]
2026-06-01,13:48:35.198618,[]
2026-06-01,13:48:35.231951,[]
2026-06-01,13:48:35.265284,[]
2026-06-01,13:48:35.298617,[]
2026-06-01,13:48:35.331950,[]
2026-06-01,13:48:35.365283,[]
2026-06-01,13:48:35.398616,[]
2026-06-01,13:48:35.431949,[]
2026-06-01,13:48:35.465282,[]
2026-06-01,13:48:35.498615,[]
2026-06-01,13:48:35.531948,[]
2026-06-01,13:48:35.565281,[]
2026-06-01,13:48:35.598614,[]
2026-06-01,13:48:35.631947,[]
2026-06-01,13:48:35.665280,[]
2026-06-01,13:48:35.698613,[]
2026-06-01,13:48:35.731946,[]
2026-06-01,13:48:35.765279,[]
2026-06-01,13:48:35.798612,[]
2026-06-01,13:48:35.831945,[]
2026-06-01,13:48:35.865278,[]
2026-06-01,13:48:35.898611,[]
2026-06-01,13:48:35.931944,[]
2026-06-01,13:48:35.965277,[]
2026-06-01,13:48:35.998610,[]
2026-06-01,13:48:36.031943,[]
2026-06-01,13:48:36.065276,[]
2026-06-01,13:48:36.098609,[]
2026-06-01,13:48:36.131942,[]
2026-06-01,13:48:36.165275,[]
2026-06-01,13:48:36.198608,[]
2026-06-01,13:48:36.231941,[]
2026-06-01,13:48:36.265274,[]
2026-06-01,13:48:36.298607,[]
2026-06-01,13:48:36.331940,[]
2026-06-01,13:48:36.365273,[]
2026-06-01,13:48:36.398606,[]
2026-06-01,13:48:36.431939,[]
2026-06-01,13:48:36.465272,[]
2026-06-01,13:48:36.498605,[]
2026-06-01,13:48:36.531938,[]
2026-06-01,13:48:36.565271,[]
2026-06-01,13:48:36.598604,[]
2026-06-01,13:48:36.631937,[]
2026-06-01,13:48:36.665270,[]
2026-06-01,13:48:36.698603,[]
2026-06-01,13:48:36.731936,[]
2026-06-01,13:48:36.765269,[]
2026-06-01,13:48:36.798602,[]
2026-06-01,13:48:36.831935,[]
2026-06-01,13:48:36.865268,[]
2026-06-01,13:48:36.898601,[]
2026-06-01,13:48:36.931934,[]
2026-06-01,13:48:36.965267,[]
2026-06-01,13:48:36.998600,[]
2026-06-01,13:48:37.031933,[]
2026-06-01,13:48:37.065266,[]
2026-06-01,13:48:37.098599,[]
2026-06-01,13:48:37.131932,[]
2026-06-01,13:48:37.165265,[]
2026-06-01,13:48:37.198598,[]
2026-06-01,13:48:37.231931,[]
2026-06-01,13:48:37.265264,[]
2026-06-01,13:48:37.298597,[]
2026-06-01,13:48:37.331930,[]
2026-06-01,13:48:37.365263,[]
2026-06-01,13:48:37.398596,[]
2026-06-01,13:48:37.431929,[]
2026-06-01,13:48:37.465262,[]
2026-06-01,13:48:37.498595,[]
2026-06-01,13:48:37.531928,[]
2026-06-01,13:48:37.565261,[]
2026-06-01,13:48:37.598594,[]
2026-06-01,13:48:37.631927,[]
2026-06-01,13:48:37.665260,[]
2026-06-01,13:48:37.698593,[]
2026-06-01,13:48:37.731926,[]
2026-06-01,13:48:37.765259,[]
2026-06-01,13:48:37.798592,[]
2026-06-01,13:48:37.831925,[]
2026-06-01,13:48:37.865258,[]
2026-06-01,13:48:37.898591,[]
2026-06-01,13:48:37.931924,[]
2026-06-01,13:48:37.965257,[]
2026-06-01,13:48:37.998590,[]
2026-06-01,13:48:38.031923,[]
2026-06-01,13:48:38.065256,[]
2026-06-01,13:48:38.098589,[]
2026-06-01,13:48:38.131922,[]
2026-06-01,13:48:38.165255,[]
2026-06-01,13:48:38.198588,[]
2026-06-01,13:48:38.231921,[]
2026-06-01,13:48:38.265254,[]
2026-06-01,13:48:38.298587,[]
2026-06-01,13:48:38.331920,[]
2026-06-01,13:48:38.365253,[]
2026-06-01,13:48:38.398586,[]
2026-06-01,13:48:38.431919,[]
2026-06-01,13:48:38.465252,[]
2026-06-01,13:48:38.498585,[]
2026-06-01,13:48:38.531918,[]
2026-06-01,13:48:38.565251,[]
2026-06-01,13:48:38.598584,[]
2026-06-01,13:48:38.631917,[]
2026-06-01,13:48:38.665250,[]
2026-06-01,13:48:38.698583,[]
2026-06-01,13:48:38.731916,[]
2026-06-01,13:48:38.765249,[]
2026-06-01,13:48:38.798582,[]
2026-06-01,13:48:38.831915,[]
2026-06-01,13:48:38.865248,[]
2026-06-01,13:48:38.898581,[]
2026-06-01,13:48:38.931914,[]
2026-06-01,13:48:38.965247,[]
2026-06-01,13:48:38.998580,[]
2026-06-01,13:48:39.031913,[]
2026-06-01,13:48:39.065246,[]
2026-06-01,13:48:39.098579,[]
2026-06-01,13:48:39.131912,[]
2026-06-01,13:48:39.165245,[]
2026-06-01,13:48:39.198578,[]
2026-06-01,13:48:39.231911,[]
2026-06-01,13:48:39.265244,[]
2026-06-01,13:48:39.298577,[]
2026-06-01,13:48:39.331910,[]
2026-06-01,13:48:39.365243,[]
2026-06-01,13:48:39.398576,[]
2026-06-01,13:48:39.431909,[]
2026-06-01,13:48:39.465242,[]
2026-06-01,13:48:39.498575,[]
2026-06-01,13:48:39.531908,[]
2026-06-01,13:48:39.565241,[]
2026-06-01,13:48:39.598574,[]
2026-06-01,13:48:39.631907,[]
2026-06-01,13:48:39.665240,[]
2026-06-01,13:48:39.698573,[]
2026-06-01,13:48:39.731906,[]
2026-06-01,13:48:39.765239,[]
2026-06-01,13:48:39.798572,[]
2026-06-01,13:48:39.831905,[]
2026-06-01,13:48:39.865238,[]
2026-06-01,13:48:39.898571,[]
2026-06-01,13:48:39.931904,[]
2026-06-01,13:48:39.965237,[]
2026-06-01,13:48:39.998570,[]
2026-06-01,13:48:40.031903,[]
2026-06-01,13:48:40.065236,[]
2026-06-01,13:48:40.098569,[]
2026-06-01,13:48:40.131902,[]
2026-06-01,13:48:40.165235,[]
2026-06-01,13:48:40.198568,[]
2026-06-01,13:48:40.231901,[]
2026-06-01,13:48:40.265234,[]
2026-06-01,13:48:40.298567,[]
2026-06-01,13:48:40.331900,[]
2026-06-01,13:48:40.365233,[]
2026-06-01,13:48:40.398566,[]
2026-06-01,13:48:40.431899,[]
2026-06-01,13:48:40.465232,[]
2026-06-01,13:48:40.498565,[]
2026-06-01,13:48:40.531898,[]
2026-06-01,13:48:40.565231,[]
2026-06-01,13:48:40.598564,[]
2026-06-01,13:48:40.631897,[]
2026-06-01,13:48:40.665230,[]
2026-06-01,13:48:40.698563,[]
2026-06-01,13:48:40.731896,[]
2026-06-01,13:48:40.765229,[]
2026-06-01,13:48:40.798562,[]
2026-06-01,13:48:40.831895,[]
2026-06-01,13:48:40.865228,[]
2026-06-01,13:48:40.898561,[]
2026-06-01,13:48:40.931894,[]
2026-06-01,13:48:40.965227,[]
2026-06-01,13:48:40.998560,[]
2026-06-01,13:48:41.031893,[]
2026-06-01,13:48:41.065226,[]
2026-06-01,13:48:41.098559,[]
2026-06-01,13:48:41.131892,[]
2026-06-01,13:48:41.165225,[]
2026-06-01,13:48:41.198558,[]
2026-06-01,13:48:41.231891,[]
2026-06-01,13:48:41.265224,[]
2026-06-01,13:48:41.298557,[]
2026-06-01,13:48:41.331890,[]
2026-06-01,13:48:41.365223,[]
2026-06-01,13:48:41.398556,[]
2026-06-01,13:48:41.431889,[]
2026-06-01,13:48:41.465222,[]
2026-06-01,13:48:41.498555,[]
2026-06-01,13:48:41.531888,[]
2026-06-01,13:48:41.565221,[]
2026-06-01,13:48:41.598554,[]
2026-06-01,13:48:41.631887,[]
2026-06-01,13:48:41.665220,[]
2026-06-01,13:48:41.698553,[]
2026-06-01,13:48:41.731886,[]
2026-06-01,13:48:41.765219,[]
2026-06-01,13:48:41.798552,[]
2026-06-01,13:48:41.831885,[]
2026-06-01,13:48:41.865218,[]
2026-06-01,13:48:41.898551,[]
2026-06-01,13:48:41.931884,[]
2026-06-01,13:48:41.965217,[]
2026-06-01,13:48:41.998550,[]
2026-06-01,13:48:42.031883,[]
2026-06-01,13:48:42.065216,[]
2026-06-01,13:48:42.098549,[]
2026-06-01,13:48:42.131882,[]
2026-06-01,13:48:42.165215,[]
2026-06-01,13:48:42.198548,[]
2026-06-01,13:48:42.231881,[]
2026-06-01,13:48:42.265214,[]
2026-06-01,13:48:42.298547,[]
2026-06-01,13:48:42.331880,[]
2026-06-01,13:48:42.365213,[]
2026-06-01,13:48:42.398546,[]
2026-06-01,13:48:42.431879,[]
2026-06-01,13:48:42.465212,[]
2026-06-01,13:48:42.498545,[]
2026-06-01,13:48:42.531878,[]
2026-06-01,13:48:42.565211,[]
2026-06-01,13:48:42.598544,[]
2026-06-01,13:48:42.631877,[]
2026-06-01,13:48:42.665210,[]
2026-06-01,13:48:42.698543,[]
2026-06-01,13:48:42.731876,[]
2026-06-01,13:48:42.765209,[]
2026-06-01,13:48:42.798542,[]
2026-06-01,13:48:42.831875,[]
2026-06-01,13:48:42.865208,[]
2026-06-01,13:48:42.898541,[]
2026-06-01,13:48:42.931874,[]
2026-06-01,13:48:42.965207,[]
2026-06-01,13:48:42.998540,[]
2026-06-01,13:48:43.031873,[]
2026-06-01,13:48:43.065206,[]
2026-06-01,13:48:43.098539,[]
2026-06-01,13:48:43.131872,[]
2026-06-01,13:48:43.165205,[]
2026-06-01,13:48:43.198538,[]
2026-06-01,13:48:43.231871,[]
2026-06-01,13:48:43.265204,[]
2026-06-01,13:48:43.298537,[]
2026-06-01,13:48:43.331870,[]
2026-06-01,13:48:43.365203,[]
2026-06-01,13:48:43.398536,[]
2026-06-01,13:48:43.431869,[]
2026-06-01,13:48:43.465202,[]
2026-06-01,13:48:43.498535,[]
2026-06-01,13:48:43.531868,[]
2026-06-01,13:48:43.565201,[]
2026-06-01,13:48:43.598534,[]
2026-06-01,13:48:43.631867,[]
2026-06-01,13:48:43.665200,[]
2026-06-01,13:48:43.698533,[]
2026-06-01,13:48:43.731866,[]
2026-06-01,13:48:43.765199,[]
2026-06-01,13:48:43.798532,[]
2026-06-01,13:48:43.831865,[]
2026-06-01,13:48:43.865198,[]
2026-06-01,13:48:43.898531,[]
2026-06-01,13:48:43.931864,[]
2026-06-01,13:48:43.965197,[]
2026-06-01,13:48:43.998530,[]
2026-06-01,13:48:44.031863,[]
2026-06-01,13:48:44.065196,[]
2026-06-01,13:48:44.098529,[]
2026-06-01,13:48:44.131862,[]
2026-06-01,13:48:44.165195,[]
2026-06-01,13:48:44.198528,[]
2026-06-01,13:48:44.231861,[]
2026-06-01,13:48:44.265194,[]
2026-06-01,13:48:44.298527,[]
2026-06-01,13:48:44.331860,[]
2026-06-01,13:48:44.365193,[]
2026-06-01,13:48:44.398526,[]
2026-06-01,13:48:44.431859,[]
2026-06-01,13:48:44.465192,[]
2026-06-01,13:48:44.498525,[]
2026-06-01,13:48:44.531858,[]
2026-06-01,13:48:44.565191,[]
2026-06-01,13:48:44.598524,[]
2026-06-01,13:48:44.631857,[]
2026-06-01,13:48:44.665190,[]
2026-06-01,13:48:44.698523,[]
2026-06-01,13:48:44.731856,[]
2026-06-01,13:48:44.765189,[]
2026-06-01,13:48:44.798522,[]
2026-06-01,13:48:44.831855,[]
2026-06-01,13:48:44.865188,[]
2026-06-01,13:48:44.898521,[]
2026-06-01,13:48:44.931854,[]
2026-06-01,13:48:44.965187,[]
2026-06-01,13:48:44.998520,[]
2026-06-01,13:48:45.031853,[]
2026-06-01,13:48:45.065186,[]
2026-06-01,13:48:45.098519,[]
2026-06-01,13:48:45.131852,[]
2026-06-01,13:48:45.165185,[]
2026-06-01,13:48:45.198518,[]
2026-06-01,13:48:45.231851,[]
2026-06-01,13:48:45.265184,[]
2026-06-01,13:48:45.298517,[]
2026-06-01,13:48:45.331850,[]
2026-06-01,13:48:45.365183,[]
2026-06-01,13:48:45.398516,[]
2026-06-01,13:48:45.431849,[]
2026-06-01,13:48:45.465182,[]
2026-06-01,13:48:45.498515,[]
2026-06-01,13:48:45.531848,[]
2026-06-01,13:48:45.565181,[]
2026-06-01,13:48:45.598514,[]
2026-06-01,13:48:45.631847,[]
2026-06-01,13:48:45.665180,[]
2026-06-01,13:48:45.698513,[]
2026-06-01,13:48:45.731846,[]
2026-06-01,13:48:45.765179,[]
2026-06-01,13:48:45.798512,[]
2026-06-01,13:48:45.831845,[]
2026-06-01,13:48:45.865178,[]
2026-06-01,13:48:45.898511,[]
2026-06-01,13:48:45.931844,[]
2026-06-01,13:48:45.965177,[]
2026-06-01,13:48:45.998510,[]
2026-06-01,13:48:46.031843,[]
2026-06-01,13:48:46.065176,[]
2026-06-01,13:48:46.098509,[]
2026-06-01,13:48:46.131842,[]
2026-06-01,13:48:46.165175,[]
2026-06-01,13:48:46.198508,[]
2026-06-01,13:48:46.231841,[]
2026-06-01,13:48:46.265174,[]
2026-06-01,13:48:46.298507,[]
2026-06-01,13:48:46.331840,[]
2026-06-01,13:48:46.365173,[]
2026-06-01,13:48:46.398506,[]
2026-06-01,13:48:46.431839,[]
2026-06-01,13:48:46.465172,[]
2026-06-01,13:48:46.498505,[]
2026-06-01,13:48:46.531838,[]
2026-06-01,13:48:46.565171,[]
2026-06-01,13:48:46.598504,[]
2026-06-01,13:48:46.631837,[]
2026-06-01,13:48:46.665170,[]
2026-06-01,13:48:46.698503,[]
2026-06-01,13:48:46.731836,[]
2026-06-01,13:48:46.765169,[]
2026-06-01,13:48:46.798502,[]
2026-06-01,13:48:46.831835,[]
2026-06-01,13:48:46.865168,[]
2026-06-01,13:48:46.898501,[]
2026-06-01,13:48:46.931834,[]
2026-06-01,13:48:46.965167,[]
2026-06-01,13:48:46.998500,[]
2026-06-01,13:48:47.031833,[]
2026-06-01,13:48:47.065166,[]
2026-06-01,13:48:47.098499,[]
2026-06-01,13:48:47.131832,[]
2026-06-01,13:48:47.165165,[]
2026-06-01,13:48:47.198498,[]
2026-06-01,13:48:47.231831,[]
2026-06-01,13:48:47.265164,[]
2026-06-01,13:48:47.298497,[]
2026-06-01,13:48:47.331830,[]
2026-06-01,13:48:47.365163,[]
2026-06-01,13:48:47.398496,[]
2026-06-01,13:48:47.431829,[]
2026-06-01,13:48:47.465162,[]
2026-06-01,13:48:47.498495,[]
2026-06-01,13:48:47.531828,[]
2026-06-01,13:48:47.565161,[]
2026-06-01,13:48:47.598494,[]
2026-06-01,13:48:47.631827,[]
2026-06-01,13:48:47.665160,[]
2026-06-01,13:48:47.698493,[]
2026-06-01,13:48:47.731826,[]
2026-06-01,13:48:47.765159,[]
2026-06-01,13:48:47.798492,[]
2026-06-01,13:48:47.831825,[]
2026-06-01,13:48:47.865158,[]
2026-06-01,13:48:47.898491,[]
2026-06-01,13:48:47.931824,[]
2026-06-01,13:48:47.965157,[]
2026-06-01,13:48:47.998490,[]
2026-06-01,13:48:48.031823,[]
2026-06-01,13:48:48.065156,[]
2026-06-01,13:48:48.098489,[]
2026-06-01,13:48:48.131822,[]
2026-06-01,13:48:48.165155,[]
2026-06-01,13:48:48.198488,[]
2026-06-01,13:48:48.231821,[]
2026-06-01,13:48:48.265154,[]
2026-06-01,13:48:48.298487,[]
2026-06-01,13:48:48.331820,[]
2026-06-01,13:48:48.365153,[]
2026-06-01,13:48:48.398486,[]
2026-06-01,13:48:48.431819,[]
2026-06-01,13:48:48.465152,[]
2026-06-01,13:48:48.498485,[]
2026-06-01,13:48:48.531818,[]
2026-06-01,13:48:48.565151,[]
2026-06-01,13:48:48.598484,[]
2026-06-01,13:48:48.631817,[]
2026-06-01,13:48:48.665150,[]
2026-06-01,13:48:48.698483,[]
2026-06-01,13:48:48.731816,[]
2026-06-01,13:48:48.765149,[]
2026-06-01,13:48:48.798482,[]
2026-06-01,13:48:48.831815,[]
2026-06-01,13:48:48.865148,[]
2026-06-01,13:48:48.898481,[]
2026-06-01,13:48:48.931814,[]
2026-06-01,13:48:48.965147,[]
2026-06-01,13:48:48.998480,[]
2026-06-01,13:48:49.031813,[]
2026-06-01,13:48:49.065146,[]
2026-06-01,13:48:49.098479,[]
2026-06-01,13:48:49.131812,[]
2026-06-01,13:48:49.165145,[]
2026-06-01,13:48:49.198478,[]
2026-06-01,13:48:49.231811,[]
2026-06-01,13:48:49.265144,[]
2026-06-01,13:48:49.298477,[]
2026-06-01,13:48:49.331810,[]
2026-06-01,13:48:49.365143,[]
2026-06-01,13:48:49.398476,[]
2026-06-01,13:48:49.431809,[]
2026-06-01,13:48:49.465142,[]
2026-06-01,13:48:49.498475,[]
2026-06-01,13:48:49.531808,[]
2026-06-01,13:48:49.565141,[]
2026-06-01,13:48:49.598474,[]
2026-06-01,13:48:49.631807,[]
2026-06-01,13:48:49.665140,[]
2026-06-01,13:48:49.698473,[]
2026-06-01,13:48:49.731806,[]
2026-06-01,13:48:49.765139,[]
2026-06-01,13:48:49.798472,[]
2026-06-01,13:48:49.831805,[]
2026-06-01,13:48:49.865138,[]
2026-06-01,13:48:49.898471,[]
2026-06-01,13:48:49.931804,[]
2026-06-01,13:48:49.965137,[]
2026-06-01,13:48:49.998470,[]
2026-06-01,13:48:50.031803,[]
2026-06-01,13:48:50.065136,[]
2026-06-01,13:48:50.098469,[]
2026-06-01,13:48:50.131802,[]
2026-06-01,13:48:50.165135,[]
2026-06-01,13:48:50.198468,[]
2026-06-01,13:48:50.231801,[]
2026-06-01,13:48:50.265134,[]
2026-06-01,13:48:50.298467,[]
2026-06-01,13:48:50.331800,[]
2026-06-01,13:48:50.365133,[]
2026-06-01,13:48:50.398466,[]
2026-06-01,13:48:50.431799,[]
2026-06-01,13:48:50.465132,[]
2026-06-01,13:48:50.498465,[]
2026-06-01,13:48:50.531798,[]
2026-06-01,13:48:50.565131,[]
2026-06-01,13:48:50.598464,[]
2026-06-01,13:48:50.631797,[]
2026-06-01,13:48:50.665130,[]
2026-06-01,13:48:50.698463,[]
2026-06-01,13:48:50.731796,[]
2026-06-01,13:48:50.765129,[]
2026-06-01,13:48:50.798462,[]
2026-06-01,13:48:50.831795,[]
2026-06-01,13:48:50.865128,[]
2026-06-01,13:48:50.898461,[]
2026-06-01,13:48:50.931794,[]
2026-06-01,13:48:50.965127,[]
2026-06-01,13:48:50.998460,[]
2026-06-01,13:48:51.031793,[]
2026-06-01,13:48:51.065126,[]
2026-06-01,13:48:51.098459,[]
2026-06-01,13:48:51.131792,[]
2026-06-01,13:48:51.165125,[]
2026-06-01,13:48:51.198458,[]
2026-06-01,13:48:51.231791,[]
2026-06-01,13:48:51.265124,[]
2026-06-01,13:48:51.298457,[]
2026-06-01,13:48:51.331790,[]
2026-06-01,13:48:51.365123,[]
2026-06-01,13:48:51.398456,[]
2026-06-01,13:48:51.431789,[]
2026-06-01,13:48:51.465122,[]
2026-06-01,13:48:51.498455,[]
2026-06-01,13:48:51.531788,[]
2026-06-01,13:48:51.565121,[]
2026-06-01,13:48:51.598454,[]
2026-06-01,13:48:51.631787,[]
2026-06-01,13:48:51.665120,[]
2026-06-01,13:48:51.698453,[]
2026-06-01,13:48:51.731786,[]
2026-06-01,13:48:51.765119,[]
2026-06-01,13:48:51.798452,[]
2026-06-01,13:48:51.831785,[]
2026-06-01,13:48:51.865118,[]
2026-06-01,13:48:51.898451,[]
2026-06-01,13:48:51.931784,[]
2026-06-01,13:48:51.965117,[]
2026-06-01,13:48:51.998450,[]
2026-06-01,13:48:52.031783,[]
2026-06-01,13:48:52.065116,[]
2026-06-01,13:48:52.098449,[]
2026-06-01,13:48:52.131782,[]
2026-06-01,13:48:52.165115,[]
2026-06-01,13:48:52.198448,[]
2026-06-01,13:48:52.231781,[]
2026-06-01,13:48:52.265114,[]
2026-06-01,13:48:52.298447,[]
2026-06-01,13:48:52.331780,[]
2026-06-01,13:48:52.365113,[]
2026-06-01,13:48:52.398446,[]
2026-06-01,13:48:52.431779,[]
2026-06-01,13:48:52.465112,[]
2026-06-01,13:48:52.498445,[]
2026-06-01,13:48:52.531778,[]
2026-06-01,13:48:52.565111,[]
2026-06-01,13:48:52.598444,[]
2026-06-01,13:48:52.631777,[]
2026-06-01,13:48:52.665110,[]
2026-06-01,13:48:52.698443,[]
2026-06-01,13:48:52.731776,[]
2026-06-01,13:48:52.765109,[]
2026-06-01,13:48:52.798442,[]
2026-06-01,13:48:52.831775,[]
2026-06-01,13:48:52.865108,[]
2026-06-01,13:48:52.898441,[]
2026-06-01,13:48:52.931774,[]
2026-06-01,13:48:52.965107,[]
2026-06-01,13:48:52.998440,[]
2026-06-01,13:48:53.031773,[]
2026-06-01,13:48:53.065106,[]
2026-06-01,13:48:53.098439,[]
2026-06-01,13:48:53.131772,[]
2026-06-01,13:48:53.165105,[]
2026-06-01,13:48:53.198438,[]
2026-06-01,13:48:53.231771,[]
2026-06-01,13:48:53.265104,[]
2026-06-01,13:48:53.298437,[]
2026-06-01,13:48:53.331770,[]
2026-06-01,13:48:53.365103,[]
2026-06-01,13:48:53.398436,[]
2026-06-01,13:48:53.431769,[]
2026-06-01,13:48:53.465102,[]
2026-06-01,13:48:53.498435,[]
2026-06-01,13:48:53.531768,[]
2026-06-01,13:48:53.565101,[]
2026-06-01,13:48:53.598434,[]
2026-06-01,13:48:53.631767,[]
2026-06-01,13:48:53.665100,[]
2026-06-01,13:48:53.698433,[]
2026-06-01,13:48:53.731766,[]
2026-06-01,13:48:53.765099,[]
2026-06-01,13:48:53.798432,[]
2026-06-01,13:48:53.831765,[]
2026-06-01,13:48:53.865098,[]
2026-06-01,13:48:53.898431,[]
2026-06-01,13:48:53.931764,[]
2026-06-01,13:48:53.965097,[]
2026-06-01,13:48:53.998430,[]
2026-06-01,13:48:54.031763,[]
2026-06-01,13:48:54.065096,[]
2026-06-01,13:48:54.098429,[]
2026-06-01,13:48:54.131762,[]
2026-06-01,13:48:54.165095,[]
2026-06-01,13:48:54.198428,[]
2026-06-01,13:48:54.231761,[]
2026-06-01,13:48:54.265094,[]
2026-06-01,13:48:54.298427,[]
2026-06-01,13:48:54.331760,[]
2026-06-01,13:48:54.365093,[]
2026-06-01,13:48:54.398426,[]
2026-06-01,13:48:54.431759,[]
2026-06-01,13:48:54.465092,[]
2026-06-01,13:48:54.498425,[]
2026-06-01,13:48:54.531758,[]
2026-06-01,13:48:54.565091,[]
2026-06-01,13:48:54.598424,[]
2026-06-01,13:48:54.631757,[]
2026-06-01,13:48:54.665090,[]
2026-06-01,13:48:54.698423,[]
2026-06-01,13:48:54.731756,[]
2026-06-01,13:48:54.765089,[]
2026-06-01,13:48:54.798422,[]
2026-06-01,13:48:54.831755,[]
2026-06-01,13:48:54.865088,[]
2026-06-01,13:48:54.898421,[]
2026-06-01,13:48:54.931754,[]
2026-06-01,13:48:54.965087,[]
2026-06-01,13:48:54.998420,[]
2026-06-01,13:48:55.031753,[]
2026-06-01,13:48:55.065086,[]
2026-06-01,13:48:55.098419,[]
2026-06-01,13:48:55.131752,[]
2026-06-01,13:48:55.165085,[]
2026-06-01,13:48:55.198418,[]
2026-06-01,13:48:55.231751,[]
2026-06-01,13:48:55.265084,[]
2026-06-01,13:48:55.298417,[]
2026-06-01,13:48:55.331750,[]
2026-06-01,13:48:55.365083,[]
2026-06-01,13:48:55.398416,[]
2026-06-01,13:48:55.431749,[]
2026-06-01,13:48:55.465082,[]
2026-06-01,13:48:55.498415,[]
2026-06-01,13:48:55.531748,[]
2026-06-01,13:48:55.565081,[]
2026-06-01,13:48:55.598414,[]
2026-06-01,13:48:55.631747,[]
2026-06-01,13:48:55.665080,[]
2026-06-01,13:48:55.698413,[]
2026-06-01,13:48:55.731746,[]
2026-06-01,13:48:55.765079,[]
2026-06-01,13:48:55.798412,[]
2026-06-01,13:48:55.831745,[]
2026-06-01,13:48:55.865078,[]
2026-06-01,13:48:55.898411,[]
2026-06-01,13:48:55.931744,[]
2026-06-01,13:48:55.965077,[]
2026-06-01,13:48:55.998410,[]
2026-06-01,13:48:56.031743,[]
2026-06-01,13:48:56.065076,[]
2026-06-01,13:48:56.098409,[]
2026-06-01,13:48:56.131742,[]
2026-06-01,13:48:56.165075,[]
2026-06-01,13:48:56.198408,[]
2026-06-01,13:48:56.231741,[]
2026-06-01,13:48:56.265074,[]
2026-06-01,13:48:56.298407,[]
2026-06-01,13:48:56.331740,[]
2026-06-01,13:48:56.365073,[]
2026-06-01,13:48:56.398406,[]
2026-06-01,13:48:56.431739,[]
2026-06-01,13:48:56.465072,[]
2026-06-01,13:48:56.498405,[]
2026-06-01,13:48:56.531738,[]
2026-06-01,13:48:56.565071,[]
2026-06-01,13:48:56.598404,[]
2026-06-01,13:48:56.631737,[]
2026-06-01,13:48:56.665070,[]
2026-06-01,13:48:56.698403,[]
2026-06-01,13:48:56.731736,[]
2026-06-01,13:48:56.765069,[]
2026-06-01,13:48:56.798402,[]
2026-06-01,13:48:56.831735,[]
2026-06-01,13:48:56.865068,[]
2026-06-01,13:48:56.898401,[]
2026-06-01,13:48:56.931734,[]
2026-06-01,13:48:56.965067,[]
2026-06-01,13:48:56.998400,[]
2026-06-01,13:48:57.031733,[]
2026-06-01,13:48:57.065066,[]
2026-06-01,13:48:57.098399,[]
2026-06-01,13:48:57.131732,[]
2026-06-01,13:48:57.165065,[]
2026-06-01,13:48:57.198398,[]
2026-06-01,13:48:57.231731,[]
2026-06-01,13:48:57.265064,[]
2026-06-01,13:48:57.298397,[]
2026-06-01,13:48:57.331730,[]
2026-06-01,13:48:57.365063,[]
2026-06-01,13:48:57.398396,[]
2026-06-01,13:48:57.431729,[]
2026-06-01,13:48:57.465062,[]
2026-06-01,13:48:57.498395,[]
2026-06-01,13:48:57.531728,[]
2026-06-01,13:48:57.565061,[]
2026-06-01,13:48:57.598394,[]
2026-06-01,13:48:57.631727,[]
2026-06-01,13:48:57.665060,[]
2026-06-01,13:48:57.698393,[]
2026-06-01,13:48:57.731726,[]
2026-06-01,13:48:57.765059,[]
2026-06-01,13:48:57.798392,[]
2026-06-01,13:48:57.831725,[]
2026-06-01,13:48:57.865058,[]
2026-06-01,13:48:57.898391,[]
2026-06-01,13:48:57.931724,[]
2026-06-01,13:48:57.965057,[]
2026-06-01,13:48:57.998390,[]
2026-06-01,13:48:58.031723,[]
2026-06-01,13:48:58.065056,[]
2026-06-01,13:48:58.098389,[]
2026-06-01,13:48:58.131722,[]
2026-06-01,13:48:58.165055,[]
2026-06-01,13:48:58.198388,[]
2026-06-01,13:48:58.231721,[]
2026-06-01,13:48:58.265054,[]
2026-06-01,13:48:58.298387,[]
2026-06-01,13:48:58.331720,[]
2026-06-01,13:48:58.365053,[]
2026-06-01,13:48:58.398386,[]
2026-06-01,13:48:58.431719,[]
2026-06-01,13:48:58.465052,[]
2026-06-01,13:48:58.498385,[]
2026-06-01,13:48:58.531718,[]
2026-06-01,13:48:58.565051,[]
2026-06-01,13:48:58.598384,[]
2026-06-01,13:48:58.631717,[]
2026-06-01,13:48:58.665050,[]
2026-06-01,13:48:58.698383,[]
2026-06-01,13:48:58.731716,[]
2026-06-01,13:48:58.765049,[]
2026-06-01,13:48:58.798382,[]
2026-06-01,13:48:58.831715,[]
2026-06-01,13:48:58.865048,[]
2026-06-01,13:48:58.898381,[]
2026-06-01,13:48:58.931714,[]
2026-06-01,13:48:58.965047,[]
2026-06-01,13:48:58.998380,[]
2026-06-01,13:48:59.031713,[]
2026-06-01,13:48:59.065046,[]
2026-06-01,13:48:59.098379,[]
2026-06-01,13:48:59.131712,[]
2026-06-01,13:48:59.165045,[]
2026-06-01,13:48:59.198378,[]
2026-06-01,13:48:59.231711,[]
2026-06-01,13:48:59.265044,[]
2026-06-01,13:48:59.298377,[]
2026-06-01,13:48:59.331710,[]
2026-06-01,13:48:59.365043,[]
2026-06-01,13:48:59.398376,[]
2026-06-01,13:48:59.431709,[]
2026-06-01,13:48:59.465042,[]
2026-06-01,13:48:59.498375,[]
2026-06-01,13:48:59.531708,[]
2026-06-01,13:48:59.565041,[]
2026-06-01,13:48:59.598374,[]
2026-06-01,13:48:59.631707,[]
2026-06-01,13:48:59.665040,[]
2026-06-01,13:48:59.698373,[]
2026-06-01,13:48:59.731706,[]
2026-06-01,13:48:59.765039,[]
2026-06-01,13:48:59.798372,[]
2026-06-01,13:48:59.831705,[]
2026-06-01,13:48:59.865038,[]
2026-06-01,13:48:59.898371,[]
2026-06-01,13:48:59.931704,[]
2026-06-01,13:48:59.965037,[]
2026-06-01,13:48:59.998370,[]
2026-06-01,13:49:00.031703,[]
2026-06-01,13:49:00.065036,[]
2026-06-01,13:49:00.098369,[]
2026-06-01,13:49:00.131702,[]
2026-06-01,13:49:00.165035,[]
2026-06-01,13:49:00.198368,[]
2026-06-01,13:49:00.231701,[]
2026-06-01,13:49:00.265034,[]
2026-06-01,13:49:00.298367,[]
2026-06-01,13:49:00.331700,[]
2026-06-01,13:49:00.365033,[]
2026-06-01,13:49:00.398366,[]
2026-06-01,13:49:00.431699,[]
2026-06-01,13:49:00.465032,[]
2026-06-01,13:49:00.498365,[]
2026-06-01,13:49:00.531698,[]
2026-06-01,13:49:00.565031,[]
2026-06-01,13:49:00.598364,[]
2026-06-01,13:49:00.631697,[]
2026-06-01,13:49:00.665030,[]
2026-06-01,13:49:00.698363,[]
2026-06-01,13:49:00.731696,[]
2026-06-01,13:49:00.765029,[]
2026-06-01,13:49:00.798362,[]
2026-06-01,13:49:00.831695,[]
2026-06-01,13:49:00.865028,[]
2026-06-01,13:49:00.898361,[]
2026-06-01,13:49:00.931694,[]
2026-06-01,13:49:00.965027,[]
2026-06-01,13:49:00.998360,[]
2026-06-01,13:49:01.031693,[]
2026-06-01,13:49:01.065026,[]
2026-06-01,13:49:01.098359,[]
2026-06-01,13:49:01.131692,[]
2026-06-01,13:49:01.165025,[]
2026-06-01,13:49:01.198358,[]
2026-06-01,13:49:01.231691,[]
2026-06-01,13:49:01.265024,[]
2026-06-01,13:49:01.298357,[]
2026-06-01,13:49:01.331690,[]
2026-06-01,13:49:01.365023,[]
2026-06-01,13:49:01.398356,[]
2026-06-01,13:49:01.431689,[]
2026-06-01,13:49:01.465022,[]
2026-06-01,13:49:01.498355,[]
2026-06-01,13:49:01.531688,[]
2026-06-01,13:49:01.565021,[]
2026-06-01,13:49:01.598354,[]
2026-06-01,13:49:01.631687,[]
2026-06-01,13:49:01.665020,[]
2026-06-01,13:49:01.698353,[]
2026-06-01,13:49:01.731686,[]
2026-06-01,13:49:01.765019,[]
2026-06-01,13:49:01.798352,[]
2026-06-01,13:49:01.831685,[]
2026-06-01,13:49:01.865018,[]
2026-06-01,13:49:01.898351,[]
2026-06-01,13:49:01.931684,[]
2026-06-01,13:49:01.965017,[]
2026-06-01,13:49:01.998350,[]
2026-06-01,13:49:02.031683,[]
2026-06-01,13:49:02.065016,[]
2026-06-01,13:49:02.098349,[]
2026-06-01,13:49:02.131682,[]
2026-06-01,13:49:02.165015,[]
2026-06-01,13:49:02.198348,[]
2026-06-01,13:49:02.231681,[]
2026-06-01,13:49:02.265014,[]
2026-06-01,13:49:02.298347,[]
2026-06-01,13:49:02.331680,[]
2026-06-01,13:49:02.365013,[]
2026-06-01,13:49:02.398346,[]
2026-06-01,13:49:02.431679,[]
2026-06-01,13:49:02.465012,[]
2026-06-01,13:49:02.498345,[]
2026-06-01,13:49:02.531678,[]
2026-06-01,13:49:02.565011,[]
2026-06-01,13:49:02.598344,[]
2026-06-01,13:49:02.631677,[]
2026-06-01,13:49:02.665010,[]
2026-06-01,13:49:02.698343,[]
2026-06-01,13:49:02.731676,[]
2026-06-01,13:49:02.765009,[]
2026-06-01,13:49:02.798342,[]
2026-06-01,13:49:02.831675,[]
2026-06-01,13:49:02.865008,[]
2026-06-01,13:49:02.898341,[]
2026-06-01,13:49:02.931674,[]
2026-06-01,13:49:02.965007,[]
2026-06-01,13:49:02.998340,[]
2026-06-01,13:49:03.031673,[]
2026-06-01,13:49:03.065006,[]
2026-06-01,13:49:03.098339,[]
2026-06-01,13:49:03.131672,[]
2026-06-01,13:49:03.165005,[]
2026-06-01,13:49:03.198338,[]
2026-06-01,13:49:03.231671,[]
2026-06-01,13:49:03.265004,[]
2026-06-01,13:49:03.298337,[]
2026-06-01,13:49:03.331670,[]
2026-06-01,13:49:03.365003,[]
2026-06-01,13:49:03.398336,[]
2026-06-01,13:49:03.431669,[]
2026-06-01,13:49:03.465002,[]
2026-06-01,13:49:03.498335,[]
2026-06-01,13:49:03.531668,[]
2026-06-01,13:49:03.565001,[]
2026-06-01,13:49:03.598334,[]
2026-06-01,13:49:03.631667,[]
2026-06-01,13:49:03.665000,[]
2026-06-01,13:49:03.698333,[]
2026-06-01,13:49:03.731666,[]
2026-06-01,13:49:03.764999,[]
2026-06-01,13:49:03.798332,[]
2026-06-01,13:49:03.831665,[]
2026-06-01,13:49:03.864998,[]
2026-06-01,13:49:03.898331,[]
2026-06-01,13:49:03.931664,[]
2026-06-01,13:49:03.964997,[]
2026-06-01,13:49:03.998330,[]
2026-06-01,13:49:04.031663,[]
2026-06-01,13:49:04.064996,[]
2026-06-01,13:49:04.098329,[]
2026-06-01,13:49:04.131662,[]
2026-06-01,13:49:04.164995,[]
2026-06-01,13:49:04.198328,[]
2026-06-01,13:49:04.231661,[]
2026-06-01,13:49:04.264994,[]
2026-06-01,13:49:04.298327,[]
2026-06-01,13:49:04.331660,[]
2026-06-01,13:49:04.364993,[]
2026-06-01,13:49:04.398326,[]
2026-06-01,13:49:04.431659,[]
2026-06-01,13:49:04.464992,[]
2026-06-01,13:49:04.498325,[]
2026-06-01,13:49:04.531658,[]
2026-06-01,13:49:04.564991,[]
2026-06-01,13:49:04.598324,[]
2026-06-01,13:49:04.631657,[]
2026-06-01,13:49:04.664990,[]
2026-06-01,13:49:04.698323,[]
2026-06-01,13:49:04.731656,[]
2026-06-01,13:49:04.764989,[]
2026-06-01,13:49:04.798322,[]
2026-06-01,13:49:04.831655,[]
2026-06-01,13:49:04.864988,[]
2026-06-01,13:49:04.898321,[]
2026-06-01,13:49:04.931654,[]
2026-06-01,13:49:04.964987,[]
2026-06-01,13:49:04.998320,[]
2026-06-01,13:49:05.031653,[]
2026-06-01,13:49:05.064986,[]
2026-06-01,13:49:05.098319,[]
2026-06-01,13:49:05.131652,[]
2026-06-01,13:49:05.164985,[]
2026-06-01,13:49:05.198318,[]
2026-06-01,13:49:05.231651,[]
2026-06-01,13:49:05.264984,[]
2026-06-01,13:49:05.298317,[]
2026-06-01,13:49:05.331650,[]
2026-06-01,13:49:05.364983,[]
2026-06-01,13:49:05.398316,[]
2026-06-01,13:49:05.431649,[]
2026-06-01,13:49:05.464982,[]
2026-06-01,13:49:05.498315,[]
2026-06-01,13:49:05.531648,[]
2026-06-01,13:49:05.564981,[]
2026-06-01,13:49:05.598314,[]
2026-06-01,13:49:05.631647,[]
2026-06-01,13:49:05.664980,[]
2026-06-01,13:49:05.698313,[]
2026-06-01,13:49:05.731646,[]
2026-06-01,13:49:05.764979,[]
2026-06-01,13:49:05.798312,[]
2026-06-01,13:49:05.831645,[]
2026-06-01,13:49:05.864978,[]
2026-06-01,13:49:05.898311,[]
2026-06-01,13:49:05.931644,[]
2026-06-01,13:49:05.964977,[]
2026-06-01,13:49:05.998310,[]
2026-06-01,13:49:06.031643,[]
2026-06-01,13:49:06.064976,[]
2026-06-01,13:49:06.098309,[]
2026-06-01,13:49:06.131642,[]
2026-06-01,13:49:06.164975,[]
2026-06-01,13:49:06.198308,[]
2026-06-01,13:49:06.231641,[]
2026-06-01,13:49:06.264974,[]
2026-06-01,13:49:06.298307,[]
2026-06-01,13:49:06.331640,[]
2026-06-01,13:49:06.364973,[]
2026-06-01,13:49:06.398306,[]
2026-06-01,13:49:06.431639,[]
2026-06-01,13:49:06.464972,[]
2026-06-01,13:49:06.498305,[]
2026-06-01,13:49:06.531638,[]
2026-06-01,13:49:06.564971,[]
2026-06-01,13:49:06.598304,[]
2026-06-01,13:49:06.631637,[]
2026-06-01,13:49:06.664970,[]
2026-06-01,13:49:06.698303,[]
2026-06-01,13:49:06.731636,[]
2026-06-01,13:49:06.764969,[]
2026-06-01,13:49:06.798302,[]
2026-06-01,13:49:06.831635,[]
2026-06-01,13:49:06.864968,[]
2026-06-01,13:49:06.898301,[]
2026-06-01,13:49:06.931634,[]
2026-06-01,13:49:06.964967,[]
2026-06-01,13:49:06.998300,[]
2026-06-01,13:49:07.031633,[]
2026-06-01,13:49:07.064966,[]
2026-06-01,13:49:07.098299,[]
2026-06-01,13:49:07.131632,[]
2026-06-01,13:49:07.164965,[]
2026-06-01,13:49:07.198298,[]
2026-06-01,13:49:07.231631,[]
2026-06-01,13:49:07.264964,[]
2026-06-01,13:49:07.298297,[]
2026-06-01,13:49:07.331630,[]
2026-06-01,13:49:07.364963,[]
2026-06-01,13:49:07.398296,[]
2026-06-01,13:49:07.431629,[]
2026-06-01,13:49:07.464962,[]
2026-06-01,13:49:07.498295,[]
2026-06-01,13:49:07.531628,[]
2026-06-01,13:49:07.564961,[]
2026-06-01,13:49:07.598294,[]
2026-06-01,13:49:07.631627,[]
2026-06-01,13:49:07.664960,[]
2026-06-01,13:49:07.698293,[]
2026-06-01,13:49:07.731626,[]
2026-06-01,13:49:07.764959,[]
2026-06-01,13:49:07.798292,[]
2026-06-01,13:49:07.831625,[]
2026-06-01,13:49:07.864958,[]
2026-06-01,13:49:07.898291,[]
2026-06-01,13:49:07.931624,[]
2026-06-01,13:49:07.964957,[]
2026-06-01,13:49:07.998290,[]
2026-06-01,13:49:08.031623,[]
2026-06-01,13:49:08.064956,[]
2026-06-01,13:49:08.098289,[]
2026-06-01,13:49:08.131622,[]
2026-06-01,13:49:08.164955,[]
2026-06-01,13:49:08.198288,[]
2026-06-01,13:49:08.231621,[]
2026-06-01,13:49:08.264954,[]
2026-06-01,13:49:08.298287,[]
2026-06-01,13:49:08.331620,[]
2026-06-01,13:49:08.364953,[]
2026-06-01,13:49:08.398286,[]
2026-06-01,13:49:08.431619,[]
2026-06-01,13:49:08.464952,[]
2026-06-01,13:49:08.498285,[]
2026-06-01,13:49:08.531618,[]
2026-06-01,13:49:08.564951,[]
2026-06-01,13:49:08.598284,[]
2026-06-01,13:49:08.631617,[]
2026-06-01,13:49:08.664950,[]
2026-06-01,13:49:08.698283,[]
2026-06-01,13:49:08.731616,[]
2026-06-01,13:49:08.764949,[]
2026-06-01,13:49:08.798282,[]
2026-06-01,13:49:08.831615,[]
2026-06-01,13:49:08.864948,[]
2026-06-01,13:49:08.898281,[]
2026-06-01,13:49:08.931614,[]
2026-06-01,13:49:08.964947,[]
2026-06-01,13:49:08.998280,[]
2026-06-01,13:49:09.031613,[]
2026-06-01,13:49:09.064946,[]
2026-06-01,13:49:09.098279,[]
2026-06-01,13:49:09.131612,[]
2026-06-01,13:49:09.164945,[]
2026-06-01,13:49:09.198278,[]
2026-06-01,13:49:09.231611,[]
2026-06-01,13:49:09.264944,[]
2026-06-01,13:49:09.298277,[]
2026-06-01,13:49:09.331610,[]
2026-06-01,13:49:09.364943,[]
2026-06-01,13:49:09.398276,[]
2026-06-01,13:49:09.431609,[]
2026-06-01,13:49:09.464942,[]
2026-06-01,13:49:09.498275,[]
2026-06-01,13:49:09.531608,[]
2026-06-01,13:49:09.564941,[]
2026-06-01,13:49:09.598274,[]
2026-06-01,13:49:09.631607,[]
2026-06-01,13:49:09.664940,[]
2026-06-01,13:49:09.698273,[]
2026-06-01,13:49:09.731606,[]
2026-06-01,13:49:09.764939,[]
2026-06-01,13:49:09.798272,[]
2026-06-01,13:49:09.831605,[]
2026-06-01,13:49:09.864938,[]
2026-06-01,13:49:09.898271,[]
2026-06-01,13:49:09.931604,[]
2026-06-01,13:49:09.964937,[]
2026-06-01,13:49:09.998270,[]
2026-06-01,13:49:10.031603,[]
2026-06-01,13:49:10.064936,[]
2026-06-01,13:49:10.098269,[]
2026-06-01,13:49:10.131602,[]
2026-06-01,13:49:10.164935,[]
2026-06-01,13:49:10.198268,[]
2026-06-01,13:49:10.231601,[]
2026-06-01,13:49:10.264934,[]
2026-06-01,13:49:10.298267,[]
2026-06-01,13:49:10.331600,[]
2026-06-01,13:49:10.364933,[]
2026-06-01,13:49:10.398266,[]
2026-06-01,13:49:10.431599,[]
2026-06-01,13:49:10.464932,[]
2026-06-01,13:49:10.498265,[]
2026-06-01,13:49:10.531598,[]
2026-06-01,13:49:10.564931,[]
2026-06-01,13:49:10.598264,[]
2026-06-01,13:49:10.631597,[]
2026-06-01,13:49:10.664930,[]
2026-06-01,13:49:10.698263,[]
2026-06-01,13:49:10.731596,[]
2026-06-01,13:49:10.764929,[]
2026-06-01,13:49:10.798262,[]
2026-06-01,13:49:10.831595,[]
2026-06-01,13:49:10.864928,[]
2026-06-01,13:49:10.898261,[]
2026-06-01,13:49:10.931594,[]
2026-06-01,13:49:10.964927,[]
2026-06-01,13:49:10.998260,[]
2026-06-01,13:49:11.031593,[]
2026-06-01,13:49:11.064926,[]
2026-06-01,13:49:11.098259,[]
2026-06-01,13:49:11.131592,[]
2026-06-01,13:49:11.164925,[]
2026-06-01,13:49:11.198258,[]
2026-06-01,13:49:11.231591,[]
2026-06-01,13:49:11.264924,[]
2026-06-01,13:49:11.298257,[]
2026-06-01,13:49:11.331590,[]
2026-06-01,13:49:11.364923,[]
2026-06-01,13:49:11.398256,[]
2026-06-01,13:49:11.431589,[]
2026-06-01,13:49:11.464922,[]
2026-06-01,13:49:11.498255,[]
2026-06-01,13:49:11.531588,[]
2026-06-01,13:49:11.564921,[]
2026-06-01,13:49:11.598254,[]
2026-06-01,13:49:11.631587,[]
2026-06-01,13:49:11.664920,[]
2026-06-01,13:49:11.698253,[]
2026-06-01,13:49:11.731586,[]
2026-06-01,13:49:11.764919,[]
2026-06-01,13:49:11.798252,[]
2026-06-01,13:49:11.831585,[]
2026-06-01,13:49:11.864918,[]
2026-06-01,13:49:11.898251,[]
2026-06-01,13:49:11.931584,[]
2026-06-01,13:49:11.964917,[]
2026-06-01,13:49:11.998250,[]
2026-06-01,13:49:12.031583,[]
2026-06-01,13:49:12.064916,[]
2026-06-01,13:49:12.098249,[]
2026-06-01,13:49:12.131582,[]
2026-06-01,13:49:12.164915,[]
2026-06-01,13:49:12.198248,[]
2026-06-01,13:49:12.231581,[]
2026-06-01,13:49:12.264914,[]
2026-06-01,13:49:12.298247,[]
2026-06-01,13:49:12.331580,[]
2026-06-01,13:49:12.364913,[]
2026-06-01,13:49:12.398246,[]
2026-06-01,13:49:12.431579,[]
2026-06-01,13:49:12.464912,[]
2026-06-01,13:49:12.498245,[]
2026-06-01,13:49:12.531578,[]
2026-06-01,13:49:12.564911,[]
2026-06-01,13:49:12.598244,[]
2026-06-01,13:49:12.631577,[]
2026-06-01,13:49:12.664910,[]
2026-06-01,13:49:12.698243,[]
2026-06-01,13:49:12.731576,[]
2026-06-01,13:49:12.764909,[]
2026-06-01,13:49:12.798242,[]
2026-06-01,13:49:12.831575,[]
2026-06-01,13:49:12.864908,[]
2026-06-01,13:49:12.898241,[]
2026-06-01,13:49:12.931574,[]
2026-06-01,13:49:12.964907,[]
2026-06-01,13:49:12.998240,[]
2026-06-01,13:49:13.031573,[]
2026-06-01,13:49:13.064906,[]
2026-06-01,13:49:13.098239,[]
2026-06-01,13:49:13.131572,[]
2026-06-01,13:49:13.164905,[]
2026-06-01,13:49:13.198238,[]
2026-06-01,13:49:13.231571,[]
2026-06-01,13:49:13.264904,[]
2026-06-01,13:49:13.298237,[]
2026-06-01,13:49:13.331570,[]
2026-06-01,13:49:13.364903,[]
2026-06-01,13:49:13.398236,[]
2026-06-01,13:49:13.431569,[]
2026-06-01,13:49:13.464902,[]
2026-06-01,13:49:13.498235,[]
2026-06-01,13:49:13.531568,[]
2026-06-01,13:49:13.564901,[]
2026-06-01,13:49:13.598234,[]
2026-06-01,13:49:13.631567,[]
2026-06-01,13:49:13.664900,[]
2026-06-01,13:49:13.698233,[]
2026-06-01,13:49:13.731566,[]
2026-06-01,13:49:13.764899,[]
2026-06-01,13:49:13.798232,[]
2026-06-01,13:49:13.831565,[]
2026-06-01,13:49:13.864898,[]
2026-06-01,13:49:13.898231,[]
2026-06-01,13:49:13.931564,[]
2026-06-01,13:49:13.964897,[]
2026-06-01,13:49:13.998230,[]
2026-06-01,13:49:14.031563,[]
2026-06-01,13:49:14.064896,[]
2026-06-01,13:49:14.098229,[]
2026-06-01,13:49:14.131562,[]
2026-06-01,13:49:14.164895,[]
2026-06-01,13:49:14.198228,[]
2026-06-01,13:49:14.231561,[]
2026-06-01,13:49:14.264894,[]
2026-06-01,13:49:14.298227,[]
2026-06-01,13:49:14.331560,[]
2026-06-01,13:49:14.364893,[]
2026-06-01,13:49:14.398226,[]
2026-06-01,13:49:14.431559,[]
2026-06-01,13:49:14.464892,[]
2026-06-01,13:49:14.498225,[]
2026-06-01,13:49:14.531558,[]
2026-06-01,13:49:14.564891,[]
2026-06-01,13:49:14.598224,[]
2026-06-01,13:49:14.631557,[]
2026-06-01,13:49:14.664890,[]
2026-06-01,13:49:14.698223,[]
2026-06-01,13:49:14.731556,[]
2026-06-01,13:49:14.764889,[]
2026-06-01,13:49:14.798222,[]
2026-06-01,13:49:14.831555,[]
2026-06-01,13:49:14.864888,[]
2026-06-01,13:49:14.898221,[]
2026-06-01,13:49:14.931554,[]
2026-06-01,13:49:14.964887,[]
2026-06-01,13:49:14.998220,[]
2026-06-01,13:49:15.031553,[]
2026-06-01,13:49:15.064886,[]
2026-06-01,13:49:15.098219,[]
2026-06-01,13:49:15.131552,[]
2026-06-01,13:49:15.164885,[]
2026-06-01,13:49:15.198218,[]
2026-06-01,13:49:15.231551,[]
2026-06-01,13:49:15.264884,[]
2026-06-01,13:49:15.298217,[]
2026-06-01,13:49:15.331550,[]
2026-06-01,13:49:15.364883,[]
2026-06-01,13:49:15.398216,[]
2026-06-01,13:49:15.431549,[]
2026-06-01,13:49:15.464882,[]
2026-06-01,13:49:15.498215,[]
2026-06-01,13:49:15.531548,[]
2026-06-01,13:49:15.564881,[]
2026-06-01,13:49:15.598214,[]
2026-06-01,13:49:15.631547,[]
2026-06-01,13:49:15.664880,[]
2026-06-01,13:49:15.698213,[]
2026-06-01,13:49:15.731546,[]
2026-06-01,13:49:15.764879,[]
2026-06-01,13:49:15.798212,[]
2026-06-01,13:49:15.831545,[]
2026-06-01,13:49:15.864878,[]
2026-06-01,13:49:15.898211,[]
2026-06-01,13:49:15.931544,[]
2026-06-01,13:49:15.964877,[]
2026-06-01,13:49:15.998210,[]
2026-06-01,13:49:16.031543,[]
2026-06-01,13:49:16.064876,[]
2026-06-01,13:49:16.098209,[]
2026-06-01,13:49:16.131542,[]
2026-06-01,13:49:16.164875,[]
2026-06-01,13:49:16.198208,[]
2026-06-01,13:49:16.231541,[]
2026-06-01,13:49:16.264874,[]
2026-06-01,13:49:16.298207,[]
2026-06-01,13:49:16.331540,[]
2026-06-01,13:49:16.364873,[]
2026-06-01,13:49:16.398206,[]
2026-06-01,13:49:16.431539,[]
2026-06-01,13:49:16.464872,[]
2026-06-01,13:49:16.498205,[]
2026-06-01,13:49:16.531538,[]
2026-06-01,13:49:16.564871,[]
2026-06-01,13:49:16.598204,[]
2026-06-01,13:49:16.631537,[]
2026-06-01,13:49:16.664870,[]
2026-06-01,13:49:16.698203,[]
2026-06-01,13:49:16.731536,[]
2026-06-01,13:49:16.764869,[]
2026-06-01,13:49:16.798202,[]
2026-06-01,13:49:16.831535,[]
2026-06-01,13:49:16.864868,[]
2026-06-01,13:49:16.898201,[]
2026-06-01,13:49:16.931534,[]
2026-06-01,13:49:16.964867,[]
2026-06-01,13:49:16.998200,[]
2026-06-01,13:49:17.031533,[]
2026-06-01,13:49:17.064866,[]
2026-06-01,13:49:17.098199,[]
2026-06-01,13:49:17.131532,[]
2026-06-01,13:49:17.164865,[]
2026-06-01,13:49:17.198198,[]
2026-06-01,13:49:17.231531,[]
2026-06-01,13:49:17.264864,[]
2026-06-01,13:49:17.298197,[]
2026-06-01,13:49:17.331530,[]
2026-06-01,13:49:17.364863,[]
2026-06-01,13:49:17.398196,[]
2026-06-01,13:49:17.431529,[]
2026-06-01,13:49:17.464862,[]
2026-06-01,13:49:17.498195,[]
2026-06-01,13:49:17.531528,[]
2026-06-01,13:49:17.564861,[]
2026-06-01,13:49:17.598194,[]
2026-06-01,13:49:17.631527,[]
2026-06-01,13:49:17.664860,[]
2026-06-01,13:49:17.698193,[]
2026-06-01,13:49:17.731526,[]
2026-06-01,13:49:17.764859,[]
2026-06-01,13:49:17.798192,[]
2026-06-01,13:49:17.831525,[]
2026-06-01,13:49:17.864858,[]
2026-06-01,13:49:17.898191,[]
2026-06-01,13:49:17.931524,[]
2026-06-01,13:49:17.964857,[]
2026-06-01,13:49:17.998190,[]
2026-06-01,13:49:18.031523,[]
2026-06-01,13:49:18.064856,[]
2026-06-01,13:49:18.098189,[]
2026-06-01,13:49:18.131522,[]
2026-06-01,13:49:18.164855,[]
2026-06-01,13:49:18.198188,[]
2026-06-01,13:49:18.231521,[]
2026-06-01,13:49:18.264854,[]
2026-06-01,13:49:18.298187,[]
2026-06-01,13:49:18.331520,[]
2026-06-01,13:49:18.364853,[]
2026-06-01,13:49:18.398186,[]
2026-06-01,13:49:18.431519,[]
2026-06-01,13:49:18.464852,[]
2026-06-01,13:49:18.498185,[]
2026-06-01,13:49:18.531518,[]
2026-06-01,13:49:18.564851,[]
2026-06-01,13:49:18.598184,[]
2026-06-01,13:49:18.631517,[]
2026-06-01,13:49:18.664850,[]
2026-06-01,13:49:18.698183,[]
2026-06-01,13:49:18.731516,[]
2026-06-01,13:49:18.764849,[]
2026-06-01,13:49:18.798182,[]
2026-06-01,13:49:18.831515,[]
2026-06-01,13:49:18.864848,[]
2026-06-01,13:49:18.898181,[]
2026-06-01,13:49:18.931514,[]
2026-06-01,13:49:18.964847,[]
2026-06-01,13:49:18.998180,[]
2026-06-01,13:49:19.031513,[]
2026-06-01,13:49:19.064846,[]
2026-06-01,13:49:19.098179,[]
2026-06-01,13:49:19.131512,[]
2026-06-01,13:49:19.164845,[]
2026-06-01,13:49:19.198178,[]
2026-06-01,13:49:19.231511,[]
2026-06-01,13:49:19.264844,[]
2026-06-01,13:49:19.298177,[]
2026-06-01,13:49:19.331510,[]
2026-06-01,13:49:19.364843,[]
2026-06-01,13:49:19.398176,[]
2026-06-01,13:49:19.431509,[]
2026-06-01,13:49:19.464842,[]
2026-06-01,13:49:19.498175,[]
2026-06-01,13:49:19.531508,[]
2026-06-01,13:49:19.564841,[]
2026-06-01,13:49:19.598174,[]
2026-06-01,13:49:19.631507,[]
2026-06-01,13:49:19.664840,[]
2026-06-01,13:49:19.698173,[]
2026-06-01,13:49:19.731506,[]
2026-06-01,13:49:19.764839,[]
2026-06-01,13:49:19.798172,[]
2026-06-01,13:49:19.831505,[]
2026-06-01,13:49:19.864838,[]
2026-06-01,13:49:19.898171,[]
2026-06-01,13:49:19.931504,[]
2026-06-01,13:49:19.964837,[]
2026-06-01,13:49:19.998170,[]
2026-06-01,13:49:20.031503,[]
2026-06-01,13:49:20.064836,[]
2026-06-01,13:49:20.098169,[]
2026-06-01,13:49:20.131502,[]
2026-06-01,13:49:20.164835,[]
2026-06-01,13:49:20.198168,[]
2026-06-01,13:49:20.231501,[]
2026-06-01,13:49:20.264834,[]
2026-06-01,13:49:20.298167,[]
2026-06-01,13:49:20.331500,[]
2026-06-01,13:49:20.364833,[]
2026-06-01,13:49:20.398166,[]
2026-06-01,13:49:20.431499,[]
2026-06-01,13:49:20.464832,[]
2026-06-01,13:49:20.498165,[]
2026-06-01,13:49:20.531498,[]
2026-06-01,13:49:20.564831,[]
2026-06-01,13:49:20.598164,[]
2026-06-01,13:49:20.631497,[]
2026-06-01,13:49:20.664830,[]
2026-06-01,13:49:20.698163,[]
2026-06-01,13:49:20.731496,[]
2026-06-01,13:49:20.764829,[]
2026-06-01,13:49:20.798162,[]
2026-06-01,13:49:20.831495,[]
2026-06-01,13:49:20.864828,[]
2026-06-01,13:49:20.898161,[]
2026-06-01,13:49:20.931494,[]
2026-06-01,13:49:20.964827,[]
2026-06-01,13:49:20.998160,[]
2026-06-01,13:49:21.031493,[]
2026-06-01,13:49:21.064826,[]
2026-06-01,13:49:21.098159,[]
2026-06-01,13:49:21.131492,[]
2026-06-01,13:49:21.164825,[]
2026-06-01,13:49:21.198158,[]
2026-06-01,13:49:21.231491,[]
2026-06-01,13:49:21.264824,[]
2026-06-01,13:49:21.298157,[]
2026-06-01,13:49:21.331490,[]
2026-06-01,13:49:21.364823,[]
2026-06-01,13:49:21.398156,[]
2026-06-01,13:49:21.431489,[]
2026-06-01,13:49:21.464822,[]
2026-06-01,13:49:21.498155,[]
2026-06-01,13:49:21.531488,[]
2026-06-01,13:49:21.564821,[]
2026-06-01,13:49:21.598154,[]
2026-06-01,13:49:21.631487,[]
2026-06-01,13:49:21.664820,[]
2026-06-01,13:49:21.698153,[]
2026-06-01,13:49:21.731486,[]
2026-06-01,13:49:21.764819,[]
2026-06-01,13:49:21.798152,[]
2026-06-01,13:49:21.831485,[]
2026-06-01,13:49:21.864818,[]
2026-06-01,13:49:21.898151,[]
2026-06-01,13:49:21.931484,[]
2026-06-01,13:49:21.964817,[]
2026-06-01,13:49:21.998150,[]
2026-06-01,13:49:22.031483,[]
2026-06-01,13:49:22.064816,[]
2026-06-01,13:49:22.098149,[]
2026-06-01,13:49:22.131482,[]
2026-06-01,13:49:22.164815,[]
2026-06-01,13:49:22.198148,[]
2026-06-01,13:49:22.231481,[]
2026-06-01,13:49:22.264814,[]
2026-06-01,13:49:22.298147,[]
2026-06-01,13:49:22.331480,[]
2026-06-01,13:49:22.364813,[]
2026-06-01,13:49:22.398146,[]
2026-06-01,13:49:22.431479,[]
2026-06-01,13:49:22.464812,[]
2026-06-01,13:49:22.498145,[]
2026-06-01,13:49:22.531478,[]
2026-06-01,13:49:22.564811,[]
2026-06-01,13:49:22.598144,[]
2026-06-01,13:49:22.631477,[]
2026-06-01,13:49:22.664810,[]
2026-06-01,13:49:22.698143,[]
2026-06-01,13:49:22.731476,[]
2026-06-01,13:49:22.764809,[]
2026-06-01,13:49:22.798142,['AN37282']
2026-06-01,13:49:22.831475,[]
2026-06-01,13:49:22.864808,['AN37282']
2026-06-01,13:49:22.898141,[]
2026-06-01,13:49:22.931474,['AN37282']
2026-06-01,13:49:22.964807,['AN37282']
2026-06-01,13:49:22.998140,['AN37282']
2026-06-01,13:49:23.031473,['AN37282']
2026-06-01,13:49:23.064806,['AN37282']
2026-06-01,13:49:23.098139,[]
2026-06-01,13:49:23.131472,[]
2026-06-01,13:49:23.164805,[]
2026-06-01,13:49:23.198138,[]
2026-06-01,13:49:23.231471,[]
2026-06-01,13:49:23.264804,[]
2026-06-01,13:49:23.298137,[]
2026-06-01,13:49:23.331470,[]
2026-06-01,13:49:23.364803,[]
2026-06-01,13:49:23.398136,[]
2026-06-01,13:49:23.431469,[]
2026-06-01,13:49:23.464802,[]
2026-06-01,13:49:23.498135,[]
2026-06-01,13:49:23.531468,[]
2026-06-01,13:49:23.564801,[]
2026-06-01,13:49:23.598134,[]
2026-06-01,13:49:23.631467,[]
2026-06-01,13:49:23.664800,[]
2026-06-01,13:49:23.698133,[]
2026-06-01,13:49:23.731466,[]
2026-06-01,13:49:23.764799,[]
2026-06-01,13:49:23.798132,[]
2026-06-01,13:49:23.831465,[]
2026-06-01,13:49:23.864798,[]
2026-06-01,13:49:23.898131,[]
2026-06-01,13:49:23.931464,[]
2026-06-01,13:49:23.964797,[]
2026-06-01,13:49:23.998130,[]
2026-06-01,13:49:24.031463,[]
2026-06-01,13:49:24.064796,[]
2026-06-01,13:49:24.098129,[]
2026-06-01,13:49:24.131462,[]
2026-06-01,13:49:24.164795,[]
2026-06-01,13:49:24.198128,[]
2026-06-01,13:49:24.231461,[]
2026-06-01,13:49:24.264794,[]
2026-06-01,13:49:24.298127,[]
2026-06-01,13:49:24.331460,[]
2026-06-01,13:49:24.364793,[]
2026-06-01,13:49:24.398126,[]
2026-06-01,13:49:24.431459,[]
2026-06-01,13:49:24.464792,[]
2026-06-01,13:49:24.498125,[]
2026-06-01,13:49:24.531458,[]
2026-06-01,13:49:24.564791,[]
2026-06-01,13:49:24.598124,[]
2026-06-01,13:49:24.631457,[]
2026-06-01,13:49:24.664790,[]
2026-06-01,13:49:24.698123,[]
2026-06-01,13:49:24.731456,[]
2026-06-01,13:49:24.764789,[]
2026-06-01,13:49:24.798122,[]
2026-06-01,13:49:24.831455,[]
2026-06-01,13:49:24.864788,[]
2026-06-01,13:49:24.898121,[]
2026-06-01,13:49:24.931454,[]
2026-06-01,13:49:24.964787,[]
2026-06-01,13:49:24.998120,[]
2026-06-01,13:49:25.031453,[]
2026-06-01,13:49:25.064786,[]
2026-06-01,13:49:25.098119,[]
2026-06-01,13:49:25.131452,[]
2026-06-01,13:49:25.164785,[]
2026-06-01,13:49:25.198118,[]
2026-06-01,13:49:25.231451,[]
2026-06-01,13:49:25.264784,[]
2026-06-01,13:49:25.298117,[]
2026-06-01,13:49:25.331450,[]
2026-06-01,13:49:25.364783,[]
2026-06-01,13:49:25.398116,[]
2026-06-01,13:49:25.431449,[]
2026-06-01,13:49:25.464782,[]
2026-06-01,13:49:25.498115,[]
2026-06-01,13:49:25.531448,[]
2026-06-01,13:49:25.564781,[]
2026-06-01,13:49:25.598114,[]
2026-06-01,13:49:25.631447,['EE64547']
2026-06-01,13:49:25.664780,['EE64547']
2026-06-01,13:49:25.698113,['EE64547']
2026-06-01,13:49:25.731446,['EE64547']
2026-06-01,13:49:25.764779,['EE64547']
2026-06-01,13:49:25.798112,['EE64547']
2026-06-01,13:49:25.831445,['EE64547']
2026-06-01,13:49:25.864778,['EE64547']
2026-06-01,13:49:25.898111,[]
2026-06-01,13:49:25.931444,[]
2026-06-01,13:49:25.964777,[]
2026-06-01,13:49:25.998110,[]
2026-06-01,13:49:26.031443,[]
2026-06-01,13:49:26.064776,[]
2026-06-01,13:49:26.098109,[]
2026-06-01,13:49:26.131442,[]
2026-06-01,13:49:26.164775,[]
2026-06-01,13:49:26.198108,[]
2026-06-01,13:49:26.231441,[]
2026-06-01,13:49:26.264774,[]
2026-06-01,13:49:26.298107,[]
2026-06-01,13:49:26.331440,[]
2026-06-01,13:49:26.364773,[]
2026-06-01,13:49:26.398106,[]
2026-06-01,13:49:26.431439,[]
2026-06-01,13:49:26.464772,[]
2026-06-01,13:49:26.498105,[]
2026-06-01,13:49:26.531438,[]
2026-06-01,13:49:26.564771,[]
2026-06-01,13:49:26.598104,[]
2026-06-01,13:49:26.631437,[]
2026-06-01,13:49:26.664770,[]
2026-06-01,13:49:26.698103,[]
2026-06-01,13:49:26.731436,[]
2026-06-01,13:49:26.764769,[]
2026-06-01,13:49:26.798102,[]
2026-06-01,13:49:26.831435,[]
2026-06-01,13:49:26.864768,[]
2026-06-01,13:49:26.898101,[]
2026-06-01,13:49:26.931434,[]
2026-06-01,13:49:26.964767,[]
2026-06-01,13:49:26.998100,[]
2026-06-01,13:49:27.031433,[]
2026-06-01,13:49:27.064766,[]
2026-06-01,13:49:27.098099,[]
2026-06-01,13:49:27.131432,[]
2026-06-01,13:49:27.164765,[]
2026-06-01,13:49:27.198098,[]
2026-06-01,13:49:27.231431,[]
2026-06-01,13:49:27.264764,[]
2026-06-01,13:49:27.298097,[]
2026-06-01,13:49:27.331430,[]
2026-06-01,13:49:27.364763,[]
2026-06-01,13:49:27.398096,[]
2026-06-01,13:49:27.431429,[]
2026-06-01,13:49:27.464762,[]
2026-06-01,13:49:27.498095,[]
2026-06-01,13:49:27.531428,[]
2026-06-01,13:49:27.564761,[]
2026-06-01,13:49:27.598094,[]
2026-06-01,13:49:27.631427,[]
2026-06-01,13:49:27.664760,[]
2026-06-01,13:49:27.698093,[]
2026-06-01,13:49:27.731426,[]
2026-06-01,13:49:27.764759,[]
2026-06-01,13:49:27.798092,[]
2026-06-01,13:49:27.831425,[]
2026-06-01,13:49:27.864758,[]
2026-06-01,13:49:27.898091,[]
2026-06-01,13:49:27.931424,[]
2026-06-01,13:49:27.964757,[]
2026-06-01,13:49:27.998090,[]
2026-06-01,13:49:28.031423,[]
2026-06-01,13:49:28.064756,[]
2026-06-01,13:49:28.098089,[]
2026-06-01,13:49:28.131422,[]
2026-06-01,13:49:28.164755,[]
2026-06-01,13:49:28.198088,[]
2026-06-01,13:49:28.231421,[]
2026-06-01,13:49:28.264754,[]
2026-06-01,13:49:28.298087,[]
2026-06-01,13:49:28.331420,[]
2026-06-01,13:49:28.364753,[]
2026-06-01,13:49:28.398086,[]
2026-06-01,13:49:28.431419,[]
2026-06-01,13:49:28.464752,[]
2026-06-01,13:49:28.498085,[]
2026-06-01,13:49:28.531418,[]
2026-06-01,13:49:28.564751,[]
2026-06-01,13:49:28.598084,['BL99401']
2026-06-01,13:49:28.631417,['BL99401']
2026-06-01,13:49:28.664750,['BL99401']
2026-06-01,13:49:28.698083,['BL99401']
2026-06-01,13:49:28.731416,['BL99401']
2026-06-01,13:49:28.764749,['BL99401']
2026-06-01,13:49:28.798082,['BL99401']
2026-06-01,13:49:28.831415,['BL99401']
2026-06-01,13:49:28.864748,['BL99401']
2026-06-01,13:49:28.898081,['BL99401']
2026-06-01,13:49:28.931414,['BL99401']
2026-06-01,13:49:28.964747,[]
2026-06-01,13:49:28.998080,[]
2026-06-01,13:49:29.031413,[]
2026-06-01,13:49:29.064746,[]
2026-06-01,13:49:29.098079,[]
2026-06-01,13:49:29.131412,[]
2026-06-01,13:49:29.164745,[]
2026-06-01,13:49:29.198078,[]
2026-06-01,13:49:29.231411,[]
2026-06-01,13:49:29.264744,[]
2026-06-01,13:49:29.298077,[]
2026-06-01,13:49:29.331410,[]
2026-06-01,13:49:29.364743,[]
2026-06-01,13:49:29.398076,[]
2026-06-01,13:49:29.431409,[]
2026-06-01,13:49:29.464742,[]
2026-06-01,13:49:29.498075,[]
2026-06-01,13:49:29.531408,[]
2026-06-01,13:49:29.564741,[]
2026-06-01,13:49:29.598074,[]
2026-06-01,13:49:29.631407,[]
2026-06-01,13:49:29.664740,[]
2026-06-01,13:49:29.698073,[]
2026-06-01,13:49:29.731406,[]
2026-06-01,13:49:29.764739,[]
2026-06-01,13:49:29.798072,[]
2026-06-01,13:49:29.831405,[]
2026-06-01,13:49:29.864738,[]
2026-06-01,13:49:29.898071,[]
2026-06-01,13:49:29.931404,[]
2026-06-01,13:49:29.964737,[]
2026-06-01,13:49:29.998070,[]
2026-06-01,13:49:30.031403,[]
2026-06-01,13:49:30.064736,[]
2026-06-01,13:49:30.098069,[]
2026-06-01,13:49:30.131402,[]
2026-06-01,13:49:30.164735,[]
2026-06-01,13:49:30.198068,[]
2026-06-01,13:49:30.231401,[]
2026-06-01,13:49:30.264734,[]
2026-06-01,13:49:30.298067,[]
2026-06-01,13:49:30.331400,[]
2026-06-01,13:49:30.364733,[]
2026-06-01,13:49:30.398066,[]
2026-06-01,13:49:30.431399,[]
2026-06-01,13:49:30.464732,[]
2026-06-01,13:49:30.498065,[]
2026-06-01,13:49:30.531398,[]
2026-06-01,13:49:30.564731,[]
2026-06-01,13:49:30.598064,[]
2026-06-01,13:49:30.631397,[]
2026-06-01,13:49:30.664730,[]
2026-06-01,13:49:30.698063,[]
2026-06-01,13:49:30.731396,[]
2026-06-01,13:49:30.764729,[]
2026-06-01,13:49:30.798062,[]
2026-06-01,13:49:30.831395,[]
2026-06-01,13:49:30.864728,[]
2026-06-01,13:49:30.898061,[]
2026-06-01,13:49:30.931394,[]
2026-06-01,13:49:30.964727,[]
2026-06-01,13:49:30.998060,[]
2026-06-01,13:49:31.031393,[]
2026-06-01,13:49:31.064726,[]
2026-06-01,13:49:31.098059,[]
2026-06-01,13:49:31.131392,[]
2026-06-01,13:49:31.164725,[]
2026-06-01,13:49:31.198058,[]
2026-06-01,13:49:31.231391,[]
2026-06-01,13:49:31.264724,[]
2026-06-01,13:49:31.298057,[]
2026-06-01,13:49:31.331390,[]
2026-06-01,13:49:31.364723,[]
2026-06-01,13:49:31.398056,[]
2026-06-01,13:49:31.431389,[]
2026-06-01,13:49:31.464722,[]
2026-06-01,13:49:31.498055,[]
2026-06-01,13:49:31.531388,[]
2026-06-01,13:49:31.564721,[]
2026-06-01,13:49:31.598054,[]
2026-06-01,13:49:31.631387,[]
2026-06-01,13:49:31.664720,[]
2026-06-01,13:49:31.698053,[]
2026-06-01,13:49:31.731386,[]
2026-06-01,13:49:31.764719,[]
2026-06-01,13:49:31.798052,[]
2026-06-01,13:49:31.831385,[]
2026-06-01,13:49:31.864718,[]
2026-06-01,13:49:31.898051,[]
2026-06-01,13:49:31.931384,[]
2026-06-01,13:49:31.964717,[]
2026-06-01,13:49:31.998050,[]
2026-06-01,13:49:32.031383,[]
2026-06-01,13:49:32.064716,[]
2026-06-01,13:49:32.098049,[]
2026-06-01,13:49:32.131382,[]
2026-06-01,13:49:32.164715,[]
2026-06-01,13:49:32.198048,[]
2026-06-01,13:49:32.231381,[]
2026-06-01,13:49:32.264714,[]
2026-06-01,13:49:32.298047,[]
2026-06-01,13:49:32.331380,[]
2026-06-01,13:49:32.364713,[]
2026-06-01,13:49:32.398046,[]
2026-06-01,13:49:32.431379,[]
2026-06-01,13:49:32.464712,[]
2026-06-01,13:49:32.498045,[]
2026-06-01,13:49:32.531378,[]
2026-06-01,13:49:32.564711,[]
2026-06-01,13:49:32.598044,[]
2026-06-01,13:49:32.631377,[]
2026-06-01,13:49:32.664710,[]
2026-06-01,13:49:32.698043,[]
2026-06-01,13:49:32.731376,[]
2026-06-01,13:49:32.764709,[]
2026-06-01,13:49:32.798042,[]
2026-06-01,13:49:32.831375,[]
2026-06-01,13:49:32.864708,[]
2026-06-01,13:49:32.898041,[]
2026-06-01,13:49:32.931374,[]
2026-06-01,13:49:32.964707,[]
2026-06-01,13:49:32.998040,[]
2026-06-01,13:49:33.031373,[]
2026-06-01,13:49:33.064706,[]
2026-06-01,13:49:33.098039,[]
2026-06-01,13:49:33.131372,[]
2026-06-01,13:49:33.164705,[]
2026-06-01,13:49:33.198038,[]
2026-06-01,13:49:33.231371,[]
2026-06-01,13:49:33.264704,[]
2026-06-01,13:49:33.298037,[]
2026-06-01,13:49:33.331370,[]
2026-06-01,13:49:33.364703,[]
2026-06-01,13:49:33.398036,[]
2026-06-01,13:49:33.431369,[]
2026-06-01,13:49:33.464702,[]
2026-06-01,13:49:33.498035,[]
2026-06-01,13:49:33.531368,[]
2026-06-01,13:49:33.564701,[]
2026-06-01,13:49:33.598034,[]
2026-06-01,13:49:33.631367,[]
2026-06-01,13:49:33.664700,[]
2026-06-01,13:49:33.698033,[]
2026-06-01,13:49:33.731366,[]
2026-06-01,13:49:33.764699,[]
2026-06-01,13:49:33.798032,[]
2026-06-01,13:49:33.831365,[]
2026-06-01,13:49:33.864698,[]
2026-06-01,13:49:33.898031,[]
2026-06-01,13:49:33.931364,[]
2026-06-01,13:49:33.964697,[]
2026-06-01,13:49:33.998030,[]
2026-06-01,13:49:34.031363,[]
2026-06-01,13:49:34.064696,[]
2026-06-01,13:49:34.098029,[]
2026-06-01,13:49:34.131362,[]
2026-06-01,13:49:34.164695,[]
2026-06-01,13:49:34.198028,[]
2026-06-01,13:49:34.231361,[]
2026-06-01,13:49:34.264694,[]
2026-06-01,13:49:34.298027,[]
2026-06-01,13:49:34.331360,[]
2026-06-01,13:49:34.364693,[]
2026-06-01,13:49:34.398026,[]
2026-06-01,13:49:34.431359,[]
2026-06-01,13:49:34.464692,[]
2026-06-01,13:49:34.498025,[]
2026-06-01,13:49:34.531358,[]
2026-06-01,13:49:34.564691,[]
2026-06-01,13:49:34.598024,[]
2026-06-01,13:49:34.631357,[]
2026-06-01,13:49:34.664690,[]
2026-06-01,13:49:34.698023,[]
2026-06-01,13:49:34.731356,[]
2026-06-01,13:49:34.764689,[]
2026-06-01,13:49:34.798022,[]
2026-06-01,13:49:34.831355,[]
2026-06-01,13:49:34.864688,[]
2026-06-01,13:49:34.898021,[]
2026-06-01,13:49:34.931354,[]
2026-06-01,13:49:34.964687,[]
2026-06-01,13:49:34.998020,[]
2026-06-01,13:49:35.031353,[]
2026-06-01,13:49:35.064686,[]
2026-06-01,13:49:35.098019,[]
2026-06-01,13:49:35.131352,[]
2026-06-01,13:49:35.164685,[]
2026-06-01,13:49:35.198018,[]
2026-06-01,13:49:35.231351,[]
2026-06-01,13:49:35.264684,[]
2026-06-01,13:49:35.298017,[]
2026-06-01,13:49:35.331350,[]
2026-06-01,13:49:35.364683,[]
2026-06-01,13:49:35.398016,[]
2026-06-01,13:49:35.431349,[]
2026-06-01,13:49:35.464682,[]
2026-06-01,13:49:35.498015,[]
2026-06-01,13:49:35.531348,[]
2026-06-01,13:49:35.564681,[]
2026-06-01,13:49:35.598014,[]
2026-06-01,13:49:35.631347,[]
2026-06-01,13:49:35.664680,[]
2026-06-01,13:49:35.698013,[]
2026-06-01,13:49:35.731346,[]
2026-06-01,13:49:35.764679,[]
2026-06-01,13:49:35.798012,[]
2026-06-01,13:49:35.831345,[]
2026-06-01,13:49:35.864678,[]
2026-06-01,13:49:35.898011,[]
2026-06-01,13:49:35.931344,[]
2026-06-01,13:49:35.964677,[]
2026-06-01,13:49:35.998010,[]
2026-06-01,13:49:36.031343,[]
2026-06-01,13:49:36.064676,[]
2026-06-01,13:49:36.098009,[]
2026-06-01,13:49:36.131342,[]
2026-06-01,13:49:36.164675,[]
2026-06-01,13:49:36.198008,[]
2026-06-01,13:49:36.231341,[]
2026-06-01,13:49:36.264674,[]
2026-06-01,13:49:36.298007,[]
2026-06-01,13:49:36.331340,[]
2026-06-01,13:49:36.364673,[]
2026-06-01,13:49:36.398006,[]
2026-06-01,13:49:36.431339,[]
2026-06-01,13:49:36.464672,[]
2026-06-01,13:49:36.498005,[]
2026-06-01,13:49:36.531338,[]
2026-06-01,13:49:36.564671,[]
2026-06-01,13:49:36.598004,[]
2026-06-01,13:49:36.631337,[]
2026-06-01,13:49:36.664670,[]
2026-06-01,13:49:36.698003,[]
2026-06-01,13:49:36.731336,[]
2026-06-01,13:49:36.764669,[]
2026-06-01,13:49:36.798002,[]
2026-06-01,13:49:36.831335,[]
2026-06-01,13:49:36.864668,[]
2026-06-01,13:49:36.898001,[]
2026-06-01,13:49:36.931334,[]
2026-06-01,13:49:36.964667,[]
2026-06-01,13:49:36.998000,[]
2026-06-01,13:49:37.031333,[]
2026-06-01,13:49:37.064666,[]
2026-06-01,13:49:37.097999,[]
2026-06-01,13:49:37.131332,[]
2026-06-01,13:49:37.164665,[]
2026-06-01,13:49:37.197998,[]
2026-06-01,13:49:37.231331,[]
2026-06-01,13:49:37.264664,[]
2026-06-01,13:49:37.297997,[]
2026-06-01,13:49:37.331330,[]
2026-06-01,13:49:37.364663,[]
2026-06-01,13:49:37.397996,[]
2026-06-01,13:49:37.431329,[]
2026-06-01,13:49:37.464662,[]
2026-06-01,13:49:37.497995,[]
2026-06-01,13:49:37.531328,[]
2026-06-01,13:49:37.564661,[]
2026-06-01,13:49:37.597994,[]
2026-06-01,13:49:37.631327,[]
2026-06-01,13:49:37.664660,[]
2026-06-01,13:49:37.697993,[]
2026-06-01,13:49:37.731326,[]
2026-06-01,13:49:37.764659,[]
2026-06-01,13:49:37.797992,[]
2026-06-01,13:49:37.831325,[]
2026-06-01,13:49:37.864658,[]
2026-06-01,13:49:37.897991,[]
2026-06-01,13:49:37.931324,[]
2026-06-01,13:49:37.964657,[]
2026-06-01,13:49:37.997990,[]
2026-06-01,13:49:38.031323,[]
2026-06-01,13:49:38.064656,[]
2026-06-01,13:49:38.097989,[]
2026-06-01,13:49:38.131322,[]
2026-06-01,13:49:38.164655,[]
2026-06-01,13:49:38.197988,[]
2026-06-01,13:49:38.231321,[]
2026-06-01,13:49:38.264654,[]
2026-06-01,13:49:38.297987,[]
2026-06-01,13:49:38.331320,[]
2026-06-01,13:49:38.364653,[]
2026-06-01,13:49:38.397986,[]
2026-06-01,13:49:38.431319,[]
2026-06-01,13:49:38.464652,[]
2026-06-01,13:49:38.497985,[]
2026-06-01,13:49:38.531318,[]
2026-06-01,13:49:38.564651,[]
2026-06-01,13:49:38.597984,[]
2026-06-01,13:49:38.631317,[]
2026-06-01,13:49:38.664650,[]
2026-06-01,13:49:38.697983,[]
2026-06-01,13:49:38.731316,[]
2026-06-01,13:49:38.764649,[]
2026-06-01,13:49:38.797982,[]
2026-06-01,13:49:38.831315,[]
2026-06-01,13:49:38.864648,[]
2026-06-01,13:49:38.897981,[]
2026-06-01,13:49:38.931314,[]
2026-06-01,13:49:38.964647,[]
2026-06-01,13:49:38.997980,[]
2026-06-01,13:49:39.031313,[]
2026-06-01,13:49:39.064646,[]
2026-06-01,13:49:39.097979,[]
2026-06-01,13:49:39.131312,[]
2026-06-01,13:49:39.164645,[]
2026-06-01,13:49:39.197978,[]
2026-06-01,13:49:39.231311,[]
2026-06-01,13:49:39.264644,[]
2026-06-01,13:49:39.297977,[]
2026-06-01,13:49:39.331310,[]
2026-06-01,13:49:39.364643,[]
2026-06-01,13:49:39.397976,[]
2026-06-01,13:49:39.431309,[]
2026-06-01,13:49:39.464642,[]
2026-06-01,13:49:39.497975,[]
2026-06-01,13:49:39.531308,[]
2026-06-01,13:49:39.564641,[]
2026-06-01,13:49:39.597974,[]
2026-06-01,13:49:39.631307,[]
2026-06-01,13:49:39.664640,[]
2026-06-01,13:49:39.697973,[]
2026-06-01,13:49:39.731306,[]
2026-06-01,13:49:39.764639,[]
2026-06-01,13:49:39.797972,[]
2026-06-01,13:49:39.831305,[]
2026-06-01,13:49:39.864638,[]
2026-06-01,13:49:39.897971,[]
2026-06-01,13:49:39.931304,[]
2026-06-01,13:49:39.964637,['DM88829']
2026-06-01,13:49:39.997970,[]
2026-06-01,13:49:40.031303,['DM88229']
2026-06-01,13:49:40.064636,[]
2026-06-01,13:49:40.097969,[]
2026-06-01,13:49:40.131302,[]
2026-06-01,13:49:40.164635,[]
2026-06-01,13:49:40.197968,[]
2026-06-01,13:49:40.231301,[]
2026-06-01,13:49:40.264634,[]
2026-06-01,13:49:40.297967,[]
2026-06-01,13:49:40.331300,[]
2026-06-01,13:49:40.364633,[]
2026-06-01,13:49:40.397966,[]
2026-06-01,13:49:40.431299,[]
2026-06-01,13:49:40.464632,[]
2026-06-01,13:49:40.497965,[]
2026-06-01,13:49:40.531298,[]
2026-06-01,13:49:40.564631,[]
2026-06-01,13:49:40.597964,[]
2026-06-01,13:49:40.631297,[]
2026-06-01,13:49:40.664630,[]
2026-06-01,13:49:40.697963,[]
2026-06-01,13:49:40.731296,[]
2026-06-01,13:49:40.764629,[]
2026-06-01,13:49:40.797962,[]
2026-06-01,13:49:40.831295,[]
2026-06-01,13:49:40.864628,[]
2026-06-01,13:49:40.897961,[]
2026-06-01,13:49:40.931294,[]
2026-06-01,13:49:40.964627,[]
2026-06-01,13:49:40.997960,[]
2026-06-01,13:49:41.031293,[]
2026-06-01,13:49:41.064626,[]
2026-06-01,13:49:41.097959,[]
2026-06-01,13:49:41.131292,[]
2026-06-01,13:49:41.164625,[]
2026-06-01,13:49:41.197958,[]
2026-06-01,13:49:41.231291,[]
2026-06-01,13:49:41.264624,[]
2026-06-01,13:49:41.297957,[]
2026-06-01,13:49:41.331290,[]
2026-06-01,13:49:41.364623,[]
2026-06-01,13:49:41.397956,[]
2026-06-01,13:49:41.431289,[]
2026-06-01,13:49:41.464622,[]
2026-06-01,13:49:41.497955,[]
2026-06-01,13:49:41.531288,[]
2026-06-01,13:49:41.564621,[]
2026-06-01,13:49:41.597954,[]
2026-06-01,13:49:41.631287,[]
2026-06-01,13:49:41.664620,[]
2026-06-01,13:49:41.697953,[]
2026-06-01,13:49:41.731286,[]
2026-06-01,13:49:41.764619,[]
2026-06-01,13:49:41.797952,[]
2026-06-01,13:49:41.831285,[]
2026-06-01,13:49:41.864618,[]
2026-06-01,13:49:41.897951,[]
2026-06-01,13:49:41.931284,[]
2026-06-01,13:49:41.964617,[]
2026-06-01,13:49:41.997950,[]
2026-06-01,13:49:42.031283,[]
2026-06-01,13:49:42.064616,[]
2026-06-01,13:49:42.097949,[]
2026-06-01,13:49:42.131282,[]
2026-06-01,13:49:42.164615,[]
2026-06-01,13:49:42.197948,[]
2026-06-01,13:49:42.231281,[]
2026-06-01,13:49:42.264614,[]
2026-06-01,13:49:42.297947,[]
2026-06-01,13:49:42.331280,[]
2026-06-01,13:49:42.364613,[]
2026-06-01,13:49:42.397946,[]
2026-06-01,13:49:42.431279,[]
2026-06-01,13:49:42.464612,[]
2026-06-01,13:49:42.497945,[]
2026-06-01,13:49:42.531278,['EN17411']
2026-06-01,13:49:42.564611,['EN17411']
2026-06-01,13:49:42.597944,[]
2026-06-01,13:49:42.631277,[]
2026-06-01,13:49:42.664610,[]
2026-06-01,13:49:42.697943,[]
2026-06-01,13:49:42.731276,[]
2026-06-01,13:49:42.764609,[]
2026-06-01,13:49:42.797942,[]
2026-06-01,13:49:42.831275,[]
2026-06-01,13:49:42.864608,[]
2026-06-01,13:49:42.897941,[]
2026-06-01,13:49:42.931274,[]
2026-06-01,13:49:42.964607,[]
2026-06-01,13:49:42.997940,[]
2026-06-01,13:49:43.031273,[]
2026-06-01,13:49:43.064606,[]
2026-06-01,13:49:43.097939,[]
2026-06-01,13:49:43.131272,[]
2026-06-01,13:49:43.164605,[]
2026-06-01,13:49:43.197938,[]
2026-06-01,13:49:43.231271,[]
2026-06-01,13:49:43.264604,[]
2026-06-01,13:49:43.297937,[]
2026-06-01,13:49:43.331270,[]
2026-06-01,13:49:43.364603,[]
2026-06-01,13:49:43.397936,[]
2026-06-01,13:49:43.431269,[]
2026-06-01,13:49:43.464602,[]
2026-06-01,13:49:43.497935,[]
2026-06-01,13:49:43.531268,[]
2026-06-01,13:49:43.564601,[]
2026-06-01,13:49:43.597934,[]
2026-06-01,13:49:43.631267,[]
2026-06-01,13:49:43.664600,[]
2026-06-01,13:49:43.697933,[]
2026-06-01,13:49:43.731266,[]
2026-06-01,13:49:43.764599,[]
2026-06-01,13:49:43.797932,[]
2026-06-01,13:49:43.831265,[]
2026-06-01,13:49:43.864598,[]
2026-06-01,13:49:43.897931,[]
2026-06-01,13:49:43.931264,[]
2026-06-01,13:49:43.964597,[]
2026-06-01,13:49:43.997930,[]
2026-06-01,13:49:44.031263,[]
2026-06-01,13:49:44.064596,[]
2026-06-01,13:49:44.097929,[]
2026-06-01,13:49:44.131262,[]
2026-06-01,13:49:44.164595,[]
2026-06-01,13:49:44.197928,[]
2026-06-01,13:49:44.231261,[]
2026-06-01,13:49:44.264594,[]
2026-06-01,13:49:44.297927,[]
2026-06-01,13:49:44.331260,[]
2026-06-01,13:49:44.364593,[]
2026-06-01,13:49:44.397926,[]
2026-06-01,13:49:44.431259,[]
2026-06-01,13:49:44.464592,[]
2026-06-01,13:49:44.497925,[]
2026-06-01,13:49:44.531258,[]
2026-06-01,13:49:44.564591,[]
2026-06-01,13:49:44.597924,[]
2026-06-01,13:49:44.631257,[]
2026-06-01,13:49:44.664590,[]
2026-06-01,13:49:44.697923,[]
2026-06-01,13:49:44.731256,[]
2026-06-01,13:49:44.764589,[]
2026-06-01,13:49:44.797922,[]
2026-06-01,13:49:44.831255,[]
2026-06-01,13:49:44.864588,[]
2026-06-01,13:49:44.897921,[]
2026-06-01,13:49:44.931254,[]
2026-06-01,13:49:44.964587,[]
2026-06-01,13:49:44.997920,[]
2026-06-01,13:49:45.031253,[]
2026-06-01,13:49:45.064586,[]
2026-06-01,13:49:45.097919,[]
2026-06-01,13:49:45.131252,[]
2026-06-01,13:49:45.164585,[]
2026-06-01,13:49:45.197918,[]
2026-06-01,13:49:45.231251,[]
2026-06-01,13:49:45.264584,[]
2026-06-01,13:49:45.297917,[]
2026-06-01,13:49:45.331250,[]
2026-06-01,13:49:45.364583,[]
2026-06-01,13:49:45.397916,[]
2026-06-01,13:49:45.431249,[]
2026-06-01,13:49:45.464582,[]
2026-06-01,13:49:45.497915,[]
2026-06-01,13:49:45.531248,[]
2026-06-01,13:49:45.564581,[]
2026-06-01,13:49:45.597914,[]
2026-06-01,13:49:45.631247,[]
2026-06-01,13:49:45.664580,[]
2026-06-01,13:49:45.697913,[]
2026-06-01,13:49:45.731246,[]
2026-06-01,13:49:45.764579,[]
2026-06-01,13:49:45.797912,[]
2026-06-01,13:49:45.831245,[]
2026-06-01,13:49:45.864578,[]
2026-06-01,13:49:45.897911,[]
2026-06-01,13:49:45.931244,[]
2026-06-01,13:49:45.964577,[]
2026-06-01,13:49:45.997910,[]
2026-06-01,13:49:46.031243,[]
2026-06-01,13:49:46.064576,[]
2026-06-01,13:49:46.097909,[]
2026-06-01,13:49:46.131242,[]
2026-06-01,13:49:46.164575,[]
2026-06-01,13:49:46.197908,[]
2026-06-01,13:49:46.231241,[]
2026-06-01,13:49:46.264574,[]
2026-06-01,13:49:46.297907,[]
2026-06-01,13:49:46.331240,[]
2026-06-01,13:49:46.364573,[]
2026-06-01,13:49:46.397906,[]
2026-06-01,13:49:46.431239,[]
2026-06-01,13:49:46.464572,[]
2026-06-01,13:49:46.497905,[]
2026-06-01,13:49:46.531238,[]
2026-06-01,13:49:46.564571,[]
2026-06-01,13:49:46.597904,[]
2026-06-01,13:49:46.631237,[]
2026-06-01,13:49:46.664570,[]
2026-06-01,13:49:46.697903,[]
2026-06-01,13:49:46.731236,[]
2026-06-01,13:49:46.764569,[]
2026-06-01,13:49:46.797902,[]
2026-06-01,13:49:46.831235,[]
2026-06-01,13:49:46.864568,[]
2026-06-01,13:49:46.897901,[]
2026-06-01,13:49:46.931234,[]
2026-06-01,13:49:46.964567,[]
2026-06-01,13:49:46.997900,[]
2026-06-01,13:49:47.031233,[]
2026-06-01,13:49:47.064566,[]
2026-06-01,13:49:47.097899,[]
2026-06-01,13:49:47.131232,[]
2026-06-01,13:49:47.164565,[]
2026-06-01,13:49:47.197898,[]
2026-06-01,13:49:47.231231,[]
2026-06-01,13:49:47.264564,[]
2026-06-01,13:49:47.297897,[]
2026-06-01,13:49:47.331230,[]
2026-06-01,13:49:47.364563,[]
2026-06-01,13:49:47.397896,[]
2026-06-01,13:49:47.431229,[]
2026-06-01,13:49:47.464562,[]
2026-06-01,13:49:47.497895,[]
2026-06-01,13:49:47.531228,[]
2026-06-01,13:49:47.564561,[]
2026-06-01,13:49:47.597894,[]
2026-06-01,13:49:47.631227,[]
2026-06-01,13:49:47.664560,[]
2026-06-01,13:49:47.697893,[]
2026-06-01,13:49:47.731226,[]
2026-06-01,13:49:47.764559,[]
2026-06-01,13:49:47.797892,[]
2026-06-01,13:49:47.831225,[]
2026-06-01,13:49:47.864558,[]
2026-06-01,13:49:47.897891,[]
2026-06-01,13:49:47.931224,[]
2026-06-01,13:49:47.964557,[]
2026-06-01,13:49:47.997890,[]
2026-06-01,13:49:48.031223,[]
2026-06-01,13:49:48.064556,[]
2026-06-01,13:49:48.097889,[]
2026-06-01,13:49:48.131222,[]
2026-06-01,13:49:48.164555,[]
2026-06-01,13:49:48.197888,[]
2026-06-01,13:49:48.231221,[]
2026-06-01,13:49:48.264554,[]
2026-06-01,13:49:48.297887,[]
2026-06-01,13:49:48.331220,[]
2026-06-01,13:49:48.364553,[]
2026-06-01,13:49:48.397886,[]
2026-06-01,13:49:48.431219,[]
2026-06-01,13:49:48.464552,[]
2026-06-01,13:49:48.497885,[]
2026-06-01,13:49:48.531218,[]
2026-06-01,13:49:48.564551,[]
2026-06-01,13:49:48.597884,[]
2026-06-01,13:49:48.631217,[]
2026-06-01,13:49:48.664550,[]
2026-06-01,13:49:48.697883,[]
2026-06-01,13:49:48.731216,[]
2026-06-01,13:49:48.764549,[]
2026-06-01,13:49:48.797882,[]
2026-06-01,13:49:48.831215,[]
2026-06-01,13:49:48.864548,[]
2026-06-01,13:49:48.897881,[]
2026-06-01,13:49:48.931214,[]
2026-06-01,13:49:48.964547,[]
2026-06-01,13:49:48.997880,[]
2026-06-01,13:49:49.031213,[]
2026-06-01,13:49:49.064546,[]
2026-06-01,13:49:49.097879,[]
2026-06-01,13:49:49.131212,[]
2026-06-01,13:49:49.164545,[]
2026-06-01,13:49:49.197878,[]
2026-06-01,13:49:49.231211,[]
2026-06-01,13:49:49.264544,[]
2026-06-01,13:49:49.297877,[]
2026-06-01,13:49:49.331210,[]
2026-06-01,13:49:49.364543,[]
2026-06-01,13:49:49.397876,[]
2026-06-01,13:49:49.431209,[]
2026-06-01,13:49:49.464542,[]
2026-06-01,13:49:49.497875,[]
2026-06-01,13:49:49.531208,[]
2026-06-01,13:49:49.564541,[]
2026-06-01,13:49:49.597874,[]
2026-06-01,13:49:49.631207,[]
2026-06-01,13:49:49.664540,[]
2026-06-01,13:49:49.697873,[]
2026-06-01,13:49:49.731206,[]
2026-06-01,13:49:49.764539,[]
2026-06-01,13:49:49.797872,[]
2026-06-01,13:49:49.831205,[]
2026-06-01,13:49:49.864538,[]
2026-06-01,13:49:49.897871,[]
2026-06-01,13:49:49.931204,[]
2026-06-01,13:49:49.964537,[]
2026-06-01,13:49:49.997870,[]
2026-06-01,13:49:50.031203,[]
2026-06-01,13:49:50.064536,[]
2026-06-01,13:49:50.097869,[]
2026-06-01,13:49:50.131202,[]
2026-06-01,13:49:50.164535,[]
2026-06-01,13:49:50.197868,[]
2026-06-01,13:49:50.231201,[]
2026-06-01,13:49:50.264534,[]
2026-06-01,13:49:50.297867,[]
2026-06-01,13:49:50.331200,[]
2026-06-01,13:49:50.364533,[]
2026-06-01,13:49:50.397866,[]
2026-06-01,13:49:50.431199,[]
2026-06-01,13:49:50.464532,[]
2026-06-01,13:49:50.497865,[]
2026-06-01,13:49:50.531198,[]
2026-06-01,13:49:50.564531,[]
2026-06-01,13:49:50.597864,[]
2026-06-01,13:49:50.631197,[]
2026-06-01,13:49:50.664530,[]
2026-06-01,13:49:50.697863,[]
2026-06-01,13:49:50.731196,[]
2026-06-01,13:49:50.764529,[]
2026-06-01,13:49:50.797862,[]
2026-06-01,13:49:50.831195,[]
2026-06-01,13:49:50.864528,[]
2026-06-01,13:49:50.897861,[]
2026-06-01,13:49:50.931194,[]
2026-06-01,13:49:50.964527,[]
2026-06-01,13:49:50.997860,[]
2026-06-01,13:49:51.031193,[]
2026-06-01,13:49:51.064526,[]
2026-06-01,13:49:51.097859,[]
2026-06-01,13:49:51.131192,[]
2026-06-01,13:49:51.164525,[]
2026-06-01,13:49:51.197858,[]
2026-06-01,13:49:51.231191,[]
2026-06-01,13:49:51.264524,[]
2026-06-01,13:49:51.297857,[]
2026-06-01,13:49:51.331190,[]
2026-06-01,13:49:51.364523,[]
2026-06-01,13:49:51.397856,[]
2026-06-01,13:49:51.431189,[]
2026-06-01,13:49:51.464522,[]
2026-06-01,13:49:51.497855,[]
2026-06-01,13:49:51.531188,[]
2026-06-01,13:49:51.564521,[]
2026-06-01,13:49:51.597854,[]
2026-06-01,13:49:51.631187,[]
2026-06-01,13:49:51.664520,[]
2026-06-01,13:49:51.697853,[]
2026-06-01,13:49:51.731186,[]
2026-06-01,13:49:51.764519,[]
2026-06-01,13:49:51.797852,[]
2026-06-01,13:49:51.831185,[]
2026-06-01,13:49:51.864518,[]
2026-06-01,13:49:51.897851,[]
2026-06-01,13:49:51.931184,[]
2026-06-01,13:49:51.964517,[]
2026-06-01,13:49:51.997850,[]
2026-06-01,13:49:52.031183,[]
2026-06-01,13:49:52.064516,[]
2026-06-01,13:49:52.097849,[]
2026-06-01,13:49:52.131182,[]
2026-06-01,13:49:52.164515,[]
2026-06-01,13:49:52.197848,[]
2026-06-01,13:49:52.231181,[]
2026-06-01,13:49:52.264514,[]
2026-06-01,13:49:52.297847,[]
2026-06-01,13:49:52.331180,[]
2026-06-01,13:49:52.364513,[]
2026-06-01,13:49:52.397846,[]
2026-06-01,13:49:52.431179,[]
2026-06-01,13:49:52.464512,[]
2026-06-01,13:49:52.497845,[]
2026-06-01,13:49:52.531178,[]
2026-06-01,13:49:52.564511,[]
2026-06-01,13:49:52.597844,[]
2026-06-01,13:49:52.631177,[]
2026-06-01,13:49:52.664510,[]
2026-06-01,13:49:52.697843,[]
2026-06-01,13:49:52.731176,[]
2026-06-01,13:49:52.764509,[]
2026-06-01,13:49:52.797842,[]
2026-06-01,13:49:52.831175,[]
2026-06-01,13:49:52.864508,[]
2026-06-01,13:49:52.897841,[]
2026-06-01,13:49:52.931174,[]
2026-06-01,13:49:52.964507,[]
2026-06-01,13:49:52.997840,[]
2026-06-01,13:49:53.031173,[]
2026-06-01,13:49:53.064506,[]
2026-06-01,13:49:53.097839,[]
2026-06-01,13:49:53.131172,[]
2026-06-01,13:49:53.164505,[]
2026-06-01,13:49:53.197838,[]
2026-06-01,13:49:53.231171,[]
2026-06-01,13:49:53.264504,[]
2026-06-01,13:49:53.297837,[]
2026-06-01,13:49:53.331170,[]
2026-06-01,13:49:53.364503,[]
2026-06-01,13:49:53.397836,[]
2026-06-01,13:49:53.431169,[]
2026-06-01,13:49:53.464502,[]
2026-06-01,13:49:53.497835,[]
2026-06-01,13:49:53.531168,[]
2026-06-01,13:49:53.564501,[]
2026-06-01,13:49:53.597834,[]
2026-06-01,13:49:53.631167,[]
2026-06-01,13:49:53.664500,[]
2026-06-01,13:49:53.697833,[]
2026-06-01,13:49:53.731166,[]
2026-06-01,13:49:53.764499,[]
2026-06-01,13:49:53.797832,[]
2026-06-01,13:49:53.831165,[]
2026-06-01,13:49:53.864498,[]
2026-06-01,13:49:53.897831,[]
2026-06-01,13:49:53.931164,[]
2026-06-01,13:49:53.964497,[]
2026-06-01,13:49:53.997830,[]
2026-06-01,13:49:54.031163,[]
2026-06-01,13:49:54.064496,[]
2026-06-01,13:49:54.097829,[]
2026-06-01,13:49:54.131162,[]
2026-06-01,13:49:54.164495,[]
2026-06-01,13:49:54.197828,[]
2026-06-01,13:49:54.231161,[]
2026-06-01,13:49:54.264494,[]
2026-06-01,13:49:54.297827,[]
2026-06-01,13:49:54.331160,[]
2026-06-01,13:49:54.364493,[]
2026-06-01,13:49:54.397826,[]
2026-06-01,13:49:54.431159,[]
2026-06-01,13:49:54.464492,[]
2026-06-01,13:49:54.497825,[]
2026-06-01,13:49:54.531158,[]
2026-06-01,13:49:54.564491,[]
2026-06-01,13:49:54.597824,[]
2026-06-01,13:49:54.631157,[]
2026-06-01,13:49:54.664490,[]
2026-06-01,13:49:54.697823,[]
2026-06-01,13:49:54.731156,[]
2026-06-01,13:49:54.764489,[]
2026-06-01,13:49:54.797822,[]
2026-06-01,13:49:54.831155,[]
2026-06-01,13:49:54.864488,[]
2026-06-01,13:49:54.897821,[]
2026-06-01,13:49:54.931154,[]
2026-06-01,13:49:54.964487,[]
2026-06-01,13:49:54.997820,[]
2026-06-01,13:49:55.031153,[]
2026-06-01,13:49:55.064486,[]
2026-06-01,13:49:55.097819,[]
2026-06-01,13:49:55.131152,[]
2026-06-01,13:49:55.164485,[]
2026-06-01,13:49:55.197818,[]
2026-06-01,13:49:55.231151,[]
2026-06-01,13:49:55.264484,[]
2026-06-01,13:49:55.297817,[]
2026-06-01,13:49:55.331150,[]
2026-06-01,13:49:55.364483,[]
2026-06-01,13:49:55.397816,[]
2026-06-01,13:49:55.431149,[]
2026-06-01,13:49:55.464482,[]
2026-06-01,13:49:55.497815,[]
2026-06-01,13:49:55.531148,[]
2026-06-01,13:49:55.564481,[]
2026-06-01,13:49:55.597814,[]
2026-06-01,13:49:55.631147,[]
2026-06-01,13:49:55.664480,[]
2026-06-01,13:49:55.697813,[]
2026-06-01,13:49:55.731146,[]
2026-06-01,13:49:55.764479,[]
2026-06-01,13:49:55.797812,[]
2026-06-01,13:49:55.831145,[]
2026-06-01,13:49:55.864478,[]
2026-06-01,13:49:55.897811,[]
2026-06-01,13:49:55.931144,[]
2026-06-01,13:49:55.964477,[]
2026-06-01,13:49:55.997810,[]
2026-06-01,13:49:56.031143,[]
2026-06-01,13:49:56.064476,[]
2026-06-01,13:49:56.097809,[]
2026-06-01,13:49:56.131142,[]
2026-06-01,13:49:56.164475,[]
2026-06-01,13:49:56.197808,[]
2026-06-01,13:49:56.231141,[]
2026-06-01,13:49:56.264474,[]
2026-06-01,13:49:56.297807,[]
2026-06-01,13:49:56.331140,[]
2026-06-01,13:49:56.364473,[]
2026-06-01,13:49:56.397806,[]
2026-06-01,13:49:56.431139,[]
2026-06-01,13:49:56.464472,[]
2026-06-01,13:49:56.497805,[]
2026-06-01,13:49:56.531138,[]
2026-06-01,13:49:56.564471,[]
2026-06-01,13:49:56.597804,[]
2026-06-01,13:49:56.631137,[]
2026-06-01,13:49:56.664470,[]
2026-06-01,13:49:56.697803,[]
2026-06-01,13:49:56.731136,[]
2026-06-01,13:49:56.764469,[]
2026-06-01,13:49:56.797802,[]
2026-06-01,13:49:56.831135,[]
2026-06-01,13:49:56.864468,[]
2026-06-01,13:49:56.897801,[]
2026-06-01,13:49:56.931134,[]
2026-06-01,13:49:56.964467,[]
2026-06-01,13:49:56.997800,[]
2026-06-01,13:49:57.031133,[]
2026-06-01,13:49:57.064466,[]
2026-06-01,13:49:57.097799,[]
2026-06-01,13:49:57.131132,[]
2026-06-01,13:49:57.164465,[]
2026-06-01,13:49:57.197798,[]
2026-06-01,13:49:57.231131,[]
2026-06-01,13:49:57.264464,[]
2026-06-01,13:49:57.297797,[]
2026-06-01,13:49:57.331130,[]
2026-06-01,13:49:57.364463,[]
2026-06-01,13:49:57.397796,[]
2026-06-01,13:49:57.431129,[]
2026-06-01,13:49:57.464462,[]
2026-06-01,13:49:57.497795,[]
2026-06-01,13:49:57.531128,[]
2026-06-01,13:49:57.564461,[]
2026-06-01,13:49:57.597794,[]
2026-06-01,13:49:57.631127,[]
2026-06-01,13:49:57.664460,[]
2026-06-01,13:49:57.697793,[]
2026-06-01,13:49:57.731126,[]
2026-06-01,13:49:57.764459,[]
2026-06-01,13:49:57.797792,[]
2026-06-01,13:49:57.831125,[]
2026-06-01,13:49:57.864458,[]
2026-06-01,13:49:57.897791,[]
2026-06-01,13:49:57.931124,[]
2026-06-01,13:49:57.964457,[]
2026-06-01,13:49:57.997790,[]
2026-06-01,13:49:58.031123,[]
2026-06-01,13:49:58.064456,[]
2026-06-01,13:49:58.097789,[]
2026-06-01,13:49:58.131122,[]
2026-06-01,13:49:58.164455,[]
2026-06-01,13:49:58.197788,[]
2026-06-01,13:49:58.231121,[]
2026-06-01,13:49:58.264454,[]
2026-06-01,13:49:58.297787,[]
2026-06-01,13:49:58.331120,[]
2026-06-01,13:49:58.364453,[]
2026-06-01,13:49:58.397786,[]
2026-06-01,13:49:58.431119,[]
2026-06-01,13:49:58.464452,[]
2026-06-01,13:49:58.497785,[]
2026-06-01,13:49:58.531118,[]
2026-06-01,13:49:58.564451,[]
2026-06-01,13:49:58.597784,[]
2026-06-01,13:49:58.631117,[]
2026-06-01,13:49:58.664450,[]
2026-06-01,13:49:58.697783,[]
2026-06-01,13:49:58.731116,[]
2026-06-01,13:49:58.764449,[]
2026-06-01,13:49:58.797782,[]
2026-06-01,13:49:58.831115,[]
2026-06-01,13:49:58.864448,[]
2026-06-01,13:49:58.897781,[]
2026-06-01,13:49:58.931114,[]
2026-06-01,13:49:58.964447,[]
2026-06-01,13:49:58.997780,[]
2026-06-01,13:49:59.031113,[]
2026-06-01,13:49:59.064446,[]
2026-06-01,13:49:59.097779,[]
2026-06-01,13:49:59.131112,[]
2026-06-01,13:49:59.164445,[]
2026-06-01,13:49:59.197778,[]
2026-06-01,13:49:59.231111,[]
2026-06-01,13:49:59.264444,[]
2026-06-01,13:49:59.297777,[]
2026-06-01,13:49:59.331110,[]
2026-06-01,13:49:59.364443,[]
2026-06-01,13:49:59.397776,[]
2026-06-01,13:49:59.431109,[]
2026-06-01,13:49:59.464442,[]
2026-06-01,13:49:59.497775,[]
2026-06-01,13:49:59.531108,[]
2026-06-01,13:49:59.564441,[]
2026-06-01,13:49:59.597774,[]
2026-06-01,13:49:59.631107,[]
2026-06-01,13:49:59.664440,[]
2026-06-01,13:49:59.697773,[]
2026-06-01,13:49:59.731106,['EN81940']
2026-06-01,13:49:59.764439,['EN81940']
2026-06-01,13:49:59.797772,['EN81940']
2026-06-01,13:49:59.831105,['EN81940']
2026-06-01,13:49:59.864438,[]
2026-06-01,13:49:59.897771,[]
2026-06-01,13:49:59.931104,[]
2026-06-01,13:49:59.964437,[]
2026-06-01,13:49:59.997770,[]
2026-06-01,13:50:00.031103,[]
2026-06-01,13:50:00.064436,[]
2026-06-01,13:50:00.097769,[]
2026-06-01,13:50:00.131102,[]
2026-06-01,13:50:00.164435,[]
2026-06-01,13:50:00.197768,[]
2026-06-01,13:50:00.231101,[]
2026-06-01,13:50:00.264434,[]
2026-06-01,13:50:00.297767,[]
2026-06-01,13:50:00.331100,[]
2026-06-01,13:50:00.364433,[]
2026-06-01,13:50:00.397766,[]
2026-06-01,13:50:00.431099,[]
2026-06-01,13:50:00.464432,[]
2026-06-01,13:50:00.497765,[]
2026-06-01,13:50:00.531098,[]
2026-06-01,13:50:00.564431,[]
2026-06-01,13:50:00.597764,[]
2026-06-01,13:50:00.631097,[]
2026-06-01,13:50:00.664430,[]
2026-06-01,13:50:00.697763,[]
2026-06-01,13:50:00.731096,[]
2026-06-01,13:50:00.764429,[]
2026-06-01,13:50:00.797762,[]
2026-06-01,13:50:00.831095,[]
2026-06-01,13:50:00.864428,[]
2026-06-01,13:50:00.897761,[]
2026-06-01,13:50:00.931094,[]
2026-06-01,13:50:00.964427,[]
2026-06-01,13:50:00.997760,[]
2026-06-01,13:50:01.031093,[]
2026-06-01,13:50:01.064426,[]
2026-06-01,13:50:01.097759,[]
2026-06-01,13:50:01.131092,[]
2026-06-01,13:50:01.164425,[]
2026-06-01,13:50:01.197758,[]
2026-06-01,13:50:01.231091,[]
2026-06-01,13:50:01.264424,[]
2026-06-01,13:50:01.297757,[]
2026-06-01,13:50:01.331090,[]
2026-06-01,13:50:01.364423,[]
2026-06-01,13:50:01.397756,[]
2026-06-01,13:50:01.431089,[]
2026-06-01,13:50:01.464422,[]
2026-06-01,13:50:01.497755,[]
2026-06-01,13:50:01.531088,[]
2026-06-01,13:50:01.564421,[]
2026-06-01,13:50:01.597754,[]
2026-06-01,13:50:01.631087,[]
2026-06-01,13:50:01.664420,[]
2026-06-01,13:50:01.697753,[]
2026-06-01,13:50:01.731086,[]
2026-06-01,13:50:01.764419,[]
2026-06-01,13:50:01.797752,[]
2026-06-01,13:50:01.831085,[]
2026-06-01,13:50:01.864418,[]
2026-06-01,13:50:01.897751,[]
2026-06-01,13:50:01.931084,[]
2026-06-01,13:50:01.964417,[]
2026-06-01,13:50:01.997750,[]
2026-06-01,13:50:02.031083,[]
2026-06-01,13:50:02.064416,[]
2026-06-01,13:50:02.097749,[]
2026-06-01,13:50:02.131082,[]
2026-06-01,13:50:02.164415,[]
2026-06-01,13:50:02.197748,[]
2026-06-01,13:50:02.231081,[]
2026-06-01,13:50:02.264414,[]
2026-06-01,13:50:02.297747,[]
2026-06-01,13:50:02.331080,[]
2026-06-01,13:50:02.364413,[]
2026-06-01,13:50:02.397746,[]
2026-06-01,13:50:02.431079,[]
2026-06-01,13:50:02.464412,[]
2026-06-01,13:50:02.497745,[]
2026-06-01,13:50:02.531078,['DN58714']
2026-06-01,13:50:02.564411,['DN58714']
2026-06-01,13:50:02.597744,['DN58714']
2026-06-01,13:50:02.631077,['DN58714']
2026-06-01,13:50:02.664410,['DN58714']
2026-06-01,13:50:02.697743,['DN58714']
2026-06-01,13:50:02.731076,[]
2026-06-01,13:50:02.764409,[]
2026-06-01,13:50:02.797742,[]
2026-06-01,13:50:02.831075,[]
2026-06-01,13:50:02.864408,[]
2026-06-01,13:50:02.897741,[]
2026-06-01,13:50:02.931074,[]
2026-06-01,13:50:02.964407,[]
2026-06-01,13:50:02.997740,[]
2026-06-01,13:50:03.031073,[]
2026-06-01,13:50:03.064406,[]
2026-06-01,13:50:03.097739,[]
2026-06-01,13:50:03.131072,[]
2026-06-01,13:50:03.164405,[]
2026-06-01,13:50:03.197738,[]
2026-06-01,13:50:03.231071,[]
2026-06-01,13:50:03.264404,[]
2026-06-01,13:50:03.297737,[]
2026-06-01,13:50:03.331070,[]
2026-06-01,13:50:03.364403,[]
2026-06-01,13:50:03.397736,[]
2026-06-01,13:50:03.431069,[]
2026-06-01,13:50:03.464402,[]
2026-06-01,13:50:03.497735,[]
2026-06-01,13:50:03.531068,[]
2026-06-01,13:50:03.564401,[]
2026-06-01,13:50:03.597734,[]
2026-06-01,13:50:03.631067,[]
2026-06-01,13:50:03.664400,[]
2026-06-01,13:50:03.697733,[]
2026-06-01,13:50:03.731066,[]
2026-06-01,13:50:03.764399,[]
2026-06-01,13:50:03.797732,[]
2026-06-01,13:50:03.831065,[]
2026-06-01,13:50:03.864398,[]
2026-06-01,13:50:03.897731,[]
2026-06-01,13:50:03.931064,[]
2026-06-01,13:50:03.964397,[]
2026-06-01,13:50:03.997730,[]
2026-06-01,13:50:04.031063,[]
2026-06-01,13:50:04.064396,[]
2026-06-01,13:50:04.097729,[]
2026-06-01,13:50:04.131062,[]
2026-06-01,13:50:04.164395,[]
2026-06-01,13:50:04.197728,[]
2026-06-01,13:50:04.231061,[]
2026-06-01,13:50:04.264394,[]
2026-06-01,13:50:04.297727,[]
2026-06-01,13:50:04.331060,[]
2026-06-01,13:50:04.364393,[]
2026-06-01,13:50:04.397726,[]
2026-06-01,13:50:04.431059,[]
2026-06-01,13:50:04.464392,[]
2026-06-01,13:50:04.497725,[]
2026-06-01,13:50:04.531058,[]
2026-06-01,13:50:04.564391,[]
2026-06-01,13:50:04.597724,[]
2026-06-01,13:50:04.631057,[]
2026-06-01,13:50:04.664390,[]
2026-06-01,13:50:04.697723,[]
2026-06-01,13:50:04.731056,[]
2026-06-01,13:50:04.764389,[]
2026-06-01,13:50:04.797722,[]
2026-06-01,13:50:04.831055,[]
2026-06-01,13:50:04.864388,[]
2026-06-01,13:50:04.897721,[]
2026-06-01,13:50:04.931054,[]
2026-06-01,13:50:04.964387,[]
2026-06-01,13:50:04.997720,[]
2026-06-01,13:50:05.031053,[]
2026-06-01,13:50:05.064386,[]
2026-06-01,13:50:05.097719,[]
2026-06-01,13:50:05.131052,[]
2026-06-01,13:50:05.164385,[]
2026-06-01,13:50:05.197718,[]
2026-06-01,13:50:05.231051,[]
2026-06-01,13:50:05.264384,[]
2026-06-01,13:50:05.297717,[]
2026-06-01,13:50:05.331050,[]
2026-06-01,13:50:05.364383,[]
2026-06-01,13:50:05.397716,[]
2026-06-01,13:50:05.431049,[]
2026-06-01,13:50:05.464382,[]
2026-06-01,13:50:05.497715,[]
2026-06-01,13:50:05.531048,[]
2026-06-01,13:50:05.564381,[]
2026-06-01,13:50:05.597714,[]
2026-06-01,13:50:05.631047,[]
2026-06-01,13:50:05.664380,[]
2026-06-01,13:50:05.697713,[]
2026-06-01,13:50:05.731046,[]
2026-06-01,13:50:05.764379,[]
2026-06-01,13:50:05.797712,[]
2026-06-01,13:50:05.831045,[]
2026-06-01,13:50:05.864378,[]
2026-06-01,13:50:05.897711,[]
2026-06-01,13:50:05.931044,[]
2026-06-01,13:50:05.964377,[]
2026-06-01,13:50:05.997710,[]
2026-06-01,13:50:06.031043,[]
2026-06-01,13:50:06.064376,[]
2026-06-01,13:50:06.097709,[]
2026-06-01,13:50:06.131042,[]
2026-06-01,13:50:06.164375,[]
2026-06-01,13:50:06.197708,[]
2026-06-01,13:50:06.231041,[]
2026-06-01,13:50:06.264374,[]
2026-06-01,13:50:06.297707,[]
2026-06-01,13:50:06.331040,[]
2026-06-01,13:50:06.364373,[]
2026-06-01,13:50:06.397706,[]
2026-06-01,13:50:06.431039,[]
2026-06-01,13:50:06.464372,[]
2026-06-01,13:50:06.497705,[]
2026-06-01,13:50:06.531038,[]
2026-06-01,13:50:06.564371,[]
2026-06-01,13:50:06.597704,[]
2026-06-01,13:50:06.631037,[]
2026-06-01,13:50:06.664370,[]
2026-06-01,13:50:06.697703,[]
2026-06-01,13:50:06.731036,[]
2026-06-01,13:50:06.764369,[]
2026-06-01,13:50:06.797702,[]
2026-06-01,13:50:06.831035,[]
2026-06-01,13:50:06.864368,[]
2026-06-01,13:50:06.897701,[]
2026-06-01,13:50:06.931034,[]
2026-06-01,13:50:06.964367,[]
2026-06-01,13:50:06.997700,[]
2026-06-01,13:50:07.031033,[]
2026-06-01,13:50:07.064366,[]
2026-06-01,13:50:07.097699,[]
2026-06-01,13:50:07.131032,[]
2026-06-01,13:50:07.164365,[]
2026-06-01,13:50:07.197698,[]
2026-06-01,13:50:07.231031,[]
2026-06-01,13:50:07.264364,[]
2026-06-01,13:50:07.297697,[]
2026-06-01,13:50:07.331030,[]
2026-06-01,13:50:07.364363,[]
2026-06-01,13:50:07.397696,[]
2026-06-01,13:50:07.431029,[]
2026-06-01,13:50:07.464362,[]
2026-06-01,13:50:07.497695,[]
2026-06-01,13:50:07.531028,[]
2026-06-01,13:50:07.564361,[]
2026-06-01,13:50:07.597694,[]
2026-06-01,13:50:07.631027,[]
2026-06-01,13:50:07.664360,[]
2026-06-01,13:50:07.697693,[]
2026-06-01,13:50:07.731026,[]
2026-06-01,13:50:07.764359,[]
2026-06-01,13:50:07.797692,[]
2026-06-01,13:50:07.831025,[]
2026-06-01,13:50:07.864358,[]
2026-06-01,13:50:07.897691,[]
2026-06-01,13:50:07.931024,[]
2026-06-01,13:50:07.964357,[]
2026-06-01,13:50:07.997690,[]
2026-06-01,13:50:08.031023,[]
2026-06-01,13:50:08.064356,[]
2026-06-01,13:50:08.097689,[]
2026-06-01,13:50:08.131022,[]
2026-06-01,13:50:08.164355,[]
2026-06-01,13:50:08.197688,[]
2026-06-01,13:50:08.231021,[]
2026-06-01,13:50:08.264354,[]
2026-06-01,13:50:08.297687,[]
2026-06-01,13:50:08.331020,[]
2026-06-01,13:50:08.364353,[]
2026-06-01,13:50:08.397686,[]
2026-06-01,13:50:08.431019,[]
2026-06-01,13:50:08.464352,[]
2026-06-01,13:50:08.497685,[]
2026-06-01,13:50:08.531018,[]
2026-06-01,13:50:08.564351,[]
2026-06-01,13:50:08.597684,[]
2026-06-01,13:50:08.631017,[]
2026-06-01,13:50:08.664350,[]
2026-06-01,13:50:08.697683,[]
2026-06-01,13:50:08.731016,[]
2026-06-01,13:50:08.764349,[]
2026-06-01,13:50:08.797682,[]
2026-06-01,13:50:08.831015,[]
2026-06-01,13:50:08.864348,[]
2026-06-01,13:50:08.897681,[]
2026-06-01,13:50:08.931014,[]
2026-06-01,13:50:08.964347,[]
2026-06-01,13:50:08.997680,[]
2026-06-01,13:50:09.031013,[]
2026-06-01,13:50:09.064346,[]
2026-06-01,13:50:09.097679,[]
2026-06-01,13:50:09.131012,[]
2026-06-01,13:50:09.164345,[]
2026-06-01,13:50:09.197678,[]
2026-06-01,13:50:09.231011,[]
2026-06-01,13:50:09.264344,[]
2026-06-01,13:50:09.297677,[]
2026-06-01,13:50:09.331010,[]
2026-06-01,13:50:09.364343,[]
2026-06-01,13:50:09.397676,[]
2026-06-01,13:50:09.431009,[]
2026-06-01,13:50:09.464342,[]
2026-06-01,13:50:09.497675,[]
2026-06-01,13:50:09.531008,[]
2026-06-01,13:50:09.564341,[]
2026-06-01,13:50:09.597674,[]
2026-06-01,13:50:09.631007,[]
2026-06-01,13:50:09.664340,[]
2026-06-01,13:50:09.697673,[]
2026-06-01,13:50:09.731006,[]
2026-06-01,13:50:09.764339,[]
2026-06-01,13:50:09.797672,[]
2026-06-01,13:50:09.831005,[]
2026-06-01,13:50:09.864338,[]
2026-06-01,13:50:09.897671,[]
2026-06-01,13:50:09.931004,[]
2026-06-01,13:50:09.964337,[]
2026-06-01,13:50:09.997670,[]
2026-06-01,13:50:10.031003,[]
2026-06-01,13:50:10.064336,[]
2026-06-01,13:50:10.097669,[]
2026-06-01,13:50:10.131002,[]
2026-06-01,13:50:10.164335,[]
2026-06-01,13:50:10.197668,[]
2026-06-01,13:50:10.231001,[]
2026-06-01,13:50:10.264334,[]
2026-06-01,13:50:10.297667,[]
2026-06-01,13:50:10.331000,[]
2026-06-01,13:50:10.364333,[]
2026-06-01,13:50:10.397666,[]
2026-06-01,13:50:10.430999,[]
2026-06-01,13:50:10.464332,[]
2026-06-01,13:50:10.497665,[]
2026-06-01,13:50:10.530998,[]
2026-06-01,13:50:10.564331,[]
2026-06-01,13:50:10.597664,[]
2026-06-01,13:50:10.630997,[]
2026-06-01,13:50:10.664330,[]
2026-06-01,13:50:10.697663,[]
2026-06-01,13:50:10.730996,[]
2026-06-01,13:50:10.764329,[]
2026-06-01,13:50:10.797662,[]
2026-06-01,13:50:10.830995,[]
2026-06-01,13:50:10.864328,[]
2026-06-01,13:50:10.897661,[]
2026-06-01,13:50:10.930994,[]
2026-06-01,13:50:10.964327,[]
2026-06-01,13:50:10.997660,[]
2026-06-01,13:50:11.030993,[]
2026-06-01,13:50:11.064326,[]
2026-06-01,13:50:11.097659,[]
2026-06-01,13:50:11.130992,[]
2026-06-01,13:50:11.164325,[]
2026-06-01,13:50:11.197658,[]
2026-06-01,13:50:11.230991,[]
2026-06-01,13:50:11.264324,[]
2026-06-01,13:50:11.297657,[]
2026-06-01,13:50:11.330990,[]
2026-06-01,13:50:11.364323,[]
2026-06-01,13:50:11.397656,[]
2026-06-01,13:50:11.430989,[]
2026-06-01,13:50:11.464322,[]
2026-06-01,13:50:11.497655,[]
2026-06-01,13:50:11.530988,[]
2026-06-01,13:50:11.564321,[]
2026-06-01,13:50:11.597654,[]
2026-06-01,13:50:11.630987,[]
2026-06-01,13:50:11.664320,[]
2026-06-01,13:50:11.697653,[]
2026-06-01,13:50:11.730986,[]
2026-06-01,13:50:11.764319,[]
2026-06-01,13:50:11.797652,[]
2026-06-01,13:50:11.830985,[]
2026-06-01,13:50:11.864318,[]
2026-06-01,13:50:11.897651,[]
2026-06-01,13:50:11.930984,[]
2026-06-01,13:50:11.964317,[]
2026-06-01,13:50:11.997650,[]
2026-06-01,13:50:12.030983,[]
2026-06-01,13:50:12.064316,[]
2026-06-01,13:50:12.097649,[]
2026-06-01,13:50:12.130982,[]
2026-06-01,13:50:12.164315,[]
2026-06-01,13:50:12.197648,[]
2026-06-01,13:50:12.230981,[]
2026-06-01,13:50:12.264314,[]
2026-06-01,13:50:12.297647,[]
2026-06-01,13:50:12.330980,[]
2026-06-01,13:50:12.364313,[]
2026-06-01,13:50:12.397646,[]
2026-06-01,13:50:12.430979,[]
2026-06-01,13:50:12.464312,[]
2026-06-01,13:50:12.497645,[]
2026-06-01,13:50:12.530978,[]
2026-06-01,13:50:12.564311,[]
2026-06-01,13:50:12.597644,[]
2026-06-01,13:50:12.630977,[]
2026-06-01,13:50:12.664310,[]
2026-06-01,13:50:12.697643,[]
2026-06-01,13:50:12.730976,[]
2026-06-01,13:50:12.764309,[]
2026-06-01,13:50:12.797642,[]
2026-06-01,13:50:12.830975,[]
2026-06-01,13:50:12.864308,[]
2026-06-01,13:50:12.897641,[]
2026-06-01,13:50:12.930974,[]
2026-06-01,13:50:12.964307,[]
2026-06-01,13:50:12.997640,[]
2026-06-01,13:50:13.030973,[]
2026-06-01,13:50:13.064306,[]
2026-06-01,13:50:13.097639,[]
2026-06-01,13:50:13.130972,[]
2026-06-01,13:50:13.164305,[]
2026-06-01,13:50:13.197638,[]
2026-06-01,13:50:13.230971,[]
2026-06-01,13:50:13.264304,[]
2026-06-01,13:50:13.297637,[]
2026-06-01,13:50:13.330970,[]
2026-06-01,13:50:13.364303,[]
2026-06-01,13:50:13.397636,[]
2026-06-01,13:50:13.430969,[]
2026-06-01,13:50:13.464302,[]
2026-06-01,13:50:13.497635,[]
2026-06-01,13:50:13.530968,[]
2026-06-01,13:50:13.564301,[]
2026-06-01,13:50:13.597634,[]
2026-06-01,13:50:13.630967,[]
2026-06-01,13:50:13.664300,[]
2026-06-01,13:50:13.697633,[]
2026-06-01,13:50:13.730966,[]
2026-06-01,13:50:13.764299,[]
2026-06-01,13:50:13.797632,[]
2026-06-01,13:50:13.830965,[]
2026-06-01,13:50:13.864298,[]
2026-06-01,13:50:13.897631,[]
2026-06-01,13:50:13.930964,[]
2026-06-01,13:50:13.964297,[]
2026-06-01,13:50:13.997630,[]
2026-06-01,13:50:14.030963,[]
2026-06-01,13:50:14.064296,[]
2026-06-01,13:50:14.097629,[]
2026-06-01,13:50:14.130962,[]
2026-06-01,13:50:14.164295,[]
2026-06-01,13:50:14.197628,[]
2026-06-01,13:50:14.230961,[]
2026-06-01,13:50:14.264294,[]
2026-06-01,13:50:14.297627,[]
2026-06-01,13:50:14.330960,[]
2026-06-01,13:50:14.364293,[]
2026-06-01,13:50:14.397626,[]
2026-06-01,13:50:14.430959,[]
2026-06-01,13:50:14.464292,[]
2026-06-01,13:50:14.497625,[]
2026-06-01,13:50:14.530958,[]
2026-06-01,13:50:14.564291,[]
2026-06-01,13:50:14.597624,[]
2026-06-01,13:50:14.630957,[]
2026-06-01,13:50:14.664290,[]
2026-06-01,13:50:14.697623,[]
2026-06-01,13:50:14.730956,[]
2026-06-01,13:50:14.764289,[]
2026-06-01,13:50:14.797622,[]
2026-06-01,13:50:14.830955,[]
2026-06-01,13:50:14.864288,[]
2026-06-01,13:50:14.897621,[]
2026-06-01,13:50:14.930954,[]
2026-06-01,13:50:14.964287,[]
2026-06-01,13:50:14.997620,[]
2026-06-01,13:50:15.030953,[]
2026-06-01,13:50:15.064286,[]
2026-06-01,13:50:15.097619,[]
2026-06-01,13:50:15.130952,[]
2026-06-01,13:50:15.164285,[]
2026-06-01,13:50:15.197618,[]
2026-06-01,13:50:15.230951,[]
2026-06-01,13:50:15.264284,[]
2026-06-01,13:50:15.297617,[]
2026-06-01,13:50:15.330950,[]
2026-06-01,13:50:15.364283,[]
2026-06-01,13:50:15.397616,[]
2026-06-01,13:50:15.430949,[]
2026-06-01,13:50:15.464282,[]
2026-06-01,13:50:15.497615,[]
2026-06-01,13:50:15.530948,[]
2026-06-01,13:50:15.564281,[]
2026-06-01,13:50:15.597614,[]
2026-06-01,13:50:15.630947,[]
2026-06-01,13:50:15.664280,[]
2026-06-01,13:50:15.697613,[]
2026-06-01,13:50:15.730946,[]
2026-06-01,13:50:15.764279,[]
2026-06-01,13:50:15.797612,[]
2026-06-01,13:50:15.830945,[]
2026-06-01,13:50:15.864278,[]
2026-06-01,13:50:15.897611,[]
2026-06-01,13:50:15.930944,[]
2026-06-01,13:50:15.964277,[]
2026-06-01,13:50:15.997610,[]
2026-06-01,13:50:16.030943,[]
2026-06-01,13:50:16.064276,[]
2026-06-01,13:50:16.097609,[]
2026-06-01,13:50:16.130942,[]
2026-06-01,13:50:16.164275,[]
2026-06-01,13:50:16.197608,[]
2026-06-01,13:50:16.230941,[]
2026-06-01,13:50:16.264274,[]
2026-06-01,13:50:16.297607,[]
2026-06-01,13:50:16.330940,[]
2026-06-01,13:50:16.364273,[]
2026-06-01,13:50:16.397606,[]
2026-06-01,13:50:16.430939,[]
2026-06-01,13:50:16.464272,[]
2026-06-01,13:50:16.497605,[]
2026-06-01,13:50:16.530938,[]
2026-06-01,13:50:16.564271,[]
2026-06-01,13:50:16.597604,[]
2026-06-01,13:50:16.630937,[]
2026-06-01,13:50:16.664270,[]
2026-06-01,13:50:16.697603,[]
2026-06-01,13:50:16.730936,[]
2026-06-01,13:50:16.764269,[]
2026-06-01,13:50:16.797602,[]
2026-06-01,13:50:16.830935,[]
2026-06-01,13:50:16.864268,[]
2026-06-01,13:50:16.897601,[]
2026-06-01,13:50:16.930934,[]
2026-06-01,13:50:16.964267,[]
2026-06-01,13:50:16.997600,[]
2026-06-01,13:50:17.030933,[]
2026-06-01,13:50:17.064266,[]
2026-06-01,13:50:17.097599,[]
2026-06-01,13:50:17.130932,[]
2026-06-01,13:50:17.164265,[]
2026-06-01,13:50:17.197598,[]
2026-06-01,13:50:17.230931,[]
2026-06-01,13:50:17.264264,[]
2026-06-01,13:50:17.297597,[]
2026-06-01,13:50:17.330930,[]
2026-06-01,13:50:17.364263,[]
2026-06-01,13:50:17.397596,[]
2026-06-01,13:50:17.430929,[]
2026-06-01,13:50:17.464262,[]
2026-06-01,13:50:17.497595,[]
2026-06-01,13:50:17.530928,[]
2026-06-01,13:50:17.564261,[]
2026-06-01,13:50:17.597594,[]
2026-06-01,13:50:17.630927,[]
2026-06-01,13:50:17.664260,[]
2026-06-01,13:50:17.697593,[]
2026-06-01,13:50:17.730926,[]
2026-06-01,13:50:17.764259,[]
2026-06-01,13:50:17.797592,[]
2026-06-01,13:50:17.830925,[]
2026-06-01,13:50:17.864258,[]
2026-06-01,13:50:17.897591,[]
2026-06-01,13:50:17.930924,[]
2026-06-01,13:50:17.964257,[]
2026-06-01,13:50:17.997590,[]
2026-06-01,13:50:18.030923,[]
2026-06-01,13:50:18.064256,[]
2026-06-01,13:50:18.097589,[]
2026-06-01,13:50:18.130922,[]
2026-06-01,13:50:18.164255,[]
2026-06-01,13:50:18.197588,[]
2026-06-01,13:50:18.230921,[]
2026-06-01,13:50:18.264254,[]
2026-06-01,13:50:18.297587,[]
2026-06-01,13:50:18.330920,[]
2026-06-01,13:50:18.364253,[]
2026-06-01,13:50:18.397586,[]
2026-06-01,13:50:18.430919,[]
2026-06-01,13:50:18.464252,[]
2026-06-01,13:50:18.497585,[]
2026-06-01,13:50:18.530918,[]
2026-06-01,13:50:18.564251,[]
2026-06-01,13:50:18.597584,[]
2026-06-01,13:50:18.630917,[]
2026-06-01,13:50:18.664250,[]
2026-06-01,13:50:18.697583,[]
2026-06-01,13:50:18.730916,[]
2026-06-01,13:50:18.764249,[]
2026-06-01,13:50:18.797582,[]
2026-06-01,13:50:18.830915,[]
2026-06-01,13:50:18.864248,[]
2026-06-01,13:50:18.897581,[]
2026-06-01,13:50:18.930914,[]
2026-06-01,13:50:18.964247,[]
2026-06-01,13:50:18.997580,[]
2026-06-01,13:50:19.030913,[]
2026-06-01,13:50:19.064246,[]
2026-06-01,13:50:19.097579,[]
2026-06-01,13:50:19.130912,[]
2026-06-01,13:50:19.164245,[]
2026-06-01,13:50:19.197578,[]
2026-06-01,13:50:19.230911,[]
2026-06-01,13:50:19.264244,[]
2026-06-01,13:50:19.297577,[]
2026-06-01,13:50:19.330910,[]
2026-06-01,13:50:19.364243,[]
2026-06-01,13:50:19.397576,[]
2026-06-01,13:50:19.430909,[]
2026-06-01,13:50:19.464242,[]
2026-06-01,13:50:19.497575,[]
2026-06-01,13:50:19.530908,[]
2026-06-01,13:50:19.564241,[]
2026-06-01,13:50:19.597574,[]
2026-06-01,13:50:19.630907,[]
2026-06-01,13:50:19.664240,[]
2026-06-01,13:50:19.697573,[]
2026-06-01,13:50:19.730906,[]
2026-06-01,13:50:19.764239,[]
2026-06-01,13:50:19.797572,[]
2026-06-01,13:50:19.830905,[]
2026-06-01,13:50:19.864238,[]
2026-06-01,13:50:19.897571,[]
2026-06-01,13:50:19.930904,[]
2026-06-01,13:50:19.964237,[]
2026-06-01,13:50:19.997570,[]
2026-06-01,13:50:20.030903,[]
2026-06-01,13:50:20.064236,[]
2026-06-01,13:50:20.097569,[]
2026-06-01,13:50:20.130902,[]
2026-06-01,13:50:20.164235,[]
2026-06-01,13:50:20.197568,[]
2026-06-01,13:50:20.230901,[]
2026-06-01,13:50:20.264234,[]
2026-06-01,13:50:20.297567,[]
2026-06-01,13:50:20.330900,[]
2026-06-01,13:50:20.364233,[]
2026-06-01,13:50:20.397566,[]
2026-06-01,13:50:20.430899,[]
2026-06-01,13:50:20.464232,[]
2026-06-01,13:50:20.497565,[]
2026-06-01,13:50:20.530898,[]
2026-06-01,13:50:20.564231,[]
2026-06-01,13:50:20.597564,[]
2026-06-01,13:50:20.630897,[]
2026-06-01,13:50:20.664230,[]
2026-06-01,13:50:20.697563,[]
2026-06-01,13:50:20.730896,[]
2026-06-01,13:50:20.764229,[]
2026-06-01,13:50:20.797562,[]
2026-06-01,13:50:20.830895,[]
2026-06-01,13:50:20.864228,[]
2026-06-01,13:50:20.897561,[]
2026-06-01,13:50:20.930894,[]
2026-06-01,13:50:20.964227,[]
2026-06-01,13:50:20.997560,[]
2026-06-01,13:50:21.030893,[]
2026-06-01,13:50:21.064226,[]
2026-06-01,13:50:21.097559,[]
2026-06-01,13:50:21.130892,[]
2026-06-01,13:50:21.164225,[]
2026-06-01,13:50:21.197558,[]
2026-06-01,13:50:21.230891,[]
2026-06-01,13:50:21.264224,[]
2026-06-01,13:50:21.297557,[]
2026-06-01,13:50:21.330890,[]
2026-06-01,13:50:21.364223,[]
2026-06-01,13:50:21.397556,[]
2026-06-01,13:50:21.430889,[]
2026-06-01,13:50:21.464222,[]
2026-06-01,13:50:21.497555,[]
2026-06-01,13:50:21.530888,[]
2026-06-01,13:50:21.564221,[]
2026-06-01,13:50:21.597554,[]
2026-06-01,13:50:21.630887,[]
2026-06-01,13:50:21.664220,[]
2026-06-01,13:50:21.697553,[]
2026-06-01,13:50:21.730886,[]
2026-06-01,13:50:21.764219,[]
2026-06-01,13:50:21.797552,[]
2026-06-01,13:50:21.830885,[]
2026-06-01,13:50:21.864218,[]
2026-06-01,13:50:21.897551,[]
2026-06-01,13:50:21.930884,[]
2026-06-01,13:50:21.964217,[]
2026-06-01,13:50:21.997550,[]
2026-06-01,13:50:22.030883,[]
2026-06-01,13:50:22.064216,[]
2026-06-01,13:50:22.097549,[]
2026-06-01,13:50:22.130882,[]
2026-06-01,13:50:22.164215,[]
2026-06-01,13:50:22.197548,[]
2026-06-01,13:50:22.230881,[]
2026-06-01,13:50:22.264214,[]
2026-06-01,13:50:22.297547,[]
2026-06-01,13:50:22.330880,[]
2026-06-01,13:50:22.364213,[]
2026-06-01,13:50:22.397546,[]
2026-06-01,13:50:22.430879,[]
2026-06-01,13:50:22.464212,[]
2026-06-01,13:50:22.497545,[]
2026-06-01,13:50:22.530878,[]
2026-06-01,13:50:22.564211,[]
2026-06-01,13:50:22.597544,[]
2026-06-01,13:50:22.630877,[]
2026-06-01,13:50:22.664210,[]
2026-06-01,13:50:22.697543,[]
2026-06-01,13:50:22.730876,[]
2026-06-01,13:50:22.764209,[]
2026-06-01,13:50:22.797542,[]
2026-06-01,13:50:22.830875,[]
2026-06-01,13:50:22.864208,[]
2026-06-01,13:50:22.897541,[]
2026-06-01,13:50:22.930874,[]
2026-06-01,13:50:22.964207,[]
2026-06-01,13:50:22.997540,[]
2026-06-01,13:50:23.030873,[]
2026-06-01,13:50:23.064206,[]
2026-06-01,13:50:23.097539,[]
2026-06-01,13:50:23.130872,[]
2026-06-01,13:50:23.164205,[]
2026-06-01,13:50:23.197538,[]
2026-06-01,13:50:23.230871,[]
2026-06-01,13:50:23.264204,[]
2026-06-01,13:50:23.297537,[]
2026-06-01,13:50:23.330870,[]
2026-06-01,13:50:23.364203,[]
2026-06-01,13:50:23.397536,[]
2026-06-01,13:50:23.430869,[]
2026-06-01,13:50:23.464202,[]
2026-06-01,13:50:23.497535,[]
2026-06-01,13:50:23.530868,[]
2026-06-01,13:50:23.564201,[]
2026-06-01,13:50:23.597534,[]
2026-06-01,13:50:23.630867,[]
2026-06-01,13:50:23.664200,[]
2026-06-01,13:50:23.697533,[]
2026-06-01,13:50:23.730866,[]
2026-06-01,13:50:23.764199,[]
2026-06-01,13:50:23.797532,[]
2026-06-01,13:50:23.830865,[]
2026-06-01,13:50:23.864198,[]
2026-06-01,13:50:23.897531,[]
2026-06-01,13:50:23.930864,[]
2026-06-01,13:50:23.964197,[]
2026-06-01,13:50:23.997530,[]
2026-06-01,13:50:24.030863,[]
2026-06-01,13:50:24.064196,[]
2026-06-01,13:50:24.097529,[]
2026-06-01,13:50:24.130862,[]
2026-06-01,13:50:24.164195,[]
2026-06-01,13:50:24.197528,[]
2026-06-01,13:50:24.230861,[]
2026-06-01,13:50:24.264194,[]
2026-06-01,13:50:24.297527,[]
2026-06-01,13:50:24.330860,[]
2026-06-01,13:50:24.364193,[]
2026-06-01,13:50:24.397526,[]
2026-06-01,13:50:24.430859,[]
2026-06-01,13:50:24.464192,[]
2026-06-01,13:50:24.497525,[]
2026-06-01,13:50:24.530858,[]
2026-06-01,13:50:24.564191,[]
2026-06-01,13:50:24.597524,[]
2026-06-01,13:50:24.630857,[]
2026-06-01,13:50:24.664190,[]
2026-06-01,13:50:24.697523,[]
2026-06-01,13:50:24.730856,[]
2026-06-01,13:50:24.764189,[]
2026-06-01,13:50:24.797522,[]
2026-06-01,13:50:24.830855,[]
2026-06-01,13:50:24.864188,[]
2026-06-01,13:50:24.897521,[]
2026-06-01,13:50:24.930854,[]
2026-06-01,13:50:24.964187,[]
2026-06-01,13:50:24.997520,[]
2026-06-01,13:50:25.030853,[]
2026-06-01,13:50:25.064186,[]
2026-06-01,13:50:25.097519,[]
2026-06-01,13:50:25.130852,[]
2026-06-01,13:50:25.164185,[]
2026-06-01,13:50:25.197518,[]
2026-06-01,13:50:25.230851,[]
2026-06-01,13:50:25.264184,[]
2026-06-01,13:50:25.297517,[]
2026-06-01,13:50:25.330850,[]
2026-06-01,13:50:25.364183,[]
2026-06-01,13:50:25.397516,[]
2026-06-01,13:50:25.430849,[]
2026-06-01,13:50:25.464182,[]
2026-06-01,13:50:25.497515,[]
2026-06-01,13:50:25.530848,[]
2026-06-01,13:50:25.564181,[]
2026-06-01,13:50:25.597514,[]
2026-06-01,13:50:25.630847,[]
2026-06-01,13:50:25.664180,[]
2026-06-01,13:50:25.697513,[]
2026-06-01,13:50:25.730846,[]
2026-06-01,13:50:25.764179,[]
2026-06-01,13:50:25.797512,[]
2026-06-01,13:50:25.830845,[]
2026-06-01,13:50:25.864178,[]
2026-06-01,13:50:25.897511,[]
2026-06-01,13:50:25.930844,[]
2026-06-01,13:50:25.964177,[]
2026-06-01,13:50:25.997510,[]
2026-06-01,13:50:26.030843,[]
2026-06-01,13:50:26.064176,[]
2026-06-01,13:50:26.097509,[]
2026-06-01,13:50:26.130842,[]
2026-06-01,13:50:26.164175,[]
2026-06-01,13:50:26.197508,[]
2026-06-01,13:50:26.230841,[]
2026-06-01,13:50:26.264174,[]
2026-06-01,13:50:26.297507,[]
2026-06-01,13:50:26.330840,[]
2026-06-01,13:50:26.364173,[]
2026-06-01,13:50:26.397506,[]
2026-06-01,13:50:26.430839,[]
2026-06-01,13:50:26.464172,[]
2026-06-01,13:50:26.497505,[]
2026-06-01,13:50:26.530838,[]
2026-06-01,13:50:26.564171,[]
2026-06-01,13:50:26.597504,[]
2026-06-01,13:50:26.630837,[]
2026-06-01,13:50:26.664170,[]
2026-06-01,13:50:26.697503,[]
2026-06-01,13:50:26.730836,[]
2026-06-01,13:50:26.764169,[]
2026-06-01,13:50:26.797502,[]
2026-06-01,13:50:26.830835,[]
2026-06-01,13:50:26.864168,[]
2026-06-01,13:50:26.897501,[]
2026-06-01,13:50:26.930834,[]
2026-06-01,13:50:26.964167,[]
2026-06-01,13:50:26.997500,[]
2026-06-01,13:50:27.030833,[]
2026-06-01,13:50:27.064166,[]
2026-06-01,13:50:27.097499,[]
2026-06-01,13:50:27.130832,[]
2026-06-01,13:50:27.164165,[]
2026-06-01,13:50:27.197498,[]
2026-06-01,13:50:27.230831,[]
2026-06-01,13:50:27.264164,[]
2026-06-01,13:50:27.297497,[]
2026-06-01,13:50:27.330830,[]
2026-06-01,13:50:27.364163,[]
2026-06-01,13:50:27.397496,[]
2026-06-01,13:50:27.430829,[]
2026-06-01,13:50:27.464162,[]
2026-06-01,13:50:27.497495,[]
2026-06-01,13:50:27.530828,[]
2026-06-01,13:50:27.564161,[]
2026-06-01,13:50:27.597494,[]
2026-06-01,13:50:27.630827,[]
2026-06-01,13:50:27.664160,[]
2026-06-01,13:50:27.697493,[]
2026-06-01,13:50:27.730826,[]
2026-06-01,13:50:27.764159,[]
2026-06-01,13:50:27.797492,[]
2026-06-01,13:50:27.830825,[]
2026-06-01,13:50:27.864158,[]
2026-06-01,13:50:27.897491,[]
2026-06-01,13:50:27.930824,[]
2026-06-01,13:50:27.964157,[]
2026-06-01,13:50:27.997490,[]
2026-06-01,13:50:28.030823,[]
2026-06-01,13:50:28.064156,[]
2026-06-01,13:50:28.097489,[]
2026-06-01,13:50:28.130822,[]
2026-06-01,13:50:28.164155,[]
2026-06-01,13:50:28.197488,[]
2026-06-01,13:50:28.230821,[]
2026-06-01,13:50:28.264154,[]
2026-06-01,13:50:28.297487,[]
2026-06-01,13:50:28.330820,[]
2026-06-01,13:50:28.364153,[]
2026-06-01,13:50:28.397486,[]
2026-06-01,13:50:28.430819,[]
2026-06-01,13:50:28.464152,[]
2026-06-01,13:50:28.497485,[]
2026-06-01,13:50:28.530818,[]
2026-06-01,13:50:28.564151,[]
2026-06-01,13:50:28.597484,[]
2026-06-01,13:50:28.630817,[]
2026-06-01,13:50:28.664150,[]
2026-06-01,13:50:28.697483,[]
2026-06-01,13:50:28.730816,[]
2026-06-01,13:50:28.764149,[]
2026-06-01,13:50:28.797482,[]
2026-06-01,13:50:28.830815,[]
2026-06-01,13:50:28.864148,[]
2026-06-01,13:50:28.897481,[]
2026-06-01,13:50:28.930814,[]
2026-06-01,13:50:28.964147,[]
2026-06-01,13:50:28.997480,[]
2026-06-01,13:50:29.030813,[]
2026-06-01,13:50:29.064146,[]
2026-06-01,13:50:29.097479,[]
2026-06-01,13:50:29.130812,[]
2026-06-01,13:50:29.164145,[]
2026-06-01,13:50:29.197478,[]
2026-06-01,13:50:29.230811,[]
2026-06-01,13:50:29.264144,[]
2026-06-01,13:50:29.297477,[]
2026-06-01,13:50:29.330810,[]
2026-06-01,13:50:29.364143,[]
2026-06-01,13:50:29.397476,[]
2026-06-01,13:50:29.430809,[]
2026-06-01,13:50:29.464142,[]
2026-06-01,13:50:29.497475,[]
2026-06-01,13:50:29.530808,[]
2026-06-01,13:50:29.564141,[]
2026-06-01,13:50:29.597474,[]
2026-06-01,13:50:29.630807,[]
2026-06-01,13:50:29.664140,[]
2026-06-01,13:50:29.697473,[]
2026-06-01,13:50:29.730806,[]
2026-06-01,13:50:29.764139,[]
2026-06-01,13:50:29.797472,[]
2026-06-01,13:50:29.830805,[]
2026-06-01,13:50:29.864138,[]
2026-06-01,13:50:29.897471,[]
2026-06-01,13:50:29.930804,[]
2026-06-01,13:50:29.964137,[]
2026-06-01,13:50:29.997470,[]
2026-06-01,13:50:30.030803,[]
2026-06-01,13:50:30.064136,[]
2026-06-01,13:50:30.097469,[]
2026-06-01,13:50:30.130802,[]
2026-06-01,13:50:30.164135,[]
2026-06-01,13:50:30.197468,[]
2026-06-01,13:50:30.230801,[]
2026-06-01,13:50:30.264134,[]
2026-06-01,13:50:30.297467,[]
2026-06-01,13:50:30.330800,[]
2026-06-01,13:50:30.364133,[]
2026-06-01,13:50:30.397466,[]
2026-06-01,13:50:30.430799,[]
2026-06-01,13:50:30.464132,[]
2026-06-01,13:50:30.497465,[]
2026-06-01,13:50:30.530798,[]
2026-06-01,13:50:30.564131,[]
2026-06-01,13:50:30.597464,[]
2026-06-01,13:50:30.630797,[]
2026-06-01,13:50:30.664130,[]
2026-06-01,13:50:30.697463,[]
2026-06-01,13:50:30.730796,[]
2026-06-01,13:50:30.764129,[]
2026-06-01,13:50:30.797462,[]
2026-06-01,13:50:30.830795,[]
2026-06-01,13:50:30.864128,[]
2026-06-01,13:50:30.897461,[]
2026-06-01,13:50:30.930794,[]
2026-06-01,13:50:30.964127,[]
2026-06-01,13:50:30.997460,[]
2026-06-01,13:50:31.030793,[]
2026-06-01,13:50:31.064126,[]
2026-06-01,13:50:31.097459,[]
2026-06-01,13:50:31.130792,[]
2026-06-01,13:50:31.164125,[]
2026-06-01,13:50:31.197458,[]
2026-06-01,13:50:31.230791,[]
2026-06-01,13:50:31.264124,[]
2026-06-01,13:50:31.297457,[]
2026-06-01,13:50:31.330790,[]
2026-06-01,13:50:31.364123,[]
2026-06-01,13:50:31.397456,[]
2026-06-01,13:50:31.430789,[]
2026-06-01,13:50:31.464122,[]
2026-06-01,13:50:31.497455,[]
2026-06-01,13:50:31.530788,[]
2026-06-01,13:50:31.564121,[]
2026-06-01,13:50:31.597454,[]
2026-06-01,13:50:31.630787,[]
2026-06-01,13:50:31.664120,[]
2026-06-01,13:50:31.697453,[]
2026-06-01,13:50:31.730786,[]
2026-06-01,13:50:31.764119,[]
2026-06-01,13:50:31.797452,[]
2026-06-01,13:50:31.830785,[]
2026-06-01,13:50:31.864118,[]
2026-06-01,13:50:31.897451,[]
2026-06-01,13:50:31.930784,[]
2026-06-01,13:50:31.964117,[]
2026-06-01,13:50:31.997450,[]
2026-06-01,13:50:32.030783,[]
2026-06-01,13:50:32.064116,[]
2026-06-01,13:50:32.097449,[]
2026-06-01,13:50:32.130782,[]
2026-06-01,13:50:32.164115,[]
2026-06-01,13:50:32.197448,[]
2026-06-01,13:50:32.230781,[]
2026-06-01,13:50:32.264114,[]
2026-06-01,13:50:32.297447,[]
2026-06-01,13:50:32.330780,[]
2026-06-01,13:50:32.364113,[]
2026-06-01,13:50:32.397446,[]
2026-06-01,13:50:32.430779,[]
2026-06-01,13:50:32.464112,[]
2026-06-01,13:50:32.497445,[]
2026-06-01,13:50:32.530778,[]
2026-06-01,13:50:32.564111,[]
2026-06-01,13:50:32.597444,[]
2026-06-01,13:50:32.630777,[]
2026-06-01,13:50:32.664110,[]
2026-06-01,13:50:32.697443,[]
2026-06-01,13:50:32.730776,[]
2026-06-01,13:50:32.764109,[]
2026-06-01,13:50:32.797442,[]
2026-06-01,13:50:32.830775,[]
2026-06-01,13:50:32.864108,[]
2026-06-01,13:50:32.897441,[]
2026-06-01,13:50:32.930774,[]
2026-06-01,13:50:32.964107,[]
2026-06-01,13:50:32.997440,[]
2026-06-01,13:50:33.030773,[]
2026-06-01,13:50:33.064106,[]
2026-06-01,13:50:33.097439,[]
2026-06-01,13:50:33.130772,[]
2026-06-01,13:50:33.164105,[]
2026-06-01,13:50:33.197438,[]
2026-06-01,13:50:33.230771,[]
2026-06-01,13:50:33.264104,[]
2026-06-01,13:50:33.297437,[]
2026-06-01,13:50:33.330770,[]
2026-06-01,13:50:33.364103,[]
2026-06-01,13:50:33.397436,[]
2026-06-01,13:50:33.430769,[]
2026-06-01,13:50:33.464102,[]
2026-06-01,13:50:33.497435,[]
2026-06-01,13:50:33.530768,[]
2026-06-01,13:50:33.564101,[]
2026-06-01,13:50:33.597434,[]
2026-06-01,13:50:33.630767,[]
2026-06-01,13:50:33.664100,[]
2026-06-01,13:50:33.697433,[]
2026-06-01,13:50:33.730766,[]
2026-06-01,13:50:33.764099,[]
2026-06-01,13:50:33.797432,[]
2026-06-01,13:50:33.830765,[]
2026-06-01,13:50:33.864098,[]
2026-06-01,13:50:33.897431,[]
2026-06-01,13:50:33.930764,[]
2026-06-01,13:50:33.964097,[]
2026-06-01,13:50:33.997430,[]
2026-06-01,13:50:34.030763,[]
2026-06-01,13:50:34.064096,[]
2026-06-01,13:50:34.097429,[]
2026-06-01,13:50:34.130762,[]
2026-06-01,13:50:34.164095,[]
2026-06-01,13:50:34.197428,[]
2026-06-01,13:50:34.230761,[]
2026-06-01,13:50:34.264094,[]
2026-06-01,13:50:34.297427,[]
2026-06-01,13:50:34.330760,[]
2026-06-01,13:50:34.364093,[]
2026-06-01,13:50:34.397426,[]
2026-06-01,13:50:34.430759,[]
2026-06-01,13:50:34.464092,[]
2026-06-01,13:50:34.497425,[]
2026-06-01,13:50:34.530758,[]
2026-06-01,13:50:34.564091,[]
2026-06-01,13:50:34.597424,[]
2026-06-01,13:50:34.630757,[]
2026-06-01,13:50:34.664090,[]
2026-06-01,13:50:34.697423,[]
2026-06-01,13:50:34.730756,[]
2026-06-01,13:50:34.764089,[]
2026-06-01,13:50:34.797422,[]
2026-06-01,13:50:34.830755,[]
2026-06-01,13:50:34.864088,[]
2026-06-01,13:50:34.897421,[]
2026-06-01,13:50:34.930754,[]
2026-06-01,13:50:34.964087,[]
2026-06-01,13:50:34.997420,[]
2026-06-01,13:50:35.030753,[]
2026-06-01,13:50:35.064086,[]
2026-06-01,13:50:35.097419,[]
2026-06-01,13:50:35.130752,[]
2026-06-01,13:50:35.164085,[]
2026-06-01,13:50:35.197418,[]
2026-06-01,13:50:35.230751,[]
2026-06-01,13:50:35.264084,[]
2026-06-01,13:50:35.297417,[]
2026-06-01,13:50:35.330750,[]
2026-06-01,13:50:35.364083,[]
2026-06-01,13:50:35.397416,[]
2026-06-01,13:50:35.430749,[]
2026-06-01,13:50:35.464082,[]
2026-06-01,13:50:35.497415,[]
2026-06-01,13:50:35.530748,[]
2026-06-01,13:50:35.564081,[]
2026-06-01,13:50:35.597414,[]
2026-06-01,13:50:35.630747,[]
2026-06-01,13:50:35.664080,[]
2026-06-01,13:50:35.697413,[]
2026-06-01,13:50:35.730746,[]
2026-06-01,13:50:35.764079,[]
2026-06-01,13:50:35.797412,[]
2026-06-01,13:50:35.830745,[]
2026-06-01,13:50:35.864078,[]
2026-06-01,13:50:35.897411,[]
2026-06-01,13:50:35.930744,[]
2026-06-01,13:50:35.964077,[]
2026-06-01,13:50:35.997410,[]
2026-06-01,13:50:36.030743,[]
2026-06-01,13:50:36.064076,[]
2026-06-01,13:50:36.097409,[]
2026-06-01,13:50:36.130742,[]
2026-06-01,13:50:36.164075,[]
2026-06-01,13:50:36.197408,[]
2026-06-01,13:50:36.230741,[]
2026-06-01,13:50:36.264074,[]
2026-06-01,13:50:36.297407,[]
2026-06-01,13:50:36.330740,[]
2026-06-01,13:50:36.364073,[]
2026-06-01,13:50:36.397406,[]
2026-06-01,13:50:36.430739,[]
2026-06-01,13:50:36.464072,[]
2026-06-01,13:50:36.497405,[]
2026-06-01,13:50:36.530738,[]
2026-06-01,13:50:36.564071,[]
2026-06-01,13:50:36.597404,[]
2026-06-01,13:50:36.630737,[]
2026-06-01,13:50:36.664070,[]
2026-06-01,13:50:36.697403,[]
2026-06-01,13:50:36.730736,[]
2026-06-01,13:50:36.764069,[]
2026-06-01,13:50:36.797402,[]
2026-06-01,13:50:36.830735,[]
2026-06-01,13:50:36.864068,[]
2026-06-01,13:50:36.897401,[]
2026-06-01,13:50:36.930734,[]
2026-06-01,13:50:36.964067,[]
2026-06-01,13:50:36.997400,[]
2026-06-01,13:50:37.030733,[]
2026-06-01,13:50:37.064066,[]
2026-06-01,13:50:37.097399,[]
2026-06-01,13:50:37.130732,[]
2026-06-01,13:50:37.164065,[]
2026-06-01,13:50:37.197398,[]
2026-06-01,13:50:37.230731,[]
2026-06-01,13:50:37.264064,[]
2026-06-01,13:50:37.297397,[]
2026-06-01,13:50:37.330730,[]
2026-06-01,13:50:37.364063,[]
2026-06-01,13:50:37.397396,[]
2026-06-01,13:50:37.430729,[]
2026-06-01,13:50:37.464062,[]
2026-06-01,13:50:37.497395,[]
2026-06-01,13:50:37.530728,[]
2026-06-01,13:50:37.564061,[]
2026-06-01,13:50:37.597394,[]
2026-06-01,13:50:37.630727,[]
2026-06-01,13:50:37.664060,[]
2026-06-01,13:50:37.697393,[]
2026-06-01,13:50:37.730726,[]
2026-06-01,13:50:37.764059,[]
2026-06-01,13:50:37.797392,[]
2026-06-01,13:50:37.830725,[]
2026-06-01,13:50:37.864058,[]
2026-06-01,13:50:37.897391,[]
2026-06-01,13:50:37.930724,[]
2026-06-01,13:50:37.964057,[]
2026-06-01,13:50:37.997390,[]
2026-06-01,13:50:38.030723,[]
2026-06-01,13:50:38.064056,[]
2026-06-01,13:50:38.097389,[]
2026-06-01,13:50:38.130722,[]
2026-06-01,13:50:38.164055,[]
2026-06-01,13:50:38.197388,[]
2026-06-01,13:50:38.230721,[]
2026-06-01,13:50:38.264054,[]
2026-06-01,13:50:38.297387,[]
2026-06-01,13:50:38.330720,[]
2026-06-01,13:50:38.364053,[]
2026-06-01,13:50:38.397386,[]
2026-06-01,13:50:38.430719,[]
2026-06-01,13:50:38.464052,[]
2026-06-01,13:50:38.497385,[]
2026-06-01,13:50:38.530718,[]
2026-06-01,13:50:38.564051,[]
2026-06-01,13:50:38.597384,[]
2026-06-01,13:50:38.630717,[]
2026-06-01,13:50:38.664050,[]
2026-06-01,13:50:38.697383,[]
2026-06-01,13:50:38.730716,[]
2026-06-01,13:50:38.764049,[]
2026-06-01,13:50:38.797382,[]
2026-06-01,13:50:38.830715,[]
2026-06-01,13:50:38.864048,[]
2026-06-01,13:50:38.897381,[]
2026-06-01,13:50:38.930714,[]
2026-06-01,13:50:38.964047,[]
2026-06-01,13:50:38.997380,[]
2026-06-01,13:50:39.030713,[]
2026-06-01,13:50:39.064046,[]
2026-06-01,13:50:39.097379,[]
2026-06-01,13:50:39.130712,[]
2026-06-01,13:50:39.164045,[]
2026-06-01,13:50:39.197378,[]
2026-06-01,13:50:39.230711,[]
2026-06-01,13:50:39.264044,[]
2026-06-01,13:50:39.297377,[]
2026-06-01,13:50:39.330710,[]
2026-06-01,13:50:39.364043,[]
2026-06-01,13:50:39.397376,[]
2026-06-01,13:50:39.430709,[]
2026-06-01,13:50:39.464042,[]
2026-06-01,13:50:39.497375,[]
2026-06-01,13:50:39.530708,[]
2026-06-01,13:50:39.564041,[]
2026-06-01,13:50:39.597374,[]
2026-06-01,13:50:39.630707,[]
2026-06-01,13:50:39.664040,[]
2026-06-01,13:50:39.697373,[]
2026-06-01,13:50:39.730706,[]
2026-06-01,13:50:39.764039,[]
2026-06-01,13:50:39.797372,[]
2026-06-01,13:50:39.830705,[]
2026-06-01,13:50:39.864038,[]
2026-06-01,13:50:39.897371,[]
2026-06-01,13:50:39.930704,[]
2026-06-01,13:50:39.964037,[]
2026-06-01,13:50:39.997370,[]
2026-06-01,13:50:40.030703,[]
2026-06-01,13:50:40.064036,[]
2026-06-01,13:50:40.097369,[]
2026-06-01,13:50:40.130702,[]
2026-06-01,13:50:40.164035,[]
2026-06-01,13:50:40.197368,[]
2026-06-01,13:50:40.230701,[]
2026-06-01,13:50:40.264034,[]
2026-06-01,13:50:40.297367,[]
2026-06-01,13:50:40.330700,[]
2026-06-01,13:50:40.364033,[]
2026-06-01,13:50:40.397366,[]
2026-06-01,13:50:40.430699,[]
2026-06-01,13:50:40.464032,[]
2026-06-01,13:50:40.497365,[]
2026-06-01,13:50:40.530698,[]
2026-06-01,13:50:40.564031,[]
2026-06-01,13:50:40.597364,[]
2026-06-01,13:50:40.630697,[]
2026-06-01,13:50:40.664030,[]
2026-06-01,13:50:40.697363,[]
2026-06-01,13:50:40.730696,[]
2026-06-01,13:50:40.764029,[]
2026-06-01,13:50:40.797362,[]
2026-06-01,13:50:40.830695,[]
2026-06-01,13:50:40.864028,[]
2026-06-01,13:50:40.897361,[]
2026-06-01,13:50:40.930694,[]
2026-06-01,13:50:40.964027,[]
2026-06-01,13:50:40.997360,[]
2026-06-01,13:50:41.030693,[]
2026-06-01,13:50:41.064026,[]
2026-06-01,13:50:41.097359,[]
2026-06-01,13:50:41.130692,[]
2026-06-01,13:50:41.164025,[]
2026-06-01,13:50:41.197358,[]
2026-06-01,13:50:41.230691,[]
2026-06-01,13:50:41.264024,[]
2026-06-01,13:50:41.297357,[]
2026-06-01,13:50:41.330690,[]
2026-06-01,13:50:41.364023,[]
2026-06-01,13:50:41.397356,[]
2026-06-01,13:50:41.430689,[]
2026-06-01,13:50:41.464022,[]
2026-06-01,13:50:41.497355,[]
2026-06-01,13:50:41.530688,[]
2026-06-01,13:50:41.564021,[]
2026-06-01,13:50:41.597354,[]
2026-06-01,13:50:41.630687,[]
2026-06-01,13:50:41.664020,[]
2026-06-01,13:50:41.697353,[]
2026-06-01,13:50:41.730686,[]
2026-06-01,13:50:41.764019,[]
2026-06-01,13:50:41.797352,[]
2026-06-01,13:50:41.830685,[]
2026-06-01,13:50:41.864018,[]
2026-06-01,13:50:41.897351,[]
2026-06-01,13:50:41.930684,[]
2026-06-01,13:50:41.964017,[]
2026-06-01,13:50:41.997350,[]
2026-06-01,13:50:42.030683,[]
2026-06-01,13:50:42.064016,[]
2026-06-01,13:50:42.097349,[]
2026-06-01,13:50:42.130682,[]
2026-06-01,13:50:42.164015,[]
2026-06-01,13:50:42.197348,[]
2026-06-01,13:50:42.230681,[]
2026-06-01,13:50:42.264014,[]
2026-06-01,13:50:42.297347,[]
2026-06-01,13:50:42.330680,[]
2026-06-01,13:50:42.364013,[]
2026-06-01,13:50:42.397346,[]
2026-06-01,13:50:42.430679,[]
2026-06-01,13:50:42.464012,[]
2026-06-01,13:50:42.497345,[]
2026-06-01,13:50:42.530678,[]
2026-06-01,13:50:42.564011,[]
2026-06-01,13:50:42.597344,[]
2026-06-01,13:50:42.630677,[]
2026-06-01,13:50:42.664010,[]
2026-06-01,13:50:42.697343,[]
2026-06-01,13:50:42.730676,[]
2026-06-01,13:50:42.764009,[]
2026-06-01,13:50:42.797342,[]
2026-06-01,13:50:42.830675,[]
2026-06-01,13:50:42.864008,[]
2026-06-01,13:50:42.897341,[]
2026-06-01,13:50:42.930674,[]
2026-06-01,13:50:42.964007,[]
2026-06-01,13:50:42.997340,[]
2026-06-01,13:50:43.030673,[]
2026-06-01,13:50:43.064006,[]
2026-06-01,13:50:43.097339,[]
2026-06-01,13:50:43.130672,[]
2026-06-01,13:50:43.164005,[]
2026-06-01,13:50:43.197338,[]
2026-06-01,13:50:43.230671,[]
2026-06-01,13:50:43.264004,[]
2026-06-01,13:50:43.297337,[]
2026-06-01,13:50:43.330670,[]
2026-06-01,13:50:43.364003,[]
2026-06-01,13:50:43.397336,[]
2026-06-01,13:50:43.430669,[]
2026-06-01,13:50:43.464002,[]
2026-06-01,13:50:43.497335,[]
2026-06-01,13:50:43.530668,[]
2026-06-01,13:50:43.564001,[]
2026-06-01,13:50:43.597334,[]
2026-06-01,13:50:43.630667,[]
2026-06-01,13:50:43.664000,[]
2026-06-01,13:50:43.697333,[]
2026-06-01,13:50:43.730666,[]
2026-06-01,13:50:43.763999,[]
2026-06-01,13:50:43.797332,[]
2026-06-01,13:50:43.830665,[]
2026-06-01,13:50:43.863998,[]
2026-06-01,13:50:43.897331,[]
2026-06-01,13:50:43.930664,[]
2026-06-01,13:50:43.963997,[]
2026-06-01,13:50:43.997330,[]
2026-06-01,13:50:44.030663,[]
2026-06-01,13:50:44.063996,[]
2026-06-01,13:50:44.097329,[]
2026-06-01,13:50:44.130662,[]
2026-06-01,13:50:44.163995,[]
2026-06-01,13:50:44.197328,[]
2026-06-01,13:50:44.230661,[]
2026-06-01,13:50:44.263994,[]
2026-06-01,13:50:44.297327,[]
2026-06-01,13:50:44.330660,[]
2026-06-01,13:50:44.363993,[]
2026-06-01,13:50:44.397326,[]
2026-06-01,13:50:44.430659,[]
2026-06-01,13:50:44.463992,[]
2026-06-01,13:50:44.497325,[]
2026-06-01,13:50:44.530658,[]
2026-06-01,13:50:44.563991,[]
2026-06-01,13:50:44.597324,[]
2026-06-01,13:50:44.630657,[]
2026-06-01,13:50:44.663990,[]
2026-06-01,13:50:44.697323,[]
2026-06-01,13:50:44.730656,[]
2026-06-01,13:50:44.763989,[]
2026-06-01,13:50:44.797322,[]
2026-06-01,13:50:44.830655,[]
2026-06-01,13:50:44.863988,[]
2026-06-01,13:50:44.897321,[]
2026-06-01,13:50:44.930654,[]
2026-06-01,13:50:44.963987,[]
2026-06-01,13:50:44.997320,[]
2026-06-01,13:50:45.030653,[]
2026-06-01,13:50:45.063986,[]
2026-06-01,13:50:45.097319,[]
2026-06-01,13:50:45.130652,[]
2026-06-01,13:50:45.163985,[]
2026-06-01,13:50:45.197318,[]
2026-06-01,13:50:45.230651,[]
2026-06-01,13:50:45.263984,[]
2026-06-01,13:50:45.297317,[]
2026-06-01,13:50:45.330650,[]
2026-06-01,13:50:45.363983,[]
2026-06-01,13:50:45.397316,[]
2026-06-01,13:50:45.430649,[]
2026-06-01,13:50:45.463982,[]
2026-06-01,13:50:45.497315,[]
2026-06-01,13:50:45.530648,[]
2026-06-01,13:50:45.563981,[]
2026-06-01,13:50:45.597314,[]
2026-06-01,13:50:45.630647,[]
2026-06-01,13:50:45.663980,[]
2026-06-01,13:50:45.697313,[]
2026-06-01,13:50:45.730646,[]
2026-06-01,13:50:45.763979,[]
2026-06-01,13:50:45.797312,[]
2026-06-01,13:50:45.830645,[]
2026-06-01,13:50:45.863978,[]
2026-06-01,13:50:45.897311,[]
2026-06-01,13:50:45.930644,[]
2026-06-01,13:50:45.963977,[]
2026-06-01,13:50:45.997310,[]
2026-06-01,13:50:46.030643,[]
2026-06-01,13:50:46.063976,[]
2026-06-01,13:50:46.097309,[]
2026-06-01,13:50:46.130642,[]
2026-06-01,13:50:46.163975,[]
2026-06-01,13:50:46.197308,[]
2026-06-01,13:50:46.230641,[]
2026-06-01,13:50:46.263974,[]
2026-06-01,13:50:46.297307,[]
2026-06-01,13:50:46.330640,[]
2026-06-01,13:50:46.363973,[]
2026-06-01,13:50:46.397306,[]
2026-06-01,13:50:46.430639,[]
2026-06-01,13:50:46.463972,[]
2026-06-01,13:50:46.497305,[]
2026-06-01,13:50:46.530638,[]
2026-06-01,13:50:46.563971,[]
2026-06-01,13:50:46.597304,[]
2026-06-01,13:50:46.630637,[]
2026-06-01,13:50:46.663970,[]
2026-06-01,13:50:46.697303,[]
2026-06-01,13:50:46.730636,[]
2026-06-01,13:50:46.763969,[]
2026-06-01,13:50:46.797302,[]
2026-06-01,13:50:46.830635,[]
2026-06-01,13:50:46.863968,[]
2026-06-01,13:50:46.897301,[]
2026-06-01,13:50:46.930634,[]
2026-06-01,13:50:46.963967,[]
2026-06-01,13:50:46.997300,[]
2026-06-01,13:50:47.030633,[]
2026-06-01,13:50:47.063966,[]
2026-06-01,13:50:47.097299,[]
2026-06-01,13:50:47.130632,[]
2026-06-01,13:50:47.163965,[]
2026-06-01,13:50:47.197298,[]
2026-06-01,13:50:47.230631,[]
2026-06-01,13:50:47.263964,[]
2026-06-01,13:50:47.297297,[]
2026-06-01,13:50:47.330630,[]
2026-06-01,13:50:47.363963,[]
2026-06-01,13:50:47.397296,[]
2026-06-01,13:50:47.430629,[]
2026-06-01,13:50:47.463962,[]
2026-06-01,13:50:47.497295,[]
2026-06-01,13:50:47.530628,[]
2026-06-01,13:50:47.563961,[]
2026-06-01,13:50:47.597294,[]
2026-06-01,13:50:47.630627,[]
2026-06-01,13:50:47.663960,[]
2026-06-01,13:50:47.697293,[]
2026-06-01,13:50:47.730626,[]
2026-06-01,13:50:47.763959,[]
2026-06-01,13:50:47.797292,[]
2026-06-01,13:50:47.830625,[]
2026-06-01,13:50:47.863958,[]
2026-06-01,13:50:47.897291,[]
2026-06-01,13:50:47.930624,[]
2026-06-01,13:50:47.963957,[]
2026-06-01,13:50:47.997290,[]
2026-06-01,13:50:48.030623,[]
2026-06-01,13:50:48.063956,[]
2026-06-01,13:50:48.097289,[]
2026-06-01,13:50:48.130622,[]
2026-06-01,13:50:48.163955,[]
2026-06-01,13:50:48.197288,[]
2026-06-01,13:50:48.230621,[]
2026-06-01,13:50:48.263954,[]
2026-06-01,13:50:48.297287,[]
2026-06-01,13:50:48.330620,[]
2026-06-01,13:50:48.363953,[]
2026-06-01,13:50:48.397286,[]
2026-06-01,13:50:48.430619,[]
2026-06-01,13:50:48.463952,[]
2026-06-01,13:50:48.497285,[]
2026-06-01,13:50:48.530618,[]
2026-06-01,13:50:48.563951,[]
2026-06-01,13:50:48.597284,[]
2026-06-01,13:50:48.630617,[]
2026-06-01,13:50:48.663950,[]
2026-06-01,13:50:48.697283,[]
2026-06-01,13:50:48.730616,[]
2026-06-01,13:50:48.763949,[]
2026-06-01,13:50:48.797282,[]
2026-06-01,13:50:48.830615,[]
2026-06-01,13:50:48.863948,[]
2026-06-01,13:50:48.897281,[]
2026-06-01,13:50:48.930614,[]
2026-06-01,13:50:48.963947,[]
2026-06-01,13:50:48.997280,[]
2026-06-01,13:50:49.030613,[]
2026-06-01,13:50:49.063946,[]
2026-06-01,13:50:49.097279,[]
2026-06-01,13:50:49.130612,[]
2026-06-01,13:50:49.163945,[]
2026-06-01,13:50:49.197278,[]
2026-06-01,13:50:49.230611,[]
2026-06-01,13:50:49.263944,[]
2026-06-01,13:50:49.297277,[]
2026-06-01,13:50:49.330610,[]
2026-06-01,13:50:49.363943,[]
2026-06-01,13:50:49.397276,[]
2026-06-01,13:50:49.430609,[]
2026-06-01,13:50:49.463942,[]
2026-06-01,13:50:49.497275,[]
2026-06-01,13:50:49.530608,[]
2026-06-01,13:50:49.563941,[]
2026-06-01,13:50:49.597274,[]
2026-06-01,13:50:49.630607,[]
2026-06-01,13:50:49.663940,[]
2026-06-01,13:50:49.697273,[]
2026-06-01,13:50:49.730606,[]
2026-06-01,13:50:49.763939,[]
2026-06-01,13:50:49.797272,[]
2026-06-01,13:50:49.830605,[]
2026-06-01,13:50:49.863938,[]
2026-06-01,13:50:49.897271,[]
2026-06-01,13:50:49.930604,[]
2026-06-01,13:50:49.963937,[]
2026-06-01,13:50:49.997270,[]
2026-06-01,13:50:50.030603,[]
2026-06-01,13:50:50.063936,[]
2026-06-01,13:50:50.097269,[]
2026-06-01,13:50:50.130602,[]
2026-06-01,13:50:50.163935,[]
2026-06-01,13:50:50.197268,[]
2026-06-01,13:50:50.230601,[]
2026-06-01,13:50:50.263934,[]
2026-06-01,13:50:50.297267,[]
2026-06-01,13:50:50.330600,[]
2026-06-01,13:50:50.363933,[]
2026-06-01,13:50:50.397266,[]
2026-06-01,13:50:50.430599,[]
2026-06-01,13:50:50.463932,[]
2026-06-01,13:50:50.497265,[]
2026-06-01,13:50:50.530598,[]
2026-06-01,13:50:50.563931,[]
2026-06-01,13:50:50.597264,[]
2026-06-01,13:50:50.630597,[]
2026-06-01,13:50:50.663930,[]
2026-06-01,13:50:50.697263,[]
2026-06-01,13:50:50.730596,[]
2026-06-01,13:50:50.763929,[]
2026-06-01,13:50:50.797262,[]
2026-06-01,13:50:50.830595,[]
2026-06-01,13:50:50.863928,[]
2026-06-01,13:50:50.897261,[]
2026-06-01,13:50:50.930594,[]
2026-06-01,13:50:50.963927,[]
2026-06-01,13:50:50.997260,[]
2026-06-01,13:50:51.030593,[]
2026-06-01,13:50:51.063926,[]
2026-06-01,13:50:51.097259,[]
2026-06-01,13:50:51.130592,[]
2026-06-01,13:50:51.163925,[]
2026-06-01,13:50:51.197258,[]
2026-06-01,13:50:51.230591,[]
2026-06-01,13:50:51.263924,[]
2026-06-01,13:50:51.297257,[]
2026-06-01,13:50:51.330590,[]
2026-06-01,13:50:51.363923,[]
2026-06-01,13:50:51.397256,[]
2026-06-01,13:50:51.430589,[]
2026-06-01,13:50:51.463922,[]
2026-06-01,13:50:51.497255,[]
2026-06-01,13:50:51.530588,[]
2026-06-01,13:50:51.563921,[]
2026-06-01,13:50:51.597254,[]
2026-06-01,13:50:51.630587,[]
2026-06-01,13:50:51.663920,[]
2026-06-01,13:50:51.697253,[]
2026-06-01,13:50:51.730586,[]
2026-06-01,13:50:51.763919,[]
2026-06-01,13:50:51.797252,[]
2026-06-01,13:50:51.830585,[]
2026-06-01,13:50:51.863918,[]
2026-06-01,13:50:51.897251,[]
2026-06-01,13:50:51.930584,[]
2026-06-01,13:50:51.963917,[]
2026-06-01,13:50:51.997250,[]
2026-06-01,13:50:52.030583,[]
2026-06-01,13:50:52.063916,[]
2026-06-01,13:50:52.097249,[]
2026-06-01,13:50:52.130582,[]
2026-06-01,13:50:52.163915,[]
2026-06-01,13:50:52.197248,[]
2026-06-01,13:50:52.230581,[]
2026-06-01,13:50:52.263914,[]
2026-06-01,13:50:52.297247,[]
2026-06-01,13:50:52.330580,[]
2026-06-01,13:50:52.363913,[]
2026-06-01,13:50:52.397246,[]
2026-06-01,13:50:52.430579,[]
2026-06-01,13:50:52.463912,[]
2026-06-01,13:50:52.497245,[]
2026-06-01,13:50:52.530578,[]
2026-06-01,13:50:52.563911,[]
2026-06-01,13:50:52.597244,[]
2026-06-01,13:50:52.630577,[]
2026-06-01,13:50:52.663910,[]
2026-06-01,13:50:52.697243,[]
2026-06-01,13:50:52.730576,[]
2026-06-01,13:50:52.763909,[]
2026-06-01,13:50:52.797242,[]
2026-06-01,13:50:52.830575,[]
2026-06-01,13:50:52.863908,[]
2026-06-01,13:50:52.897241,[]
2026-06-01,13:50:52.930574,[]
2026-06-01,13:50:52.963907,[]
2026-06-01,13:50:52.997240,[]
2026-06-01,13:50:53.030573,[]
2026-06-01,13:50:53.063906,[]
2026-06-01,13:50:53.097239,[]
2026-06-01,13:50:53.130572,[]
2026-06-01,13:50:53.163905,[]
2026-06-01,13:50:53.197238,[]
2026-06-01,13:50:53.230571,[]
2026-06-01,13:50:53.263904,[]
2026-06-01,13:50:53.297237,[]
2026-06-01,13:50:53.330570,[]
2026-06-01,13:50:53.363903,[]
2026-06-01,13:50:53.397236,[]
2026-06-01,13:50:53.430569,[]
2026-06-01,13:50:53.463902,[]
2026-06-01,13:50:53.497235,[]
2026-06-01,13:50:53.530568,[]
2026-06-01,13:50:53.563901,[]
2026-06-01,13:50:53.597234,[]
2026-06-01,13:50:53.630567,[]
2026-06-01,13:50:53.663900,[]
2026-06-01,13:50:53.697233,[]
2026-06-01,13:50:53.730566,[]
2026-06-01,13:50:53.763899,[]
2026-06-01,13:50:53.797232,[]
2026-06-01,13:50:53.830565,[]
2026-06-01,13:50:53.863898,[]
2026-06-01,13:50:53.897231,[]
2026-06-01,13:50:53.930564,[]
2026-06-01,13:50:53.963897,[]
2026-06-01,13:50:53.997230,[]
2026-06-01,13:50:54.030563,[]
2026-06-01,13:50:54.063896,[]
2026-06-01,13:50:54.097229,[]
2026-06-01,13:50:54.130562,[]
2026-06-01,13:50:54.163895,[]
2026-06-01,13:50:54.197228,[]
2026-06-01,13:50:54.230561,[]
2026-06-01,13:50:54.263894,[]
2026-06-01,13:50:54.297227,[]
2026-06-01,13:50:54.330560,[]
2026-06-01,13:50:54.363893,[]
2026-06-01,13:50:54.397226,[]
2026-06-01,13:50:54.430559,[]
2026-06-01,13:50:54.463892,[]
2026-06-01,13:50:54.497225,[]
2026-06-01,13:50:54.530558,[]
2026-06-01,13:50:54.563891,[]
2026-06-01,13:50:54.597224,[]
2026-06-01,13:50:54.630557,[]
2026-06-01,13:50:54.663890,[]
2026-06-01,13:50:54.697223,[]
2026-06-01,13:50:54.730556,[]
2026-06-01,13:50:54.763889,[]
2026-06-01,13:50:54.797222,[]
2026-06-01,13:50:54.830555,[]
2026-06-01,13:50:54.863888,[]
2026-06-01,13:50:54.897221,[]
2026-06-01,13:50:54.930554,[]
2026-06-01,13:50:54.963887,[]
2026-06-01,13:50:54.997220,[]
2026-06-01,13:50:55.030553,[]
2026-06-01,13:50:55.063886,[]
2026-06-01,13:50:55.097219,[]
2026-06-01,13:50:55.130552,[]
2026-06-01,13:50:55.163885,[]
2026-06-01,13:50:55.197218,[]
2026-06-01,13:50:55.230551,[]
2026-06-01,13:50:55.263884,[]
2026-06-01,13:50:55.297217,[]
2026-06-01,13:50:55.330550,[]
2026-06-01,13:50:55.363883,[]
2026-06-01,13:50:55.397216,[]
2026-06-01,13:50:55.430549,[]
2026-06-01,13:50:55.463882,[]
2026-06-01,13:50:55.497215,[]
2026-06-01,13:50:55.530548,[]
2026-06-01,13:50:55.563881,[]
2026-06-01,13:50:55.597214,[]
2026-06-01,13:50:55.630547,[]
2026-06-01,13:50:55.663880,[]
2026-06-01,13:50:55.697213,[]
2026-06-01,13:50:55.730546,[]
2026-06-01,13:50:55.763879,[]
2026-06-01,13:50:55.797212,[]
2026-06-01,13:50:55.830545,[]
2026-06-01,13:50:55.863878,[]
2026-06-01,13:50:55.897211,[]
2026-06-01,13:50:55.930544,[]
2026-06-01,13:50:55.963877,[]
2026-06-01,13:50:55.997210,[]
2026-06-01,13:50:56.030543,[]
2026-06-01,13:50:56.063876,[]
2026-06-01,13:50:56.097209,[]
2026-06-01,13:50:56.130542,[]
2026-06-01,13:50:56.163875,[]
2026-06-01,13:50:56.197208,[]
2026-06-01,13:50:56.230541,[]
2026-06-01,13:50:56.263874,[]
2026-06-01,13:50:56.297207,[]
2026-06-01,13:50:56.330540,[]
2026-06-01,13:50:56.363873,[]
2026-06-01,13:50:56.397206,[]
2026-06-01,13:50:56.430539,[]
2026-06-01,13:50:56.463872,[]
2026-06-01,13:50:56.497205,[]
2026-06-01,13:50:56.530538,[]
2026-06-01,13:50:56.563871,[]
2026-06-01,13:50:56.597204,[]
2026-06-01,13:50:56.630537,[]
2026-06-01,13:50:56.663870,[]
2026-06-01,13:50:56.697203,[]
2026-06-01,13:50:56.730536,[]
2026-06-01,13:50:56.763869,[]
2026-06-01,13:50:56.797202,[]
2026-06-01,13:50:56.830535,[]
2026-06-01,13:50:56.863868,[]
2026-06-01,13:50:56.897201,[]
2026-06-01,13:50:56.930534,[]
2026-06-01,13:50:56.963867,[]
2026-06-01,13:50:56.997200,[]
2026-06-01,13:50:57.030533,[]
2026-06-01,13:50:57.063866,[]
2026-06-01,13:50:57.097199,[]
2026-06-01,13:50:57.130532,[]
2026-06-01,13:50:57.163865,[]
2026-06-01,13:50:57.197198,[]
2026-06-01,13:50:57.230531,[]
2026-06-01,13:50:57.263864,[]
2026-06-01,13:50:57.297197,[]
2026-06-01,13:50:57.330530,[]
2026-06-01,13:50:57.363863,[]
2026-06-01,13:50:57.397196,[]
2026-06-01,13:50:57.430529,[]
2026-06-01,13:50:57.463862,[]
2026-06-01,13:50:57.497195,[]
2026-06-01,13:50:57.530528,[]
2026-06-01,13:50:57.563861,[]
2026-06-01,13:50:57.597194,[]
2026-06-01,13:50:57.630527,[]
2026-06-01,13:50:57.663860,[]
2026-06-01,13:50:57.697193,[]
2026-06-01,13:50:57.730526,[]
2026-06-01,13:50:57.763859,[]
2026-06-01,13:50:57.797192,[]
2026-06-01,13:50:57.830525,[]
2026-06-01,13:50:57.863858,[]
2026-06-01,13:50:57.897191,[]
2026-06-01,13:50:57.930524,[]
2026-06-01,13:50:57.963857,[]
2026-06-01,13:50:57.997190,[]
2026-06-01,13:50:58.030523,[]
2026-06-01,13:50:58.063856,[]
2026-06-01,13:50:58.097189,[]
2026-06-01,13:50:58.130522,[]
2026-06-01,13:50:58.163855,[]
2026-06-01,13:50:58.197188,[]
2026-06-01,13:50:58.230521,[]
2026-06-01,13:50:58.263854,[]
2026-06-01,13:50:58.297187,[]
2026-06-01,13:50:58.330520,[]
2026-06-01,13:50:58.363853,[]
2026-06-01,13:50:58.397186,[]
2026-06-01,13:50:58.430519,[]
2026-06-01,13:50:58.463852,['DD91990']
2026-06-01,13:50:58.497185,['DD91990']
2026-06-01,13:50:58.530518,['DD91990']
2026-06-01,13:50:58.563851,['DD91990']
2026-06-01,13:50:58.597184,[]
2026-06-01,13:50:58.630517,[]
2026-06-01,13:50:58.663850,[]
2026-06-01,13:50:58.697183,[]
2026-06-01,13:50:58.730516,[]
2026-06-01,13:50:58.763849,[]
2026-06-01,13:50:58.797182,[]
2026-06-01,13:50:58.830515,[]
2026-06-01,13:50:58.863848,[]
2026-06-01,13:50:58.897181,[]
2026-06-01,13:50:58.930514,[]
2026-06-01,13:50:58.963847,[]
2026-06-01,13:50:58.997180,[]
2026-06-01,13:50:59.030513,[]
2026-06-01,13:50:59.063846,[]
2026-06-01,13:50:59.097179,[]
2026-06-01,13:50:59.130512,[]
2026-06-01,13:50:59.163845,[]
2026-06-01,13:50:59.197178,[]
2026-06-01,13:50:59.230511,[]
2026-06-01,13:50:59.263844,[]
2026-06-01,13:50:59.297177,[]
2026-06-01,13:50:59.330510,[]
2026-06-01,13:50:59.363843,[]
2026-06-01,13:50:59.397176,[]
2026-06-01,13:50:59.430509,[]
2026-06-01,13:50:59.463842,[]
2026-06-01,13:50:59.497175,[]
2026-06-01,13:50:59.530508,[]
2026-06-01,13:50:59.563841,[]
2026-06-01,13:50:59.597174,[]
2026-06-01,13:50:59.630507,[]
2026-06-01,13:50:59.663840,[]
2026-06-01,13:50:59.697173,[]
2026-06-01,13:50:59.730506,[]
2026-06-01,13:50:59.763839,[]
2026-06-01,13:50:59.797172,[]
2026-06-01,13:50:59.830505,[]
2026-06-01,13:50:59.863838,[]
2026-06-01,13:50:59.897171,[]
2026-06-01,13:50:59.930504,[]
2026-06-01,13:50:59.963837,[]
2026-06-01,13:50:59.997170,[]
2026-06-01,13:51:00.030503,[]
2026-06-01,13:51:00.063836,[]
2026-06-01,13:51:00.097169,[]
2026-06-01,13:51:00.130502,[]
2026-06-01,13:51:00.163835,[]
2026-06-01,13:51:00.197168,[]
2026-06-01,13:51:00.230501,[]
2026-06-01,13:51:00.263834,[]
2026-06-01,13:51:00.297167,[]
2026-06-01,13:51:00.330500,[]
2026-06-01,13:51:00.363833,[]
2026-06-01,13:51:00.397166,[]
2026-06-01,13:51:00.430499,[]
2026-06-01,13:51:00.463832,[]
2026-06-01,13:51:00.497165,[]
2026-06-01,13:51:00.530498,[]
2026-06-01,13:51:00.563831,[]
2026-06-01,13:51:00.597164,[]
2026-06-01,13:51:00.630497,[]
2026-06-01,13:51:00.663830,[]
2026-06-01,13:51:00.697163,[]
2026-06-01,13:51:00.730496,[]
2026-06-01,13:51:00.763829,[]
2026-06-01,13:51:00.797162,[]
2026-06-01,13:51:00.830495,[]
2026-06-01,13:51:00.863828,[]
2026-06-01,13:51:00.897161,[]
2026-06-01,13:51:00.930494,[]
2026-06-01,13:51:00.963827,[]
2026-06-01,13:51:00.997160,[]
2026-06-01,13:51:01.030493,[]
2026-06-01,13:51:01.063826,[]
2026-06-01,13:51:01.097159,[]
2026-06-01,13:51:01.130492,[]
2026-06-01,13:51:01.163825,[]
2026-06-01,13:51:01.197158,[]
2026-06-01,13:51:01.230491,[]
2026-06-01,13:51:01.263824,[]
2026-06-01,13:51:01.297157,[]
2026-06-01,13:51:01.330490,[]
2026-06-01,13:51:01.363823,[]
2026-06-01,13:51:01.397156,[]
2026-06-01,13:51:01.430489,[]
2026-06-01,13:51:01.463822,[]
2026-06-01,13:51:01.497155,[]
2026-06-01,13:51:01.530488,[]
2026-06-01,13:51:01.563821,[]
2026-06-01,13:51:01.597154,[]
2026-06-01,13:51:01.630487,[]
2026-06-01,13:51:01.663820,[]
2026-06-01,13:51:01.697153,[]
2026-06-01,13:51:01.730486,[]
2026-06-01,13:51:01.763819,[]
2026-06-01,13:51:01.797152,[]
2026-06-01,13:51:01.830485,[]
2026-06-01,13:51:01.863818,[]
2026-06-01,13:51:01.897151,[]
2026-06-01,13:51:01.930484,[]
2026-06-01,13:51:01.963817,[]
2026-06-01,13:51:01.997150,[]
2026-06-01,13:51:02.030483,[]
2026-06-01,13:51:02.063816,[]
2026-06-01,13:51:02.097149,[]
2026-06-01,13:51:02.130482,[]
2026-06-01,13:51:02.163815,[]
2026-06-01,13:51:02.197148,[]
2026-06-01,13:51:02.230481,[]
2026-06-01,13:51:02.263814,[]
2026-06-01,13:51:02.297147,[]
2026-06-01,13:51:02.330480,[]
2026-06-01,13:51:02.363813,[]
2026-06-01,13:51:02.397146,[]
2026-06-01,13:51:02.430479,[]
2026-06-01,13:51:02.463812,[]
2026-06-01,13:51:02.497145,[]
2026-06-01,13:51:02.530478,[]
2026-06-01,13:51:02.563811,[]
2026-06-01,13:51:02.597144,[]
2026-06-01,13:51:02.630477,[]
2026-06-01,13:51:02.663810,[]
2026-06-01,13:51:02.697143,[]
2026-06-01,13:51:02.730476,[]
2026-06-01,13:51:02.763809,[]
2026-06-01,13:51:02.797142,[]
2026-06-01,13:51:02.830475,['EA23129']
2026-06-01,13:51:02.863808,['EA23129']
2026-06-01,13:51:02.897141,['EA23129']
2026-06-01,13:51:02.930474,['EA23129']
2026-06-01,13:51:02.963807,['EA23129']
2026-06-01,13:51:02.997140,[]
2026-06-01,13:51:03.030473,[]
2026-06-01,13:51:03.063806,[]
2026-06-01,13:51:03.097139,[]
2026-06-01,13:51:03.130472,[]
2026-06-01,13:51:03.163805,[]
2026-06-01,13:51:03.197138,[]
2026-06-01,13:51:03.230471,[]
2026-06-01,13:51:03.263804,[]
2026-06-01,13:51:03.297137,[]
2026-06-01,13:51:03.330470,[]
2026-06-01,13:51:03.363803,[]
2026-06-01,13:51:03.397136,[]
2026-06-01,13:51:03.430469,[]
2026-06-01,13:51:03.463802,[]
2026-06-01,13:51:03.497135,[]
2026-06-01,13:51:03.530468,[]
2026-06-01,13:51:03.563801,[]
2026-06-01,13:51:03.597134,[]
2026-06-01,13:51:03.630467,[]
2026-06-01,13:51:03.663800,[]
2026-06-01,13:51:03.697133,[]
2026-06-01,13:51:03.730466,[]
2026-06-01,13:51:03.763799,[]
2026-06-01,13:51:03.797132,[]
2026-06-01,13:51:03.830465,[]
2026-06-01,13:51:03.863798,[]
2026-06-01,13:51:03.897131,[]
2026-06-01,13:51:03.930464,[]
2026-06-01,13:51:03.963797,[]
2026-06-01,13:51:03.997130,[]
2026-06-01,13:51:04.030463,[]
2026-06-01,13:51:04.063796,[]
2026-06-01,13:51:04.097129,[]
2026-06-01,13:51:04.130462,[]
2026-06-01,13:51:04.163795,[]
2026-06-01,13:51:04.197128,[]
2026-06-01,13:51:04.230461,[]
2026-06-01,13:51:04.263794,[]
2026-06-01,13:51:04.297127,[]
2026-06-01,13:51:04.330460,[]
2026-06-01,13:51:04.363793,[]
2026-06-01,13:51:04.397126,[]
2026-06-01,13:51:04.430459,[]
2026-06-01,13:51:04.463792,[]
2026-06-01,13:51:04.497125,[]
2026-06-01,13:51:04.530458,[]
2026-06-01,13:51:04.563791,[]
2026-06-01,13:51:04.597124,[]
2026-06-01,13:51:04.630457,[]
2026-06-01,13:51:04.663790,[]
2026-06-01,13:51:04.697123,[]
2026-06-01,13:51:04.730456,[]
2026-06-01,13:51:04.763789,[]
2026-06-01,13:51:04.797122,[]
2026-06-01,13:51:04.830455,[]
2026-06-01,13:51:04.863788,[]
2026-06-01,13:51:04.897121,[]
2026-06-01,13:51:04.930454,[]
2026-06-01,13:51:04.963787,[]
2026-06-01,13:51:04.997120,[]
2026-06-01,13:51:05.030453,['EN58967']
2026-06-01,13:51:05.063786,['EN58967']
2026-06-01,13:51:05.097119,['EN58967']
2026-06-01,13:51:05.130452,['EN58967']
2026-06-01,13:51:05.163785,['EN58967']
2026-06-01,13:51:05.197118,[]
2026-06-01,13:51:05.230451,[]
2026-06-01,13:51:05.263784,[]
2026-06-01,13:51:05.297117,[]
2026-06-01,13:51:05.330450,[]
2026-06-01,13:51:05.363783,[]
2026-06-01,13:51:05.397116,[]
2026-06-01,13:51:05.430449,[]
2026-06-01,13:51:05.463782,[]
2026-06-01,13:51:05.497115,[]
2026-06-01,13:51:05.530448,[]
2026-06-01,13:51:05.563781,[]
2026-06-01,13:51:05.597114,[]
2026-06-01,13:51:05.630447,[]
2026-06-01,13:51:05.663780,[]
2026-06-01,13:51:05.697113,[]
2026-06-01,13:51:05.730446,[]
2026-06-01,13:51:05.763779,[]
2026-06-01,13:51:05.797112,[]
2026-06-01,13:51:05.830445,[]
2026-06-01,13:51:05.863778,[]
2026-06-01,13:51:05.897111,[]
2026-06-01,13:51:05.930444,[]
2026-06-01,13:51:05.963777,[]
2026-06-01,13:51:05.997110,[]
2026-06-01,13:51:06.030443,[]
2026-06-01,13:51:06.063776,[]
2026-06-01,13:51:06.097109,[]
2026-06-01,13:51:06.130442,[]
2026-06-01,13:51:06.163775,[]
2026-06-01,13:51:06.197108,[]
2026-06-01,13:51:06.230441,[]
2026-06-01,13:51:06.263774,[]
2026-06-01,13:51:06.297107,[]
2026-06-01,13:51:06.330440,[]
2026-06-01,13:51:06.363773,[]
2026-06-01,13:51:06.397106,[]
2026-06-01,13:51:06.430439,[]
2026-06-01,13:51:06.463772,[]
2026-06-01,13:51:06.497105,[]
2026-06-01,13:51:06.530438,[]
2026-06-01,13:51:06.563771,[]
2026-06-01,13:51:06.597104,[]
2026-06-01,13:51:06.630437,[]
2026-06-01,13:51:06.663770,[]
2026-06-01,13:51:06.697103,[]
2026-06-01,13:51:06.730436,[]
2026-06-01,13:51:06.763769,[]
2026-06-01,13:51:06.797102,[]
2026-06-01,13:51:06.830435,[]
2026-06-01,13:51:06.863768,[]
2026-06-01,13:51:06.897101,[]
2026-06-01,13:51:06.930434,[]
2026-06-01,13:51:06.963767,[]
2026-06-01,13:51:06.997100,[]
2026-06-01,13:51:07.030433,[]
2026-06-01,13:51:07.063766,[]
2026-06-01,13:51:07.097099,[]
2026-06-01,13:51:07.130432,[]
2026-06-01,13:51:07.163765,[]
2026-06-01,13:51:07.197098,[]
2026-06-01,13:51:07.230431,['AC87764']
2026-06-01,13:51:07.263764,['AC87764']
2026-06-01,13:51:07.297097,['AC87764']
2026-06-01,13:51:07.330430,['AC87764']
2026-06-01,13:51:07.363763,[]
2026-06-01,13:51:07.397096,['AC87764']
2026-06-01,13:51:07.430429,['AC87764']
2026-06-01,13:51:07.463762,[]
2026-06-01,13:51:07.497095,[]
2026-06-01,13:51:07.530428,[]
2026-06-01,13:51:07.563761,[]
2026-06-01,13:51:07.597094,[]
2026-06-01,13:51:07.630427,[]
2026-06-01,13:51:07.663760,[]
2026-06-01,13:51:07.697093,[]
2026-06-01,13:51:07.730426,[]
2026-06-01,13:51:07.763759,[]
2026-06-01,13:51:07.797092,[]
2026-06-01,13:51:07.830425,[]
2026-06-01,13:51:07.863758,[]
2026-06-01,13:51:07.897091,[]
2026-06-01,13:51:07.930424,[]
2026-06-01,13:51:07.963757,[]
2026-06-01,13:51:07.997090,[]
2026-06-01,13:51:08.030423,[]
2026-06-01,13:51:08.063756,[]
2026-06-01,13:51:08.097089,[]
2026-06-01,13:51:08.130422,[]
2026-06-01,13:51:08.163755,[]
2026-06-01,13:51:08.197088,[]
2026-06-01,13:51:08.230421,[]
2026-06-01,13:51:08.263754,[]
2026-06-01,13:51:08.297087,[]
2026-06-01,13:51:08.330420,[]
2026-06-01,13:51:08.363753,[]
2026-06-01,13:51:08.397086,[]
2026-06-01,13:51:08.430419,[]
2026-06-01,13:51:08.463752,[]
2026-06-01,13:51:08.497085,[]
2026-06-01,13:51:08.530418,[]
2026-06-01,13:51:08.563751,[]
2026-06-01,13:51:08.597084,[]
2026-06-01,13:51:08.630417,[]
2026-06-01,13:51:08.663750,[]
2026-06-01,13:51:08.697083,[]
2026-06-01,13:51:08.730416,[]
2026-06-01,13:51:08.763749,[]
2026-06-01,13:51:08.797082,[]
2026-06-01,13:51:08.830415,[]
2026-06-01,13:51:08.863748,[]
2026-06-01,13:51:08.897081,[]
2026-06-01,13:51:08.930414,[]
2026-06-01,13:51:08.963747,[]
2026-06-01,13:51:08.997080,[]
2026-06-01,13:51:09.030413,[]
2026-06-01,13:51:09.063746,[]
2026-06-01,13:51:09.097079,[]
2026-06-01,13:51:09.130412,[]
2026-06-01,13:51:09.163745,[]
2026-06-01,13:51:09.197078,[]
2026-06-01,13:51:09.230411,[]
2026-06-01,13:51:09.263744,[]
2026-06-01,13:51:09.297077,[]
2026-06-01,13:51:09.330410,[]
2026-06-01,13:51:09.363743,['BN98105']
2026-06-01,13:51:09.397076,[]
2026-06-01,13:51:09.430409,['BM98105']
2026-06-01,13:51:09.463742,['BN98105']
2026-06-01,13:51:09.497075,['BN98105']
2026-06-01,13:51:09.530408,[]
2026-06-01,13:51:09.563741,['BM98105']
2026-06-01,13:51:09.597074,['BN98105']
2026-06-01,13:51:09.630407,[]
2026-06-01,13:51:09.663740,[]
2026-06-01,13:51:09.697073,[]
2026-06-01,13:51:09.730406,[]
2026-06-01,13:51:09.763739,[]
2026-06-01,13:51:09.797072,[]
2026-06-01,13:51:09.830405,[]
2026-06-01,13:51:09.863738,[]
2026-06-01,13:51:09.897071,[]
2026-06-01,13:51:09.930404,[]
2026-06-01,13:51:09.963737,[]
2026-06-01,13:51:09.997070,[]
2026-06-01,13:51:10.030403,[]
2026-06-01,13:51:10.063736,[]
2026-06-01,13:51:10.097069,[]
2026-06-01,13:51:10.130402,[]
2026-06-01,13:51:10.163735,[]
2026-06-01,13:51:10.197068,[]
2026-06-01,13:51:10.230401,[]
2026-06-01,13:51:10.263734,[]
2026-06-01,13:51:10.297067,[]
2026-06-01,13:51:10.330400,[]
2026-06-01,13:51:10.363733,[]
2026-06-01,13:51:10.397066,[]
2026-06-01,13:51:10.430399,[]
2026-06-01,13:51:10.463732,[]
2026-06-01,13:51:10.497065,[]
2026-06-01,13:51:10.530398,[]
2026-06-01,13:51:10.563731,[]
2026-06-01,13:51:10.597064,[]
2026-06-01,13:51:10.630397,[]
2026-06-01,13:51:10.663730,[]
2026-06-01,13:51:10.697063,[]
2026-06-01,13:51:10.730396,[]
2026-06-01,13:51:10.763729,[]
2026-06-01,13:51:10.797062,[]
2026-06-01,13:51:10.830395,[]
2026-06-01,13:51:10.863728,[]
2026-06-01,13:51:10.897061,[]
2026-06-01,13:51:10.930394,[]
2026-06-01,13:51:10.963727,[]
2026-06-01,13:51:10.997060,[]
2026-06-01,13:51:11.030393,[]
2026-06-01,13:51:11.063726,[]
2026-06-01,13:51:11.097059,[]
2026-06-01,13:51:11.130392,[]
2026-06-01,13:51:11.163725,[]
2026-06-01,13:51:11.197058,[]
2026-06-01,13:51:11.230391,[]
2026-06-01,13:51:11.263724,[]
2026-06-01,13:51:11.297057,[]
2026-06-01,13:51:11.330390,[]
2026-06-01,13:51:11.363723,[]
2026-06-01,13:51:11.397056,[]
2026-06-01,13:51:11.430389,[]
2026-06-01,13:51:11.463722,[]
2026-06-01,13:51:11.497055,[]
2026-06-01,13:51:11.530388,[]
2026-06-01,13:51:11.563721,[]
2026-06-01,13:51:11.597054,[]
2026-06-01,13:51:11.630387,[]
2026-06-01,13:51:11.663720,[]
2026-06-01,13:51:11.697053,[]
2026-06-01,13:51:11.730386,[]
2026-06-01,13:51:11.763719,[]
2026-06-01,13:51:11.797052,[]
2026-06-01,13:51:11.830385,[]
2026-06-01,13:51:11.863718,[]
2026-06-01,13:51:11.897051,[]
2026-06-01,13:51:11.930384,[]
2026-06-01,13:51:11.963717,[]
2026-06-01,13:51:11.997050,[]
2026-06-01,13:51:12.030383,[]
2026-06-01,13:51:12.063716,[]
2026-06-01,13:51:12.097049,[]
2026-06-01,13:51:12.130382,[]
2026-06-01,13:51:12.163715,[]
2026-06-01,13:51:12.197048,[]
2026-06-01,13:51:12.230381,[]
2026-06-01,13:51:12.263714,[]
2026-06-01,13:51:12.297047,[]
2026-06-01,13:51:12.330380,[]
2026-06-01,13:51:12.363713,[]
2026-06-01,13:51:12.397046,[]
2026-06-01,13:51:12.430379,[]
2026-06-01,13:51:12.463712,[]
2026-06-01,13:51:12.497045,[]
2026-06-01,13:51:12.530378,[]
2026-06-01,13:51:12.563711,[]
2026-06-01,13:51:12.597044,[]
2026-06-01,13:51:12.630377,[]
2026-06-01,13:51:12.663710,[]
2026-06-01,13:51:12.697043,[]
2026-06-01,13:51:12.730376,[]
2026-06-01,13:51:12.763709,[]
2026-06-01,13:51:12.797042,[]
2026-06-01,13:51:12.830375,[]
2026-06-01,13:51:12.863708,[]
2026-06-01,13:51:12.897041,[]
2026-06-01,13:51:12.930374,[]
2026-06-01,13:51:12.963707,['EP20535']
2026-06-01,13:51:12.997040,['EP20535']
2026-06-01,13:51:13.030373,['EP20535']
2026-06-01,13:51:13.063706,['EP20535']
2026-06-01,13:51:13.097039,['EP20535']
2026-06-01,13:51:13.130372,['EP20535']
2026-06-01,13:51:13.163705,['EP20535']
2026-06-01,13:51:13.197038,['EP20535']
2026-06-01,13:51:13.230371,['EP20535']
2026-06-01,13:51:13.263704,['EP20535']
2026-06-01,13:51:13.297037,[]
2026-06-01,13:51:13.330370,[]
2026-06-01,13:51:13.363703,[]
2026-06-01,13:51:13.397036,[]
2026-06-01,13:51:13.430369,[]
2026-06-01,13:51:13.463702,[]
2026-06-01,13:51:13.497035,[]
2026-06-01,13:51:13.530368,[]
2026-06-01,13:51:13.563701,[]
2026-06-01,13:51:13.597034,[]
2026-06-01,13:51:13.630367,[]
2026-06-01,13:51:13.663700,[]
2026-06-01,13:51:13.697033,[]
2026-06-01,13:51:13.730366,[]
2026-06-01,13:51:13.763699,[]
2026-06-01,13:51:13.797032,[]
2026-06-01,13:51:13.830365,[]
2026-06-01,13:51:13.863698,[]
2026-06-01,13:51:13.897031,[]
2026-06-01,13:51:13.930364,[]
2026-06-01,13:51:13.963697,[]
2026-06-01,13:51:13.997030,[]
2026-06-01,13:51:14.030363,[]
2026-06-01,13:51:14.063696,[]
2026-06-01,13:51:14.097029,[]
2026-06-01,13:51:14.130362,[]
2026-06-01,13:51:14.163695,[]
2026-06-01,13:51:14.197028,[]
2026-06-01,13:51:14.230361,[]
2026-06-01,13:51:14.263694,[]
2026-06-01,13:51:14.297027,[]
2026-06-01,13:51:14.330360,[]
2026-06-01,13:51:14.363693,[]
2026-06-01,13:51:14.397026,[]
2026-06-01,13:51:14.430359,[]
2026-06-01,13:51:14.463692,[]
2026-06-01,13:51:14.497025,[]
2026-06-01,13:51:14.530358,[]
2026-06-01,13:51:14.563691,[]
2026-06-01,13:51:14.597024,[]
2026-06-01,13:51:14.630357,[]
2026-06-01,13:51:14.663690,[]
2026-06-01,13:51:14.697023,[]
2026-06-01,13:51:14.730356,[]
2026-06-01,13:51:14.763689,[]
2026-06-01,13:51:14.797022,[]
2026-06-01,13:51:14.830355,[]
2026-06-01,13:51:14.863688,[]
2026-06-01,13:51:14.897021,[]
2026-06-01,13:51:14.930354,[]
2026-06-01,13:51:14.963687,[]
2026-06-01,13:51:14.997020,[]
2026-06-01,13:51:15.030353,[]
2026-06-01,13:51:15.063686,[]
2026-06-01,13:51:15.097019,[]
2026-06-01,13:51:15.130352,[]
2026-06-01,13:51:15.163685,[]
2026-06-01,13:51:15.197018,[]
2026-06-01,13:51:15.230351,[]
2026-06-01,13:51:15.263684,[]
2026-06-01,13:51:15.297017,[]
2026-06-01,13:51:15.330350,[]
2026-06-01,13:51:15.363683,[]
2026-06-01,13:51:15.397016,[]
2026-06-01,13:51:15.430349,[]
2026-06-01,13:51:15.463682,[]
2026-06-01,13:51:15.497015,[]
2026-06-01,13:51:15.530348,[]
2026-06-01,13:51:15.563681,[]
2026-06-01,13:51:15.597014,[]
2026-06-01,13:51:15.630347,[]
2026-06-01,13:51:15.663680,[]
2026-06-01,13:51:15.697013,[]
2026-06-01,13:51:15.730346,[]
2026-06-01,13:51:15.763679,[]
2026-06-01,13:51:15.797012,[]
2026-06-01,13:51:15.830345,[]
2026-06-01,13:51:15.863678,[]
2026-06-01,13:51:15.897011,[]
2026-06-01,13:51:15.930344,[]
2026-06-01,13:51:15.963677,[]
2026-06-01,13:51:15.997010,[]
2026-06-01,13:51:16.030343,[]
2026-06-01,13:51:16.063676,[]
2026-06-01,13:51:16.097009,[]
2026-06-01,13:51:16.130342,[]
2026-06-01,13:51:16.163675,[]
2026-06-01,13:51:16.197008,[]
2026-06-01,13:51:16.230341,[]
2026-06-01,13:51:16.263674,[]
2026-06-01,13:51:16.297007,[]
2026-06-01,13:51:16.330340,[]
2026-06-01,13:51:16.363673,[]
2026-06-01,13:51:16.397006,[]
2026-06-01,13:51:16.430339,[]
2026-06-01,13:51:16.463672,[]
2026-06-01,13:51:16.497005,[]
2026-06-01,13:51:16.530338,[]
2026-06-01,13:51:16.563671,[]
2026-06-01,13:51:16.597004,[]
2026-06-01,13:51:16.630337,[]
2026-06-01,13:51:16.663670,[]
2026-06-01,13:51:16.697003,[]
2026-06-01,13:51:16.730336,[]
2026-06-01,13:51:16.763669,[]
2026-06-01,13:51:16.797002,[]
2026-06-01,13:51:16.830335,[]
2026-06-01,13:51:16.863668,[]
2026-06-01,13:51:16.897001,[]
2026-06-01,13:51:16.930334,[]
2026-06-01,13:51:16.963667,[]
2026-06-01,13:51:16.997000,[]
2026-06-01,13:51:17.030333,[]
2026-06-01,13:51:17.063666,[]
2026-06-01,13:51:17.096999,[]
2026-06-01,13:51:17.130332,[]
2026-06-01,13:51:17.163665,[]
2026-06-01,13:51:17.196998,[]
2026-06-01,13:51:17.230331,[]
2026-06-01,13:51:17.263664,[]
2026-06-01,13:51:17.296997,[]
2026-06-01,13:51:17.330330,[]
2026-06-01,13:51:17.363663,[]
2026-06-01,13:51:17.396996,[]
2026-06-01,13:51:17.430329,[]
2026-06-01,13:51:17.463662,[]
2026-06-01,13:51:17.496995,[]
2026-06-01,13:51:17.530328,[]
2026-06-01,13:51:17.563661,[]
2026-06-01,13:51:17.596994,[]
2026-06-01,13:51:17.630327,[]
2026-06-01,13:51:17.663660,[]
2026-06-01,13:51:17.696993,[]
2026-06-01,13:51:17.730326,[]
2026-06-01,13:51:17.763659,[]
2026-06-01,13:51:17.796992,[]
2026-06-01,13:51:17.830325,[]
2026-06-01,13:51:17.863658,[]
2026-06-01,13:51:17.896991,['AB83542']
2026-06-01,13:51:17.930324,['AB83542']
2026-06-01,13:51:17.963657,['AB83542']
2026-06-01,13:51:17.996990,['AB83542']
2026-06-01,13:51:18.030323,['AB83542']
2026-06-01,13:51:18.063656,['AB83542']
2026-06-01,13:51:18.096989,['AB83542']
2026-06-01,13:51:18.130322,['AB83542']
2026-06-01,13:51:18.163655,['AB83542']
2026-06-01,13:51:18.196988,['AB83542']
2026-06-01,13:51:18.230321,['AB83542']
2026-06-01,13:51:18.263654,['AB83542']
2026-06-01,13:51:18.296987,['AB83542']
2026-06-01,13:51:18.330320,['AB83542']
2026-06-01,13:51:18.363653,['AB83542']
2026-06-01,13:51:18.396986,['AB83542']
2026-06-01,13:51:18.430319,['AB83542']
2026-06-01,13:51:18.463652,['AB83542']
2026-06-01,13:51:18.496985,['AB83542']
2026-06-01,13:51:18.530318,['AB83542']
2026-06-01,13:51:18.563651,['AB83542']
2026-06-01,13:51:18.596984,['AB83542']
2026-06-01,13:51:18.630317,['AB83542']
2026-06-01,13:51:18.663650,['AB83542']
2026-06-01,13:51:18.696983,['AB83542']
2026-06-01,13:51:18.730316,['AB83542']
2026-06-01,13:51:18.763649,[]
2026-06-01,13:51:18.796982,[]
2026-06-01,13:51:18.830315,[]
2026-06-01,13:51:18.863648,[]
2026-06-01,13:51:18.896981,[]
2026-06-01,13:51:18.930314,[]
2026-06-01,13:51:18.963647,[]
2026-06-01,13:51:18.996980,[]
2026-06-01,13:51:19.030313,[]
2026-06-01,13:51:19.063646,[]
2026-06-01,13:51:19.096979,[]
2026-06-01,13:51:19.130312,[]
2026-06-01,13:51:19.163645,[]
2026-06-01,13:51:19.196978,[]
2026-06-01,13:51:19.230311,[]
2026-06-01,13:51:19.263644,[]
2026-06-01,13:51:19.296977,[]
2026-06-01,13:51:19.330310,[]
2026-06-01,13:51:19.363643,[]
2026-06-01,13:51:19.396976,[]
2026-06-01,13:51:19.430309,[]
2026-06-01,13:51:19.463642,[]
2026-06-01,13:51:19.496975,[]
2026-06-01,13:51:19.530308,[]
2026-06-01,13:51:19.563641,[]
2026-06-01,13:51:19.596974,[]
2026-06-01,13:51:19.630307,[]
2026-06-01,13:51:19.663640,[]
2026-06-01,13:51:19.696973,[]
2026-06-01,13:51:19.730306,[]
2026-06-01,13:51:19.763639,[]
2026-06-01,13:51:19.796972,[]
2026-06-01,13:51:19.830305,[]
2026-06-01,13:51:19.863638,[]
2026-06-01,13:51:19.896971,[]
2026-06-01,13:51:19.930304,[]
2026-06-01,13:51:19.963637,[]
2026-06-01,13:51:19.996970,[]
2026-06-01,13:51:20.030303,[]
2026-06-01,13:51:20.063636,[]
2026-06-01,13:51:20.096969,[]
2026-06-01,13:51:20.130302,[]
2026-06-01,13:51:20.163635,[]
2026-06-01,13:51:20.196968,[]
2026-06-01,13:51:20.230301,[]
2026-06-01,13:51:20.263634,[]
2026-06-01,13:51:20.296967,[]
2026-06-01,13:51:20.330300,[]
2026-06-01,13:51:20.363633,[]
2026-06-01,13:51:20.396966,[]
2026-06-01,13:51:20.430299,[]
2026-06-01,13:51:20.463632,[]
2026-06-01,13:51:20.496965,[]
2026-06-01,13:51:20.530298,[]
2026-06-01,13:51:20.563631,[]
2026-06-01,13:51:20.596964,[]
2026-06-01,13:51:20.630297,[]
2026-06-01,13:51:20.663630,[]
2026-06-01,13:51:20.696963,[]
2026-06-01,13:51:20.730296,[]
2026-06-01,13:51:20.763629,[]
2026-06-01,13:51:20.796962,[]
2026-06-01,13:51:20.830295,[]
2026-06-01,13:51:20.863628,[]
2026-06-01,13:51:20.896961,[]
2026-06-01,13:51:20.930294,[]
2026-06-01,13:51:20.963627,[]
2026-06-01,13:51:20.996960,[]
2026-06-01,13:51:21.030293,[]
2026-06-01,13:51:21.063626,[]
2026-06-01,13:51:21.096959,[]
2026-06-01,13:51:21.130292,[]
2026-06-01,13:51:21.163625,[]
2026-06-01,13:51:21.196958,[]
2026-06-01,13:51:21.230291,[]
2026-06-01,13:51:21.263624,[]
2026-06-01,13:51:21.296957,[]
2026-06-01,13:51:21.330290,[]
2026-06-01,13:51:21.363623,[]
2026-06-01,13:51:21.396956,[]
2026-06-01,13:51:21.430289,[]
2026-06-01,13:51:21.463622,[]
2026-06-01,13:51:21.496955,[]
2026-06-01,13:51:21.530288,[]
2026-06-01,13:51:21.563621,[]
2026-06-01,13:51:21.596954,[]
2026-06-01,13:51:21.630287,[]
2026-06-01,13:51:21.663620,[]
2026-06-01,13:51:21.696953,[]
2026-06-01,13:51:21.730286,[]
2026-06-01,13:51:21.763619,[]
2026-06-01,13:51:21.796952,[]
2026-06-01,13:51:21.830285,[]
2026-06-01,13:51:21.863618,[]
2026-06-01,13:51:21.896951,[]
2026-06-01,13:51:21.930284,[]
2026-06-01,13:51:21.963617,[]
2026-06-01,13:51:21.996950,[]
2026-06-01,13:51:22.030283,[]
2026-06-01,13:51:22.063616,[]
2026-06-01,13:51:22.096949,[]
2026-06-01,13:51:22.130282,[]
2026-06-01,13:51:22.163615,[]
2026-06-01,13:51:22.196948,[]
2026-06-01,13:51:22.230281,[]
2026-06-01,13:51:22.263614,[]
2026-06-01,13:51:22.296947,[]
2026-06-01,13:51:22.330280,[]
2026-06-01,13:51:22.363613,[]
2026-06-01,13:51:22.396946,[]
2026-06-01,13:51:22.430279,[]
2026-06-01,13:51:22.463612,[]
2026-06-01,13:51:22.496945,[]
2026-06-01,13:51:22.530278,[]
2026-06-01,13:51:22.563611,[]
2026-06-01,13:51:22.596944,[]
2026-06-01,13:51:22.630277,[]
2026-06-01,13:51:22.663610,[]
2026-06-01,13:51:22.696943,[]
2026-06-01,13:51:22.730276,[]
2026-06-01,13:51:22.763609,[]
2026-06-01,13:51:22.796942,[]
2026-06-01,13:51:22.830275,[]
2026-06-01,13:51:22.863608,[]
2026-06-01,13:51:22.896941,[]
2026-06-01,13:51:22.930274,[]
2026-06-01,13:51:22.963607,[]
2026-06-01,13:51:22.996940,[]
2026-06-01,13:51:23.030273,[]
2026-06-01,13:51:23.063606,[]
2026-06-01,13:51:23.096939,[]
2026-06-01,13:51:23.130272,[]
2026-06-01,13:51:23.163605,[]
2026-06-01,13:51:23.196938,[]
2026-06-01,13:51:23.230271,[]
2026-06-01,13:51:23.263604,[]
2026-06-01,13:51:23.296937,[]
2026-06-01,13:51:23.330270,[]
2026-06-01,13:51:23.363603,[]
2026-06-01,13:51:23.396936,[]
2026-06-01,13:51:23.430269,[]
2026-06-01,13:51:23.463602,[]
2026-06-01,13:51:23.496935,[]
2026-06-01,13:51:23.530268,[]
2026-06-01,13:51:23.563601,[]
2026-06-01,13:51:23.596934,[]
2026-06-01,13:51:23.630267,[]
2026-06-01,13:51:23.663600,[]
2026-06-01,13:51:23.696933,[]
2026-06-01,13:51:23.730266,[]
2026-06-01,13:51:23.763599,[]
2026-06-01,13:51:23.796932,[]
2026-06-01,13:51:23.830265,[]
2026-06-01,13:51:23.863598,[]
2026-06-01,13:51:23.896931,[]
2026-06-01,13:51:23.930264,[]
2026-06-01,13:51:23.963597,[]
2026-06-01,13:51:23.996930,[]
2026-06-01,13:51:24.030263,[]
2026-06-01,13:51:24.063596,[]
2026-06-01,13:51:24.096929,[]
2026-06-01,13:51:24.130262,[]
2026-06-01,13:51:24.163595,[]
2026-06-01,13:51:24.196928,[]
2026-06-01,13:51:24.230261,[]
2026-06-01,13:51:24.263594,[]
2026-06-01,13:51:24.296927,[]
2026-06-01,13:51:24.330260,[]
2026-06-01,13:51:24.363593,[]
2026-06-01,13:51:24.396926,[]
2026-06-01,13:51:24.430259,[]
2026-06-01,13:51:24.463592,[]
2026-06-01,13:51:24.496925,[]
2026-06-01,13:51:24.530258,[]
2026-06-01,13:51:24.563591,[]
2026-06-01,13:51:24.596924,[]
2026-06-01,13:51:24.630257,[]
2026-06-01,13:51:24.663590,[]
2026-06-01,13:51:24.696923,[]
2026-06-01,13:51:24.730256,[]
2026-06-01,13:51:24.763589,[]
2026-06-01,13:51:24.796922,[]
2026-06-01,13:51:24.830255,[]
2026-06-01,13:51:24.863588,[]
2026-06-01,13:51:24.896921,[]
2026-06-01,13:51:24.930254,[]
2026-06-01,13:51:24.963587,[]
2026-06-01,13:51:24.996920,[]
2026-06-01,13:51:25.030253,[]
2026-06-01,13:51:25.063586,[]
2026-06-01,13:51:25.096919,[]
2026-06-01,13:51:25.130252,[]
2026-06-01,13:51:25.163585,[]
2026-06-01,13:51:25.196918,[]
2026-06-01,13:51:25.230251,[]
2026-06-01,13:51:25.263584,[]
2026-06-01,13:51:25.296917,[]
2026-06-01,13:51:25.330250,[]
2026-06-01,13:51:25.363583,[]
2026-06-01,13:51:25.396916,[]
2026-06-01,13:51:25.430249,[]
2026-06-01,13:51:25.463582,[]
2026-06-01,13:51:25.496915,[]
2026-06-01,13:51:25.530248,[]
2026-06-01,13:51:25.563581,[]
2026-06-01,13:51:25.596914,[]
2026-06-01,13:51:25.630247,[]
2026-06-01,13:51:25.663580,[]
2026-06-01,13:51:25.696913,[]
2026-06-01,13:51:25.730246,[]
2026-06-01,13:51:25.763579,[]
2026-06-01,13:51:25.796912,[]
2026-06-01,13:51:25.830245,[]
2026-06-01,13:51:25.863578,[]
2026-06-01,13:51:25.896911,[]
2026-06-01,13:51:25.930244,[]
2026-06-01,13:51:25.963577,[]
2026-06-01,13:51:25.996910,[]
2026-06-01,13:51:26.030243,[]
2026-06-01,13:51:26.063576,[]
2026-06-01,13:51:26.096909,[]
2026-06-01,13:51:26.130242,[]
2026-06-01,13:51:26.163575,[]
2026-06-01,13:51:26.196908,[]
2026-06-01,13:51:26.230241,[]
2026-06-01,13:51:26.263574,[]
2026-06-01,13:51:26.296907,[]
2026-06-01,13:51:26.330240,[]
2026-06-01,13:51:26.363573,[]
2026-06-01,13:51:26.396906,[]
2026-06-01,13:51:26.430239,[]
2026-06-01,13:51:26.463572,[]
2026-06-01,13:51:26.496905,[]
2026-06-01,13:51:26.530238,[]
2026-06-01,13:51:26.563571,[]
2026-06-01,13:51:26.596904,[]
2026-06-01,13:51:26.630237,[]
2026-06-01,13:51:26.663570,[]
2026-06-01,13:51:26.696903,[]
2026-06-01,13:51:26.730236,[]
2026-06-01,13:51:26.763569,[]
2026-06-01,13:51:26.796902,[]
2026-06-01,13:51:26.830235,[]
2026-06-01,13:51:26.863568,[]
2026-06-01,13:51:26.896901,[]
2026-06-01,13:51:26.930234,[]
2026-06-01,13:51:26.963567,[]
2026-06-01,13:51:26.996900,[]
2026-06-01,13:51:27.030233,[]
2026-06-01,13:51:27.063566,[]
2026-06-01,13:51:27.096899,[]
2026-06-01,13:51:27.130232,[]
2026-06-01,13:51:27.163565,[]
2026-06-01,13:51:27.196898,[]
2026-06-01,13:51:27.230231,[]
2026-06-01,13:51:27.263564,[]
2026-06-01,13:51:27.296897,[]
2026-06-01,13:51:27.330230,[]
2026-06-01,13:51:27.363563,[]
2026-06-01,13:51:27.396896,[]
2026-06-01,13:51:27.430229,[]
2026-06-01,13:51:27.463562,[]
2026-06-01,13:51:27.496895,[]
2026-06-01,13:51:27.530228,[]
2026-06-01,13:51:27.563561,[]
2026-06-01,13:51:27.596894,[]
2026-06-01,13:51:27.630227,[]
2026-06-01,13:51:27.663560,[]
2026-06-01,13:51:27.696893,[]
2026-06-01,13:51:27.730226,[]
2026-06-01,13:51:27.763559,[]
2026-06-01,13:51:27.796892,[]
2026-06-01,13:51:27.830225,[]
2026-06-01,13:51:27.863558,[]
2026-06-01,13:51:27.896891,[]
2026-06-01,13:51:27.930224,[]
2026-06-01,13:51:27.963557,[]
2026-06-01,13:51:27.996890,[]
2026-06-01,13:51:28.030223,[]
2026-06-01,13:51:28.063556,[]
2026-06-01,13:51:28.096889,[]
2026-06-01,13:51:28.130222,[]
2026-06-01,13:51:28.163555,[]
2026-06-01,13:51:28.196888,[]
2026-06-01,13:51:28.230221,[]
2026-06-01,13:51:28.263554,[]
2026-06-01,13:51:28.296887,[]
2026-06-01,13:51:28.330220,[]
2026-06-01,13:51:28.363553,[]
2026-06-01,13:51:28.396886,[]
2026-06-01,13:51:28.430219,[]
2026-06-01,13:51:28.463552,[]
2026-06-01,13:51:28.496885,[]
2026-06-01,13:51:28.530218,[]
2026-06-01,13:51:28.563551,[]
2026-06-01,13:51:28.596884,[]
2026-06-01,13:51:28.630217,[]
2026-06-01,13:51:28.663550,['EF96820']
2026-06-01,13:51:28.696883,[]
2026-06-01,13:51:28.730216,['EF96820']
2026-06-01,13:51:28.763549,['EF96820']
2026-06-01,13:51:28.796882,['EF96820']
2026-06-01,13:51:28.830215,['EF96820']
2026-06-01,13:51:28.863548,['EF96820']
2026-06-01,13:51:28.896881,['EF96820']
2026-06-01,13:51:28.930214,['EF96820']
2026-06-01,13:51:28.963547,['EF96820']
2026-06-01,13:51:28.996880,['EF96820']
2026-06-01,13:51:29.030213,[]
2026-06-01,13:51:29.063546,[]
2026-06-01,13:51:29.096879,[]
2026-06-01,13:51:29.130212,[]
2026-06-01,13:51:29.163545,[]
2026-06-01,13:51:29.196878,[]
2026-06-01,13:51:29.230211,[]
2026-06-01,13:51:29.263544,[]
2026-06-01,13:51:29.296877,[]
2026-06-01,13:51:29.330210,[]
2026-06-01,13:51:29.363543,[]
2026-06-01,13:51:29.396876,[]
2026-06-01,13:51:29.430209,[]
2026-06-01,13:51:29.463542,[]
2026-06-01,13:51:29.496875,[]
2026-06-01,13:51:29.530208,[]
2026-06-01,13:51:29.563541,[]
2026-06-01,13:51:29.596874,[]
2026-06-01,13:51:29.630207,[]
2026-06-01,13:51:29.663540,[]
2026-06-01,13:51:29.696873,[]
2026-06-01,13:51:29.730206,[]
2026-06-01,13:51:29.763539,[]
2026-06-01,13:51:29.796872,[]
2026-06-01,13:51:29.830205,[]
2026-06-01,13:51:29.863538,[]
2026-06-01,13:51:29.896871,[]
2026-06-01,13:51:29.930204,[]
2026-06-01,13:51:29.963537,[]
2026-06-01,13:51:29.996870,[]
2026-06-01,13:51:30.030203,[]
2026-06-01,13:51:30.063536,[]
2026-06-01,13:51:30.096869,[]
2026-06-01,13:51:30.130202,[]
2026-06-01,13:51:30.163535,[]
2026-06-01,13:51:30.196868,[]
2026-06-01,13:51:30.230201,[]
2026-06-01,13:51:30.263534,[]
2026-06-01,13:51:30.296867,[]
2026-06-01,13:51:30.330200,[]
2026-06-01,13:51:30.363533,[]
2026-06-01,13:51:30.396866,[]
2026-06-01,13:51:30.430199,[]
2026-06-01,13:51:30.463532,[]
2026-06-01,13:51:30.496865,[]
2026-06-01,13:51:30.530198,[]
2026-06-01,13:51:30.563531,[]
2026-06-01,13:51:30.596864,[]
2026-06-01,13:51:30.630197,[]
2026-06-01,13:51:30.663530,[]
2026-06-01,13:51:30.696863,[]
2026-06-01,13:51:30.730196,[]
2026-06-01,13:51:30.763529,[]
2026-06-01,13:51:30.796862,[]
2026-06-01,13:51:30.830195,[]
2026-06-01,13:51:30.863528,[]
2026-06-01,13:51:30.896861,[]
2026-06-01,13:51:30.930194,[]
2026-06-01,13:51:30.963527,[]
2026-06-01,13:51:30.996860,[]
2026-06-01,13:51:31.030193,[]
2026-06-01,13:51:31.063526,[]
2026-06-01,13:51:31.096859,[]
2026-06-01,13:51:31.130192,[]
2026-06-01,13:51:31.163525,[]
2026-06-01,13:51:31.196858,[]
2026-06-01,13:51:31.230191,[]
2026-06-01,13:51:31.263524,[]
2026-06-01,13:51:31.296857,[]
2026-06-01,13:51:31.330190,[]
2026-06-01,13:51:31.363523,[]
2026-06-01,13:51:31.396856,[]
2026-06-01,13:51:31.430189,[]
2026-06-01,13:51:31.463522,[]
2026-06-01,13:51:31.496855,[]
2026-06-01,13:51:31.530188,[]
2026-06-01,13:51:31.563521,[]
2026-06-01,13:51:31.596854,[]
2026-06-01,13:51:31.630187,[]
2026-06-01,13:51:31.663520,[]
2026-06-01,13:51:31.696853,[]
2026-06-01,13:51:31.730186,[]
2026-06-01,13:51:31.763519,[]
2026-06-01,13:51:31.796852,[]
2026-06-01,13:51:31.830185,[]
2026-06-01,13:51:31.863518,[]
2026-06-01,13:51:31.896851,[]
2026-06-01,13:51:31.930184,[]
2026-06-01,13:51:31.963517,[]
2026-06-01,13:51:31.996850,[]
2026-06-01,13:51:32.030183,[]
2026-06-01,13:51:32.063516,[]
2026-06-01,13:51:32.096849,[]
2026-06-01,13:51:32.130182,[]
2026-06-01,13:51:32.163515,[]
2026-06-01,13:51:32.196848,[]
2026-06-01,13:51:32.230181,[]
2026-06-01,13:51:32.263514,[]
2026-06-01,13:51:32.296847,[]
2026-06-01,13:51:32.330180,[]
2026-06-01,13:51:32.363513,[]
2026-06-01,13:51:32.396846,[]
2026-06-01,13:51:32.430179,[]
2026-06-01,13:51:32.463512,[]
2026-06-01,13:51:32.496845,[]
2026-06-01,13:51:32.530178,[]
2026-06-01,13:51:32.563511,[]
2026-06-01,13:51:32.596844,[]
2026-06-01,13:51:32.630177,[]
2026-06-01,13:51:32.663510,[]
2026-06-01,13:51:32.696843,[]
2026-06-01,13:51:32.730176,[]
2026-06-01,13:51:32.763509,[]
2026-06-01,13:51:32.796842,[]
2026-06-01,13:51:32.830175,[]
2026-06-01,13:51:32.863508,[]
2026-06-01,13:51:32.896841,[]
2026-06-01,13:51:32.930174,[]
2026-06-01,13:51:32.963507,[]
2026-06-01,13:51:32.996840,[]
2026-06-01,13:51:33.030173,[]
2026-06-01,13:51:33.063506,[]
2026-06-01,13:51:33.096839,[]
2026-06-01,13:51:33.130172,[]
2026-06-01,13:51:33.163505,[]
2026-06-01,13:51:33.196838,[]
2026-06-01,13:51:33.230171,[]
2026-06-01,13:51:33.263504,[]
2026-06-01,13:51:33.296837,[]
2026-06-01,13:51:33.330170,[]
2026-06-01,13:51:33.363503,[]
2026-06-01,13:51:33.396836,[]
2026-06-01,13:51:33.430169,[]
2026-06-01,13:51:33.463502,[]
2026-06-01,13:51:33.496835,[]
2026-06-01,13:51:33.530168,[]
2026-06-01,13:51:33.563501,[]
2026-06-01,13:51:33.596834,[]
2026-06-01,13:51:33.630167,[]
2026-06-01,13:51:33.663500,[]
2026-06-01,13:51:33.696833,[]
2026-06-01,13:51:33.730166,[]
2026-06-01,13:51:33.763499,[]
2026-06-01,13:51:33.796832,[]
2026-06-01,13:51:33.830165,[]
2026-06-01,13:51:33.863498,[]
2026-06-01,13:51:33.896831,[]
2026-06-01,13:51:33.930164,[]
2026-06-01,13:51:33.963497,[]
2026-06-01,13:51:33.996830,[]
2026-06-01,13:51:34.030163,[]
2026-06-01,13:51:34.063496,[]
2026-06-01,13:51:34.096829,[]
2026-06-01,13:51:34.130162,[]
2026-06-01,13:51:34.163495,[]
2026-06-01,13:51:34.196828,[]
2026-06-01,13:51:34.230161,[]
2026-06-01,13:51:34.263494,[]
2026-06-01,13:51:34.296827,[]
2026-06-01,13:51:34.330160,[]
2026-06-01,13:51:34.363493,[]
2026-06-01,13:51:34.396826,[]
2026-06-01,13:51:34.430159,[]
2026-06-01,13:51:34.463492,[]
2026-06-01,13:51:34.496825,[]
2026-06-01,13:51:34.530158,[]
2026-06-01,13:51:34.563491,[]
2026-06-01,13:51:34.596824,[]
2026-06-01,13:51:34.630157,[]
2026-06-01,13:51:34.663490,[]
2026-06-01,13:51:34.696823,[]
2026-06-01,13:51:34.730156,[]
2026-06-01,13:51:34.763489,[]
2026-06-01,13:51:34.796822,[]
2026-06-01,13:51:34.830155,[]
2026-06-01,13:51:34.863488,[]
2026-06-01,13:51:34.896821,[]
2026-06-01,13:51:34.930154,[]
2026-06-01,13:51:34.963487,[]
2026-06-01,13:51:34.996820,[]
2026-06-01,13:51:35.030153,[]
2026-06-01,13:51:35.063486,[]
2026-06-01,13:51:35.096819,[]
2026-06-01,13:51:35.130152,[]
2026-06-01,13:51:35.163485,[]
2026-06-01,13:51:35.196818,[]
2026-06-01,13:51:35.230151,[]
2026-06-01,13:51:35.263484,[]
2026-06-01,13:51:35.296817,[]
2026-06-01,13:51:35.330150,[]
2026-06-01,13:51:35.363483,[]
2026-06-01,13:51:35.396816,[]
2026-06-01,13:51:35.430149,[]
2026-06-01,13:51:35.463482,[]
2026-06-01,13:51:35.496815,[]
2026-06-01,13:51:35.530148,[]
2026-06-01,13:51:35.563481,[]
2026-06-01,13:51:35.596814,[]
2026-06-01,13:51:35.630147,[]
2026-06-01,13:51:35.663480,[]
2026-06-01,13:51:35.696813,[]
2026-06-01,13:51:35.730146,[]
2026-06-01,13:51:35.763479,[]
2026-06-01,13:51:35.796812,[]
2026-06-01,13:51:35.830145,[]
2026-06-01,13:51:35.863478,[]
2026-06-01,13:51:35.896811,[]
2026-06-01,13:51:35.930144,[]
2026-06-01,13:51:35.963477,[]
2026-06-01,13:51:35.996810,[]
2026-06-01,13:51:36.030143,[]
2026-06-01,13:51:36.063476,[]
2026-06-01,13:51:36.096809,[]
2026-06-01,13:51:36.130142,[]
2026-06-01,13:51:36.163475,[]
2026-06-01,13:51:36.196808,[]
2026-06-01,13:51:36.230141,[]
2026-06-01,13:51:36.263474,[]
2026-06-01,13:51:36.296807,[]
2026-06-01,13:51:36.330140,[]
2026-06-01,13:51:36.363473,[]
2026-06-01,13:51:36.396806,[]
2026-06-01,13:51:36.430139,[]
2026-06-01,13:51:36.463472,[]
2026-06-01,13:51:36.496805,[]
2026-06-01,13:51:36.530138,[]
2026-06-01,13:51:36.563471,[]
2026-06-01,13:51:36.596804,[]
2026-06-01,13:51:36.630137,[]
2026-06-01,13:51:36.663470,[]
2026-06-01,13:51:36.696803,[]
2026-06-01,13:51:36.730136,[]
2026-06-01,13:51:36.763469,[]
2026-06-01,13:51:36.796802,[]
2026-06-01,13:51:36.830135,[]
2026-06-01,13:51:36.863468,[]
2026-06-01,13:51:36.896801,[]
2026-06-01,13:51:36.930134,[]
2026-06-01,13:51:36.963467,[]
2026-06-01,13:51:36.996800,[]
2026-06-01,13:51:37.030133,[]
2026-06-01,13:51:37.063466,[]
2026-06-01,13:51:37.096799,[]
2026-06-01,13:51:37.130132,[]
2026-06-01,13:51:37.163465,[]
2026-06-01,13:51:37.196798,[]
2026-06-01,13:51:37.230131,[]
2026-06-01,13:51:37.263464,[]
2026-06-01,13:51:37.296797,[]
2026-06-01,13:51:37.330130,[]
2026-06-01,13:51:37.363463,[]
2026-06-01,13:51:37.396796,[]
2026-06-01,13:51:37.430129,[]
2026-06-01,13:51:37.463462,[]
2026-06-01,13:51:37.496795,[]
2026-06-01,13:51:37.530128,[]
2026-06-01,13:51:37.563461,[]
2026-06-01,13:51:37.596794,[]
2026-06-01,13:51:37.630127,[]
2026-06-01,13:51:37.663460,[]
2026-06-01,13:51:37.696793,[]
2026-06-01,13:51:37.730126,[]
2026-06-01,13:51:37.763459,[]
2026-06-01,13:51:37.796792,[]
2026-06-01,13:51:37.830125,[]
2026-06-01,13:51:37.863458,[]
2026-06-01,13:51:37.896791,[]
2026-06-01,13:51:37.930124,[]
2026-06-01,13:51:37.963457,[]
2026-06-01,13:51:37.996790,[]
2026-06-01,13:51:38.030123,[]
2026-06-01,13:51:38.063456,[]
2026-06-01,13:51:38.096789,[]
2026-06-01,13:51:38.130122,[]
2026-06-01,13:51:38.163455,[]
2026-06-01,13:51:38.196788,[]
2026-06-01,13:51:38.230121,[]
2026-06-01,13:51:38.263454,[]
2026-06-01,13:51:38.296787,[]
2026-06-01,13:51:38.330120,[]
2026-06-01,13:51:38.363453,[]
2026-06-01,13:51:38.396786,[]
2026-06-01,13:51:38.430119,[]
2026-06-01,13:51:38.463452,[]
2026-06-01,13:51:38.496785,[]
2026-06-01,13:51:38.530118,[]
2026-06-01,13:51:38.563451,[]
2026-06-01,13:51:38.596784,[]
2026-06-01,13:51:38.630117,[]
2026-06-01,13:51:38.663450,[]
2026-06-01,13:51:38.696783,[]
2026-06-01,13:51:38.730116,[]
2026-06-01,13:51:38.763449,[]
2026-06-01,13:51:38.796782,[]
2026-06-01,13:51:38.830115,[]
2026-06-01,13:51:38.863448,[]
2026-06-01,13:51:38.896781,[]
2026-06-01,13:51:38.930114,[]
2026-06-01,13:51:38.963447,[]
2026-06-01,13:51:38.996780,[]
2026-06-01,13:51:39.030113,[]
2026-06-01,13:51:39.063446,[]
2026-06-01,13:51:39.096779,[]
2026-06-01,13:51:39.130112,[]
2026-06-01,13:51:39.163445,[]
2026-06-01,13:51:39.196778,[]
2026-06-01,13:51:39.230111,[]
2026-06-01,13:51:39.263444,[]
2026-06-01,13:51:39.296777,[]
2026-06-01,13:51:39.330110,[]
2026-06-01,13:51:39.363443,[]
2026-06-01,13:51:39.396776,[]
2026-06-01,13:51:39.430109,[]
2026-06-01,13:51:39.463442,[]
2026-06-01,13:51:39.496775,[]
2026-06-01,13:51:39.530108,[]
2026-06-01,13:51:39.563441,[]
2026-06-01,13:51:39.596774,[]
2026-06-01,13:51:39.630107,[]
2026-06-01,13:51:39.663440,[]
2026-06-01,13:51:39.696773,[]
2026-06-01,13:51:39.730106,[]
2026-06-01,13:51:39.763439,[]
2026-06-01,13:51:39.796772,[]
2026-06-01,13:51:39.830105,[]
2026-06-01,13:51:39.863438,[]
2026-06-01,13:51:39.896771,[]
2026-06-01,13:51:39.930104,[]
2026-06-01,13:51:39.963437,[]
2026-06-01,13:51:39.996770,[]
2026-06-01,13:51:40.030103,[]
2026-06-01,13:51:40.063436,[]
2026-06-01,13:51:40.096769,[]
2026-06-01,13:51:40.130102,[]
2026-06-01,13:51:40.163435,[]
2026-06-01,13:51:40.196768,[]
2026-06-01,13:51:40.230101,[]
2026-06-01,13:51:40.263434,[]
2026-06-01,13:51:40.296767,[]
2026-06-01,13:51:40.330100,[]
2026-06-01,13:51:40.363433,[]
2026-06-01,13:51:40.396766,[]
2026-06-01,13:51:40.430099,[]
2026-06-01,13:51:40.463432,[]
2026-06-01,13:51:40.496765,[]
2026-06-01,13:51:40.530098,[]
2026-06-01,13:51:40.563431,[]
2026-06-01,13:51:40.596764,[]
2026-06-01,13:51:40.630097,[]
2026-06-01,13:51:40.663430,[]
2026-06-01,13:51:40.696763,[]
2026-06-01,13:51:40.730096,[]
2026-06-01,13:51:40.763429,[]
2026-06-01,13:51:40.796762,[]
2026-06-01,13:51:40.830095,[]
2026-06-01,13:51:40.863428,[]
2026-06-01,13:51:40.896761,[]
2026-06-01,13:51:40.930094,[]
2026-06-01,13:51:40.963427,[]
2026-06-01,13:51:40.996760,[]
2026-06-01,13:51:41.030093,[]
2026-06-01,13:51:41.063426,[]
2026-06-01,13:51:41.096759,[]
2026-06-01,13:51:41.130092,[]
2026-06-01,13:51:41.163425,[]
2026-06-01,13:51:41.196758,[]
2026-06-01,13:51:41.230091,[]
2026-06-01,13:51:41.263424,[]
2026-06-01,13:51:41.296757,[]
2026-06-01,13:51:41.330090,[]
2026-06-01,13:51:41.363423,[]
2026-06-01,13:51:41.396756,[]
2026-06-01,13:51:41.430089,[]
2026-06-01,13:51:41.463422,[]
2026-06-01,13:51:41.496755,[]
2026-06-01,13:51:41.530088,[]
2026-06-01,13:51:41.563421,[]
2026-06-01,13:51:41.596754,[]
2026-06-01,13:51:41.630087,[]
2026-06-01,13:51:41.663420,[]
2026-06-01,13:51:41.696753,[]
2026-06-01,13:51:41.730086,[]
2026-06-01,13:51:41.763419,[]
2026-06-01,13:51:41.796752,[]
2026-06-01,13:51:41.830085,[]
2026-06-01,13:51:41.863418,[]
2026-06-01,13:51:41.896751,[]
2026-06-01,13:51:41.930084,[]
2026-06-01,13:51:41.963417,[]
2026-06-01,13:51:41.996750,[]
2026-06-01,13:51:42.030083,[]
2026-06-01,13:51:42.063416,[]
2026-06-01,13:51:42.096749,[]
2026-06-01,13:51:42.130082,[]
2026-06-01,13:51:42.163415,[]
2026-06-01,13:51:42.196748,[]
2026-06-01,13:51:42.230081,[]
2026-06-01,13:51:42.263414,[]
2026-06-01,13:51:42.296747,[]
2026-06-01,13:51:42.330080,[]
2026-06-01,13:51:42.363413,[]
2026-06-01,13:51:42.396746,[]
2026-06-01,13:51:42.430079,[]
2026-06-01,13:51:42.463412,[]
2026-06-01,13:51:42.496745,[]
2026-06-01,13:51:42.530078,[]
2026-06-01,13:51:42.563411,[]
2026-06-01,13:51:42.596744,[]
2026-06-01,13:51:42.630077,[]
2026-06-01,13:51:42.663410,[]
2026-06-01,13:51:42.696743,[]
2026-06-01,13:51:42.730076,[]
2026-06-01,13:51:42.763409,[]
2026-06-01,13:51:42.796742,[]
2026-06-01,13:51:42.830075,[]
2026-06-01,13:51:42.863408,[]
2026-06-01,13:51:42.896741,[]
2026-06-01,13:51:42.930074,[]
2026-06-01,13:51:42.963407,[]
2026-06-01,13:51:42.996740,[]
2026-06-01,13:51:43.030073,[]
2026-06-01,13:51:43.063406,[]
2026-06-01,13:51:43.096739,[]
2026-06-01,13:51:43.130072,[]
2026-06-01,13:51:43.163405,[]
2026-06-01,13:51:43.196738,[]
2026-06-01,13:51:43.230071,[]
2026-06-01,13:51:43.263404,[]
2026-06-01,13:51:43.296737,[]
2026-06-01,13:51:43.330070,[]
2026-06-01,13:51:43.363403,[]
2026-06-01,13:51:43.396736,[]
2026-06-01,13:51:43.430069,[]
2026-06-01,13:51:43.463402,[]
2026-06-01,13:51:43.496735,[]
2026-06-01,13:51:43.530068,[]
2026-06-01,13:51:43.563401,[]
2026-06-01,13:51:43.596734,[]
2026-06-01,13:51:43.630067,[]
2026-06-01,13:51:43.663400,[]
2026-06-01,13:51:43.696733,[]
2026-06-01,13:51:43.730066,[]
2026-06-01,13:51:43.763399,[]
2026-06-01,13:51:43.796732,[]
2026-06-01,13:51:43.830065,[]
2026-06-01,13:51:43.863398,[]
2026-06-01,13:51:43.896731,[]
2026-06-01,13:51:43.930064,[]
2026-06-01,13:51:43.963397,[]
2026-06-01,13:51:43.996730,[]
2026-06-01,13:51:44.030063,[]
2026-06-01,13:51:44.063396,[]
2026-06-01,13:51:44.096729,[]
2026-06-01,13:51:44.130062,[]
2026-06-01,13:51:44.163395,[]
2026-06-01,13:51:44.196728,[]
2026-06-01,13:51:44.230061,[]
2026-06-01,13:51:44.263394,[]
2026-06-01,13:51:44.296727,[]
2026-06-01,13:51:44.330060,[]
2026-06-01,13:51:44.363393,[]
2026-06-01,13:51:44.396726,[]
2026-06-01,13:51:44.430059,[]
2026-06-01,13:51:44.463392,[]
2026-06-01,13:51:44.496725,[]
2026-06-01,13:51:44.530058,[]
2026-06-01,13:51:44.563391,[]
2026-06-01,13:51:44.596724,[]
2026-06-01,13:51:44.630057,[]
2026-06-01,13:51:44.663390,[]
2026-06-01,13:51:44.696723,[]
2026-06-01,13:51:44.730056,[]
2026-06-01,13:51:44.763389,[]
2026-06-01,13:51:44.796722,[]
2026-06-01,13:51:44.830055,[]
2026-06-01,13:51:44.863388,[]
2026-06-01,13:51:44.896721,[]
2026-06-01,13:51:44.930054,[]
2026-06-01,13:51:44.963387,[]
2026-06-01,13:51:44.996720,[]
2026-06-01,13:51:45.030053,[]
2026-06-01,13:51:45.063386,[]
2026-06-01,13:51:45.096719,[]
2026-06-01,13:51:45.130052,[]
2026-06-01,13:51:45.163385,[]
2026-06-01,13:51:45.196718,[]
2026-06-01,13:51:45.230051,[]
2026-06-01,13:51:45.263384,[]
2026-06-01,13:51:45.296717,[]
2026-06-01,13:51:45.330050,[]
2026-06-01,13:51:45.363383,[]
2026-06-01,13:51:45.396716,[]
2026-06-01,13:51:45.430049,[]
2026-06-01,13:51:45.463382,[]
2026-06-01,13:51:45.496715,[]
2026-06-01,13:51:45.530048,[]
2026-06-01,13:51:45.563381,[]
2026-06-01,13:51:45.596714,[]
2026-06-01,13:51:45.630047,[]
2026-06-01,13:51:45.663380,[]
2026-06-01,13:51:45.696713,[]
2026-06-01,13:51:45.730046,[]
2026-06-01,13:51:45.763379,[]
2026-06-01,13:51:45.796712,[]
2026-06-01,13:51:45.830045,[]
2026-06-01,13:51:45.863378,[]
2026-06-01,13:51:45.896711,[]
2026-06-01,13:51:45.930044,[]
2026-06-01,13:51:45.963377,[]
2026-06-01,13:51:45.996710,[]
2026-06-01,13:51:46.030043,[]
2026-06-01,13:51:46.063376,[]
2026-06-01,13:51:46.096709,[]
2026-06-01,13:51:46.130042,[]
2026-06-01,13:51:46.163375,[]
2026-06-01,13:51:46.196708,[]
2026-06-01,13:51:46.230041,[]
2026-06-01,13:51:46.263374,[]
2026-06-01,13:51:46.296707,[]
2026-06-01,13:51:46.330040,[]
2026-06-01,13:51:46.363373,[]
2026-06-01,13:51:46.396706,[]
2026-06-01,13:51:46.430039,[]
2026-06-01,13:51:46.463372,[]
2026-06-01,13:51:46.496705,[]
2026-06-01,13:51:46.530038,[]
2026-06-01,13:51:46.563371,[]
2026-06-01,13:51:46.596704,[]
2026-06-01,13:51:46.630037,[]
2026-06-01,13:51:46.663370,[]
2026-06-01,13:51:46.696703,[]
2026-06-01,13:51:46.730036,[]
2026-06-01,13:51:46.763369,[]
2026-06-01,13:51:46.796702,[]
2026-06-01,13:51:46.830035,[]
2026-06-01,13:51:46.863368,[]
2026-06-01,13:51:46.896701,[]
2026-06-01,13:51:46.930034,[]
2026-06-01,13:51:46.963367,[]
2026-06-01,13:51:46.996700,[]
2026-06-01,13:51:47.030033,[]
2026-06-01,13:51:47.063366,[]
2026-06-01,13:51:47.096699,[]
2026-06-01,13:51:47.130032,[]
2026-06-01,13:51:47.163365,[]
2026-06-01,13:51:47.196698,[]
2026-06-01,13:51:47.230031,[]
2026-06-01,13:51:47.263364,[]
2026-06-01,13:51:47.296697,[]
2026-06-01,13:51:47.330030,[]
2026-06-01,13:51:47.363363,[]
2026-06-01,13:51:47.396696,[]
2026-06-01,13:51:47.430029,[]
2026-06-01,13:51:47.463362,[]
2026-06-01,13:51:47.496695,[]
2026-06-01,13:51:47.530028,[]
2026-06-01,13:51:47.563361,[]
2026-06-01,13:51:47.596694,[]
2026-06-01,13:51:47.630027,[]
2026-06-01,13:51:47.663360,[]
2026-06-01,13:51:47.696693,[]
2026-06-01,13:51:47.730026,[]
2026-06-01,13:51:47.763359,[]
2026-06-01,13:51:47.796692,[]
2026-06-01,13:51:47.830025,[]
2026-06-01,13:51:47.863358,[]
2026-06-01,13:51:47.896691,[]
2026-06-01,13:51:47.930024,[]
2026-06-01,13:51:47.963357,[]
2026-06-01,13:51:47.996690,[]
2026-06-01,13:51:48.030023,[]
2026-06-01,13:51:48.063356,[]
2026-06-01,13:51:48.096689,[]
2026-06-01,13:51:48.130022,[]
2026-06-01,13:51:48.163355,[]
2026-06-01,13:51:48.196688,[]
2026-06-01,13:51:48.230021,[]
2026-06-01,13:51:48.263354,[]
2026-06-01,13:51:48.296687,[]
2026-06-01,13:51:48.330020,[]
2026-06-01,13:51:48.363353,[]
2026-06-01,13:51:48.396686,[]
2026-06-01,13:51:48.430019,[]
2026-06-01,13:51:48.463352,[]
2026-06-01,13:51:48.496685,[]
2026-06-01,13:51:48.530018,[]
2026-06-01,13:51:48.563351,[]
2026-06-01,13:51:48.596684,[]
2026-06-01,13:51:48.630017,[]
2026-06-01,13:51:48.663350,[]
2026-06-01,13:51:48.696683,[]
2026-06-01,13:51:48.730016,[]
2026-06-01,13:51:48.763349,[]
2026-06-01,13:51:48.796682,[]
2026-06-01,13:51:48.830015,[]
2026-06-01,13:51:48.863348,[]
2026-06-01,13:51:48.896681,[]
2026-06-01,13:51:48.930014,[]
2026-06-01,13:51:48.963347,[]
2026-06-01,13:51:48.996680,[]
2026-06-01,13:51:49.030013,[]
2026-06-01,13:51:49.063346,[]
2026-06-01,13:51:49.096679,[]
2026-06-01,13:51:49.130012,[]
2026-06-01,13:51:49.163345,[]
2026-06-01,13:51:49.196678,[]
2026-06-01,13:51:49.230011,[]
2026-06-01,13:51:49.263344,[]
2026-06-01,13:51:49.296677,[]
2026-06-01,13:51:49.330010,[]
2026-06-01,13:51:49.363343,[]
2026-06-01,13:51:49.396676,[]
2026-06-01,13:51:49.430009,[]
2026-06-01,13:51:49.463342,[]
2026-06-01,13:51:49.496675,[]
2026-06-01,13:51:49.530008,[]
2026-06-01,13:51:49.563341,[]
2026-06-01,13:51:49.596674,[]
2026-06-01,13:51:49.630007,[]
2026-06-01,13:51:49.663340,[]
2026-06-01,13:51:49.696673,[]
2026-06-01,13:51:49.730006,[]
2026-06-01,13:51:49.763339,[]
2026-06-01,13:51:49.796672,[]
2026-06-01,13:51:49.830005,[]
2026-06-01,13:51:49.863338,[]
2026-06-01,13:51:49.896671,[]
2026-06-01,13:51:49.930004,[]
2026-06-01,13:51:49.963337,[]
2026-06-01,13:51:49.996670,[]
2026-06-01,13:51:50.030003,[]
2026-06-01,13:51:50.063336,[]
2026-06-01,13:51:50.096669,[]
2026-06-01,13:51:50.130002,[]
2026-06-01,13:51:50.163335,[]
2026-06-01,13:51:50.196668,[]
2026-06-01,13:51:50.230001,[]
2026-06-01,13:51:50.263334,[]
2026-06-01,13:51:50.296667,[]
2026-06-01,13:51:50.330000,[]
2026-06-01,13:51:50.363333,[]
2026-06-01,13:51:50.396666,[]
2026-06-01,13:51:50.429999,[]
2026-06-01,13:51:50.463332,[]
2026-06-01,13:51:50.496665,[]
2026-06-01,13:51:50.529998,[]
2026-06-01,13:51:50.563331,[]
2026-06-01,13:51:50.596664,[]
2026-06-01,13:51:50.629997,[]
2026-06-01,13:51:50.663330,[]
2026-06-01,13:51:50.696663,[]
2026-06-01,13:51:50.729996,[]
2026-06-01,13:51:50.763329,[]
2026-06-01,13:51:50.796662,[]
2026-06-01,13:51:50.829995,[]
2026-06-01,13:51:50.863328,[]
2026-06-01,13:51:50.896661,[]
2026-06-01,13:51:50.929994,[]
2026-06-01,13:51:50.963327,[]
2026-06-01,13:51:50.996660,[]
2026-06-01,13:51:51.029993,[]
2026-06-01,13:51:51.063326,[]
2026-06-01,13:51:51.096659,[]
2026-06-01,13:51:51.129992,[]
2026-06-01,13:51:51.163325,[]
2026-06-01,13:51:51.196658,[]
2026-06-01,13:51:51.229991,[]
2026-06-01,13:51:51.263324,[]
2026-06-01,13:51:51.296657,[]
2026-06-01,13:51:51.329990,[]
2026-06-01,13:51:51.363323,[]
2026-06-01,13:51:51.396656,[]
2026-06-01,13:51:51.429989,[]
2026-06-01,13:51:51.463322,[]
2026-06-01,13:51:51.496655,[]
2026-06-01,13:51:51.529988,[]
2026-06-01,13:51:51.563321,[]
2026-06-01,13:51:51.596654,[]
2026-06-01,13:51:51.629987,[]
2026-06-01,13:51:51.663320,[]
2026-06-01,13:51:51.696653,[]
2026-06-01,13:51:51.729986,[]
2026-06-01,13:51:51.763319,[]
2026-06-01,13:51:51.796652,[]
2026-06-01,13:51:51.829985,[]
2026-06-01,13:51:51.863318,[]
2026-06-01,13:51:51.896651,[]
2026-06-01,13:51:51.929984,[]
2026-06-01,13:51:51.963317,[]
2026-06-01,13:51:51.996650,[]
2026-06-01,13:51:52.029983,[]
2026-06-01,13:51:52.063316,[]
2026-06-01,13:51:52.096649,[]
2026-06-01,13:51:52.129982,[]
2026-06-01,13:51:52.163315,[]
2026-06-01,13:51:52.196648,[]
2026-06-01,13:51:52.229981,[]
2026-06-01,13:51:52.263314,[]
2026-06-01,13:51:52.296647,[]
2026-06-01,13:51:52.329980,[]
2026-06-01,13:51:52.363313,[]
2026-06-01,13:51:52.396646,[]
2026-06-01,13:51:52.429979,[]
2026-06-01,13:51:52.463312,[]
2026-06-01,13:51:52.496645,[]
2026-06-01,13:51:52.529978,[]
2026-06-01,13:51:52.563311,[]
2026-06-01,13:51:52.596644,[]
2026-06-01,13:51:52.629977,[]
2026-06-01,13:51:52.663310,[]
2026-06-01,13:51:52.696643,[]
2026-06-01,13:51:52.729976,[]
2026-06-01,13:51:52.763309,[]
2026-06-01,13:51:52.796642,[]
2026-06-01,13:51:52.829975,[]
2026-06-01,13:51:52.863308,[]
2026-06-01,13:51:52.896641,[]
2026-06-01,13:51:52.929974,[]
2026-06-01,13:51:52.963307,[]
2026-06-01,13:51:52.996640,[]
2026-06-01,13:51:53.029973,[]
2026-06-01,13:51:53.063306,[]
2026-06-01,13:51:53.096639,[]
2026-06-01,13:51:53.129972,[]
2026-06-01,13:51:53.163305,[]
2026-06-01,13:51:53.196638,[]
2026-06-01,13:51:53.229971,[]
2026-06-01,13:51:53.263304,[]
2026-06-01,13:51:53.296637,[]
2026-06-01,13:51:53.329970,[]
2026-06-01,13:51:53.363303,[]
2026-06-01,13:51:53.396636,[]
2026-06-01,13:51:53.429969,[]
2026-06-01,13:51:53.463302,[]
2026-06-01,13:51:53.496635,[]
2026-06-01,13:51:53.529968,[]
2026-06-01,13:51:53.563301,[]
2026-06-01,13:51:53.596634,[]
2026-06-01,13:51:53.629967,[]
2026-06-01,13:51:53.663300,[]
2026-06-01,13:51:53.696633,[]
2026-06-01,13:51:53.729966,[]
2026-06-01,13:51:53.763299,[]
2026-06-01,13:51:53.796632,[]
2026-06-01,13:51:53.829965,[]
2026-06-01,13:51:53.863298,[]
2026-06-01,13:51:53.896631,[]
2026-06-01,13:51:53.929964,[]
2026-06-01,13:51:53.963297,[]
2026-06-01,13:51:53.996630,[]
2026-06-01,13:51:54.029963,[]
2026-06-01,13:51:54.063296,[]
2026-06-01,13:51:54.096629,[]
2026-06-01,13:51:54.129962,[]
2026-06-01,13:51:54.163295,[]
2026-06-01,13:51:54.196628,[]
2026-06-01,13:51:54.229961,[]
2026-06-01,13:51:54.263294,[]
2026-06-01,13:51:54.296627,[]
2026-06-01,13:51:54.329960,[]
2026-06-01,13:51:54.363293,[]
2026-06-01,13:51:54.396626,[]
2026-06-01,13:51:54.429959,[]
2026-06-01,13:51:54.463292,[]
2026-06-01,13:51:54.496625,[]
2026-06-01,13:51:54.529958,[]
2026-06-01,13:51:54.563291,[]
2026-06-01,13:51:54.596624,[]
2026-06-01,13:51:54.629957,[]
2026-06-01,13:51:54.663290,[]
2026-06-01,13:51:54.696623,[]
2026-06-01,13:51:54.729956,[]
2026-06-01,13:51:54.763289,[]
2026-06-01,13:51:54.796622,[]
2026-06-01,13:51:54.829955,[]
2026-06-01,13:51:54.863288,[]
2026-06-01,13:51:54.896621,[]
2026-06-01,13:51:54.929954,[]
2026-06-01,13:51:54.963287,[]
2026-06-01,13:51:54.996620,[]
2026-06-01,13:51:55.029953,[]
2026-06-01,13:51:55.063286,[]
2026-06-01,13:51:55.096619,[]
2026-06-01,13:51:55.129952,[]
2026-06-01,13:51:55.163285,[]
2026-06-01,13:51:55.196618,[]
2026-06-01,13:51:55.229951,[]
2026-06-01,13:51:55.263284,[]
2026-06-01,13:51:55.296617,[]
2026-06-01,13:51:55.329950,[]
2026-06-01,13:51:55.363283,[]
2026-06-01,13:51:55.396616,[]
2026-06-01,13:51:55.429949,[]
2026-06-01,13:51:55.463282,[]
2026-06-01,13:51:55.496615,[]
2026-06-01,13:51:55.529948,[]
2026-06-01,13:51:55.563281,[]
2026-06-01,13:51:55.596614,[]
2026-06-01,13:51:55.629947,[]
2026-06-01,13:51:55.663280,[]
2026-06-01,13:51:55.696613,[]
2026-06-01,13:51:55.729946,[]
2026-06-01,13:51:55.763279,[]
2026-06-01,13:51:55.796612,[]
2026-06-01,13:51:55.829945,[]
2026-06-01,13:51:55.863278,[]
2026-06-01,13:51:55.896611,[]
2026-06-01,13:51:55.929944,[]
2026-06-01,13:51:55.963277,[]
2026-06-01,13:51:55.996610,[]
2026-06-01,13:51:56.029943,[]
2026-06-01,13:51:56.063276,[]
2026-06-01,13:51:56.096609,[]
2026-06-01,13:51:56.129942,[]
2026-06-01,13:51:56.163275,[]
2026-06-01,13:51:56.196608,[]
2026-06-01,13:51:56.229941,[]
2026-06-01,13:51:56.263274,[]
2026-06-01,13:51:56.296607,[]
2026-06-01,13:51:56.329940,[]
2026-06-01,13:51:56.363273,[]
2026-06-01,13:51:56.396606,[]
2026-06-01,13:51:56.429939,[]
2026-06-01,13:51:56.463272,[]
2026-06-01,13:51:56.496605,[]
2026-06-01,13:51:56.529938,[]
2026-06-01,13:51:56.563271,[]
2026-06-01,13:51:56.596604,[]
2026-06-01,13:51:56.629937,[]
2026-06-01,13:51:56.663270,[]
2026-06-01,13:51:56.696603,[]
2026-06-01,13:51:56.729936,[]
2026-06-01,13:51:56.763269,[]
2026-06-01,13:51:56.796602,[]
2026-06-01,13:51:56.829935,[]
2026-06-01,13:51:56.863268,[]
2026-06-01,13:51:56.896601,[]
2026-06-01,13:51:56.929934,[]
2026-06-01,13:51:56.963267,[]
2026-06-01,13:51:56.996600,[]
2026-06-01,13:51:57.029933,[]
2026-06-01,13:51:57.063266,[]
2026-06-01,13:51:57.096599,[]
2026-06-01,13:51:57.129932,[]
2026-06-01,13:51:57.163265,[]
2026-06-01,13:51:57.196598,[]
2026-06-01,13:51:57.229931,[]
2026-06-01,13:51:57.263264,[]
2026-06-01,13:51:57.296597,[]
2026-06-01,13:51:57.329930,[]
2026-06-01,13:51:57.363263,[]
2026-06-01,13:51:57.396596,[]
2026-06-01,13:51:57.429929,[]
2026-06-01,13:51:57.463262,[]
2026-06-01,13:51:57.496595,[]
2026-06-01,13:51:57.529928,[]
2026-06-01,13:51:57.563261,[]
2026-06-01,13:51:57.596594,[]
2026-06-01,13:51:57.629927,[]
2026-06-01,13:51:57.663260,[]
2026-06-01,13:51:57.696593,[]
2026-06-01,13:51:57.729926,[]
2026-06-01,13:51:57.763259,[]
2026-06-01,13:51:57.796592,[]
2026-06-01,13:51:57.829925,[]
2026-06-01,13:51:57.863258,[]
2026-06-01,13:51:57.896591,[]
2026-06-01,13:51:57.929924,[]
2026-06-01,13:51:57.963257,[]
2026-06-01,13:51:57.996590,[]
2026-06-01,13:51:58.029923,[]
2026-06-01,13:51:58.063256,[]
2026-06-01,13:51:58.096589,[]
2026-06-01,13:51:58.129922,[]
2026-06-01,13:51:58.163255,[]
2026-06-01,13:51:58.196588,[]
2026-06-01,13:51:58.229921,[]
2026-06-01,13:51:58.263254,[]
2026-06-01,13:51:58.296587,[]
2026-06-01,13:51:58.329920,[]
2026-06-01,13:51:58.363253,[]
2026-06-01,13:51:58.396586,[]
2026-06-01,13:51:58.429919,[]
2026-06-01,13:51:58.463252,[]
2026-06-01,13:51:58.496585,[]
2026-06-01,13:51:58.529918,[]
2026-06-01,13:51:58.563251,[]
2026-06-01,13:51:58.596584,[]
2026-06-01,13:51:58.629917,[]
2026-06-01,13:51:58.663250,[]
2026-06-01,13:51:58.696583,[]
2026-06-01,13:51:58.729916,[]
2026-06-01,13:51:58.763249,[]
2026-06-01,13:51:58.796582,[]
2026-06-01,13:51:58.829915,[]
2026-06-01,13:51:58.863248,[]
2026-06-01,13:51:58.896581,[]
2026-06-01,13:51:58.929914,[]
2026-06-01,13:51:58.963247,[]
2026-06-01,13:51:58.996580,[]
2026-06-01,13:51:59.029913,[]
2026-06-01,13:51:59.063246,[]
2026-06-01,13:51:59.096579,[]
2026-06-01,13:51:59.129912,[]
2026-06-01,13:51:59.163245,[]
2026-06-01,13:51:59.196578,[]
2026-06-01,13:51:59.229911,[]
2026-06-01,13:51:59.263244,[]
2026-06-01,13:51:59.296577,[]
2026-06-01,13:51:59.329910,[]
2026-06-01,13:51:59.363243,[]
2026-06-01,13:51:59.396576,[]
2026-06-01,13:51:59.429909,[]
2026-06-01,13:51:59.463242,[]
2026-06-01,13:51:59.496575,[]
2026-06-01,13:51:59.529908,[]
2026-06-01,13:51:59.563241,[]
2026-06-01,13:51:59.596574,[]
2026-06-01,13:51:59.629907,[]
2026-06-01,13:51:59.663240,[]
2026-06-01,13:51:59.696573,[]
2026-06-01,13:51:59.729906,[]
2026-06-01,13:51:59.763239,[]
2026-06-01,13:51:59.796572,[]
2026-06-01,13:51:59.829905,[]
2026-06-01,13:51:59.863238,[]
2026-06-01,13:51:59.896571,[]
2026-06-01,13:51:59.929904,[]
2026-06-01,13:51:59.963237,[]
2026-06-01,13:51:59.996570,[]
2026-06-01,13:52:00.029903,[]
2026-06-01,13:52:00.063236,[]
2026-06-01,13:52:00.096569,[]
2026-06-01,13:52:00.129902,[]
2026-06-01,13:52:00.163235,[]
2026-06-01,13:52:00.196568,[]
2026-06-01,13:52:00.229901,[]
2026-06-01,13:52:00.263234,[]
2026-06-01,13:52:00.296567,[]
2026-06-01,13:52:00.329900,[]
2026-06-01,13:52:00.363233,[]
2026-06-01,13:52:00.396566,[]
2026-06-01,13:52:00.429899,[]
2026-06-01,13:52:00.463232,[]
2026-06-01,13:52:00.496565,[]
2026-06-01,13:52:00.529898,[]
2026-06-01,13:52:00.563231,[]
2026-06-01,13:52:00.596564,[]
2026-06-01,13:52:00.629897,[]
2026-06-01,13:52:00.663230,[]
2026-06-01,13:52:00.696563,[]
2026-06-01,13:52:00.729896,[]
2026-06-01,13:52:00.763229,[]
2026-06-01,13:52:00.796562,[]
2026-06-01,13:52:00.829895,[]
2026-06-01,13:52:00.863228,[]
2026-06-01,13:52:00.896561,[]
2026-06-01,13:52:00.929894,[]
2026-06-01,13:52:00.963227,[]
2026-06-01,13:52:00.996560,[]
2026-06-01,13:52:01.029893,[]
2026-06-01,13:52:01.063226,[]
2026-06-01,13:52:01.096559,[]
2026-06-01,13:52:01.129892,[]
2026-06-01,13:52:01.163225,[]
2026-06-01,13:52:01.196558,[]
2026-06-01,13:52:01.229891,[]
2026-06-01,13:52:01.263224,[]
2026-06-01,13:52:01.296557,[]
2026-06-01,13:52:01.329890,[]
2026-06-01,13:52:01.363223,[]
2026-06-01,13:52:01.396556,[]
2026-06-01,13:52:01.429889,[]
2026-06-01,13:52:01.463222,[]
2026-06-01,13:52:01.496555,[]
2026-06-01,13:52:01.529888,[]
2026-06-01,13:52:01.563221,[]
2026-06-01,13:52:01.596554,[]
2026-06-01,13:52:01.629887,[]
2026-06-01,13:52:01.663220,[]
2026-06-01,13:52:01.696553,[]
2026-06-01,13:52:01.729886,[]
2026-06-01,13:52:01.763219,[]
2026-06-01,13:52:01.796552,[]
2026-06-01,13:52:01.829885,[]
2026-06-01,13:52:01.863218,[]
2026-06-01,13:52:01.896551,[]
2026-06-01,13:52:01.929884,[]
2026-06-01,13:52:01.963217,[]
2026-06-01,13:52:01.996550,[]
2026-06-01,13:52:02.029883,[]
2026-06-01,13:52:02.063216,[]
2026-06-01,13:52:02.096549,[]
2026-06-01,13:52:02.129882,[]
2026-06-01,13:52:02.163215,[]
2026-06-01,13:52:02.196548,[]
2026-06-01,13:52:02.229881,[]
2026-06-01,13:52:02.263214,[]
2026-06-01,13:52:02.296547,[]
2026-06-01,13:52:02.329880,[]
2026-06-01,13:52:02.363213,[]
2026-06-01,13:52:02.396546,[]
2026-06-01,13:52:02.429879,[]
2026-06-01,13:52:02.463212,[]
2026-06-01,13:52:02.496545,[]
2026-06-01,13:52:02.529878,[]
2026-06-01,13:52:02.563211,[]
2026-06-01,13:52:02.596544,[]
2026-06-01,13:52:02.629877,[]
2026-06-01,13:52:02.663210,[]
2026-06-01,13:52:02.696543,[]
2026-06-01,13:52:02.729876,[]
2026-06-01,13:52:02.763209,[]
2026-06-01,13:52:02.796542,[]
2026-06-01,13:52:02.829875,[]
2026-06-01,13:52:02.863208,[]
2026-06-01,13:52:02.896541,[]
2026-06-01,13:52:02.929874,[]
2026-06-01,13:52:02.963207,[]
2026-06-01,13:52:02.996540,[]
2026-06-01,13:52:03.029873,[]
2026-06-01,13:52:03.063206,[]
2026-06-01,13:52:03.096539,[]
2026-06-01,13:52:03.129872,[]
2026-06-01,13:52:03.163205,[]
2026-06-01,13:52:03.196538,[]
2026-06-01,13:52:03.229871,[]
2026-06-01,13:52:03.263204,[]
2026-06-01,13:52:03.296537,[]
2026-06-01,13:52:03.329870,[]
2026-06-01,13:52:03.363203,[]
2026-06-01,13:52:03.396536,[]
2026-06-01,13:52:03.429869,[]
2026-06-01,13:52:03.463202,[]
2026-06-01,13:52:03.496535,[]
2026-06-01,13:52:03.529868,[]
2026-06-01,13:52:03.563201,[]
2026-06-01,13:52:03.596534,[]
2026-06-01,13:52:03.629867,[]
2026-06-01,13:52:03.663200,[]
2026-06-01,13:52:03.696533,[]
2026-06-01,13:52:03.729866,[]
2026-06-01,13:52:03.763199,[]
2026-06-01,13:52:03.796532,[]
2026-06-01,13:52:03.829865,[]
2026-06-01,13:52:03.863198,[]
2026-06-01,13:52:03.896531,[]
2026-06-01,13:52:03.929864,[]
2026-06-01,13:52:03.963197,[]
2026-06-01,13:52:03.996530,[]
2026-06-01,13:52:04.029863,[]
2026-06-01,13:52:04.063196,[]
2026-06-01,13:52:04.096529,[]
2026-06-01,13:52:04.129862,[]
2026-06-01,13:52:04.163195,[]
2026-06-01,13:52:04.196528,[]
2026-06-01,13:52:04.229861,[]
2026-06-01,13:52:04.263194,[]
2026-06-01,13:52:04.296527,[]
2026-06-01,13:52:04.329860,[]
2026-06-01,13:52:04.363193,[]
2026-06-01,13:52:04.396526,[]
2026-06-01,13:52:04.429859,[]
2026-06-01,13:52:04.463192,[]
2026-06-01,13:52:04.496525,[]
2026-06-01,13:52:04.529858,[]
2026-06-01,13:52:04.563191,[]
2026-06-01,13:52:04.596524,[]
2026-06-01,13:52:04.629857,[]
2026-06-01,13:52:04.663190,[]
2026-06-01,13:52:04.696523,[]
2026-06-01,13:52:04.729856,[]
2026-06-01,13:52:04.763189,[]
2026-06-01,13:52:04.796522,[]
2026-06-01,13:52:04.829855,[]
2026-06-01,13:52:04.863188,[]
2026-06-01,13:52:04.896521,[]
2026-06-01,13:52:04.929854,[]
2026-06-01,13:52:04.963187,[]
2026-06-01,13:52:04.996520,[]
2026-06-01,13:52:05.029853,[]
2026-06-01,13:52:05.063186,[]
2026-06-01,13:52:05.096519,[]
2026-06-01,13:52:05.129852,[]
2026-06-01,13:52:05.163185,[]
2026-06-01,13:52:05.196518,[]
2026-06-01,13:52:05.229851,[]
2026-06-01,13:52:05.263184,[]
2026-06-01,13:52:05.296517,[]
2026-06-01,13:52:05.329850,[]
2026-06-01,13:52:05.363183,[]
2026-06-01,13:52:05.396516,[]
2026-06-01,13:52:05.429849,[]
2026-06-01,13:52:05.463182,[]
2026-06-01,13:52:05.496515,[]
2026-06-01,13:52:05.529848,[]
2026-06-01,13:52:05.563181,[]
2026-06-01,13:52:05.596514,[]
2026-06-01,13:52:05.629847,[]
2026-06-01,13:52:05.663180,[]
2026-06-01,13:52:05.696513,[]
2026-06-01,13:52:05.729846,[]
2026-06-01,13:52:05.763179,[]
2026-06-01,13:52:05.796512,[]
2026-06-01,13:52:05.829845,[]
2026-06-01,13:52:05.863178,[]
2026-06-01,13:52:05.896511,[]
2026-06-01,13:52:05.929844,[]
2026-06-01,13:52:05.963177,[]
2026-06-01,13:52:05.996510,[]
2026-06-01,13:52:06.029843,[]
2026-06-01,13:52:06.063176,[]
2026-06-01,13:52:06.096509,[]
2026-06-01,13:52:06.129842,[]
2026-06-01,13:52:06.163175,[]
2026-06-01,13:52:06.196508,[]
2026-06-01,13:52:06.229841,[]
2026-06-01,13:52:06.263174,[]
2026-06-01,13:52:06.296507,[]
2026-06-01,13:52:06.329840,[]
2026-06-01,13:52:06.363173,[]
2026-06-01,13:52:06.396506,[]
2026-06-01,13:52:06.429839,[]
2026-06-01,13:52:06.463172,[]
2026-06-01,13:52:06.496505,[]
2026-06-01,13:52:06.529838,[]
2026-06-01,13:52:06.563171,[]
2026-06-01,13:52:06.596504,[]
2026-06-01,13:52:06.629837,[]
2026-06-01,13:52:06.663170,[]
2026-06-01,13:52:06.696503,[]
2026-06-01,13:52:06.729836,[]
2026-06-01,13:52:06.763169,[]
2026-06-01,13:52:06.796502,[]
2026-06-01,13:52:06.829835,[]
2026-06-01,13:52:06.863168,[]
2026-06-01,13:52:06.896501,[]
2026-06-01,13:52:06.929834,[]
2026-06-01,13:52:06.963167,[]
2026-06-01,13:52:06.996500,[]
2026-06-01,13:52:07.029833,[]
2026-06-01,13:52:07.063166,[]
2026-06-01,13:52:07.096499,[]
2026-06-01,13:52:07.129832,[]
2026-06-01,13:52:07.163165,[]
2026-06-01,13:52:07.196498,[]
2026-06-01,13:52:07.229831,[]
2026-06-01,13:52:07.263164,[]
2026-06-01,13:52:07.296497,[]
2026-06-01,13:52:07.329830,[]
2026-06-01,13:52:07.363163,[]
2026-06-01,13:52:07.396496,[]
2026-06-01,13:52:07.429829,[]
2026-06-01,13:52:07.463162,[]
2026-06-01,13:52:07.496495,[]
2026-06-01,13:52:07.529828,[]
2026-06-01,13:52:07.563161,[]
2026-06-01,13:52:07.596494,[]
2026-06-01,13:52:07.629827,[]
2026-06-01,13:52:07.663160,[]
2026-06-01,13:52:07.696493,[]
2026-06-01,13:52:07.729826,[]
2026-06-01,13:52:07.763159,[]
2026-06-01,13:52:07.796492,[]
2026-06-01,13:52:07.829825,[]
2026-06-01,13:52:07.863158,[]
2026-06-01,13:52:07.896491,[]
2026-06-01,13:52:07.929824,[]
2026-06-01,13:52:07.963157,[]
2026-06-01,13:52:07.996490,[]
2026-06-01,13:52:08.029823,[]
2026-06-01,13:52:08.063156,[]
2026-06-01,13:52:08.096489,[]
2026-06-01,13:52:08.129822,[]
2026-06-01,13:52:08.163155,[]
2026-06-01,13:52:08.196488,[]
2026-06-01,13:52:08.229821,[]
2026-06-01,13:52:08.263154,[]
2026-06-01,13:52:08.296487,[]
2026-06-01,13:52:08.329820,[]
2026-06-01,13:52:08.363153,[]
2026-06-01,13:52:08.396486,[]
2026-06-01,13:52:08.429819,[]
2026-06-01,13:52:08.463152,[]
2026-06-01,13:52:08.496485,[]
2026-06-01,13:52:08.529818,[]
2026-06-01,13:52:08.563151,[]
2026-06-01,13:52:08.596484,[]
2026-06-01,13:52:08.629817,[]
2026-06-01,13:52:08.663150,[]
2026-06-01,13:52:08.696483,[]
2026-06-01,13:52:08.729816,[]
2026-06-01,13:52:08.763149,[]
2026-06-01,13:52:08.796482,[]
2026-06-01,13:52:08.829815,[]
2026-06-01,13:52:08.863148,[]
2026-06-01,13:52:08.896481,[]
2026-06-01,13:52:08.929814,[]
2026-06-01,13:52:08.963147,[]
2026-06-01,13:52:08.996480,[]
2026-06-01,13:52:09.029813,[]
2026-06-01,13:52:09.063146,[]
2026-06-01,13:52:09.096479,[]
2026-06-01,13:52:09.129812,[]
2026-06-01,13:52:09.163145,[]
2026-06-01,13:52:09.196478,[]
2026-06-01,13:52:09.229811,[]
2026-06-01,13:52:09.263144,[]
2026-06-01,13:52:09.296477,[]
2026-06-01,13:52:09.329810,[]
2026-06-01,13:52:09.363143,[]
2026-06-01,13:52:09.396476,[]
2026-06-01,13:52:09.429809,[]
2026-06-01,13:52:09.463142,[]
2026-06-01,13:52:09.496475,[]
2026-06-01,13:52:09.529808,[]
2026-06-01,13:52:09.563141,[]
2026-06-01,13:52:09.596474,[]
2026-06-01,13:52:09.629807,[]
2026-06-01,13:52:09.663140,[]
2026-06-01,13:52:09.696473,[]
2026-06-01,13:52:09.729806,[]
2026-06-01,13:52:09.763139,[]
2026-06-01,13:52:09.796472,[]
2026-06-01,13:52:09.829805,[]
2026-06-01,13:52:09.863138,[]
2026-06-01,13:52:09.896471,[]
2026-06-01,13:52:09.929804,[]
2026-06-01,13:52:09.963137,[]
2026-06-01,13:52:09.996470,[]
2026-06-01,13:52:10.029803,[]
2026-06-01,13:52:10.063136,[]
2026-06-01,13:52:10.096469,[]
2026-06-01,13:52:10.129802,[]
2026-06-01,13:52:10.163135,[]
2026-06-01,13:52:10.196468,[]
2026-06-01,13:52:10.229801,[]
2026-06-01,13:52:10.263134,[]
2026-06-01,13:52:10.296467,[]
2026-06-01,13:52:10.329800,[]
2026-06-01,13:52:10.363133,[]
2026-06-01,13:52:10.396466,[]
2026-06-01,13:52:10.429799,[]
2026-06-01,13:52:10.463132,[]
2026-06-01,13:52:10.496465,[]
2026-06-01,13:52:10.529798,[]
2026-06-01,13:52:10.563131,[]
2026-06-01,13:52:10.596464,[]
2026-06-01,13:52:10.629797,[]
2026-06-01,13:52:10.663130,[]
2026-06-01,13:52:10.696463,[]
2026-06-01,13:52:10.729796,[]
2026-06-01,13:52:10.763129,[]
2026-06-01,13:52:10.796462,[]
2026-06-01,13:52:10.829795,[]
2026-06-01,13:52:10.863128,[]
2026-06-01,13:52:10.896461,[]
2026-06-01,13:52:10.929794,[]
2026-06-01,13:52:10.963127,[]
2026-06-01,13:52:10.996460,[]
2026-06-01,13:52:11.029793,[]
2026-06-01,13:52:11.063126,[]
2026-06-01,13:52:11.096459,[]
2026-06-01,13:52:11.129792,[]
2026-06-01,13:52:11.163125,[]
2026-06-01,13:52:11.196458,[]
2026-06-01,13:52:11.229791,[]
2026-06-01,13:52:11.263124,['EH53583']
2026-06-01,13:52:11.296457,['EH53583']
2026-06-01,13:52:11.329790,['EH53583']
2026-06-01,13:52:11.363123,['EH53583']
2026-06-01,13:52:11.396456,['EH53583']
2026-06-01,13:52:11.429789,[]
2026-06-01,13:52:11.463122,[]
2026-06-01,13:52:11.496455,[]
2026-06-01,13:52:11.529788,[]
2026-06-01,13:52:11.563121,[]
2026-06-01,13:52:11.596454,[]
2026-06-01,13:52:11.629787,[]
2026-06-01,13:52:11.663120,[]
2026-06-01,13:52:11.696453,[]
2026-06-01,13:52:11.729786,[]
2026-06-01,13:52:11.763119,[]
2026-06-01,13:52:11.796452,[]
2026-06-01,13:52:11.829785,[]
2026-06-01,13:52:11.863118,[]
2026-06-01,13:52:11.896451,[]
2026-06-01,13:52:11.929784,[]
2026-06-01,13:52:11.963117,[]
2026-06-01,13:52:11.996450,[]
2026-06-01,13:52:12.029783,[]
2026-06-01,13:52:12.063116,[]
2026-06-01,13:52:12.096449,[]
2026-06-01,13:52:12.129782,[]
2026-06-01,13:52:12.163115,[]
2026-06-01,13:52:12.196448,[]
2026-06-01,13:52:12.229781,[]
2026-06-01,13:52:12.263114,[]
2026-06-01,13:52:12.296447,[]
2026-06-01,13:52:12.329780,[]
2026-06-01,13:52:12.363113,[]
2026-06-01,13:52:12.396446,[]
2026-06-01,13:52:12.429779,[]
2026-06-01,13:52:12.463112,[]
2026-06-01,13:52:12.496445,[]
2026-06-01,13:52:12.529778,[]
2026-06-01,13:52:12.563111,[]
2026-06-01,13:52:12.596444,[]
2026-06-01,13:52:12.629777,[]
2026-06-01,13:52:12.663110,[]
2026-06-01,13:52:12.696443,[]
2026-06-01,13:52:12.729776,[]
2026-06-01,13:52:12.763109,[]
2026-06-01,13:52:12.796442,[]
2026-06-01,13:52:12.829775,[]
2026-06-01,13:52:12.863108,[]
2026-06-01,13:52:12.896441,[]
2026-06-01,13:52:12.929774,[]
2026-06-01,13:52:12.963107,[]
2026-06-01,13:52:12.996440,[]
2026-06-01,13:52:13.029773,[]
2026-06-01,13:52:13.063106,[]
2026-06-01,13:52:13.096439,[]
2026-06-01,13:52:13.129772,[]
2026-06-01,13:52:13.163105,[]
2026-06-01,13:52:13.196438,[]
2026-06-01,13:52:13.229771,[]
2026-06-01,13:52:13.263104,[]
2026-06-01,13:52:13.296437,[]
2026-06-01,13:52:13.329770,[]
2026-06-01,13:52:13.363103,[]
2026-06-01,13:52:13.396436,[]
2026-06-01,13:52:13.429769,[]
2026-06-01,13:52:13.463102,[]
2026-06-01,13:52:13.496435,[]
2026-06-01,13:52:13.529768,[]
2026-06-01,13:52:13.563101,[]
2026-06-01,13:52:13.596434,[]
2026-06-01,13:52:13.629767,[]
2026-06-01,13:52:13.663100,[]
2026-06-01,13:52:13.696433,[]
2026-06-01,13:52:13.729766,[]
2026-06-01,13:52:13.763099,[]
2026-06-01,13:52:13.796432,[]
2026-06-01,13:52:13.829765,[]
2026-06-01,13:52:13.863098,[]
2026-06-01,13:52:13.896431,[]
2026-06-01,13:52:13.929764,[]
2026-06-01,13:52:13.963097,[]
2026-06-01,13:52:13.996430,[]
2026-06-01,13:52:14.029763,[]
2026-06-01,13:52:14.063096,[]
2026-06-01,13:52:14.096429,[]
2026-06-01,13:52:14.129762,[]
2026-06-01,13:52:14.163095,[]
2026-06-01,13:52:14.196428,[]
2026-06-01,13:52:14.229761,[]
2026-06-01,13:52:14.263094,[]
2026-06-01,13:52:14.296427,[]
2026-06-01,13:52:14.329760,[]
2026-06-01,13:52:14.363093,[]
2026-06-01,13:52:14.396426,[]
2026-06-01,13:52:14.429759,[]
2026-06-01,13:52:14.463092,[]
2026-06-01,13:52:14.496425,[]
2026-06-01,13:52:14.529758,[]
2026-06-01,13:52:14.563091,[]
2026-06-01,13:52:14.596424,[]
2026-06-01,13:52:14.629757,[]
2026-06-01,13:52:14.663090,[]
2026-06-01,13:52:14.696423,[]
2026-06-01,13:52:14.729756,[]
2026-06-01,13:52:14.763089,[]
2026-06-01,13:52:14.796422,[]
2026-06-01,13:52:14.829755,[]
2026-06-01,13:52:14.863088,[]
2026-06-01,13:52:14.896421,[]
2026-06-01,13:52:14.929754,[]
2026-06-01,13:52:14.963087,[]
2026-06-01,13:52:14.996420,[]
2026-06-01,13:52:15.029753,[]
2026-06-01,13:52:15.063086,[]
2026-06-01,13:52:15.096419,[]
2026-06-01,13:52:15.129752,[]
2026-06-01,13:52:15.163085,[]
2026-06-01,13:52:15.196418,[]
2026-06-01,13:52:15.229751,[]
2026-06-01,13:52:15.263084,[]
2026-06-01,13:52:15.296417,[]
2026-06-01,13:52:15.329750,[]
2026-06-01,13:52:15.363083,[]
2026-06-01,13:52:15.396416,[]
2026-06-01,13:52:15.429749,[]
2026-06-01,13:52:15.463082,[]
2026-06-01,13:52:15.496415,[]
2026-06-01,13:52:15.529748,[]
2026-06-01,13:52:15.563081,[]
2026-06-01,13:52:15.596414,[]
2026-06-01,13:52:15.629747,[]
2026-06-01,13:52:15.663080,[]
2026-06-01,13:52:15.696413,[]
2026-06-01,13:52:15.729746,[]
2026-06-01,13:52:15.763079,[]
2026-06-01,13:52:15.796412,[]
2026-06-01,13:52:15.829745,[]
2026-06-01,13:52:15.863078,[]
2026-06-01,13:52:15.896411,[]
2026-06-01,13:52:15.929744,[]
2026-06-01,13:52:15.963077,[]
2026-06-01,13:52:15.996410,[]
2026-06-01,13:52:16.029743,[]
2026-06-01,13:52:16.063076,[]
2026-06-01,13:52:16.096409,[]
2026-06-01,13:52:16.129742,[]
2026-06-01,13:52:16.163075,[]
2026-06-01,13:52:16.196408,[]
2026-06-01,13:52:16.229741,[]
2026-06-01,13:52:16.263074,[]
2026-06-01,13:52:16.296407,[]
2026-06-01,13:52:16.329740,[]
2026-06-01,13:52:16.363073,[]
2026-06-01,13:52:16.396406,[]
2026-06-01,13:52:16.429739,[]
2026-06-01,13:52:16.463072,[]
2026-06-01,13:52:16.496405,[]
2026-06-01,13:52:16.529738,[]
2026-06-01,13:52:16.563071,[]
2026-06-01,13:52:16.596404,[]
2026-06-01,13:52:16.629737,[]
2026-06-01,13:52:16.663070,[]
2026-06-01,13:52:16.696403,[]
2026-06-01,13:52:16.729736,[]
2026-06-01,13:52:16.763069,[]
2026-06-01,13:52:16.796402,[]
2026-06-01,13:52:16.829735,[]
2026-06-01,13:52:16.863068,[]
2026-06-01,13:52:16.896401,[]
2026-06-01,13:52:16.929734,[]
2026-06-01,13:52:16.963067,[]
2026-06-01,13:52:16.996400,[]
2026-06-01,13:52:17.029733,[]
2026-06-01,13:52:17.063066,[]
2026-06-01,13:52:17.096399,[]
2026-06-01,13:52:17.129732,[]
2026-06-01,13:52:17.163065,[]
2026-06-01,13:52:17.196398,[]
2026-06-01,13:52:17.229731,[]
2026-06-01,13:52:17.263064,[]
2026-06-01,13:52:17.296397,[]
2026-06-01,13:52:17.329730,[]
2026-06-01,13:52:17.363063,[]
2026-06-01,13:52:17.396396,[]
2026-06-01,13:52:17.429729,[]
2026-06-01,13:52:17.463062,[]
2026-06-01,13:52:17.496395,[]
2026-06-01,13:52:17.529728,[]
2026-06-01,13:52:17.563061,[]
2026-06-01,13:52:17.596394,[]
2026-06-01,13:52:17.629727,[]
2026-06-01,13:52:17.663060,[]
2026-06-01,13:52:17.696393,[]
2026-06-01,13:52:17.729726,[]
2026-06-01,13:52:17.763059,[]
2026-06-01,13:52:17.796392,[]
2026-06-01,13:52:17.829725,[]
2026-06-01,13:52:17.863058,[]
2026-06-01,13:52:17.896391,[]
2026-06-01,13:52:17.929724,[]
2026-06-01,13:52:17.963057,[]
2026-06-01,13:52:17.996390,[]
2026-06-01,13:52:18.029723,[]
2026-06-01,13:52:18.063056,[]
2026-06-01,13:52:18.096389,[]
2026-06-01,13:52:18.129722,[]
2026-06-01,13:52:18.163055,[]
2026-06-01,13:52:18.196388,[]
2026-06-01,13:52:18.229721,[]
2026-06-01,13:52:18.263054,[]
2026-06-01,13:52:18.296387,[]
2026-06-01,13:52:18.329720,[]
2026-06-01,13:52:18.363053,[]
2026-06-01,13:52:18.396386,[]
2026-06-01,13:52:18.429719,[]
2026-06-01,13:52:18.463052,[]
2026-06-01,13:52:18.496385,[]
2026-06-01,13:52:18.529718,[]
2026-06-01,13:52:18.563051,[]
2026-06-01,13:52:18.596384,[]
2026-06-01,13:52:18.629717,[]
2026-06-01,13:52:18.663050,[]
2026-06-01,13:52:18.696383,[]
2026-06-01,13:52:18.729716,[]
2026-06-01,13:52:18.763049,[]
2026-06-01,13:52:18.796382,[]
2026-06-01,13:52:18.829715,[]
2026-06-01,13:52:18.863048,[]
2026-06-01,13:52:18.896381,[]
2026-06-01,13:52:18.929714,[]
2026-06-01,13:52:18.963047,[]
2026-06-01,13:52:18.996380,[]
2026-06-01,13:52:19.029713,[]
2026-06-01,13:52:19.063046,[]
2026-06-01,13:52:19.096379,[]
2026-06-01,13:52:19.129712,[]
2026-06-01,13:52:19.163045,[]
2026-06-01,13:52:19.196378,[]
2026-06-01,13:52:19.229711,[]
2026-06-01,13:52:19.263044,[]
2026-06-01,13:52:19.296377,[]
2026-06-01,13:52:19.329710,[]
2026-06-01,13:52:19.363043,[]
2026-06-01,13:52:19.396376,[]
2026-06-01,13:52:19.429709,[]
2026-06-01,13:52:19.463042,[]
2026-06-01,13:52:19.496375,[]
2026-06-01,13:52:19.529708,[]
2026-06-01,13:52:19.563041,[]
2026-06-01,13:52:19.596374,[]
2026-06-01,13:52:19.629707,[]
2026-06-01,13:52:19.663040,[]
2026-06-01,13:52:19.696373,[]
2026-06-01,13:52:19.729706,[]
2026-06-01,13:52:19.763039,[]
2026-06-01,13:52:19.796372,[]
2026-06-01,13:52:19.829705,[]
2026-06-01,13:52:19.863038,['EF66671']
2026-06-01,13:52:19.896371,['EF66671']
2026-06-01,13:52:19.929704,['EF66671']
2026-06-01,13:52:19.963037,['EF66671']
2026-06-01,13:52:19.996370,[]
2026-06-01,13:52:20.029703,[]
2026-06-01,13:52:20.063036,[]
2026-06-01,13:52:20.096369,[]
2026-06-01,13:52:20.129702,[]
2026-06-01,13:52:20.163035,[]
2026-06-01,13:52:20.196368,[]
2026-06-01,13:52:20.229701,[]
2026-06-01,13:52:20.263034,[]
2026-06-01,13:52:20.296367,[]
2026-06-01,13:52:20.329700,[]
2026-06-01,13:52:20.363033,[]
2026-06-01,13:52:20.396366,[]
2026-06-01,13:52:20.429699,[]
2026-06-01,13:52:20.463032,[]
2026-06-01,13:52:20.496365,[]
2026-06-01,13:52:20.529698,[]
2026-06-01,13:52:20.563031,[]
2026-06-01,13:52:20.596364,[]
2026-06-01,13:52:20.629697,[]
2026-06-01,13:52:20.663030,[]
2026-06-01,13:52:20.696363,[]
2026-06-01,13:52:20.729696,[]
2026-06-01,13:52:20.763029,[]
2026-06-01,13:52:20.796362,[]
2026-06-01,13:52:20.829695,[]
2026-06-01,13:52:20.863028,[]
2026-06-01,13:52:20.896361,[]
2026-06-01,13:52:20.929694,[]
2026-06-01,13:52:20.963027,[]
2026-06-01,13:52:20.996360,[]
2026-06-01,13:52:21.029693,[]
2026-06-01,13:52:21.063026,[]
2026-06-01,13:52:21.096359,[]
2026-06-01,13:52:21.129692,[]
2026-06-01,13:52:21.163025,[]
2026-06-01,13:52:21.196358,[]
2026-06-01,13:52:21.229691,[]
2026-06-01,13:52:21.263024,[]
2026-06-01,13:52:21.296357,[]
2026-06-01,13:52:21.329690,[]
2026-06-01,13:52:21.363023,[]
2026-06-01,13:52:21.396356,[]
2026-06-01,13:52:21.429689,[]
2026-06-01,13:52:21.463022,[]
2026-06-01,13:52:21.496355,[]
2026-06-01,13:52:21.529688,[]
2026-06-01,13:52:21.563021,[]
2026-06-01,13:52:21.596354,[]
2026-06-01,13:52:21.629687,[]
2026-06-01,13:52:21.663020,[]
2026-06-01,13:52:21.696353,[]
2026-06-01,13:52:21.729686,[]
2026-06-01,13:52:21.763019,[]
2026-06-01,13:52:21.796352,[]
2026-06-01,13:52:21.829685,[]
2026-06-01,13:52:21.863018,[]
2026-06-01,13:52:21.896351,[]
2026-06-01,13:52:21.929684,[]
2026-06-01,13:52:21.963017,[]
2026-06-01,13:52:21.996350,[]
2026-06-01,13:52:22.029683,[]
2026-06-01,13:52:22.063016,[]
2026-06-01,13:52:22.096349,[]
2026-06-01,13:52:22.129682,[]
2026-06-01,13:52:22.163015,[]
2026-06-01,13:52:22.196348,[]
2026-06-01,13:52:22.229681,[]
2026-06-01,13:52:22.263014,[]
2026-06-01,13:52:22.296347,[]
2026-06-01,13:52:22.329680,[]
2026-06-01,13:52:22.363013,[]
2026-06-01,13:52:22.396346,[]
2026-06-01,13:52:22.429679,[]
2026-06-01,13:52:22.463012,[]
2026-06-01,13:52:22.496345,[]
2026-06-01,13:52:22.529678,[]
2026-06-01,13:52:22.563011,[]
2026-06-01,13:52:22.596344,[]
2026-06-01,13:52:22.629677,[]
2026-06-01,13:52:22.663010,[]
2026-06-01,13:52:22.696343,[]
2026-06-01,13:52:22.729676,[]
2026-06-01,13:52:22.763009,[]
2026-06-01,13:52:22.796342,[]
2026-06-01,13:52:22.829675,[]
2026-06-01,13:52:22.863008,[]
2026-06-01,13:52:22.896341,[]
2026-06-01,13:52:22.929674,[]
2026-06-01,13:52:22.963007,[]
2026-06-01,13:52:22.996340,[]
2026-06-01,13:52:23.029673,[]
2026-06-01,13:52:23.063006,[]
2026-06-01,13:52:23.096339,[]
2026-06-01,13:52:23.129672,[]
2026-06-01,13:52:23.163005,[]
2026-06-01,13:52:23.196338,[]
2026-06-01,13:52:23.229671,[]
2026-06-01,13:52:23.263004,[]
2026-06-01,13:52:23.296337,[]
2026-06-01,13:52:23.329670,[]
2026-06-01,13:52:23.363003,[]
2026-06-01,13:52:23.396336,[]
2026-06-01,13:52:23.429669,[]
2026-06-01,13:52:23.463002,[]
2026-06-01,13:52:23.496335,[]
2026-06-01,13:52:23.529668,[]
2026-06-01,13:52:23.563001,[]
2026-06-01,13:52:23.596334,[]
2026-06-01,13:52:23.629667,[]
2026-06-01,13:52:23.663000,[]
2026-06-01,13:52:23.696333,[]
2026-06-01,13:52:23.729666,[]
2026-06-01,13:52:23.762999,[]
2026-06-01,13:52:23.796332,[]
2026-06-01,13:52:23.829665,[]
2026-06-01,13:52:23.862998,[]
2026-06-01,13:52:23.896331,[]
2026-06-01,13:52:23.929664,[]
2026-06-01,13:52:23.962997,[]
2026-06-01,13:52:23.996330,[]
2026-06-01,13:52:24.029663,[]
2026-06-01,13:52:24.062996,[]
2026-06-01,13:52:24.096329,[]
2026-06-01,13:52:24.129662,[]
2026-06-01,13:52:24.162995,[]
2026-06-01,13:52:24.196328,[]
2026-06-01,13:52:24.229661,[]
2026-06-01,13:52:24.262994,[]
2026-06-01,13:52:24.296327,[]
2026-06-01,13:52:24.329660,[]
2026-06-01,13:52:24.362993,[]
2026-06-01,13:52:24.396326,[]
2026-06-01,13:52:24.429659,[]
2026-06-01,13:52:24.462992,[]
2026-06-01,13:52:24.496325,[]
2026-06-01,13:52:24.529658,[]
2026-06-01,13:52:24.562991,[]
2026-06-01,13:52:24.596324,[]
2026-06-01,13:52:24.629657,[]
2026-06-01,13:52:24.662990,[]
2026-06-01,13:52:24.696323,[]
2026-06-01,13:52:24.729656,[]
2026-06-01,13:52:24.762989,[]
2026-06-01,13:52:24.796322,[]
2026-06-01,13:52:24.829655,[]
2026-06-01,13:52:24.862988,[]
2026-06-01,13:52:24.896321,[]
2026-06-01,13:52:24.929654,[]
2026-06-01,13:52:24.962987,[]
2026-06-01,13:52:24.996320,[]
2026-06-01,13:52:25.029653,[]
2026-06-01,13:52:25.062986,[]
2026-06-01,13:52:25.096319,[]
2026-06-01,13:52:25.129652,[]
2026-06-01,13:52:25.162985,[]
2026-06-01,13:52:25.196318,[]
2026-06-01,13:52:25.229651,[]
2026-06-01,13:52:25.262984,[]
2026-06-01,13:52:25.296317,[]
2026-06-01,13:52:25.329650,[]
2026-06-01,13:52:25.362983,[]
2026-06-01,13:52:25.396316,[]
2026-06-01,13:52:25.429649,[]
2026-06-01,13:52:25.462982,[]
2026-06-01,13:52:25.496315,[]
2026-06-01,13:52:25.529648,[]
2026-06-01,13:52:25.562981,[]
2026-06-01,13:52:25.596314,[]
2026-06-01,13:52:25.629647,[]
2026-06-01,13:52:25.662980,[]
2026-06-01,13:52:25.696313,[]
2026-06-01,13:52:25.729646,[]
2026-06-01,13:52:25.762979,[]
2026-06-01,13:52:25.796312,[]
2026-06-01,13:52:25.829645,[]
2026-06-01,13:52:25.862978,[]
2026-06-01,13:52:25.896311,[]
2026-06-01,13:52:25.929644,[]
2026-06-01,13:52:25.962977,[]
2026-06-01,13:52:25.996310,[]
2026-06-01,13:52:26.029643,[]
2026-06-01,13:52:26.062976,[]
2026-06-01,13:52:26.096309,[]
2026-06-01,13:52:26.129642,[]
2026-06-01,13:52:26.162975,[]
2026-06-01,13:52:26.196308,[]
2026-06-01,13:52:26.229641,[]
2026-06-01,13:52:26.262974,[]
2026-06-01,13:52:26.296307,[]
2026-06-01,13:52:26.329640,[]
2026-06-01,13:52:26.362973,[]
2026-06-01,13:52:26.396306,[]
2026-06-01,13:52:26.429639,[]
2026-06-01,13:52:26.462972,[]
2026-06-01,13:52:26.496305,[]
2026-06-01,13:52:26.529638,[]
2026-06-01,13:52:26.562971,[]
2026-06-01,13:52:26.596304,[]
2026-06-01,13:52:26.629637,[]
2026-06-01,13:52:26.662970,[]
2026-06-01,13:52:26.696303,[]
2026-06-01,13:52:26.729636,[]
2026-06-01,13:52:26.762969,[]
2026-06-01,13:52:26.796302,[]
2026-06-01,13:52:26.829635,[]
2026-06-01,13:52:26.862968,[]
2026-06-01,13:52:26.896301,[]
2026-06-01,13:52:26.929634,[]
2026-06-01,13:52:26.962967,[]
2026-06-01,13:52:26.996300,[]
2026-06-01,13:52:27.029633,[]
2026-06-01,13:52:27.062966,[]
2026-06-01,13:52:27.096299,[]
2026-06-01,13:52:27.129632,[]
2026-06-01,13:52:27.162965,[]
2026-06-01,13:52:27.196298,[]
2026-06-01,13:52:27.229631,[]
2026-06-01,13:52:27.262964,[]
2026-06-01,13:52:27.296297,[]
2026-06-01,13:52:27.329630,[]
2026-06-01,13:52:27.362963,[]
2026-06-01,13:52:27.396296,[]
2026-06-01,13:52:27.429629,[]
2026-06-01,13:52:27.462962,[]
2026-06-01,13:52:27.496295,[]
2026-06-01,13:52:27.529628,[]
2026-06-01,13:52:27.562961,[]
2026-06-01,13:52:27.596294,[]
2026-06-01,13:52:27.629627,[]
2026-06-01,13:52:27.662960,[]
2026-06-01,13:52:27.696293,[]
2026-06-01,13:52:27.729626,[]
2026-06-01,13:52:27.762959,[]
2026-06-01,13:52:27.796292,[]
2026-06-01,13:52:27.829625,[]
2026-06-01,13:52:27.862958,[]
2026-06-01,13:52:27.896291,[]
2026-06-01,13:52:27.929624,[]
2026-06-01,13:52:27.962957,[]
2026-06-01,13:52:27.996290,[]
2026-06-01,13:52:28.029623,[]
2026-06-01,13:52:28.062956,[]
2026-06-01,13:52:28.096289,[]
2026-06-01,13:52:28.129622,[]
2026-06-01,13:52:28.162955,[]
2026-06-01,13:52:28.196288,[]
2026-06-01,13:52:28.229621,[]
2026-06-01,13:52:28.262954,[]
2026-06-01,13:52:28.296287,[]
2026-06-01,13:52:28.329620,[]
2026-06-01,13:52:28.362953,[]
2026-06-01,13:52:28.396286,[]
2026-06-01,13:52:28.429619,[]
2026-06-01,13:52:28.462952,[]
2026-06-01,13:52:28.496285,[]
2026-06-01,13:52:28.529618,[]
2026-06-01,13:52:28.562951,[]
2026-06-01,13:52:28.596284,[]
2026-06-01,13:52:28.629617,[]
2026-06-01,13:52:28.662950,[]
2026-06-01,13:52:28.696283,[]
2026-06-01,13:52:28.729616,[]
2026-06-01,13:52:28.762949,[]
2026-06-01,13:52:28.796282,[]
2026-06-01,13:52:28.829615,[]
2026-06-01,13:52:28.862948,[]
2026-06-01,13:52:28.896281,[]
2026-06-01,13:52:28.929614,[]
2026-06-01,13:52:28.962947,[]
2026-06-01,13:52:28.996280,[]
2026-06-01,13:52:29.029613,[]
2026-06-01,13:52:29.062946,[]
2026-06-01,13:52:29.096279,[]
2026-06-01,13:52:29.129612,[]
2026-06-01,13:52:29.162945,[]
2026-06-01,13:52:29.196278,[]
2026-06-01,13:52:29.229611,[]
2026-06-01,13:52:29.262944,[]
2026-06-01,13:52:29.296277,[]
2026-06-01,13:52:29.329610,[]
2026-06-01,13:52:29.362943,[]
2026-06-01,13:52:29.396276,[]
2026-06-01,13:52:29.429609,[]
2026-06-01,13:52:29.462942,[]
2026-06-01,13:52:29.496275,[]
2026-06-01,13:52:29.529608,[]
2026-06-01,13:52:29.562941,[]
2026-06-01,13:52:29.596274,[]
2026-06-01,13:52:29.629607,[]
2026-06-01,13:52:29.662940,[]
2026-06-01,13:52:29.696273,[]
2026-06-01,13:52:29.729606,[]
2026-06-01,13:52:29.762939,[]
2026-06-01,13:52:29.796272,[]
2026-06-01,13:52:29.829605,[]
2026-06-01,13:52:29.862938,[]
2026-06-01,13:52:29.896271,[]
2026-06-01,13:52:29.929604,[]
2026-06-01,13:52:29.962937,[]
2026-06-01,13:52:29.996270,[]
2026-06-01,13:52:30.029603,[]
2026-06-01,13:52:30.062936,[]
2026-06-01,13:52:30.096269,[]
2026-06-01,13:52:30.129602,[]
2026-06-01,13:52:30.162935,[]
2026-06-01,13:52:30.196268,[]
2026-06-01,13:52:30.229601,[]
2026-06-01,13:52:30.262934,[]
2026-06-01,13:52:30.296267,[]
2026-06-01,13:52:30.329600,[]
2026-06-01,13:52:30.362933,[]
2026-06-01,13:52:30.396266,[]
2026-06-01,13:52:30.429599,[]
2026-06-01,13:52:30.462932,[]
2026-06-01,13:52:30.496265,[]
2026-06-01,13:52:30.529598,[]
2026-06-01,13:52:30.562931,[]
2026-06-01,13:52:30.596264,[]
2026-06-01,13:52:30.629597,[]
2026-06-01,13:52:30.662930,[]
2026-06-01,13:52:30.696263,[]
2026-06-01,13:52:30.729596,[]
2026-06-01,13:52:30.762929,[]
2026-06-01,13:52:30.796262,[]
2026-06-01,13:52:30.829595,[]
2026-06-01,13:52:30.862928,[]
2026-06-01,13:52:30.896261,[]
2026-06-01,13:52:30.929594,[]
2026-06-01,13:52:30.962927,[]
2026-06-01,13:52:30.996260,[]
2026-06-01,13:52:31.029593,[]
2026-06-01,13:52:31.062926,[]
2026-06-01,13:52:31.096259,[]
2026-06-01,13:52:31.129592,[]
2026-06-01,13:52:31.162925,[]
2026-06-01,13:52:31.196258,[]
2026-06-01,13:52:31.229591,[]
2026-06-01,13:52:31.262924,[]
2026-06-01,13:52:31.296257,[]
2026-06-01,13:52:31.329590,[]
2026-06-01,13:52:31.362923,[]
2026-06-01,13:52:31.396256,[]
2026-06-01,13:52:31.429589,[]
2026-06-01,13:52:31.462922,[]
2026-06-01,13:52:31.496255,[]
2026-06-01,13:52:31.529588,[]
2026-06-01,13:52:31.562921,[]
2026-06-01,13:52:31.596254,[]
2026-06-01,13:52:31.629587,[]
2026-06-01,13:52:31.662920,[]
2026-06-01,13:52:31.696253,[]
2026-06-01,13:52:31.729586,[]
2026-06-01,13:52:31.762919,[]
2026-06-01,13:52:31.796252,[]
2026-06-01,13:52:31.829585,[]
2026-06-01,13:52:31.862918,[]
2026-06-01,13:52:31.896251,[]
2026-06-01,13:52:31.929584,[]
2026-06-01,13:52:31.962917,[]
2026-06-01,13:52:31.996250,[]
2026-06-01,13:52:32.029583,[]
2026-06-01,13:52:32.062916,[]
2026-06-01,13:52:32.096249,[]
2026-06-01,13:52:32.129582,[]
2026-06-01,13:52:32.162915,[]
2026-06-01,13:52:32.196248,[]
2026-06-01,13:52:32.229581,[]
2026-06-01,13:52:32.262914,[]
2026-06-01,13:52:32.296247,[]
2026-06-01,13:52:32.329580,[]
2026-06-01,13:52:32.362913,[]
2026-06-01,13:52:32.396246,[]
2026-06-01,13:52:32.429579,[]
2026-06-01,13:52:32.462912,[]
2026-06-01,13:52:32.496245,[]
2026-06-01,13:52:32.529578,['DH88440']
2026-06-01,13:52:32.562911,[]
2026-06-01,13:52:32.596244,[]
2026-06-01,13:52:32.629577,[]
2026-06-01,13:52:32.662910,[]
2026-06-01,13:52:32.696243,[]
2026-06-01,13:52:32.729576,[]
2026-06-01,13:52:32.762909,[]
2026-06-01,13:52:32.796242,[]
2026-06-01,13:52:32.829575,[]
2026-06-01,13:52:32.862908,[]
2026-06-01,13:52:32.896241,[]
2026-06-01,13:52:32.929574,[]
2026-06-01,13:52:32.962907,[]
2026-06-01,13:52:32.996240,[]
2026-06-01,13:52:33.029573,[]
2026-06-01,13:52:33.062906,[]
2026-06-01,13:52:33.096239,[]
2026-06-01,13:52:33.129572,[]
2026-06-01,13:52:33.162905,[]
2026-06-01,13:52:33.196238,[]
2026-06-01,13:52:33.229571,[]
2026-06-01,13:52:33.262904,[]
2026-06-01,13:52:33.296237,[]
2026-06-01,13:52:33.329570,[]
2026-06-01,13:52:33.362903,[]
2026-06-01,13:52:33.396236,[]
2026-06-01,13:52:33.429569,[]
2026-06-01,13:52:33.462902,[]
2026-06-01,13:52:33.496235,[]
2026-06-01,13:52:33.529568,[]
2026-06-01,13:52:33.562901,[]
2026-06-01,13:52:33.596234,[]
2026-06-01,13:52:33.629567,[]
2026-06-01,13:52:33.662900,[]
2026-06-01,13:52:33.696233,[]
2026-06-01,13:52:33.729566,[]
2026-06-01,13:52:33.762899,[]
2026-06-01,13:52:33.796232,[]
2026-06-01,13:52:33.829565,[]
2026-06-01,13:52:33.862898,[]
2026-06-01,13:52:33.896231,[]
2026-06-01,13:52:33.929564,[]
2026-06-01,13:52:33.962897,[]
2026-06-01,13:52:33.996230,[]
2026-06-01,13:52:34.029563,[]
2026-06-01,13:52:34.062896,[]
2026-06-01,13:52:34.096229,[]
2026-06-01,13:52:34.129562,[]
2026-06-01,13:52:34.162895,[]
2026-06-01,13:52:34.196228,[]
2026-06-01,13:52:34.229561,[]
2026-06-01,13:52:34.262894,[]
2026-06-01,13:52:34.296227,[]
2026-06-01,13:52:34.329560,[]
2026-06-01,13:52:34.362893,[]
2026-06-01,13:52:34.396226,[]
2026-06-01,13:52:34.429559,[]
2026-06-01,13:52:34.462892,[]
2026-06-01,13:52:34.496225,[]
2026-06-01,13:52:34.529558,[]
2026-06-01,13:52:34.562891,[]
2026-06-01,13:52:34.596224,[]
2026-06-01,13:52:34.629557,[]
2026-06-01,13:52:34.662890,[]
2026-06-01,13:52:34.696223,[]
2026-06-01,13:52:34.729556,[]
2026-06-01,13:52:34.762889,[]
2026-06-01,13:52:34.796222,[]
2026-06-01,13:52:34.829555,[]
2026-06-01,13:52:34.862888,[]
2026-06-01,13:52:34.896221,[]
2026-06-01,13:52:34.929554,[]
2026-06-01,13:52:34.962887,[]
2026-06-01,13:52:34.996220,[]
2026-06-01,13:52:35.029553,[]
2026-06-01,13:52:35.062886,[]
2026-06-01,13:52:35.096219,[]
2026-06-01,13:52:35.129552,[]
2026-06-01,13:52:35.162885,[]
2026-06-01,13:52:35.196218,[]
2026-06-01,13:52:35.229551,[]
2026-06-01,13:52:35.262884,[]
2026-06-01,13:52:35.296217,[]
2026-06-01,13:52:35.329550,[]
2026-06-01,13:52:35.362883,[]
2026-06-01,13:52:35.396216,[]
2026-06-01,13:52:35.429549,[]
2026-06-01,13:52:35.462882,[]
2026-06-01,13:52:35.496215,[]
2026-06-01,13:52:35.529548,[]
2026-06-01,13:52:35.562881,[]
2026-06-01,13:52:35.596214,[]
2026-06-01,13:52:35.629547,[]
2026-06-01,13:52:35.662880,[]
2026-06-01,13:52:35.696213,[]
2026-06-01,13:52:35.729546,[]
2026-06-01,13:52:35.762879,[]
2026-06-01,13:52:35.796212,[]
2026-06-01,13:52:35.829545,[]
2026-06-01,13:52:35.862878,[]
2026-06-01,13:52:35.896211,[]
2026-06-01,13:52:35.929544,[]
2026-06-01,13:52:35.962877,[]
2026-06-01,13:52:35.996210,[]
2026-06-01,13:52:36.029543,[]
2026-06-01,13:52:36.062876,[]
2026-06-01,13:52:36.096209,[]
2026-06-01,13:52:36.129542,[]
2026-06-01,13:52:36.162875,[]
2026-06-01,13:52:36.196208,[]
2026-06-01,13:52:36.229541,[]
2026-06-01,13:52:36.262874,[]
2026-06-01,13:52:36.296207,[]
2026-06-01,13:52:36.329540,[]
2026-06-01,13:52:36.362873,[]
2026-06-01,13:52:36.396206,[]
2026-06-01,13:52:36.429539,['BN18884']
2026-06-01,13:52:36.462872,[]
2026-06-01,13:52:36.496205,[]
2026-06-01,13:52:36.529538,[]
2026-06-01,13:52:36.562871,[]
2026-06-01,13:52:36.596204,[]
2026-06-01,13:52:36.629537,[]
2026-06-01,13:52:36.662870,[]
2026-06-01,13:52:36.696203,[]
2026-06-01,13:52:36.729536,[]
2026-06-01,13:52:36.762869,[]
2026-06-01,13:52:36.796202,[]
2026-06-01,13:52:36.829535,[]
2026-06-01,13:52:36.862868,[]
2026-06-01,13:52:36.896201,[]
2026-06-01,13:52:36.929534,[]
2026-06-01,13:52:36.962867,[]
2026-06-01,13:52:36.996200,[]
2026-06-01,13:52:37.029533,[]
2026-06-01,13:52:37.062866,[]
2026-06-01,13:52:37.096199,[]
2026-06-01,13:52:37.129532,[]
2026-06-01,13:52:37.162865,[]
2026-06-01,13:52:37.196198,[]
2026-06-01,13:52:37.229531,[]
2026-06-01,13:52:37.262864,[]
2026-06-01,13:52:37.296197,[]
2026-06-01,13:52:37.329530,[]
2026-06-01,13:52:37.362863,[]
2026-06-01,13:52:37.396196,[]
2026-06-01,13:52:37.429529,[]
2026-06-01,13:52:37.462862,[]
2026-06-01,13:52:37.496195,[]
2026-06-01,13:52:37.529528,[]
2026-06-01,13:52:37.562861,[]
2026-06-01,13:52:37.596194,[]
2026-06-01,13:52:37.629527,[]
2026-06-01,13:52:37.662860,[]
2026-06-01,13:52:37.696193,[]
2026-06-01,13:52:37.729526,[]
2026-06-01,13:52:37.762859,[]
2026-06-01,13:52:37.796192,[]
2026-06-01,13:52:37.829525,[]
2026-06-01,13:52:37.862858,[]
2026-06-01,13:52:37.896191,[]
2026-06-01,13:52:37.929524,[]
2026-06-01,13:52:37.962857,['CJ72254']
2026-06-01,13:52:37.996190,['CJ72254']
2026-06-01,13:52:38.029523,['CJ72254']
2026-06-01,13:52:38.062856,['CJ72254']
2026-06-01,13:52:38.096189,[]
2026-06-01,13:52:38.129522,[]
2026-06-01,13:52:38.162855,[]
2026-06-01,13:52:38.196188,[]
2026-06-01,13:52:38.229521,[]
2026-06-01,13:52:38.262854,[]
2026-06-01,13:52:38.296187,[]
2026-06-01,13:52:38.329520,[]
2026-06-01,13:52:38.362853,[]
2026-06-01,13:52:38.396186,[]
2026-06-01,13:52:38.429519,[]
2026-06-01,13:52:38.462852,[]
2026-06-01,13:52:38.496185,[]
2026-06-01,13:52:38.529518,[]
2026-06-01,13:52:38.562851,[]
2026-06-01,13:52:38.596184,[]
2026-06-01,13:52:38.629517,[]
2026-06-01,13:52:38.662850,[]
2026-06-01,13:52:38.696183,[]
2026-06-01,13:52:38.729516,[]
2026-06-01,13:52:38.762849,[]
2026-06-01,13:52:38.796182,[]
2026-06-01,13:52:38.829515,[]
2026-06-01,13:52:38.862848,[]
2026-06-01,13:52:38.896181,[]
2026-06-01,13:52:38.929514,[]
2026-06-01,13:52:38.962847,[]
2026-06-01,13:52:38.996180,[]
2026-06-01,13:52:39.029513,[]
2026-06-01,13:52:39.062846,[]
2026-06-01,13:52:39.096179,[]
2026-06-01,13:52:39.129512,[]
2026-06-01,13:52:39.162845,[]
2026-06-01,13:52:39.196178,[]
2026-06-01,13:52:39.229511,[]
2026-06-01,13:52:39.262844,[]
2026-06-01,13:52:39.296177,[]
2026-06-01,13:52:39.329510,[]
2026-06-01,13:52:39.362843,[]
2026-06-01,13:52:39.396176,[]
2026-06-01,13:52:39.429509,[]
2026-06-01,13:52:39.462842,[]
2026-06-01,13:52:39.496175,[]
2026-06-01,13:52:39.529508,[]
2026-06-01,13:52:39.562841,[]
2026-06-01,13:52:39.596174,[]
2026-06-01,13:52:39.629507,[]
2026-06-01,13:52:39.662840,[]
2026-06-01,13:52:39.696173,[]
2026-06-01,13:52:39.729506,[]
2026-06-01,13:52:39.762839,[]
2026-06-01,13:52:39.796172,[]
2026-06-01,13:52:39.829505,[]
2026-06-01,13:52:39.862838,[]
2026-06-01,13:52:39.896171,[]
2026-06-01,13:52:39.929504,[]
2026-06-01,13:52:39.962837,[]
2026-06-01,13:52:39.996170,[]
2026-06-01,13:52:40.029503,[]
2026-06-01,13:52:40.062836,[]
2026-06-01,13:52:40.096169,[]
2026-06-01,13:52:40.129502,[]
2026-06-01,13:52:40.162835,[]
2026-06-01,13:52:40.196168,[]
2026-06-01,13:52:40.229501,[]
2026-06-01,13:52:40.262834,[]
2026-06-01,13:52:40.296167,[]
2026-06-01,13:52:40.329500,[]
2026-06-01,13:52:40.362833,[]
2026-06-01,13:52:40.396166,[]
2026-06-01,13:52:40.429499,[]
2026-06-01,13:52:40.462832,[]
2026-06-01,13:52:40.496165,[]
2026-06-01,13:52:40.529498,[]
2026-06-01,13:52:40.562831,[]
2026-06-01,13:52:40.596164,[]
2026-06-01,13:52:40.629497,[]
2026-06-01,13:52:40.662830,[]
2026-06-01,13:52:40.696163,[]
2026-06-01,13:52:40.729496,[]
2026-06-01,13:52:40.762829,[]
2026-06-01,13:52:40.796162,[]
2026-06-01,13:52:40.829495,[]
2026-06-01,13:52:40.862828,[]
2026-06-01,13:52:40.896161,[]
2026-06-01,13:52:40.929494,[]
2026-06-01,13:52:40.962827,[]
2026-06-01,13:52:40.996160,[]
2026-06-01,13:52:41.029493,[]
2026-06-01,13:52:41.062826,[]
2026-06-01,13:52:41.096159,[]
2026-06-01,13:52:41.129492,[]
2026-06-01,13:52:41.162825,[]
2026-06-01,13:52:41.196158,[]
2026-06-01,13:52:41.229491,[]
2026-06-01,13:52:41.262824,[]
2026-06-01,13:52:41.296157,[]
2026-06-01,13:52:41.329490,[]
2026-06-01,13:52:41.362823,[]
2026-06-01,13:52:41.396156,[]
2026-06-01,13:52:41.429489,[]
2026-06-01,13:52:41.462822,[]
2026-06-01,13:52:41.496155,[]
2026-06-01,13:52:41.529488,[]
2026-06-01,13:52:41.562821,[]
2026-06-01,13:52:41.596154,[]
2026-06-01,13:52:41.629487,[]
2026-06-01,13:52:41.662820,[]
2026-06-01,13:52:41.696153,[]
2026-06-01,13:52:41.729486,[]
2026-06-01,13:52:41.762819,[]
2026-06-01,13:52:41.796152,[]
2026-06-01,13:52:41.829485,[]
2026-06-01,13:52:41.862818,[]
2026-06-01,13:52:41.896151,[]
2026-06-01,13:52:41.929484,[]
2026-06-01,13:52:41.962817,[]
2026-06-01,13:52:41.996150,[]
2026-06-01,13:52:42.029483,[]
2026-06-01,13:52:42.062816,[]
2026-06-01,13:52:42.096149,[]
2026-06-01,13:52:42.129482,[]
2026-06-01,13:52:42.162815,[]
2026-06-01,13:52:42.196148,[]
2026-06-01,13:52:42.229481,[]
2026-06-01,13:52:42.262814,[]
2026-06-01,13:52:42.296147,[]
2026-06-01,13:52:42.329480,[]
2026-06-01,13:52:42.362813,[]
2026-06-01,13:52:42.396146,[]
2026-06-01,13:52:42.429479,[]
2026-06-01,13:52:42.462812,[]
2026-06-01,13:52:42.496145,[]
2026-06-01,13:52:42.529478,[]
2026-06-01,13:52:42.562811,[]
2026-06-01,13:52:42.596144,[]
2026-06-01,13:52:42.629477,[]
2026-06-01,13:52:42.662810,[]
2026-06-01,13:52:42.696143,[]
2026-06-01,13:52:42.729476,[]
2026-06-01,13:52:42.762809,[]
2026-06-01,13:52:42.796142,[]
2026-06-01,13:52:42.829475,[]
2026-06-01,13:52:42.862808,[]
2026-06-01,13:52:42.896141,[]
2026-06-01,13:52:42.929474,[]
2026-06-01,13:52:42.962807,[]
2026-06-01,13:52:42.996140,[]
2026-06-01,13:52:43.029473,[]
2026-06-01,13:52:43.062806,[]
2026-06-01,13:52:43.096139,[]
2026-06-01,13:52:43.129472,[]
2026-06-01,13:52:43.162805,[]
2026-06-01,13:52:43.196138,[]
2026-06-01,13:52:43.229471,[]
2026-06-01,13:52:43.262804,[]
2026-06-01,13:52:43.296137,[]
2026-06-01,13:52:43.329470,[]
2026-06-01,13:52:43.362803,[]
2026-06-01,13:52:43.396136,[]
2026-06-01,13:52:43.429469,[]
2026-06-01,13:52:43.462802,[]
2026-06-01,13:52:43.496135,[]
2026-06-01,13:52:43.529468,[]
2026-06-01,13:52:43.562801,[]
2026-06-01,13:52:43.596134,[]
2026-06-01,13:52:43.629467,[]
2026-06-01,13:52:43.662800,[]
2026-06-01,13:52:43.696133,[]
2026-06-01,13:52:43.729466,[]
2026-06-01,13:52:43.762799,[]
2026-06-01,13:52:43.796132,[]
2026-06-01,13:52:43.829465,[]
2026-06-01,13:52:43.862798,[]
2026-06-01,13:52:43.896131,[]
2026-06-01,13:52:43.929464,[]
2026-06-01,13:52:43.962797,[]
2026-06-01,13:52:43.996130,[]
2026-06-01,13:52:44.029463,[]
2026-06-01,13:52:44.062796,[]
2026-06-01,13:52:44.096129,[]
2026-06-01,13:52:44.129462,[]
2026-06-01,13:52:44.162795,[]
2026-06-01,13:52:44.196128,[]
2026-06-01,13:52:44.229461,[]
2026-06-01,13:52:44.262794,[]
2026-06-01,13:52:44.296127,[]
2026-06-01,13:52:44.329460,[]
2026-06-01,13:52:44.362793,[]
2026-06-01,13:52:44.396126,[]
2026-06-01,13:52:44.429459,[]
2026-06-01,13:52:44.462792,[]
2026-06-01,13:52:44.496125,[]
2026-06-01,13:52:44.529458,[]
2026-06-01,13:52:44.562791,[]
2026-06-01,13:52:44.596124,[]
2026-06-01,13:52:44.629457,[]
2026-06-01,13:52:44.662790,[]
2026-06-01,13:52:44.696123,[]
2026-06-01,13:52:44.729456,[]
2026-06-01,13:52:44.762789,[]
2026-06-01,13:52:44.796122,[]
2026-06-01,13:52:44.829455,[]
2026-06-01,13:52:44.862788,[]
2026-06-01,13:52:44.896121,[]
2026-06-01,13:52:44.929454,[]
2026-06-01,13:52:44.962787,[]
2026-06-01,13:52:44.996120,[]
2026-06-01,13:52:45.029453,[]
2026-06-01,13:52:45.062786,[]
2026-06-01,13:52:45.096119,[]
2026-06-01,13:52:45.129452,[]
2026-06-01,13:52:45.162785,[]
2026-06-01,13:52:45.196118,[]
2026-06-01,13:52:45.229451,[]
2026-06-01,13:52:45.262784,[]
2026-06-01,13:52:45.296117,[]
2026-06-01,13:52:45.329450,[]
2026-06-01,13:52:45.362783,[]
2026-06-01,13:52:45.396116,[]
2026-06-01,13:52:45.429449,[]
2026-06-01,13:52:45.462782,[]
2026-06-01,13:52:45.496115,[]
2026-06-01,13:52:45.529448,[]
2026-06-01,13:52:45.562781,[]
2026-06-01,13:52:45.596114,[]
2026-06-01,13:52:45.629447,[]
2026-06-01,13:52:45.662780,[]
2026-06-01,13:52:45.696113,[]
2026-06-01,13:52:45.729446,[]
2026-06-01,13:52:45.762779,[]
2026-06-01,13:52:45.796112,[]
2026-06-01,13:52:45.829445,[]
2026-06-01,13:52:45.862778,[]
2026-06-01,13:52:45.896111,[]
2026-06-01,13:52:45.929444,[]
2026-06-01,13:52:45.962777,[]
2026-06-01,13:52:45.996110,[]
2026-06-01,13:52:46.029443,[]
2026-06-01,13:52:46.062776,[]
2026-06-01,13:52:46.096109,[]
2026-06-01,13:52:46.129442,[]
2026-06-01,13:52:46.162775,[]
2026-06-01,13:52:46.196108,[]
2026-06-01,13:52:46.229441,[]
2026-06-01,13:52:46.262774,[]
2026-06-01,13:52:46.296107,[]
2026-06-01,13:52:46.329440,[]
2026-06-01,13:52:46.362773,[]
2026-06-01,13:52:46.396106,[]
2026-06-01,13:52:46.429439,[]
2026-06-01,13:52:46.462772,[]
2026-06-01,13:52:46.496105,[]
2026-06-01,13:52:46.529438,[]
2026-06-01,13:52:46.562771,[]
2026-06-01,13:52:46.596104,[]
2026-06-01,13:52:46.629437,[]
2026-06-01,13:52:46.662770,[]
2026-06-01,13:52:46.696103,[]
2026-06-01,13:52:46.729436,[]
2026-06-01,13:52:46.762769,[]
2026-06-01,13:52:46.796102,[]
2026-06-01,13:52:46.829435,[]
2026-06-01,13:52:46.862768,[]
2026-06-01,13:52:46.896101,[]
2026-06-01,13:52:46.929434,[]
2026-06-01,13:52:46.962767,[]
2026-06-01,13:52:46.996100,[]
2026-06-01,13:52:47.029433,[]
2026-06-01,13:52:47.062766,[]
2026-06-01,13:52:47.096099,[]
2026-06-01,13:52:47.129432,[]
2026-06-01,13:52:47.162765,[]
2026-06-01,13:52:47.196098,[]
2026-06-01,13:52:47.229431,[]
2026-06-01,13:52:47.262764,[]
2026-06-01,13:52:47.296097,[]
2026-06-01,13:52:47.329430,[]
2026-06-01,13:52:47.362763,[]
2026-06-01,13:52:47.396096,[]
2026-06-01,13:52:47.429429,[]
2026-06-01,13:52:47.462762,[]
2026-06-01,13:52:47.496095,[]
2026-06-01,13:52:47.529428,[]
2026-06-01,13:52:47.562761,[]
2026-06-01,13:52:47.596094,[]
2026-06-01,13:52:47.629427,[]
2026-06-01,13:52:47.662760,[]
2026-06-01,13:52:47.696093,[]
2026-06-01,13:52:47.729426,[]
2026-06-01,13:52:47.762759,[]
2026-06-01,13:52:47.796092,[]
2026-06-01,13:52:47.829425,[]
2026-06-01,13:52:47.862758,[]
2026-06-01,13:52:47.896091,[]
2026-06-01,13:52:47.929424,[]
2026-06-01,13:52:47.962757,[]
2026-06-01,13:52:47.996090,[]
2026-06-01,13:52:48.029423,[]
2026-06-01,13:52:48.062756,[]
2026-06-01,13:52:48.096089,[]
2026-06-01,13:52:48.129422,[]
2026-06-01,13:52:48.162755,[]
2026-06-01,13:52:48.196088,[]
2026-06-01,13:52:48.229421,[]
2026-06-01,13:52:48.262754,[]
2026-06-01,13:52:48.296087,[]
2026-06-01,13:52:48.329420,[]
2026-06-01,13:52:48.362753,[]
2026-06-01,13:52:48.396086,[]
2026-06-01,13:52:48.429419,[]
2026-06-01,13:52:48.462752,[]
2026-06-01,13:52:48.496085,[]
2026-06-01,13:52:48.529418,[]
2026-06-01,13:52:48.562751,[]
2026-06-01,13:52:48.596084,[]
2026-06-01,13:52:48.629417,[]
2026-06-01,13:52:48.662750,[]
2026-06-01,13:52:48.696083,[]
2026-06-01,13:52:48.729416,[]
2026-06-01,13:52:48.762749,[]
2026-06-01,13:52:48.796082,[]
2026-06-01,13:52:48.829415,[]
2026-06-01,13:52:48.862748,[]
2026-06-01,13:52:48.896081,[]
2026-06-01,13:52:48.929414,[]
2026-06-01,13:52:48.962747,[]
2026-06-01,13:52:48.996080,[]
2026-06-01,13:52:49.029413,[]
2026-06-01,13:52:49.062746,[]
2026-06-01,13:52:49.096079,[]
2026-06-01,13:52:49.129412,[]
2026-06-01,13:52:49.162745,[]
2026-06-01,13:52:49.196078,[]
2026-06-01,13:52:49.229411,[]
2026-06-01,13:52:49.262744,[]
2026-06-01,13:52:49.296077,[]
2026-06-01,13:52:49.329410,[]
2026-06-01,13:52:49.362743,[]
2026-06-01,13:52:49.396076,[]
2026-06-01,13:52:49.429409,[]
2026-06-01,13:52:49.462742,[]
2026-06-01,13:52:49.496075,[]
2026-06-01,13:52:49.529408,[]
2026-06-01,13:52:49.562741,[]
2026-06-01,13:52:49.596074,[]
2026-06-01,13:52:49.629407,[]
2026-06-01,13:52:49.662740,[]
2026-06-01,13:52:49.696073,[]
2026-06-01,13:52:49.729406,[]
2026-06-01,13:52:49.762739,[]
2026-06-01,13:52:49.796072,[]
2026-06-01,13:52:49.829405,[]
2026-06-01,13:52:49.862738,[]
2026-06-01,13:52:49.896071,[]
2026-06-01,13:52:49.929404,[]
2026-06-01,13:52:49.962737,[]
2026-06-01,13:52:49.996070,[]
2026-06-01,13:52:50.029403,[]
2026-06-01,13:52:50.062736,[]
2026-06-01,13:52:50.096069,[]
2026-06-01,13:52:50.129402,[]
2026-06-01,13:52:50.162735,[]
2026-06-01,13:52:50.196068,[]
2026-06-01,13:52:50.229401,[]
2026-06-01,13:52:50.262734,[]
2026-06-01,13:52:50.296067,[]
2026-06-01,13:52:50.329400,[]
2026-06-01,13:52:50.362733,[]
2026-06-01,13:52:50.396066,[]
2026-06-01,13:52:50.429399,[]
2026-06-01,13:52:50.462732,[]
2026-06-01,13:52:50.496065,[]
2026-06-01,13:52:50.529398,[]
2026-06-01,13:52:50.562731,[]
2026-06-01,13:52:50.596064,[]
2026-06-01,13:52:50.629397,[]
2026-06-01,13:52:50.662730,[]
2026-06-01,13:52:50.696063,[]
2026-06-01,13:52:50.729396,[]
2026-06-01,13:52:50.762729,[]
2026-06-01,13:52:50.796062,[]
2026-06-01,13:52:50.829395,[]
2026-06-01,13:52:50.862728,[]
2026-06-01,13:52:50.896061,[]
2026-06-01,13:52:50.929394,[]
2026-06-01,13:52:50.962727,[]
2026-06-01,13:52:50.996060,[]
2026-06-01,13:52:51.029393,[]
2026-06-01,13:52:51.062726,[]
2026-06-01,13:52:51.096059,[]
2026-06-01,13:52:51.129392,[]
2026-06-01,13:52:51.162725,[]
2026-06-01,13:52:51.196058,[]
2026-06-01,13:52:51.229391,[]
2026-06-01,13:52:51.262724,[]
2026-06-01,13:52:51.296057,[]
2026-06-01,13:52:51.329390,[]
2026-06-01,13:52:51.362723,[]
2026-06-01,13:52:51.396056,[]
2026-06-01,13:52:51.429389,[]
2026-06-01,13:52:51.462722,[]
2026-06-01,13:52:51.496055,[]
2026-06-01,13:52:51.529388,[]
2026-06-01,13:52:51.562721,[]
2026-06-01,13:52:51.596054,[]
2026-06-01,13:52:51.629387,[]
2026-06-01,13:52:51.662720,[]
2026-06-01,13:52:51.696053,[]
2026-06-01,13:52:51.729386,[]
2026-06-01,13:52:51.762719,[]
2026-06-01,13:52:51.796052,[]
2026-06-01,13:52:51.829385,[]
2026-06-01,13:52:51.862718,[]
2026-06-01,13:52:51.896051,[]
2026-06-01,13:52:51.929384,[]
2026-06-01,13:52:51.962717,[]
2026-06-01,13:52:51.996050,[]
2026-06-01,13:52:52.029383,[]
2026-06-01,13:52:52.062716,[]
2026-06-01,13:52:52.096049,[]
2026-06-01,13:52:52.129382,[]
2026-06-01,13:52:52.162715,[]
2026-06-01,13:52:52.196048,[]
2026-06-01,13:52:52.229381,[]
2026-06-01,13:52:52.262714,[]
2026-06-01,13:52:52.296047,[]
2026-06-01,13:52:52.329380,[]
2026-06-01,13:52:52.362713,[]
2026-06-01,13:52:52.396046,[]
2026-06-01,13:52:52.429379,[]
2026-06-01,13:52:52.462712,[]
2026-06-01,13:52:52.496045,[]
2026-06-01,13:52:52.529378,[]
2026-06-01,13:52:52.562711,[]
2026-06-01,13:52:52.596044,[]
2026-06-01,13:52:52.629377,[]
2026-06-01,13:52:52.662710,[]
2026-06-01,13:52:52.696043,[]
2026-06-01,13:52:52.729376,[]
2026-06-01,13:52:52.762709,[]
2026-06-01,13:52:52.796042,[]
2026-06-01,13:52:52.829375,[]
2026-06-01,13:52:52.862708,[]
2026-06-01,13:52:52.896041,[]
2026-06-01,13:52:52.929374,[]
2026-06-01,13:52:52.962707,[]
2026-06-01,13:52:52.996040,[]
2026-06-01,13:52:53.029373,[]
2026-06-01,13:52:53.062706,[]
2026-06-01,13:52:53.096039,[]
2026-06-01,13:52:53.129372,[]
2026-06-01,13:52:53.162705,[]
2026-06-01,13:52:53.196038,[]
2026-06-01,13:52:53.229371,[]
2026-06-01,13:52:53.262704,[]
2026-06-01,13:52:53.296037,[]
2026-06-01,13:52:53.329370,[]
2026-06-01,13:52:53.362703,[]
2026-06-01,13:52:53.396036,[]
2026-06-01,13:52:53.429369,[]
2026-06-01,13:52:53.462702,[]
2026-06-01,13:52:53.496035,[]
2026-06-01,13:52:53.529368,[]
2026-06-01,13:52:53.562701,[]
2026-06-01,13:52:53.596034,[]
2026-06-01,13:52:53.629367,[]
2026-06-01,13:52:53.662700,[]
2026-06-01,13:52:53.696033,[]
2026-06-01,13:52:53.729366,[]
2026-06-01,13:52:53.762699,[]
2026-06-01,13:52:53.796032,[]
2026-06-01,13:52:53.829365,[]
2026-06-01,13:52:53.862698,[]
2026-06-01,13:52:53.896031,[]
2026-06-01,13:52:53.929364,[]
2026-06-01,13:52:53.962697,[]
2026-06-01,13:52:53.996030,[]
2026-06-01,13:52:54.029363,[]
2026-06-01,13:52:54.062696,[]
2026-06-01,13:52:54.096029,[]
2026-06-01,13:52:54.129362,[]
2026-06-01,13:52:54.162695,[]
2026-06-01,13:52:54.196028,[]
2026-06-01,13:52:54.229361,[]
2026-06-01,13:52:54.262694,[]
2026-06-01,13:52:54.296027,[]
2026-06-01,13:52:54.329360,[]
2026-06-01,13:52:54.362693,[]
2026-06-01,13:52:54.396026,[]
2026-06-01,13:52:54.429359,[]
2026-06-01,13:52:54.462692,[]
2026-06-01,13:52:54.496025,[]
2026-06-01,13:52:54.529358,[]
2026-06-01,13:52:54.562691,[]
2026-06-01,13:52:54.596024,[]
2026-06-01,13:52:54.629357,[]
2026-06-01,13:52:54.662690,[]
2026-06-01,13:52:54.696023,[]
2026-06-01,13:52:54.729356,[]
2026-06-01,13:52:54.762689,[]
2026-06-01,13:52:54.796022,[]
2026-06-01,13:52:54.829355,[]
2026-06-01,13:52:54.862688,[]
2026-06-01,13:52:54.896021,[]
2026-06-01,13:52:54.929354,[]
2026-06-01,13:52:54.962687,[]
2026-06-01,13:52:54.996020,[]
2026-06-01,13:52:55.029353,[]
2026-06-01,13:52:55.062686,[]
2026-06-01,13:52:55.096019,[]
2026-06-01,13:52:55.129352,[]
2026-06-01,13:52:55.162685,[]
2026-06-01,13:52:55.196018,[]
2026-06-01,13:52:55.229351,[]
2026-06-01,13:52:55.262684,[]
2026-06-01,13:52:55.296017,[]
2026-06-01,13:52:55.329350,[]
2026-06-01,13:52:55.362683,[]
2026-06-01,13:52:55.396016,[]
2026-06-01,13:52:55.429349,[]
2026-06-01,13:52:55.462682,[]
2026-06-01,13:52:55.496015,[]
2026-06-01,13:52:55.529348,[]
2026-06-01,13:52:55.562681,[]
2026-06-01,13:52:55.596014,[]
2026-06-01,13:52:55.629347,[]
2026-06-01,13:52:55.662680,[]
2026-06-01,13:52:55.696013,[]
2026-06-01,13:52:55.729346,[]
2026-06-01,13:52:55.762679,[]
2026-06-01,13:52:55.796012,[]
2026-06-01,13:52:55.829345,[]
2026-06-01,13:52:55.862678,[]
2026-06-01,13:52:55.896011,[]
2026-06-01,13:52:55.929344,[]
2026-06-01,13:52:55.962677,[]
2026-06-01,13:52:55.996010,[]
2026-06-01,13:52:56.029343,[]
2026-06-01,13:52:56.062676,[]
2026-06-01,13:52:56.096009,[]
2026-06-01,13:52:56.129342,[]
2026-06-01,13:52:56.162675,[]
2026-06-01,13:52:56.196008,[]
2026-06-01,13:52:56.229341,[]
2026-06-01,13:52:56.262674,[]
2026-06-01,13:52:56.296007,[]
2026-06-01,13:52:56.329340,[]
2026-06-01,13:52:56.362673,[]
2026-06-01,13:52:56.396006,[]
2026-06-01,13:52:56.429339,[]
2026-06-01,13:52:56.462672,[]
2026-06-01,13:52:56.496005,[]
2026-06-01,13:52:56.529338,[]
2026-06-01,13:52:56.562671,[]
2026-06-01,13:52:56.596004,[]
2026-06-01,13:52:56.629337,[]
2026-06-01,13:52:56.662670,[]
2026-06-01,13:52:56.696003,[]
2026-06-01,13:52:56.729336,[]
2026-06-01,13:52:56.762669,[]
2026-06-01,13:52:56.796002,[]
2026-06-01,13:52:56.829335,[]
2026-06-01,13:52:56.862668,[]
2026-06-01,13:52:56.896001,[]
2026-06-01,13:52:56.929334,[]
2026-06-01,13:52:56.962667,[]
2026-06-01,13:52:56.996000,[]
2026-06-01,13:52:57.029333,[]
2026-06-01,13:52:57.062666,[]
2026-06-01,13:52:57.095999,[]
2026-06-01,13:52:57.129332,[]
2026-06-01,13:52:57.162665,[]
2026-06-01,13:52:57.195998,[]
2026-06-01,13:52:57.229331,[]
2026-06-01,13:52:57.262664,[]
2026-06-01,13:52:57.295997,[]
2026-06-01,13:52:57.329330,[]
2026-06-01,13:52:57.362663,[]
2026-06-01,13:52:57.395996,[]
2026-06-01,13:52:57.429329,[]
2026-06-01,13:52:57.462662,[]
2026-06-01,13:52:57.495995,[]
2026-06-01,13:52:57.529328,[]
2026-06-01,13:52:57.562661,[]
2026-06-01,13:52:57.595994,[]
2026-06-01,13:52:57.629327,[]
2026-06-01,13:52:57.662660,[]
2026-06-01,13:52:57.695993,[]
2026-06-01,13:52:57.729326,[]
2026-06-01,13:52:57.762659,[]
2026-06-01,13:52:57.795992,[]
2026-06-01,13:52:57.829325,[]
2026-06-01,13:52:57.862658,[]
2026-06-01,13:52:57.895991,[]
2026-06-01,13:52:57.929324,[]
2026-06-01,13:52:57.962657,[]
2026-06-01,13:52:57.995990,[]
2026-06-01,13:52:58.029323,[]
2026-06-01,13:52:58.062656,[]
2026-06-01,13:52:58.095989,[]
2026-06-01,13:52:58.129322,[]
2026-06-01,13:52:58.162655,[]
2026-06-01,13:52:58.195988,[]
2026-06-01,13:52:58.229321,[]
2026-06-01,13:52:58.262654,[]
2026-06-01,13:52:58.295987,[]
2026-06-01,13:52:58.329320,[]
2026-06-01,13:52:58.362653,[]
2026-06-01,13:52:58.395986,[]
2026-06-01,13:52:58.429319,[]
2026-06-01,13:52:58.462652,[]
2026-06-01,13:52:58.495985,[]
2026-06-01,13:52:58.529318,[]
2026-06-01,13:52:58.562651,[]
2026-06-01,13:52:58.595984,[]
2026-06-01,13:52:58.629317,[]
2026-06-01,13:52:58.662650,[]
2026-06-01,13:52:58.695983,[]
2026-06-01,13:52:58.729316,[]
2026-06-01,13:52:58.762649,[]
2026-06-01,13:52:58.795982,[]
2026-06-01,13:52:58.829315,[]
2026-06-01,13:52:58.862648,[]
2026-06-01,13:52:58.895981,[]
2026-06-01,13:52:58.929314,[]
2026-06-01,13:52:58.962647,[]
2026-06-01,13:52:58.995980,[]
2026-06-01,13:52:59.029313,[]
2026-06-01,13:52:59.062646,[]
2026-06-01,13:52:59.095979,[]
