Date,Time,plates
2026-06-01,13:46:17,[]
2026-06-01,13:46:17.033367,[]
2026-06-01,13:46:17.066734,[]
2026-06-01,13:46:17.100101,[]
2026-06-01,13:46:17.133468,[]
2026-06-01,13:46:17.166835,[]
2026-06-01,13:46:17.200202,[]
2026-06-01,13:46:17.233569,[]
2026-06-01,13:46:17.266936,[]
2026-06-01,13:46:17.300303,[]
2026-06-01,13:46:17.333670,[]
2026-06-01,13:46:17.367037,[]
2026-06-01,13:46:17.400404,[]
2026-06-01,13:46:17.433771,[]
2026-06-01,13:46:17.467138,[]
2026-06-01,13:46:17.500505,[]
2026-06-01,13:46:17.533872,[]
2026-06-01,13:46:17.567239,[]
2026-06-01,13:46:17.600606,[]
2026-06-01,13:46:17.633973,[]
2026-06-01,13:46:17.667340,[]
2026-06-01,13:46:17.700707,[]
2026-06-01,13:46:17.734074,[]
2026-06-01,13:46:17.767441,[]
2026-06-01,13:46:17.800808,[]
2026-06-01,13:46:17.834175,[]
2026-06-01,13:46:17.867542,[]
2026-06-01,13:46:17.900909,[]
2026-06-01,13:46:17.934276,[]
2026-06-01,13:46:17.967643,[]
2026-06-01,13:46:18.001010,[]
2026-06-01,13:46:18.034377,[]
2026-06-01,13:46:18.067744,[]
2026-06-01,13:46:18.101111,[]
2026-06-01,13:46:18.134478,[]
2026-06-01,13:46:18.167845,[]
2026-06-01,13:46:18.201212,[]
2026-06-01,13:46:18.234579,[]
2026-06-01,13:46:18.267946,[]
2026-06-01,13:46:18.301313,[]
2026-06-01,13:46:18.334680,[]
2026-06-01,13:46:18.368047,[]
2026-06-01,13:46:18.401414,[]
2026-06-01,13:46:18.434781,[]
2026-06-01,13:46:18.468148,[]
2026-06-01,13:46:18.501515,[]
2026-06-01,13:46:18.534882,[]
2026-06-01,13:46:18.568249,[]
2026-06-01,13:46:18.601616,[]
2026-06-01,13:46:18.634983,[]
2026-06-01,13:46:18.668350,[]
2026-06-01,13:46:18.701717,[]
2026-06-01,13:46:18.735084,[]
2026-06-01,13:46:18.768451,[]
2026-06-01,13:46:18.801818,[]
2026-06-01,13:46:18.835185,[]
2026-06-01,13:46:18.868552,[]
2026-06-01,13:46:18.901919,[]
2026-06-01,13:46:18.935286,[]
2026-06-01,13:46:18.968653,[]
2026-06-01,13:46:19.002020,[]
2026-06-01,13:46:19.035387,[]
2026-06-01,13:46:19.068754,[]
2026-06-01,13:46:19.102121,[]
2026-06-01,13:46:19.135488,[]
2026-06-01,13:46:19.168855,[]
2026-06-01,13:46:19.202222,[]
2026-06-01,13:46:19.235589,[]
2026-06-01,13:46:19.268956,[]
2026-06-01,13:46:19.302323,[]
2026-06-01,13:46:19.335690,[]
2026-06-01,13:46:19.369057,[]
2026-06-01,13:46:19.402424,[]
2026-06-01,13:46:19.435791,[]
2026-06-01,13:46:19.469158,[]
2026-06-01,13:46:19.502525,[]
2026-06-01,13:46:19.535892,[]
2026-06-01,13:46:19.569259,[]
2026-06-01,13:46:19.602626,[]
2026-06-01,13:46:19.635993,[]
2026-06-01,13:46:19.669360,[]
2026-06-01,13:46:19.702727,[]
2026-06-01,13:46:19.736094,[]
2026-06-01,13:46:19.769461,[]
2026-06-01,13:46:19.802828,[]
2026-06-01,13:46:19.836195,[]
2026-06-01,13:46:19.869562,[]
2026-06-01,13:46:19.902929,[]
2026-06-01,13:46:19.936296,[]
2026-06-01,13:46:19.969663,[]
2026-06-01,13:46:20.003030,[]
2026-06-01,13:46:20.036397,[]
2026-06-01,13:46:20.069764,[]
2026-06-01,13:46:20.103131,[]
2026-06-01,13:46:20.136498,[]
2026-06-01,13:46:20.169865,[]
2026-06-01,13:46:20.203232,[]
2026-06-01,13:46:20.236599,[]
2026-06-01,13:46:20.269966,[]
2026-06-01,13:46:20.303333,[]
2026-06-01,13:46:20.336700,[]
2026-06-01,13:46:20.370067,[]
2026-06-01,13:46:20.403434,[]
2026-06-01,13:46:20.436801,[]
2026-06-01,13:46:20.470168,[]
2026-06-01,13:46:20.503535,[]
2026-06-01,13:46:20.536902,[]
2026-06-01,13:46:20.570269,[]
2026-06-01,13:46:20.603636,[]
2026-06-01,13:46:20.637003,[]
2026-06-01,13:46:20.670370,[]
2026-06-01,13:46:20.703737,[]
2026-06-01,13:46:20.737104,[]
2026-06-01,13:46:20.770471,[]
2026-06-01,13:46:20.803838,[]
2026-06-01,13:46:20.837205,[]
2026-06-01,13:46:20.870572,[]
2026-06-01,13:46:20.903939,[]
2026-06-01,13:46:20.937306,[]
2026-06-01,13:46:20.970673,[]
2026-06-01,13:46:21.004040,[]
2026-06-01,13:46:21.037407,[]
2026-06-01,13:46:21.070774,[]
2026-06-01,13:46:21.104141,[]
2026-06-01,13:46:21.137508,[]
2026-06-01,13:46:21.170875,[]
2026-06-01,13:46:21.204242,[]
2026-06-01,13:46:21.237609,[]
2026-06-01,13:46:21.270976,[]
2026-06-01,13:46:21.304343,[]
2026-06-01,13:46:21.337710,[]
2026-06-01,13:46:21.371077,[]
2026-06-01,13:46:21.404444,[]
2026-06-01,13:46:21.437811,[]
2026-06-01,13:46:21.471178,[]
2026-06-01,13:46:21.504545,[]
2026-06-01,13:46:21.537912,[]
2026-06-01,13:46:21.571279,[]
2026-06-01,13:46:21.604646,[]
2026-06-01,13:46:21.638013,[]
2026-06-01,13:46:21.671380,[]
2026-06-01,13:46:21.704747,[]
2026-06-01,13:46:21.738114,[]
2026-06-01,13:46:21.771481,[]
2026-06-01,13:46:21.804848,[]
2026-06-01,13:46:21.838215,[]
2026-06-01,13:46:21.871582,[]
2026-06-01,13:46:21.904949,[]
2026-06-01,13:46:21.938316,[]
2026-06-01,13:46:21.971683,[]
2026-06-01,13:46:22.005050,[]
2026-06-01,13:46:22.038417,[]
2026-06-01,13:46:22.071784,[]
2026-06-01,13:46:22.105151,[]
2026-06-01,13:46:22.138518,[]
2026-06-01,13:46:22.171885,[]
2026-06-01,13:46:22.205252,[]
2026-06-01,13:46:22.238619,[]
2026-06-01,13:46:22.271986,[]
2026-06-01,13:46:22.305353,[]
2026-06-01,13:46:22.338720,[]
2026-06-01,13:46:22.372087,[]
2026-06-01,13:46:22.405454,[]
2026-06-01,13:46:22.438821,[]
2026-06-01,13:46:22.472188,[]
2026-06-01,13:46:22.505555,[]
2026-06-01,13:46:22.538922,[]
2026-06-01,13:46:22.572289,[]
2026-06-01,13:46:22.605656,[]
2026-06-01,13:46:22.639023,[]
2026-06-01,13:46:22.672390,[]
2026-06-01,13:46:22.705757,[]
2026-06-01,13:46:22.739124,[]
2026-06-01,13:46:22.772491,[]
2026-06-01,13:46:22.805858,[]
2026-06-01,13:46:22.839225,[]
2026-06-01,13:46:22.872592,[]
2026-06-01,13:46:22.905959,[]
2026-06-01,13:46:22.939326,[]
2026-06-01,13:46:22.972693,[]
2026-06-01,13:46:23.006060,[]
2026-06-01,13:46:23.039427,[]
2026-06-01,13:46:23.072794,[]
2026-06-01,13:46:23.106161,[]
2026-06-01,13:46:23.139528,[]
2026-06-01,13:46:23.172895,[]
2026-06-01,13:46:23.206262,[]
2026-06-01,13:46:23.239629,[]
2026-06-01,13:46:23.272996,[]
2026-06-01,13:46:23.306363,[]
2026-06-01,13:46:23.339730,[]
2026-06-01,13:46:23.373097,[]
2026-06-01,13:46:23.406464,[]
2026-06-01,13:46:23.439831,[]
2026-06-01,13:46:23.473198,[]
2026-06-01,13:46:23.506565,[]
2026-06-01,13:46:23.539932,[]
2026-06-01,13:46:23.573299,[]
2026-06-01,13:46:23.606666,[]
2026-06-01,13:46:23.640033,[]
2026-06-01,13:46:23.673400,[]
2026-06-01,13:46:23.706767,[]
2026-06-01,13:46:23.740134,[]
2026-06-01,13:46:23.773501,[]
2026-06-01,13:46:23.806868,[]
2026-06-01,13:46:23.840235,[]
2026-06-01,13:46:23.873602,[]
2026-06-01,13:46:23.906969,[]
2026-06-01,13:46:23.940336,[]
2026-06-01,13:46:23.973703,[]
2026-06-01,13:46:24.007070,[]
2026-06-01,13:46:24.040437,[]
2026-06-01,13:46:24.073804,[]
2026-06-01,13:46:24.107171,[]
2026-06-01,13:46:24.140538,[]
2026-06-01,13:46:24.173905,[]
2026-06-01,13:46:24.207272,[]
2026-06-01,13:46:24.240639,[]
2026-06-01,13:46:24.274006,[]
2026-06-01,13:46:24.307373,[]
2026-06-01,13:46:24.340740,[]
2026-06-01,13:46:24.374107,[]
2026-06-01,13:46:24.407474,[]
2026-06-01,13:46:24.440841,[]
2026-06-01,13:46:24.474208,[]
2026-06-01,13:46:24.507575,[]
2026-06-01,13:46:24.540942,[]
2026-06-01,13:46:24.574309,[]
2026-06-01,13:46:24.607676,[]
2026-06-01,13:46:24.641043,[]
2026-06-01,13:46:24.674410,[]
2026-06-01,13:46:24.707777,[]
2026-06-01,13:46:24.741144,[]
2026-06-01,13:46:24.774511,[]
2026-06-01,13:46:24.807878,[]
2026-06-01,13:46:24.841245,[]
2026-06-01,13:46:24.874612,[]
2026-06-01,13:46:24.907979,[]
2026-06-01,13:46:24.941346,[]
2026-06-01,13:46:24.974713,[]
2026-06-01,13:46:25.008080,[]
2026-06-01,13:46:25.041447,[]
2026-06-01,13:46:25.074814,[]
2026-06-01,13:46:25.108181,[]
2026-06-01,13:46:25.141548,[]
2026-06-01,13:46:25.174915,[]
2026-06-01,13:46:25.208282,[]
2026-06-01,13:46:25.241649,[]
2026-06-01,13:46:25.275016,[]
2026-06-01,13:46:25.308383,[]
2026-06-01,13:46:25.341750,[]
2026-06-01,13:46:25.375117,[]
2026-06-01,13:46:25.408484,[]
2026-06-01,13:46:25.441851,[]
2026-06-01,13:46:25.475218,[]
2026-06-01,13:46:25.508585,[]
2026-06-01,13:46:25.541952,[]
2026-06-01,13:46:25.575319,[]
2026-06-01,13:46:25.608686,[]
2026-06-01,13:46:25.642053,[]
2026-06-01,13:46:25.675420,[]
2026-06-01,13:46:25.708787,[]
2026-06-01,13:46:25.742154,[]
2026-06-01,13:46:25.775521,[]
2026-06-01,13:46:25.808888,[]
2026-06-01,13:46:25.842255,[]
2026-06-01,13:46:25.875622,[]
2026-06-01,13:46:25.908989,[]
2026-06-01,13:46:25.942356,[]
2026-06-01,13:46:25.975723,[]
2026-06-01,13:46:26.009090,[]
2026-06-01,13:46:26.042457,[]
2026-06-01,13:46:26.075824,[]
2026-06-01,13:46:26.109191,[]
2026-06-01,13:46:26.142558,[]
2026-06-01,13:46:26.175925,[]
2026-06-01,13:46:26.209292,[]
2026-06-01,13:46:26.242659,[]
2026-06-01,13:46:26.276026,[]
2026-06-01,13:46:26.309393,[]
2026-06-01,13:46:26.342760,[]
2026-06-01,13:46:26.376127,[]
2026-06-01,13:46:26.409494,[]
2026-06-01,13:46:26.442861,[]
2026-06-01,13:46:26.476228,[]
2026-06-01,13:46:26.509595,[]
2026-06-01,13:46:26.542962,[]
2026-06-01,13:46:26.576329,[]
2026-06-01,13:46:26.609696,[]
2026-06-01,13:46:26.643063,[]
2026-06-01,13:46:26.676430,[]
2026-06-01,13:46:26.709797,[]
2026-06-01,13:46:26.743164,[]
2026-06-01,13:46:26.776531,[]
2026-06-01,13:46:26.809898,[]
2026-06-01,13:46:26.843265,[]
2026-06-01,13:46:26.876632,[]
2026-06-01,13:46:26.909999,[]
2026-06-01,13:46:26.943366,[]
2026-06-01,13:46:26.976733,[]
2026-06-01,13:46:27.010100,[]
2026-06-01,13:46:27.043467,[]
2026-06-01,13:46:27.076834,[]
2026-06-01,13:46:27.110201,[]
2026-06-01,13:46:27.143568,[]
2026-06-01,13:46:27.176935,[]
2026-06-01,13:46:27.210302,[]
2026-06-01,13:46:27.243669,[]
2026-06-01,13:46:27.277036,[]
2026-06-01,13:46:27.310403,[]
2026-06-01,13:46:27.343770,[]
2026-06-01,13:46:27.377137,[]
2026-06-01,13:46:27.410504,[]
2026-06-01,13:46:27.443871,[]
2026-06-01,13:46:27.477238,[]
2026-06-01,13:46:27.510605,[]
2026-06-01,13:46:27.543972,[]
2026-06-01,13:46:27.577339,[]
2026-06-01,13:46:27.610706,[]
2026-06-01,13:46:27.644073,[]
2026-06-01,13:46:27.677440,[]
2026-06-01,13:46:27.710807,[]
2026-06-01,13:46:27.744174,[]
2026-06-01,13:46:27.777541,[]
2026-06-01,13:46:27.810908,[]
2026-06-01,13:46:27.844275,[]
2026-06-01,13:46:27.877642,[]
2026-06-01,13:46:27.911009,[]
2026-06-01,13:46:27.944376,[]
2026-06-01,13:46:27.977743,[]
2026-06-01,13:46:28.011110,[]
2026-06-01,13:46:28.044477,[]
2026-06-01,13:46:28.077844,[]
2026-06-01,13:46:28.111211,[]
2026-06-01,13:46:28.144578,[]
2026-06-01,13:46:28.177945,[]
2026-06-01,13:46:28.211312,[]
2026-06-01,13:46:28.244679,[]
2026-06-01,13:46:28.278046,[]
2026-06-01,13:46:28.311413,[]
2026-06-01,13:46:28.344780,[]
2026-06-01,13:46:28.378147,[]
2026-06-01,13:46:28.411514,[]
2026-06-01,13:46:28.444881,[]
2026-06-01,13:46:28.478248,[]
2026-06-01,13:46:28.511615,[]
2026-06-01,13:46:28.544982,[]
2026-06-01,13:46:28.578349,[]
2026-06-01,13:46:28.611716,[]
2026-06-01,13:46:28.645083,[]
2026-06-01,13:46:28.678450,[]
2026-06-01,13:46:28.711817,[]
2026-06-01,13:46:28.745184,[]
2026-06-01,13:46:28.778551,[]
2026-06-01,13:46:28.811918,[]
2026-06-01,13:46:28.845285,[]
2026-06-01,13:46:28.878652,[]
2026-06-01,13:46:28.912019,[]
2026-06-01,13:46:28.945386,[]
2026-06-01,13:46:28.978753,[]
2026-06-01,13:46:29.012120,[]
2026-06-01,13:46:29.045487,[]
2026-06-01,13:46:29.078854,[]
2026-06-01,13:46:29.112221,[]
2026-06-01,13:46:29.145588,[]
2026-06-01,13:46:29.178955,[]
2026-06-01,13:46:29.212322,[]
2026-06-01,13:46:29.245689,[]
2026-06-01,13:46:29.279056,[]
2026-06-01,13:46:29.312423,[]
2026-06-01,13:46:29.345790,[]
2026-06-01,13:46:29.379157,[]
2026-06-01,13:46:29.412524,[]
2026-06-01,13:46:29.445891,[]
2026-06-01,13:46:29.479258,[]
2026-06-01,13:46:29.512625,[]
2026-06-01,13:46:29.545992,[]
2026-06-01,13:46:29.579359,[]
2026-06-01,13:46:29.612726,[]
2026-06-01,13:46:29.646093,[]
2026-06-01,13:46:29.679460,[]
2026-06-01,13:46:29.712827,[]
2026-06-01,13:46:29.746194,[]
2026-06-01,13:46:29.779561,[]
2026-06-01,13:46:29.812928,[]
2026-06-01,13:46:29.846295,[]
2026-06-01,13:46:29.879662,[]
2026-06-01,13:46:29.913029,[]
2026-06-01,13:46:29.946396,[]
2026-06-01,13:46:29.979763,[]
2026-06-01,13:46:30.013130,[]
2026-06-01,13:46:30.046497,[]
2026-06-01,13:46:30.079864,[]
2026-06-01,13:46:30.113231,[]
2026-06-01,13:46:30.146598,[]
2026-06-01,13:46:30.179965,[]
2026-06-01,13:46:30.213332,[]
2026-06-01,13:46:30.246699,[]
2026-06-01,13:46:30.280066,[]
2026-06-01,13:46:30.313433,[]
2026-06-01,13:46:30.346800,[]
2026-06-01,13:46:30.380167,[]
2026-06-01,13:46:30.413534,[]
2026-06-01,13:46:30.446901,[]
2026-06-01,13:46:30.480268,[]
2026-06-01,13:46:30.513635,[]
2026-06-01,13:46:30.547002,[]
2026-06-01,13:46:30.580369,[]
2026-06-01,13:46:30.613736,[]
2026-06-01,13:46:30.647103,[]
2026-06-01,13:46:30.680470,[]
2026-06-01,13:46:30.713837,[]
2026-06-01,13:46:30.747204,[]
2026-06-01,13:46:30.780571,[]
2026-06-01,13:46:30.813938,[]
2026-06-01,13:46:30.847305,[]
2026-06-01,13:46:30.880672,[]
2026-06-01,13:46:30.914039,[]
2026-06-01,13:46:30.947406,[]
2026-06-01,13:46:30.980773,[]
2026-06-01,13:46:31.014140,[]
2026-06-01,13:46:31.047507,[]
2026-06-01,13:46:31.080874,[]
2026-06-01,13:46:31.114241,[]
2026-06-01,13:46:31.147608,[]
2026-06-01,13:46:31.180975,[]
2026-06-01,13:46:31.214342,[]
2026-06-01,13:46:31.247709,[]
2026-06-01,13:46:31.281076,[]
2026-06-01,13:46:31.314443,[]
2026-06-01,13:46:31.347810,[]
2026-06-01,13:46:31.381177,[]
2026-06-01,13:46:31.414544,[]
2026-06-01,13:46:31.447911,[]
2026-06-01,13:46:31.481278,[]
2026-06-01,13:46:31.514645,[]
2026-06-01,13:46:31.548012,[]
2026-06-01,13:46:31.581379,[]
2026-06-01,13:46:31.614746,[]
2026-06-01,13:46:31.648113,[]
2026-06-01,13:46:31.681480,[]
2026-06-01,13:46:31.714847,[]
2026-06-01,13:46:31.748214,[]
2026-06-01,13:46:31.781581,[]
2026-06-01,13:46:31.814948,[]
2026-06-01,13:46:31.848315,[]
2026-06-01,13:46:31.881682,[]
2026-06-01,13:46:31.915049,[]
2026-06-01,13:46:31.948416,[]
2026-06-01,13:46:31.981783,[]
2026-06-01,13:46:32.015150,[]
2026-06-01,13:46:32.048517,[]
2026-06-01,13:46:32.081884,[]
2026-06-01,13:46:32.115251,[]
2026-06-01,13:46:32.148618,[]
2026-06-01,13:46:32.181985,[]
2026-06-01,13:46:32.215352,[]
2026-06-01,13:46:32.248719,[]
2026-06-01,13:46:32.282086,[]
2026-06-01,13:46:32.315453,[]
2026-06-01,13:46:32.348820,[]
2026-06-01,13:46:32.382187,[]
2026-06-01,13:46:32.415554,[]
2026-06-01,13:46:32.448921,[]
2026-06-01,13:46:32.482288,[]
2026-06-01,13:46:32.515655,[]
2026-06-01,13:46:32.549022,[]
2026-06-01,13:46:32.582389,[]
2026-06-01,13:46:32.615756,[]
2026-06-01,13:46:32.649123,[]
2026-06-01,13:46:32.682490,[]
2026-06-01,13:46:32.715857,[]
2026-06-01,13:46:32.749224,[]
2026-06-01,13:46:32.782591,[]
2026-06-01,13:46:32.815958,[]
2026-06-01,13:46:32.849325,[]
2026-06-01,13:46:32.882692,[]
2026-06-01,13:46:32.916059,[]
2026-06-01,13:46:32.949426,[]
2026-06-01,13:46:32.982793,[]
2026-06-01,13:46:33.016160,[]
2026-06-01,13:46:33.049527,[]
2026-06-01,13:46:33.082894,[]
2026-06-01,13:46:33.116261,[]
2026-06-01,13:46:33.149628,[]
2026-06-01,13:46:33.182995,[]
2026-06-01,13:46:33.216362,[]
2026-06-01,13:46:33.249729,[]
2026-06-01,13:46:33.283096,[]
2026-06-01,13:46:33.316463,[]
2026-06-01,13:46:33.349830,[]
2026-06-01,13:46:33.383197,[]
2026-06-01,13:46:33.416564,[]
2026-06-01,13:46:33.449931,[]
2026-06-01,13:46:33.483298,[]
2026-06-01,13:46:33.516665,[]
2026-06-01,13:46:33.550032,[]
2026-06-01,13:46:33.583399,[]
2026-06-01,13:46:33.616766,[]
2026-06-01,13:46:33.650133,[]
2026-06-01,13:46:33.683500,[]
2026-06-01,13:46:33.716867,[]
2026-06-01,13:46:33.750234,[]
2026-06-01,13:46:33.783601,[]
2026-06-01,13:46:33.816968,[]
2026-06-01,13:46:33.850335,[]
2026-06-01,13:46:33.883702,[]
2026-06-01,13:46:33.917069,[]
2026-06-01,13:46:33.950436,[]
2026-06-01,13:46:33.983803,[]
2026-06-01,13:46:34.017170,[]
2026-06-01,13:46:34.050537,[]
2026-06-01,13:46:34.083904,[]
2026-06-01,13:46:34.117271,[]
2026-06-01,13:46:34.150638,[]
2026-06-01,13:46:34.184005,[]
2026-06-01,13:46:34.217372,[]
2026-06-01,13:46:34.250739,[]
2026-06-01,13:46:34.284106,[]
2026-06-01,13:46:34.317473,[]
2026-06-01,13:46:34.350840,[]
2026-06-01,13:46:34.384207,[]
2026-06-01,13:46:34.417574,[]
2026-06-01,13:46:34.450941,[]
2026-06-01,13:46:34.484308,[]
2026-06-01,13:46:34.517675,[]
2026-06-01,13:46:34.551042,[]
2026-06-01,13:46:34.584409,[]
2026-06-01,13:46:34.617776,[]
2026-06-01,13:46:34.651143,[]
2026-06-01,13:46:34.684510,[]
2026-06-01,13:46:34.717877,[]
2026-06-01,13:46:34.751244,[]
2026-06-01,13:46:34.784611,[]
2026-06-01,13:46:34.817978,[]
2026-06-01,13:46:34.851345,[]
2026-06-01,13:46:34.884712,[]
2026-06-01,13:46:34.918079,[]
2026-06-01,13:46:34.951446,[]
2026-06-01,13:46:34.984813,[]
2026-06-01,13:46:35.018180,[]
2026-06-01,13:46:35.051547,[]
2026-06-01,13:46:35.084914,[]
2026-06-01,13:46:35.118281,[]
2026-06-01,13:46:35.151648,[]
2026-06-01,13:46:35.185015,[]
2026-06-01,13:46:35.218382,[]
2026-06-01,13:46:35.251749,[]
2026-06-01,13:46:35.285116,[]
2026-06-01,13:46:35.318483,[]
2026-06-01,13:46:35.351850,[]
2026-06-01,13:46:35.385217,[]
2026-06-01,13:46:35.418584,[]
2026-06-01,13:46:35.451951,[]
2026-06-01,13:46:35.485318,[]
2026-06-01,13:46:35.518685,[]
2026-06-01,13:46:35.552052,[]
2026-06-01,13:46:35.585419,[]
2026-06-01,13:46:35.618786,[]
2026-06-01,13:46:35.652153,[]
2026-06-01,13:46:35.685520,[]
2026-06-01,13:46:35.718887,[]
2026-06-01,13:46:35.752254,[]
2026-06-01,13:46:35.785621,[]
2026-06-01,13:46:35.818988,[]
2026-06-01,13:46:35.852355,[]
2026-06-01,13:46:35.885722,[]
2026-06-01,13:46:35.919089,[]
2026-06-01,13:46:35.952456,[]
2026-06-01,13:46:35.985823,[]
2026-06-01,13:46:36.019190,[]
2026-06-01,13:46:36.052557,[]
2026-06-01,13:46:36.085924,[]
2026-06-01,13:46:36.119291,[]
2026-06-01,13:46:36.152658,[]
2026-06-01,13:46:36.186025,[]
2026-06-01,13:46:36.219392,[]
2026-06-01,13:46:36.252759,[]
2026-06-01,13:46:36.286126,[]
2026-06-01,13:46:36.319493,[]
2026-06-01,13:46:36.352860,[]
2026-06-01,13:46:36.386227,[]
2026-06-01,13:46:36.419594,[]
2026-06-01,13:46:36.452961,[]
2026-06-01,13:46:36.486328,[]
2026-06-01,13:46:36.519695,[]
2026-06-01,13:46:36.553062,[]
2026-06-01,13:46:36.586429,[]
2026-06-01,13:46:36.619796,[]
2026-06-01,13:46:36.653163,[]
2026-06-01,13:46:36.686530,[]
2026-06-01,13:46:36.719897,[]
2026-06-01,13:46:36.753264,[]
2026-06-01,13:46:36.786631,[]
2026-06-01,13:46:36.819998,[]
2026-06-01,13:46:36.853365,[]
2026-06-01,13:46:36.886732,[]
2026-06-01,13:46:36.920099,[]
2026-06-01,13:46:36.953466,[]
2026-06-01,13:46:36.986833,[]
2026-06-01,13:46:37.020200,[]
2026-06-01,13:46:37.053567,[]
2026-06-01,13:46:37.086934,[]
2026-06-01,13:46:37.120301,[]
2026-06-01,13:46:37.153668,[]
2026-06-01,13:46:37.187035,[]
2026-06-01,13:46:37.220402,[]
2026-06-01,13:46:37.253769,[]
2026-06-01,13:46:37.287136,[]
2026-06-01,13:46:37.320503,[]
2026-06-01,13:46:37.353870,[]
2026-06-01,13:46:37.387237,[]
2026-06-01,13:46:37.420604,[]
2026-06-01,13:46:37.453971,[]
2026-06-01,13:46:37.487338,[]
2026-06-01,13:46:37.520705,[]
2026-06-01,13:46:37.554072,[]
2026-06-01,13:46:37.587439,[]
2026-06-01,13:46:37.620806,[]
2026-06-01,13:46:37.654173,[]
2026-06-01,13:46:37.687540,[]
2026-06-01,13:46:37.720907,[]
2026-06-01,13:46:37.754274,[]
2026-06-01,13:46:37.787641,[]
2026-06-01,13:46:37.821008,[]
2026-06-01,13:46:37.854375,[]
2026-06-01,13:46:37.887742,[]
2026-06-01,13:46:37.921109,[]
2026-06-01,13:46:37.954476,[]
2026-06-01,13:46:37.987843,[]
2026-06-01,13:46:38.021210,[]
2026-06-01,13:46:38.054577,[]
2026-06-01,13:46:38.087944,[]
2026-06-01,13:46:38.121311,[]
2026-06-01,13:46:38.154678,[]
2026-06-01,13:46:38.188045,[]
2026-06-01,13:46:38.221412,[]
2026-06-01,13:46:38.254779,[]
2026-06-01,13:46:38.288146,[]
2026-06-01,13:46:38.321513,[]
2026-06-01,13:46:38.354880,[]
2026-06-01,13:46:38.388247,[]
2026-06-01,13:46:38.421614,[]
2026-06-01,13:46:38.454981,[]
2026-06-01,13:46:38.488348,[]
2026-06-01,13:46:38.521715,[]
2026-06-01,13:46:38.555082,[]
2026-06-01,13:46:38.588449,[]
2026-06-01,13:46:38.621816,[]
2026-06-01,13:46:38.655183,[]
2026-06-01,13:46:38.688550,[]
2026-06-01,13:46:38.721917,[]
2026-06-01,13:46:38.755284,[]
2026-06-01,13:46:38.788651,[]
2026-06-01,13:46:38.822018,[]
2026-06-01,13:46:38.855385,[]
2026-06-01,13:46:38.888752,[]
2026-06-01,13:46:38.922119,[]
2026-06-01,13:46:38.955486,[]
2026-06-01,13:46:38.988853,[]
2026-06-01,13:46:39.022220,[]
2026-06-01,13:46:39.055587,[]
2026-06-01,13:46:39.088954,[]
2026-06-01,13:46:39.122321,[]
2026-06-01,13:46:39.155688,[]
2026-06-01,13:46:39.189055,[]
2026-06-01,13:46:39.222422,[]
2026-06-01,13:46:39.255789,[]
2026-06-01,13:46:39.289156,[]
2026-06-01,13:46:39.322523,[]
2026-06-01,13:46:39.355890,[]
2026-06-01,13:46:39.389257,[]
2026-06-01,13:46:39.422624,[]
2026-06-01,13:46:39.455991,[]
2026-06-01,13:46:39.489358,[]
2026-06-01,13:46:39.522725,[]
2026-06-01,13:46:39.556092,[]
2026-06-01,13:46:39.589459,[]
2026-06-01,13:46:39.622826,[]
2026-06-01,13:46:39.656193,[]
2026-06-01,13:46:39.689560,[]
2026-06-01,13:46:39.722927,[]
2026-06-01,13:46:39.756294,[]
2026-06-01,13:46:39.789661,[]
2026-06-01,13:46:39.823028,[]
2026-06-01,13:46:39.856395,[]
2026-06-01,13:46:39.889762,[]
2026-06-01,13:46:39.923129,[]
2026-06-01,13:46:39.956496,[]
2026-06-01,13:46:39.989863,[]
2026-06-01,13:46:40.023230,[]
2026-06-01,13:46:40.056597,[]
2026-06-01,13:46:40.089964,[]
2026-06-01,13:46:40.123331,[]
2026-06-01,13:46:40.156698,[]
2026-06-01,13:46:40.190065,[]
2026-06-01,13:46:40.223432,[]
2026-06-01,13:46:40.256799,[]
2026-06-01,13:46:40.290166,[]
2026-06-01,13:46:40.323533,[]
2026-06-01,13:46:40.356900,[]
2026-06-01,13:46:40.390267,[]
2026-06-01,13:46:40.423634,[]
2026-06-01,13:46:40.457001,[]
2026-06-01,13:46:40.490368,[]
2026-06-01,13:46:40.523735,[]
2026-06-01,13:46:40.557102,[]
2026-06-01,13:46:40.590469,[]
2026-06-01,13:46:40.623836,[]
2026-06-01,13:46:40.657203,[]
2026-06-01,13:46:40.690570,[]
2026-06-01,13:46:40.723937,[]
2026-06-01,13:46:40.757304,[]
2026-06-01,13:46:40.790671,[]
2026-06-01,13:46:40.824038,[]
2026-06-01,13:46:40.857405,[]
2026-06-01,13:46:40.890772,[]
2026-06-01,13:46:40.924139,[]
2026-06-01,13:46:40.957506,[]
2026-06-01,13:46:40.990873,[]
2026-06-01,13:46:41.024240,[]
2026-06-01,13:46:41.057607,[]
2026-06-01,13:46:41.090974,[]
2026-06-01,13:46:41.124341,[]
2026-06-01,13:46:41.157708,[]
2026-06-01,13:46:41.191075,[]
2026-06-01,13:46:41.224442,[]
2026-06-01,13:46:41.257809,[]
2026-06-01,13:46:41.291176,[]
2026-06-01,13:46:41.324543,[]
2026-06-01,13:46:41.357910,[]
2026-06-01,13:46:41.391277,[]
2026-06-01,13:46:41.424644,[]
2026-06-01,13:46:41.458011,[]
2026-06-01,13:46:41.491378,[]
2026-06-01,13:46:41.524745,[]
2026-06-01,13:46:41.558112,[]
2026-06-01,13:46:41.591479,[]
2026-06-01,13:46:41.624846,[]
2026-06-01,13:46:41.658213,[]
2026-06-01,13:46:41.691580,[]
2026-06-01,13:46:41.724947,[]
2026-06-01,13:46:41.758314,[]
2026-06-01,13:46:41.791681,[]
2026-06-01,13:46:41.825048,[]
2026-06-01,13:46:41.858415,[]
2026-06-01,13:46:41.891782,[]
2026-06-01,13:46:41.925149,[]
2026-06-01,13:46:41.958516,[]
2026-06-01,13:46:41.991883,[]
2026-06-01,13:46:42.025250,[]
2026-06-01,13:46:42.058617,[]
2026-06-01,13:46:42.091984,[]
2026-06-01,13:46:42.125351,[]
2026-06-01,13:46:42.158718,[]
2026-06-01,13:46:42.192085,[]
2026-06-01,13:46:42.225452,[]
2026-06-01,13:46:42.258819,[]
2026-06-01,13:46:42.292186,[]
2026-06-01,13:46:42.325553,[]
2026-06-01,13:46:42.358920,[]
2026-06-01,13:46:42.392287,[]
2026-06-01,13:46:42.425654,[]
2026-06-01,13:46:42.459021,[]
2026-06-01,13:46:42.492388,[]
2026-06-01,13:46:42.525755,[]
2026-06-01,13:46:42.559122,[]
2026-06-01,13:46:42.592489,[]
2026-06-01,13:46:42.625856,[]
2026-06-01,13:46:42.659223,[]
2026-06-01,13:46:42.692590,[]
2026-06-01,13:46:42.725957,[]
2026-06-01,13:46:42.759324,[]
2026-06-01,13:46:42.792691,[]
2026-06-01,13:46:42.826058,[]
2026-06-01,13:46:42.859425,[]
2026-06-01,13:46:42.892792,[]
2026-06-01,13:46:42.926159,[]
2026-06-01,13:46:42.959526,[]
2026-06-01,13:46:42.992893,[]
2026-06-01,13:46:43.026260,[]
2026-06-01,13:46:43.059627,[]
2026-06-01,13:46:43.092994,[]
2026-06-01,13:46:43.126361,[]
2026-06-01,13:46:43.159728,[]
2026-06-01,13:46:43.193095,[]
2026-06-01,13:46:43.226462,['ER66099']
2026-06-01,13:46:43.259829,['ER66099']
2026-06-01,13:46:43.293196,['ER66099']
2026-06-01,13:46:43.326563,['ER66099']
2026-06-01,13:46:43.359930,['ER66099']
2026-06-01,13:46:43.393297,[]
2026-06-01,13:46:43.426664,[]
2026-06-01,13:46:43.460031,[]
2026-06-01,13:46:43.493398,[]
2026-06-01,13:46:43.526765,[]
2026-06-01,13:46:43.560132,[]
2026-06-01,13:46:43.593499,[]
2026-06-01,13:46:43.626866,[]
2026-06-01,13:46:43.660233,[]
2026-06-01,13:46:43.693600,[]
2026-06-01,13:46:43.726967,[]
2026-06-01,13:46:43.760334,[]
2026-06-01,13:46:43.793701,[]
2026-06-01,13:46:43.827068,[]
2026-06-01,13:46:43.860435,[]
2026-06-01,13:46:43.893802,[]
2026-06-01,13:46:43.927169,[]
2026-06-01,13:46:43.960536,[]
2026-06-01,13:46:43.993903,[]
2026-06-01,13:46:44.027270,[]
2026-06-01,13:46:44.060637,[]
2026-06-01,13:46:44.094004,[]
2026-06-01,13:46:44.127371,[]
2026-06-01,13:46:44.160738,[]
2026-06-01,13:46:44.194105,[]
2026-06-01,13:46:44.227472,[]
2026-06-01,13:46:44.260839,[]
2026-06-01,13:46:44.294206,[]
2026-06-01,13:46:44.327573,[]
2026-06-01,13:46:44.360940,[]
2026-06-01,13:46:44.394307,[]
2026-06-01,13:46:44.427674,[]
2026-06-01,13:46:44.461041,[]
2026-06-01,13:46:44.494408,[]
2026-06-01,13:46:44.527775,[]
2026-06-01,13:46:44.561142,[]
2026-06-01,13:46:44.594509,[]
2026-06-01,13:46:44.627876,[]
2026-06-01,13:46:44.661243,[]
2026-06-01,13:46:44.694610,[]
2026-06-01,13:46:44.727977,[]
2026-06-01,13:46:44.761344,[]
2026-06-01,13:46:44.794711,[]
2026-06-01,13:46:44.828078,[]
2026-06-01,13:46:44.861445,[]
2026-06-01,13:46:44.894812,[]
2026-06-01,13:46:44.928179,[]
2026-06-01,13:46:44.961546,[]
2026-06-01,13:46:44.994913,[]
2026-06-01,13:46:45.028280,[]
2026-06-01,13:46:45.061647,[]
2026-06-01,13:46:45.095014,[]
2026-06-01,13:46:45.128381,[]
2026-06-01,13:46:45.161748,[]
2026-06-01,13:46:45.195115,[]
2026-06-01,13:46:45.228482,[]
2026-06-01,13:46:45.261849,[]
2026-06-01,13:46:45.295216,[]
2026-06-01,13:46:45.328583,[]
2026-06-01,13:46:45.361950,[]
2026-06-01,13:46:45.395317,[]
2026-06-01,13:46:45.428684,[]
2026-06-01,13:46:45.462051,[]
2026-06-01,13:46:45.495418,[]
2026-06-01,13:46:45.528785,[]
2026-06-01,13:46:45.562152,[]
2026-06-01,13:46:45.595519,[]
2026-06-01,13:46:45.628886,[]
2026-06-01,13:46:45.662253,[]
2026-06-01,13:46:45.695620,[]
2026-06-01,13:46:45.728987,[]
2026-06-01,13:46:45.762354,[]
2026-06-01,13:46:45.795721,[]
2026-06-01,13:46:45.829088,[]
2026-06-01,13:46:45.862455,[]
2026-06-01,13:46:45.895822,[]
2026-06-01,13:46:45.929189,[]
2026-06-01,13:46:45.962556,[]
2026-06-01,13:46:45.995923,[]
2026-06-01,13:46:46.029290,[]
2026-06-01,13:46:46.062657,[]
2026-06-01,13:46:46.096024,[]
2026-06-01,13:46:46.129391,[]
2026-06-01,13:46:46.162758,[]
2026-06-01,13:46:46.196125,[]
2026-06-01,13:46:46.229492,[]
2026-06-01,13:46:46.262859,[]
2026-06-01,13:46:46.296226,[]
2026-06-01,13:46:46.329593,[]
2026-06-01,13:46:46.362960,[]
2026-06-01,13:46:46.396327,[]
2026-06-01,13:46:46.429694,[]
2026-06-01,13:46:46.463061,[]
2026-06-01,13:46:46.496428,[]
2026-06-01,13:46:46.529795,[]
2026-06-01,13:46:46.563162,[]
2026-06-01,13:46:46.596529,[]
2026-06-01,13:46:46.629896,[]
2026-06-01,13:46:46.663263,[]
2026-06-01,13:46:46.696630,[]
2026-06-01,13:46:46.729997,[]
2026-06-01,13:46:46.763364,[]
2026-06-01,13:46:46.796731,[]
2026-06-01,13:46:46.830098,[]
2026-06-01,13:46:46.863465,[]
2026-06-01,13:46:46.896832,[]
2026-06-01,13:46:46.930199,[]
2026-06-01,13:46:46.963566,[]
2026-06-01,13:46:46.996933,[]
2026-06-01,13:46:47.030300,[]
2026-06-01,13:46:47.063667,[]
2026-06-01,13:46:47.097034,[]
2026-06-01,13:46:47.130401,[]
2026-06-01,13:46:47.163768,[]
2026-06-01,13:46:47.197135,[]
2026-06-01,13:46:47.230502,[]
2026-06-01,13:46:47.263869,[]
2026-06-01,13:46:47.297236,[]
2026-06-01,13:46:47.330603,[]
2026-06-01,13:46:47.363970,[]
2026-06-01,13:46:47.397337,[]
2026-06-01,13:46:47.430704,[]
2026-06-01,13:46:47.464071,[]
2026-06-01,13:46:47.497438,[]
2026-06-01,13:46:47.530805,[]
2026-06-01,13:46:47.564172,[]
2026-06-01,13:46:47.597539,[]
2026-06-01,13:46:47.630906,[]
2026-06-01,13:46:47.664273,[]
2026-06-01,13:46:47.697640,[]
2026-06-01,13:46:47.731007,[]
2026-06-01,13:46:47.764374,[]
2026-06-01,13:46:47.797741,[]
2026-06-01,13:46:47.831108,[]
2026-06-01,13:46:47.864475,[]
2026-06-01,13:46:47.897842,[]
2026-06-01,13:46:47.931209,[]
2026-06-01,13:46:47.964576,[]
2026-06-01,13:46:47.997943,[]
2026-06-01,13:46:48.031310,[]
2026-06-01,13:46:48.064677,[]
2026-06-01,13:46:48.098044,[]
2026-06-01,13:46:48.131411,[]
2026-06-01,13:46:48.164778,[]
2026-06-01,13:46:48.198145,[]
2026-06-01,13:46:48.231512,[]
2026-06-01,13:46:48.264879,[]
2026-06-01,13:46:48.298246,[]
2026-06-01,13:46:48.331613,[]
2026-06-01,13:46:48.364980,[]
2026-06-01,13:46:48.398347,[]
2026-06-01,13:46:48.431714,[]
2026-06-01,13:46:48.465081,[]
2026-06-01,13:46:48.498448,[]
2026-06-01,13:46:48.531815,[]
2026-06-01,13:46:48.565182,[]
2026-06-01,13:46:48.598549,[]
2026-06-01,13:46:48.631916,[]
2026-06-01,13:46:48.665283,[]
2026-06-01,13:46:48.698650,[]
2026-06-01,13:46:48.732017,[]
2026-06-01,13:46:48.765384,[]
2026-06-01,13:46:48.798751,[]
2026-06-01,13:46:48.832118,[]
2026-06-01,13:46:48.865485,[]
2026-06-01,13:46:48.898852,[]
2026-06-01,13:46:48.932219,[]
2026-06-01,13:46:48.965586,[]
2026-06-01,13:46:48.998953,[]
2026-06-01,13:46:49.032320,[]
2026-06-01,13:46:49.065687,[]
2026-06-01,13:46:49.099054,[]
2026-06-01,13:46:49.132421,[]
2026-06-01,13:46:49.165788,[]
2026-06-01,13:46:49.199155,[]
2026-06-01,13:46:49.232522,[]
2026-06-01,13:46:49.265889,[]
2026-06-01,13:46:49.299256,[]
2026-06-01,13:46:49.332623,[]
2026-06-01,13:46:49.365990,[]
2026-06-01,13:46:49.399357,[]
2026-06-01,13:46:49.432724,[]
2026-06-01,13:46:49.466091,[]
2026-06-01,13:46:49.499458,[]
2026-06-01,13:46:49.532825,[]
2026-06-01,13:46:49.566192,[]
2026-06-01,13:46:49.599559,[]
2026-06-01,13:46:49.632926,[]
2026-06-01,13:46:49.666293,[]
2026-06-01,13:46:49.699660,[]
2026-06-01,13:46:49.733027,[]
2026-06-01,13:46:49.766394,[]
2026-06-01,13:46:49.799761,[]
2026-06-01,13:46:49.833128,[]
2026-06-01,13:46:49.866495,[]
2026-06-01,13:46:49.899862,[]
2026-06-01,13:46:49.933229,[]
2026-06-01,13:46:49.966596,[]
2026-06-01,13:46:49.999963,[]
2026-06-01,13:46:50.033330,[]
2026-06-01,13:46:50.066697,[]
2026-06-01,13:46:50.100064,[]
2026-06-01,13:46:50.133431,[]
2026-06-01,13:46:50.166798,[]
2026-06-01,13:46:50.200165,[]
2026-06-01,13:46:50.233532,[]
2026-06-01,13:46:50.266899,[]
2026-06-01,13:46:50.300266,[]
2026-06-01,13:46:50.333633,[]
2026-06-01,13:46:50.367000,[]
2026-06-01,13:46:50.400367,[]
2026-06-01,13:46:50.433734,[]
2026-06-01,13:46:50.467101,[]
2026-06-01,13:46:50.500468,[]
2026-06-01,13:46:50.533835,[]
2026-06-01,13:46:50.567202,[]
2026-06-01,13:46:50.600569,[]
2026-06-01,13:46:50.633936,[]
2026-06-01,13:46:50.667303,[]
2026-06-01,13:46:50.700670,[]
2026-06-01,13:46:50.734037,[]
2026-06-01,13:46:50.767404,[]
2026-06-01,13:46:50.800771,[]
2026-06-01,13:46:50.834138,[]
2026-06-01,13:46:50.867505,[]
2026-06-01,13:46:50.900872,[]
2026-06-01,13:46:50.934239,[]
2026-06-01,13:46:50.967606,['EL89694']
2026-06-01,13:46:51.000973,['EL89695']
2026-06-01,13:46:51.034340,['EL89694']
2026-06-01,13:46:51.067707,['EL89694']
2026-06-01,13:46:51.101074,['EL89695']
2026-06-01,13:46:51.134441,[]
2026-06-01,13:46:51.167808,[]
2026-06-01,13:46:51.201175,[]
2026-06-01,13:46:51.234542,[]
2026-06-01,13:46:51.267909,[]
2026-06-01,13:46:51.301276,[]
2026-06-01,13:46:51.334643,[]
2026-06-01,13:46:51.368010,[]
2026-06-01,13:46:51.401377,[]
2026-06-01,13:46:51.434744,[]
2026-06-01,13:46:51.468111,[]
2026-06-01,13:46:51.501478,[]
2026-06-01,13:46:51.534845,[]
2026-06-01,13:46:51.568212,[]
2026-06-01,13:46:51.601579,[]
2026-06-01,13:46:51.634946,[]
2026-06-01,13:46:51.668313,[]
2026-06-01,13:46:51.701680,[]
2026-06-01,13:46:51.735047,[]
2026-06-01,13:46:51.768414,[]
2026-06-01,13:46:51.801781,[]
2026-06-01,13:46:51.835148,[]
2026-06-01,13:46:51.868515,[]
2026-06-01,13:46:51.901882,[]
2026-06-01,13:46:51.935249,[]
2026-06-01,13:46:51.968616,[]
2026-06-01,13:46:52.001983,[]
2026-06-01,13:46:52.035350,[]
2026-06-01,13:46:52.068717,[]
2026-06-01,13:46:52.102084,[]
2026-06-01,13:46:52.135451,[]
2026-06-01,13:46:52.168818,[]
2026-06-01,13:46:52.202185,[]
2026-06-01,13:46:52.235552,[]
2026-06-01,13:46:52.268919,[]
2026-06-01,13:46:52.302286,[]
2026-06-01,13:46:52.335653,[]
2026-06-01,13:46:52.369020,[]
2026-06-01,13:46:52.402387,[]
2026-06-01,13:46:52.435754,[]
2026-06-01,13:46:52.469121,[]
2026-06-01,13:46:52.502488,[]
2026-06-01,13:46:52.535855,[]
2026-06-01,13:46:52.569222,[]
2026-06-01,13:46:52.602589,[]
2026-06-01,13:46:52.635956,[]
2026-06-01,13:46:52.669323,[]
2026-06-01,13:46:52.702690,[]
2026-06-01,13:46:52.736057,[]
2026-06-01,13:46:52.769424,[]
2026-06-01,13:46:52.802791,[]
2026-06-01,13:46:52.836158,[]
2026-06-01,13:46:52.869525,[]
2026-06-01,13:46:52.902892,[]
2026-06-01,13:46:52.936259,[]
2026-06-01,13:46:52.969626,[]
2026-06-01,13:46:53.002993,[]
2026-06-01,13:46:53.036360,[]
2026-06-01,13:46:53.069727,[]
2026-06-01,13:46:53.103094,[]
2026-06-01,13:46:53.136461,[]
2026-06-01,13:46:53.169828,[]
2026-06-01,13:46:53.203195,[]
2026-06-01,13:46:53.236562,[]
2026-06-01,13:46:53.269929,[]
2026-06-01,13:46:53.303296,[]
2026-06-01,13:46:53.336663,[]
2026-06-01,13:46:53.370030,[]
2026-06-01,13:46:53.403397,[]
2026-06-01,13:46:53.436764,[]
2026-06-01,13:46:53.470131,[]
2026-06-01,13:46:53.503498,[]
2026-06-01,13:46:53.536865,[]
2026-06-01,13:46:53.570232,[]
2026-06-01,13:46:53.603599,[]
2026-06-01,13:46:53.636966,[]
2026-06-01,13:46:53.670333,[]
2026-06-01,13:46:53.703700,[]
2026-06-01,13:46:53.737067,[]
2026-06-01,13:46:53.770434,[]
2026-06-01,13:46:53.803801,[]
2026-06-01,13:46:53.837168,[]
2026-06-01,13:46:53.870535,[]
2026-06-01,13:46:53.903902,[]
2026-06-01,13:46:53.937269,[]
2026-06-01,13:46:53.970636,[]
2026-06-01,13:46:54.004003,[]
2026-06-01,13:46:54.037370,[]
2026-06-01,13:46:54.070737,[]
2026-06-01,13:46:54.104104,[]
2026-06-01,13:46:54.137471,[]
2026-06-01,13:46:54.170838,[]
2026-06-01,13:46:54.204205,[]
2026-06-01,13:46:54.237572,[]
2026-06-01,13:46:54.270939,[]
2026-06-01,13:46:54.304306,[]
2026-06-01,13:46:54.337673,[]
2026-06-01,13:46:54.371040,[]
2026-06-01,13:46:54.404407,[]
2026-06-01,13:46:54.437774,[]
2026-06-01,13:46:54.471141,[]
2026-06-01,13:46:54.504508,[]
2026-06-01,13:46:54.537875,[]
2026-06-01,13:46:54.571242,[]
2026-06-01,13:46:54.604609,[]
2026-06-01,13:46:54.637976,[]
2026-06-01,13:46:54.671343,[]
2026-06-01,13:46:54.704710,[]
2026-06-01,13:46:54.738077,[]
2026-06-01,13:46:54.771444,[]
2026-06-01,13:46:54.804811,[]
2026-06-01,13:46:54.838178,[]
2026-06-01,13:46:54.871545,[]
2026-06-01,13:46:54.904912,[]
2026-06-01,13:46:54.938279,[]
2026-06-01,13:46:54.971646,[]
2026-06-01,13:46:55.005013,[]
2026-06-01,13:46:55.038380,[]
2026-06-01,13:46:55.071747,[]
2026-06-01,13:46:55.105114,[]
2026-06-01,13:46:55.138481,[]
2026-06-01,13:46:55.171848,[]
2026-06-01,13:46:55.205215,[]
2026-06-01,13:46:55.238582,[]
2026-06-01,13:46:55.271949,[]
2026-06-01,13:46:55.305316,[]
2026-06-01,13:46:55.338683,[]
2026-06-01,13:46:55.372050,[]
2026-06-01,13:46:55.405417,[]
2026-06-01,13:46:55.438784,[]
2026-06-01,13:46:55.472151,[]
2026-06-01,13:46:55.505518,[]
2026-06-01,13:46:55.538885,[]
2026-06-01,13:46:55.572252,[]
2026-06-01,13:46:55.605619,['ES61350']
2026-06-01,13:46:55.638986,['ES61350']
2026-06-01,13:46:55.672353,['ES61350']
2026-06-01,13:46:55.705720,['ES61350']
2026-06-01,13:46:55.739087,['ES61350']
2026-06-01,13:46:55.772454,['ES61350']
2026-06-01,13:46:55.805821,[]
2026-06-01,13:46:55.839188,[]
2026-06-01,13:46:55.872555,[]
2026-06-01,13:46:55.905922,[]
2026-06-01,13:46:55.939289,[]
2026-06-01,13:46:55.972656,[]
2026-06-01,13:46:56.006023,[]
2026-06-01,13:46:56.039390,[]
2026-06-01,13:46:56.072757,[]
2026-06-01,13:46:56.106124,[]
2026-06-01,13:46:56.139491,[]
2026-06-01,13:46:56.172858,[]
2026-06-01,13:46:56.206225,[]
2026-06-01,13:46:56.239592,[]
2026-06-01,13:46:56.272959,[]
2026-06-01,13:46:56.306326,[]
2026-06-01,13:46:56.339693,[]
2026-06-01,13:46:56.373060,[]
2026-06-01,13:46:56.406427,[]
2026-06-01,13:46:56.439794,[]
2026-06-01,13:46:56.473161,[]
2026-06-01,13:46:56.506528,[]
2026-06-01,13:46:56.539895,[]
2026-06-01,13:46:56.573262,[]
2026-06-01,13:46:56.606629,[]
2026-06-01,13:46:56.639996,[]
2026-06-01,13:46:56.673363,[]
2026-06-01,13:46:56.706730,[]
2026-06-01,13:46:56.740097,[]
2026-06-01,13:46:56.773464,[]
2026-06-01,13:46:56.806831,[]
2026-06-01,13:46:56.840198,[]
2026-06-01,13:46:56.873565,[]
2026-06-01,13:46:56.906932,[]
2026-06-01,13:46:56.940299,[]
2026-06-01,13:46:56.973666,[]
2026-06-01,13:46:57.007033,[]
2026-06-01,13:46:57.040400,[]
2026-06-01,13:46:57.073767,[]
2026-06-01,13:46:57.107134,[]
2026-06-01,13:46:57.140501,[]
2026-06-01,13:46:57.173868,[]
2026-06-01,13:46:57.207235,[]
2026-06-01,13:46:57.240602,[]
2026-06-01,13:46:57.273969,[]
2026-06-01,13:46:57.307336,[]
2026-06-01,13:46:57.340703,[]
2026-06-01,13:46:57.374070,[]
2026-06-01,13:46:57.407437,[]
2026-06-01,13:46:57.440804,[]
2026-06-01,13:46:57.474171,[]
2026-06-01,13:46:57.507538,[]
2026-06-01,13:46:57.540905,[]
2026-06-01,13:46:57.574272,[]
2026-06-01,13:46:57.607639,['DY63862']
2026-06-01,13:46:57.641006,['DY63862']
2026-06-01,13:46:57.674373,['DY63862']
2026-06-01,13:46:57.707740,['DY63862']
2026-06-01,13:46:57.741107,['DY63862']
2026-06-01,13:46:57.774474,['DY63862']
2026-06-01,13:46:57.807841,[]
2026-06-01,13:46:57.841208,[]
2026-06-01,13:46:57.874575,[]
2026-06-01,13:46:57.907942,[]
2026-06-01,13:46:57.941309,[]
2026-06-01,13:46:57.974676,[]
2026-06-01,13:46:58.008043,[]
2026-06-01,13:46:58.041410,[]
2026-06-01,13:46:58.074777,[]
2026-06-01,13:46:58.108144,[]
2026-06-01,13:46:58.141511,[]
2026-06-01,13:46:58.174878,[]
2026-06-01,13:46:58.208245,[]
2026-06-01,13:46:58.241612,[]
2026-06-01,13:46:58.274979,[]
2026-06-01,13:46:58.308346,[]
2026-06-01,13:46:58.341713,[]
2026-06-01,13:46:58.375080,[]
2026-06-01,13:46:58.408447,[]
2026-06-01,13:46:58.441814,[]
2026-06-01,13:46:58.475181,[]
2026-06-01,13:46:58.508548,[]
2026-06-01,13:46:58.541915,[]
2026-06-01,13:46:58.575282,[]
2026-06-01,13:46:58.608649,[]
2026-06-01,13:46:58.642016,[]
2026-06-01,13:46:58.675383,[]
2026-06-01,13:46:58.708750,[]
2026-06-01,13:46:58.742117,[]
2026-06-01,13:46:58.775484,[]
2026-06-01,13:46:58.808851,[]
2026-06-01,13:46:58.842218,[]
2026-06-01,13:46:58.875585,[]
2026-06-01,13:46:58.908952,[]
2026-06-01,13:46:58.942319,[]
2026-06-01,13:46:58.975686,[]
2026-06-01,13:46:59.009053,[]
2026-06-01,13:46:59.042420,[]
2026-06-01,13:46:59.075787,[]
2026-06-01,13:46:59.109154,[]
2026-06-01,13:46:59.142521,[]
2026-06-01,13:46:59.175888,[]
2026-06-01,13:46:59.209255,[]
2026-06-01,13:46:59.242622,[]
2026-06-01,13:46:59.275989,[]
2026-06-01,13:46:59.309356,[]
2026-06-01,13:46:59.342723,[]
2026-06-01,13:46:59.376090,[]
2026-06-01,13:46:59.409457,[]
2026-06-01,13:46:59.442824,[]
2026-06-01,13:46:59.476191,[]
2026-06-01,13:46:59.509558,[]
2026-06-01,13:46:59.542925,[]
2026-06-01,13:46:59.576292,[]
2026-06-01,13:46:59.609659,[]
2026-06-01,13:46:59.643026,[]
2026-06-01,13:46:59.676393,[]
2026-06-01,13:46:59.709760,[]
2026-06-01,13:46:59.743127,[]
2026-06-01,13:46:59.776494,[]
2026-06-01,13:46:59.809861,[]
2026-06-01,13:46:59.843228,[]
2026-06-01,13:46:59.876595,[]
2026-06-01,13:46:59.909962,[]
2026-06-01,13:46:59.943329,[]
2026-06-01,13:46:59.976696,[]
2026-06-01,13:47:00.010063,[]
2026-06-01,13:47:00.043430,[]
2026-06-01,13:47:00.076797,[]
2026-06-01,13:47:00.110164,[]
2026-06-01,13:47:00.143531,[]
2026-06-01,13:47:00.176898,[]
2026-06-01,13:47:00.210265,[]
2026-06-01,13:47:00.243632,[]
2026-06-01,13:47:00.276999,[]
2026-06-01,13:47:00.310366,[]
2026-06-01,13:47:00.343733,[]
2026-06-01,13:47:00.377100,[]
2026-06-01,13:47:00.410467,[]
2026-06-01,13:47:00.443834,[]
2026-06-01,13:47:00.477201,[]
2026-06-01,13:47:00.510568,[]
2026-06-01,13:47:00.543935,[]
2026-06-01,13:47:00.577302,[]
2026-06-01,13:47:00.610669,[]
2026-06-01,13:47:00.644036,[]
2026-06-01,13:47:00.677403,[]
2026-06-01,13:47:00.710770,[]
2026-06-01,13:47:00.744137,[]
2026-06-01,13:47:00.777504,[]
2026-06-01,13:47:00.810871,[]
2026-06-01,13:47:00.844238,['AP10891']
2026-06-01,13:47:00.877605,['AP10891']
2026-06-01,13:47:00.910972,['AP10891']
2026-06-01,13:47:00.944339,['AP10891']
2026-06-01,13:47:00.977706,['AP10891']
2026-06-01,13:47:01.011073,['AP10891']
2026-06-01,13:47:01.044440,[]
2026-06-01,13:47:01.077807,[]
2026-06-01,13:47:01.111174,[]
2026-06-01,13:47:01.144541,[]
2026-06-01,13:47:01.177908,[]
2026-06-01,13:47:01.211275,[]
2026-06-01,13:47:01.244642,[]
2026-06-01,13:47:01.278009,[]
2026-06-01,13:47:01.311376,[]
2026-06-01,13:47:01.344743,[]
2026-06-01,13:47:01.378110,[]
2026-06-01,13:47:01.411477,[]
2026-06-01,13:47:01.444844,[]
2026-06-01,13:47:01.478211,[]
2026-06-01,13:47:01.511578,[]
2026-06-01,13:47:01.544945,[]
2026-06-01,13:47:01.578312,[]
2026-06-01,13:47:01.611679,[]
2026-06-01,13:47:01.645046,[]
2026-06-01,13:47:01.678413,[]
2026-06-01,13:47:01.711780,[]
2026-06-01,13:47:01.745147,[]
2026-06-01,13:47:01.778514,[]
2026-06-01,13:47:01.811881,[]
2026-06-01,13:47:01.845248,[]
2026-06-01,13:47:01.878615,[]
2026-06-01,13:47:01.911982,[]
2026-06-01,13:47:01.945349,[]
2026-06-01,13:47:01.978716,[]
2026-06-01,13:47:02.012083,[]
2026-06-01,13:47:02.045450,[]
2026-06-01,13:47:02.078817,[]
2026-06-01,13:47:02.112184,[]
2026-06-01,13:47:02.145551,[]
2026-06-01,13:47:02.178918,[]
2026-06-01,13:47:02.212285,[]
2026-06-01,13:47:02.245652,[]
2026-06-01,13:47:02.279019,[]
2026-06-01,13:47:02.312386,[]
2026-06-01,13:47:02.345753,[]
2026-06-01,13:47:02.379120,[]
2026-06-01,13:47:02.412487,[]
2026-06-01,13:47:02.445854,[]
2026-06-01,13:47:02.479221,[]
2026-06-01,13:47:02.512588,[]
2026-06-01,13:47:02.545955,[]
2026-06-01,13:47:02.579322,[]
2026-06-01,13:47:02.612689,[]
2026-06-01,13:47:02.646056,[]
2026-06-01,13:47:02.679423,[]
2026-06-01,13:47:02.712790,[]
2026-06-01,13:47:02.746157,[]
2026-06-01,13:47:02.779524,[]
2026-06-01,13:47:02.812891,[]
2026-06-01,13:47:02.846258,[]
2026-06-01,13:47:02.879625,[]
2026-06-01,13:47:02.912992,[]
2026-06-01,13:47:02.946359,[]
2026-06-01,13:47:02.979726,[]
2026-06-01,13:47:03.013093,[]
2026-06-01,13:47:03.046460,[]
2026-06-01,13:47:03.079827,[]
2026-06-01,13:47:03.113194,[]
2026-06-01,13:47:03.146561,[]
2026-06-01,13:47:03.179928,[]
2026-06-01,13:47:03.213295,[]
2026-06-01,13:47:03.246662,[]
2026-06-01,13:47:03.280029,[]
2026-06-01,13:47:03.313396,[]
2026-06-01,13:47:03.346763,[]
2026-06-01,13:47:03.380130,[]
2026-06-01,13:47:03.413497,[]
2026-06-01,13:47:03.446864,[]
2026-06-01,13:47:03.480231,[]
2026-06-01,13:47:03.513598,[]
2026-06-01,13:47:03.546965,[]
2026-06-01,13:47:03.580332,[]
2026-06-01,13:47:03.613699,[]
2026-06-01,13:47:03.647066,['FK90922']
2026-06-01,13:47:03.680433,['FK90922']
2026-06-01,13:47:03.713800,['FK90922']
2026-06-01,13:47:03.747167,['FK90922']
2026-06-01,13:47:03.780534,['FK90922']
2026-06-01,13:47:03.813901,['FK90922']
2026-06-01,13:47:03.847268,['FK90922']
2026-06-01,13:47:03.880635,['FK90922']
2026-06-01,13:47:03.914002,[]
2026-06-01,13:47:03.947369,[]
2026-06-01,13:47:03.980736,[]
2026-06-01,13:47:04.014103,[]
2026-06-01,13:47:04.047470,[]
2026-06-01,13:47:04.080837,[]
2026-06-01,13:47:04.114204,[]
2026-06-01,13:47:04.147571,[]
2026-06-01,13:47:04.180938,[]
2026-06-01,13:47:04.214305,[]
2026-06-01,13:47:04.247672,[]
2026-06-01,13:47:04.281039,[]
2026-06-01,13:47:04.314406,[]
2026-06-01,13:47:04.347773,[]
2026-06-01,13:47:04.381140,[]
2026-06-01,13:47:04.414507,[]
2026-06-01,13:47:04.447874,[]
2026-06-01,13:47:04.481241,[]
2026-06-01,13:47:04.514608,[]
2026-06-01,13:47:04.547975,[]
2026-06-01,13:47:04.581342,[]
2026-06-01,13:47:04.614709,[]
2026-06-01,13:47:04.648076,[]
2026-06-01,13:47:04.681443,[]
2026-06-01,13:47:04.714810,[]
2026-06-01,13:47:04.748177,[]
2026-06-01,13:47:04.781544,[]
2026-06-01,13:47:04.814911,[]
2026-06-01,13:47:04.848278,[]
2026-06-01,13:47:04.881645,[]
2026-06-01,13:47:04.915012,[]
2026-06-01,13:47:04.948379,[]
2026-06-01,13:47:04.981746,[]
2026-06-01,13:47:05.015113,[]
2026-06-01,13:47:05.048480,[]
2026-06-01,13:47:05.081847,[]
2026-06-01,13:47:05.115214,[]
2026-06-01,13:47:05.148581,[]
2026-06-01,13:47:05.181948,[]
2026-06-01,13:47:05.215315,[]
2026-06-01,13:47:05.248682,[]
2026-06-01,13:47:05.282049,[]
2026-06-01,13:47:05.315416,[]
2026-06-01,13:47:05.348783,[]
2026-06-01,13:47:05.382150,[]
2026-06-01,13:47:05.415517,[]
2026-06-01,13:47:05.448884,[]
2026-06-01,13:47:05.482251,[]
2026-06-01,13:47:05.515618,[]
2026-06-01,13:47:05.548985,[]
2026-06-01,13:47:05.582352,[]
2026-06-01,13:47:05.615719,[]
2026-06-01,13:47:05.649086,[]
2026-06-01,13:47:05.682453,[]
2026-06-01,13:47:05.715820,[]
2026-06-01,13:47:05.749187,[]
2026-06-01,13:47:05.782554,[]
2026-06-01,13:47:05.815921,[]
2026-06-01,13:47:05.849288,[]
2026-06-01,13:47:05.882655,[]
2026-06-01,13:47:05.916022,[]
2026-06-01,13:47:05.949389,[]
2026-06-01,13:47:05.982756,[]
2026-06-01,13:47:06.016123,[]
2026-06-01,13:47:06.049490,[]
2026-06-01,13:47:06.082857,[]
2026-06-01,13:47:06.116224,[]
2026-06-01,13:47:06.149591,[]
2026-06-01,13:47:06.182958,[]
2026-06-01,13:47:06.216325,[]
2026-06-01,13:47:06.249692,[]
2026-06-01,13:47:06.283059,[]
2026-06-01,13:47:06.316426,[]
2026-06-01,13:47:06.349793,[]
2026-06-01,13:47:06.383160,[]
2026-06-01,13:47:06.416527,[]
2026-06-01,13:47:06.449894,[]
2026-06-01,13:47:06.483261,[]
2026-06-01,13:47:06.516628,[]
2026-06-01,13:47:06.549995,[]
2026-06-01,13:47:06.583362,[]
2026-06-01,13:47:06.616729,[]
2026-06-01,13:47:06.650096,[]
2026-06-01,13:47:06.683463,[]
2026-06-01,13:47:06.716830,[]
2026-06-01,13:47:06.750197,[]
2026-06-01,13:47:06.783564,[]
2026-06-01,13:47:06.816931,[]
2026-06-01,13:47:06.850298,[]
2026-06-01,13:47:06.883665,[]
2026-06-01,13:47:06.917032,[]
2026-06-01,13:47:06.950399,[]
2026-06-01,13:47:06.983766,[]
2026-06-01,13:47:07.017133,[]
2026-06-01,13:47:07.050500,[]
2026-06-01,13:47:07.083867,[]
2026-06-01,13:47:07.117234,[]
2026-06-01,13:47:07.150601,[]
2026-06-01,13:47:07.183968,[]
2026-06-01,13:47:07.217335,[]
2026-06-01,13:47:07.250702,[]
2026-06-01,13:47:07.284069,[]
2026-06-01,13:47:07.317436,[]
2026-06-01,13:47:07.350803,[]
2026-06-01,13:47:07.384170,[]
2026-06-01,13:47:07.417537,[]
2026-06-01,13:47:07.450904,[]
2026-06-01,13:47:07.484271,[]
2026-06-01,13:47:07.517638,[]
2026-06-01,13:47:07.551005,[]
2026-06-01,13:47:07.584372,[]
2026-06-01,13:47:07.617739,[]
2026-06-01,13:47:07.651106,[]
2026-06-01,13:47:07.684473,[]
2026-06-01,13:47:07.717840,[]
2026-06-01,13:47:07.751207,[]
2026-06-01,13:47:07.784574,[]
2026-06-01,13:47:07.817941,[]
2026-06-01,13:47:07.851308,[]
2026-06-01,13:47:07.884675,[]
2026-06-01,13:47:07.918042,[]
2026-06-01,13:47:07.951409,[]
2026-06-01,13:47:07.984776,[]
2026-06-01,13:47:08.018143,[]
2026-06-01,13:47:08.051510,[]
2026-06-01,13:47:08.084877,[]
2026-06-01,13:47:08.118244,[]
2026-06-01,13:47:08.151611,[]
2026-06-01,13:47:08.184978,[]
2026-06-01,13:47:08.218345,[]
2026-06-01,13:47:08.251712,[]
2026-06-01,13:47:08.285079,[]
2026-06-01,13:47:08.318446,[]
2026-06-01,13:47:08.351813,[]
2026-06-01,13:47:08.385180,[]
2026-06-01,13:47:08.418547,[]
2026-06-01,13:47:08.451914,[]
2026-06-01,13:47:08.485281,[]
2026-06-01,13:47:08.518648,[]
2026-06-01,13:47:08.552015,[]
2026-06-01,13:47:08.585382,[]
2026-06-01,13:47:08.618749,[]
2026-06-01,13:47:08.652116,[]
2026-06-01,13:47:08.685483,[]
2026-06-01,13:47:08.718850,[]
2026-06-01,13:47:08.752217,[]
2026-06-01,13:47:08.785584,[]
2026-06-01,13:47:08.818951,[]
2026-06-01,13:47:08.852318,[]
2026-06-01,13:47:08.885685,[]
2026-06-01,13:47:08.919052,[]
2026-06-01,13:47:08.952419,[]
2026-06-01,13:47:08.985786,[]
2026-06-01,13:47:09.019153,[]
2026-06-01,13:47:09.052520,[]
2026-06-01,13:47:09.085887,[]
2026-06-01,13:47:09.119254,[]
2026-06-01,13:47:09.152621,[]
2026-06-01,13:47:09.185988,[]
2026-06-01,13:47:09.219355,[]
2026-06-01,13:47:09.252722,[]
2026-06-01,13:47:09.286089,[]
2026-06-01,13:47:09.319456,[]
2026-06-01,13:47:09.352823,[]
2026-06-01,13:47:09.386190,[]
2026-06-01,13:47:09.419557,[]
2026-06-01,13:47:09.452924,[]
2026-06-01,13:47:09.486291,[]
2026-06-01,13:47:09.519658,[]
2026-06-01,13:47:09.553025,[]
2026-06-01,13:47:09.586392,[]
2026-06-01,13:47:09.619759,[]
2026-06-01,13:47:09.653126,[]
2026-06-01,13:47:09.686493,[]
2026-06-01,13:47:09.719860,[]
2026-06-01,13:47:09.753227,[]
2026-06-01,13:47:09.786594,[]
2026-06-01,13:47:09.819961,[]
2026-06-01,13:47:09.853328,[]
2026-06-01,13:47:09.886695,[]
2026-06-01,13:47:09.920062,[]
2026-06-01,13:47:09.953429,[]
2026-06-01,13:47:09.986796,[]
2026-06-01,13:47:10.020163,[]
2026-06-01,13:47:10.053530,[]
2026-06-01,13:47:10.086897,[]
2026-06-01,13:47:10.120264,[]
2026-06-01,13:47:10.153631,[]
2026-06-01,13:47:10.186998,[]
2026-06-01,13:47:10.220365,[]
2026-06-01,13:47:10.253732,[]
2026-06-01,13:47:10.287099,[]
2026-06-01,13:47:10.320466,[]
2026-06-01,13:47:10.353833,[]
2026-06-01,13:47:10.387200,[]
2026-06-01,13:47:10.420567,[]
2026-06-01,13:47:10.453934,[]
2026-06-01,13:47:10.487301,[]
2026-06-01,13:47:10.520668,[]
2026-06-01,13:47:10.554035,[]
2026-06-01,13:47:10.587402,[]
2026-06-01,13:47:10.620769,[]
2026-06-01,13:47:10.654136,[]
2026-06-01,13:47:10.687503,[]
2026-06-01,13:47:10.720870,[]
2026-06-01,13:47:10.754237,[]
2026-06-01,13:47:10.787604,[]
2026-06-01,13:47:10.820971,[]
2026-06-01,13:47:10.854338,[]
2026-06-01,13:47:10.887705,[]
2026-06-01,13:47:10.921072,[]
2026-06-01,13:47:10.954439,[]
2026-06-01,13:47:10.987806,[]
2026-06-01,13:47:11.021173,[]
2026-06-01,13:47:11.054540,[]
2026-06-01,13:47:11.087907,[]
2026-06-01,13:47:11.121274,[]
2026-06-01,13:47:11.154641,[]
2026-06-01,13:47:11.188008,[]
2026-06-01,13:47:11.221375,[]
2026-06-01,13:47:11.254742,[]
2026-06-01,13:47:11.288109,[]
2026-06-01,13:47:11.321476,[]
2026-06-01,13:47:11.354843,[]
2026-06-01,13:47:11.388210,[]
2026-06-01,13:47:11.421577,[]
2026-06-01,13:47:11.454944,[]
2026-06-01,13:47:11.488311,[]
2026-06-01,13:47:11.521678,[]
2026-06-01,13:47:11.555045,[]
2026-06-01,13:47:11.588412,[]
2026-06-01,13:47:11.621779,[]
2026-06-01,13:47:11.655146,[]
2026-06-01,13:47:11.688513,[]
2026-06-01,13:47:11.721880,[]
2026-06-01,13:47:11.755247,[]
2026-06-01,13:47:11.788614,[]
2026-06-01,13:47:11.821981,[]
2026-06-01,13:47:11.855348,[]
2026-06-01,13:47:11.888715,[]
2026-06-01,13:47:11.922082,[]
2026-06-01,13:47:11.955449,[]
2026-06-01,13:47:11.988816,[]
2026-06-01,13:47:12.022183,[]
2026-06-01,13:47:12.055550,[]
2026-06-01,13:47:12.088917,[]
2026-06-01,13:47:12.122284,[]
2026-06-01,13:47:12.155651,[]
2026-06-01,13:47:12.189018,[]
2026-06-01,13:47:12.222385,[]
2026-06-01,13:47:12.255752,[]
2026-06-01,13:47:12.289119,[]
2026-06-01,13:47:12.322486,[]
2026-06-01,13:47:12.355853,[]
2026-06-01,13:47:12.389220,[]
2026-06-01,13:47:12.422587,[]
2026-06-01,13:47:12.455954,[]
2026-06-01,13:47:12.489321,[]
2026-06-01,13:47:12.522688,[]
2026-06-01,13:47:12.556055,[]
2026-06-01,13:47:12.589422,[]
2026-06-01,13:47:12.622789,[]
2026-06-01,13:47:12.656156,[]
2026-06-01,13:47:12.689523,[]
2026-06-01,13:47:12.722890,[]
2026-06-01,13:47:12.756257,[]
2026-06-01,13:47:12.789624,[]
2026-06-01,13:47:12.822991,[]
2026-06-01,13:47:12.856358,[]
2026-06-01,13:47:12.889725,[]
2026-06-01,13:47:12.923092,[]
2026-06-01,13:47:12.956459,[]
2026-06-01,13:47:12.989826,[]
2026-06-01,13:47:13.023193,[]
2026-06-01,13:47:13.056560,[]
2026-06-01,13:47:13.089927,[]
2026-06-01,13:47:13.123294,[]
2026-06-01,13:47:13.156661,[]
2026-06-01,13:47:13.190028,[]
2026-06-01,13:47:13.223395,[]
2026-06-01,13:47:13.256762,[]
2026-06-01,13:47:13.290129,[]
2026-06-01,13:47:13.323496,[]
2026-06-01,13:47:13.356863,[]
2026-06-01,13:47:13.390230,[]
2026-06-01,13:47:13.423597,[]
2026-06-01,13:47:13.456964,[]
2026-06-01,13:47:13.490331,[]
2026-06-01,13:47:13.523698,[]
2026-06-01,13:47:13.557065,[]
2026-06-01,13:47:13.590432,[]
2026-06-01,13:47:13.623799,[]
2026-06-01,13:47:13.657166,[]
2026-06-01,13:47:13.690533,[]
2026-06-01,13:47:13.723900,[]
2026-06-01,13:47:13.757267,[]
2026-06-01,13:47:13.790634,[]
2026-06-01,13:47:13.824001,[]
2026-06-01,13:47:13.857368,[]
2026-06-01,13:47:13.890735,[]
2026-06-01,13:47:13.924102,[]
2026-06-01,13:47:13.957469,[]
2026-06-01,13:47:13.990836,[]
2026-06-01,13:47:14.024203,[]
2026-06-01,13:47:14.057570,[]
2026-06-01,13:47:14.090937,[]
2026-06-01,13:47:14.124304,[]
2026-06-01,13:47:14.157671,[]
2026-06-01,13:47:14.191038,[]
2026-06-01,13:47:14.224405,[]
2026-06-01,13:47:14.257772,[]
2026-06-01,13:47:14.291139,[]
2026-06-01,13:47:14.324506,[]
2026-06-01,13:47:14.357873,[]
2026-06-01,13:47:14.391240,[]
2026-06-01,13:47:14.424607,[]
2026-06-01,13:47:14.457974,[]
2026-06-01,13:47:14.491341,[]
2026-06-01,13:47:14.524708,[]
2026-06-01,13:47:14.558075,[]
2026-06-01,13:47:14.591442,[]
2026-06-01,13:47:14.624809,[]
2026-06-01,13:47:14.658176,[]
2026-06-01,13:47:14.691543,[]
2026-06-01,13:47:14.724910,[]
2026-06-01,13:47:14.758277,[]
2026-06-01,13:47:14.791644,[]
2026-06-01,13:47:14.825011,[]
2026-06-01,13:47:14.858378,[]
2026-06-01,13:47:14.891745,[]
2026-06-01,13:47:14.925112,[]
2026-06-01,13:47:14.958479,[]
2026-06-01,13:47:14.991846,[]
2026-06-01,13:47:15.025213,[]
2026-06-01,13:47:15.058580,[]
2026-06-01,13:47:15.091947,[]
2026-06-01,13:47:15.125314,[]
2026-06-01,13:47:15.158681,[]
2026-06-01,13:47:15.192048,[]
2026-06-01,13:47:15.225415,[]
2026-06-01,13:47:15.258782,[]
2026-06-01,13:47:15.292149,[]
2026-06-01,13:47:15.325516,[]
2026-06-01,13:47:15.358883,[]
2026-06-01,13:47:15.392250,[]
2026-06-01,13:47:15.425617,[]
2026-06-01,13:47:15.458984,[]
2026-06-01,13:47:15.492351,[]
2026-06-01,13:47:15.525718,[]
2026-06-01,13:47:15.559085,[]
2026-06-01,13:47:15.592452,[]
2026-06-01,13:47:15.625819,[]
2026-06-01,13:47:15.659186,[]
2026-06-01,13:47:15.692553,[]
2026-06-01,13:47:15.725920,[]
2026-06-01,13:47:15.759287,[]
2026-06-01,13:47:15.792654,[]
2026-06-01,13:47:15.826021,[]
2026-06-01,13:47:15.859388,[]
2026-06-01,13:47:15.892755,[]
2026-06-01,13:47:15.926122,[]
2026-06-01,13:47:15.959489,[]
2026-06-01,13:47:15.992856,[]
2026-06-01,13:47:16.026223,[]
2026-06-01,13:47:16.059590,[]
2026-06-01,13:47:16.092957,[]
2026-06-01,13:47:16.126324,[]
2026-06-01,13:47:16.159691,[]
2026-06-01,13:47:16.193058,[]
2026-06-01,13:47:16.226425,[]
2026-06-01,13:47:16.259792,[]
2026-06-01,13:47:16.293159,[]
2026-06-01,13:47:16.326526,[]
2026-06-01,13:47:16.359893,[]
2026-06-01,13:47:16.393260,[]
2026-06-01,13:47:16.426627,[]
2026-06-01,13:47:16.459994,[]
2026-06-01,13:47:16.493361,[]
2026-06-01,13:47:16.526728,[]
2026-06-01,13:47:16.560095,[]
2026-06-01,13:47:16.593462,[]
2026-06-01,13:47:16.626829,[]
2026-06-01,13:47:16.660196,[]
2026-06-01,13:47:16.693563,[]
2026-06-01,13:47:16.726930,[]
2026-06-01,13:47:16.760297,[]
2026-06-01,13:47:16.793664,[]
2026-06-01,13:47:16.827031,[]
2026-06-01,13:47:16.860398,[]
2026-06-01,13:47:16.893765,[]
2026-06-01,13:47:16.927132,[]
2026-06-01,13:47:16.960499,[]
2026-06-01,13:47:16.993866,[]
2026-06-01,13:47:17.027233,[]
2026-06-01,13:47:17.060600,[]
2026-06-01,13:47:17.093967,[]
2026-06-01,13:47:17.127334,[]
2026-06-01,13:47:17.160701,[]
2026-06-01,13:47:17.194068,[]
2026-06-01,13:47:17.227435,[]
2026-06-01,13:47:17.260802,[]
2026-06-01,13:47:17.294169,[]
2026-06-01,13:47:17.327536,[]
2026-06-01,13:47:17.360903,[]
2026-06-01,13:47:17.394270,[]
2026-06-01,13:47:17.427637,[]
2026-06-01,13:47:17.461004,[]
2026-06-01,13:47:17.494371,[]
2026-06-01,13:47:17.527738,[]
2026-06-01,13:47:17.561105,[]
2026-06-01,13:47:17.594472,[]
2026-06-01,13:47:17.627839,[]
2026-06-01,13:47:17.661206,[]
2026-06-01,13:47:17.694573,[]
2026-06-01,13:47:17.727940,[]
2026-06-01,13:47:17.761307,[]
2026-06-01,13:47:17.794674,[]
2026-06-01,13:47:17.828041,[]
2026-06-01,13:47:17.861408,[]
2026-06-01,13:47:17.894775,[]
2026-06-01,13:47:17.928142,[]
2026-06-01,13:47:17.961509,[]
2026-06-01,13:47:17.994876,[]
2026-06-01,13:47:18.028243,[]
2026-06-01,13:47:18.061610,[]
2026-06-01,13:47:18.094977,[]
2026-06-01,13:47:18.128344,[]
2026-06-01,13:47:18.161711,[]
2026-06-01,13:47:18.195078,[]
2026-06-01,13:47:18.228445,[]
2026-06-01,13:47:18.261812,[]
2026-06-01,13:47:18.295179,[]
2026-06-01,13:47:18.328546,[]
2026-06-01,13:47:18.361913,[]
2026-06-01,13:47:18.395280,[]
2026-06-01,13:47:18.428647,[]
2026-06-01,13:47:18.462014,[]
2026-06-01,13:47:18.495381,[]
2026-06-01,13:47:18.528748,[]
2026-06-01,13:47:18.562115,[]
2026-06-01,13:47:18.595482,[]
2026-06-01,13:47:18.628849,[]
2026-06-01,13:47:18.662216,[]
2026-06-01,13:47:18.695583,[]
2026-06-01,13:47:18.728950,[]
2026-06-01,13:47:18.762317,[]
2026-06-01,13:47:18.795684,[]
2026-06-01,13:47:18.829051,[]
2026-06-01,13:47:18.862418,[]
2026-06-01,13:47:18.895785,[]
2026-06-01,13:47:18.929152,[]
2026-06-01,13:47:18.962519,[]
2026-06-01,13:47:18.995886,[]
2026-06-01,13:47:19.029253,[]
2026-06-01,13:47:19.062620,[]
2026-06-01,13:47:19.095987,[]
2026-06-01,13:47:19.129354,[]
2026-06-01,13:47:19.162721,[]
2026-06-01,13:47:19.196088,[]
2026-06-01,13:47:19.229455,[]
2026-06-01,13:47:19.262822,[]
2026-06-01,13:47:19.296189,[]
2026-06-01,13:47:19.329556,[]
2026-06-01,13:47:19.362923,[]
2026-06-01,13:47:19.396290,[]
2026-06-01,13:47:19.429657,[]
2026-06-01,13:47:19.463024,[]
2026-06-01,13:47:19.496391,[]
2026-06-01,13:47:19.529758,[]
2026-06-01,13:47:19.563125,[]
2026-06-01,13:47:19.596492,[]
2026-06-01,13:47:19.629859,['EL63245']
2026-06-01,13:47:19.663226,['EL63245']
2026-06-01,13:47:19.696593,['EL63245']
2026-06-01,13:47:19.729960,['EL63245']
2026-06-01,13:47:19.763327,['EL63245']
2026-06-01,13:47:19.796694,['EL63245']
2026-06-01,13:47:19.830061,['EL63245']
2026-06-01,13:47:19.863428,['EL63245']
2026-06-01,13:47:19.896795,['EL63245']
2026-06-01,13:47:19.930162,['EL63245']
2026-06-01,13:47:19.963529,[]
2026-06-01,13:47:19.996896,[]
2026-06-01,13:47:20.030263,[]
2026-06-01,13:47:20.063630,[]
2026-06-01,13:47:20.096997,[]
2026-06-01,13:47:20.130364,[]
2026-06-01,13:47:20.163731,[]
2026-06-01,13:47:20.197098,[]
2026-06-01,13:47:20.230465,[]
2026-06-01,13:47:20.263832,[]
2026-06-01,13:47:20.297199,[]
2026-06-01,13:47:20.330566,[]
2026-06-01,13:47:20.363933,[]
2026-06-01,13:47:20.397300,[]
2026-06-01,13:47:20.430667,[]
2026-06-01,13:47:20.464034,[]
2026-06-01,13:47:20.497401,[]
2026-06-01,13:47:20.530768,[]
2026-06-01,13:47:20.564135,[]
2026-06-01,13:47:20.597502,[]
2026-06-01,13:47:20.630869,[]
2026-06-01,13:47:20.664236,[]
2026-06-01,13:47:20.697603,[]
2026-06-01,13:47:20.730970,[]
2026-06-01,13:47:20.764337,[]
2026-06-01,13:47:20.797704,[]
2026-06-01,13:47:20.831071,[]
2026-06-01,13:47:20.864438,[]
2026-06-01,13:47:20.897805,[]
2026-06-01,13:47:20.931172,[]
2026-06-01,13:47:20.964539,[]
2026-06-01,13:47:20.997906,[]
2026-06-01,13:47:21.031273,[]
2026-06-01,13:47:21.064640,[]
2026-06-01,13:47:21.098007,[]
2026-06-01,13:47:21.131374,[]
2026-06-01,13:47:21.164741,[]
2026-06-01,13:47:21.198108,[]
2026-06-01,13:47:21.231475,[]
2026-06-01,13:47:21.264842,[]
2026-06-01,13:47:21.298209,[]
2026-06-01,13:47:21.331576,[]
2026-06-01,13:47:21.364943,[]
2026-06-01,13:47:21.398310,[]
2026-06-01,13:47:21.431677,[]
2026-06-01,13:47:21.465044,[]
2026-06-01,13:47:21.498411,[]
2026-06-01,13:47:21.531778,[]
2026-06-01,13:47:21.565145,[]
2026-06-01,13:47:21.598512,[]
2026-06-01,13:47:21.631879,[]
2026-06-01,13:47:21.665246,[]
2026-06-01,13:47:21.698613,[]
2026-06-01,13:47:21.731980,[]
2026-06-01,13:47:21.765347,[]
2026-06-01,13:47:21.798714,[]
2026-06-01,13:47:21.832081,[]
2026-06-01,13:47:21.865448,[]
2026-06-01,13:47:21.898815,[]
2026-06-01,13:47:21.932182,[]
2026-06-01,13:47:21.965549,[]
2026-06-01,13:47:21.998916,[]
2026-06-01,13:47:22.032283,[]
2026-06-01,13:47:22.065650,[]
2026-06-01,13:47:22.099017,[]
2026-06-01,13:47:22.132384,[]
2026-06-01,13:47:22.165751,[]
2026-06-01,13:47:22.199118,[]
2026-06-01,13:47:22.232485,[]
2026-06-01,13:47:22.265852,[]
2026-06-01,13:47:22.299219,[]
2026-06-01,13:47:22.332586,[]
2026-06-01,13:47:22.365953,[]
2026-06-01,13:47:22.399320,[]
2026-06-01,13:47:22.432687,[]
2026-06-01,13:47:22.466054,[]
2026-06-01,13:47:22.499421,[]
2026-06-01,13:47:22.532788,[]
2026-06-01,13:47:22.566155,[]
2026-06-01,13:47:22.599522,[]
2026-06-01,13:47:22.632889,[]
2026-06-01,13:47:22.666256,[]
2026-06-01,13:47:22.699623,[]
2026-06-01,13:47:22.732990,[]
2026-06-01,13:47:22.766357,[]
2026-06-01,13:47:22.799724,[]
2026-06-01,13:47:22.833091,[]
2026-06-01,13:47:22.866458,[]
2026-06-01,13:47:22.899825,[]
2026-06-01,13:47:22.933192,[]
2026-06-01,13:47:22.966559,[]
2026-06-01,13:47:22.999926,[]
2026-06-01,13:47:23.033293,[]
2026-06-01,13:47:23.066660,[]
2026-06-01,13:47:23.100027,[]
2026-06-01,13:47:23.133394,[]
2026-06-01,13:47:23.166761,[]
2026-06-01,13:47:23.200128,[]
2026-06-01,13:47:23.233495,[]
2026-06-01,13:47:23.266862,[]
2026-06-01,13:47:23.300229,[]
2026-06-01,13:47:23.333596,[]
2026-06-01,13:47:23.366963,[]
2026-06-01,13:47:23.400330,[]
2026-06-01,13:47:23.433697,[]
2026-06-01,13:47:23.467064,[]
2026-06-01,13:47:23.500431,[]
2026-06-01,13:47:23.533798,[]
2026-06-01,13:47:23.567165,[]
2026-06-01,13:47:23.600532,[]
2026-06-01,13:47:23.633899,[]
2026-06-01,13:47:23.667266,[]
2026-06-01,13:47:23.700633,[]
2026-06-01,13:47:23.734000,[]
2026-06-01,13:47:23.767367,[]
2026-06-01,13:47:23.800734,[]
2026-06-01,13:47:23.834101,[]
2026-06-01,13:47:23.867468,[]
2026-06-01,13:47:23.900835,['EF62877']
2026-06-01,13:47:23.934202,['EF62877']
2026-06-01,13:47:23.967569,['EF62877']
2026-06-01,13:47:24.000936,['EF62877']
2026-06-01,13:47:24.034303,['EF62877']
2026-06-01,13:47:24.067670,['EF62877']
2026-06-01,13:47:24.101037,['EF62877']
2026-06-01,13:47:24.134404,['EF62877']
2026-06-01,13:47:24.167771,['EF62877']
2026-06-01,13:47:24.201138,['EF62877']
2026-06-01,13:47:24.234505,[]
2026-06-01,13:47:24.267872,[]
2026-06-01,13:47:24.301239,[]
2026-06-01,13:47:24.334606,[]
2026-06-01,13:47:24.367973,[]
2026-06-01,13:47:24.401340,[]
2026-06-01,13:47:24.434707,[]
2026-06-01,13:47:24.468074,[]
2026-06-01,13:47:24.501441,[]
2026-06-01,13:47:24.534808,[]
2026-06-01,13:47:24.568175,[]
2026-06-01,13:47:24.601542,[]
2026-06-01,13:47:24.634909,[]
2026-06-01,13:47:24.668276,[]
2026-06-01,13:47:24.701643,[]
2026-06-01,13:47:24.735010,[]
2026-06-01,13:47:24.768377,[]
2026-06-01,13:47:24.801744,[]
2026-06-01,13:47:24.835111,[]
2026-06-01,13:47:24.868478,[]
2026-06-01,13:47:24.901845,[]
2026-06-01,13:47:24.935212,[]
2026-06-01,13:47:24.968579,[]
2026-06-01,13:47:25.001946,[]
2026-06-01,13:47:25.035313,[]
2026-06-01,13:47:25.068680,[]
2026-06-01,13:47:25.102047,[]
2026-06-01,13:47:25.135414,[]
2026-06-01,13:47:25.168781,[]
2026-06-01,13:47:25.202148,[]
2026-06-01,13:47:25.235515,[]
2026-06-01,13:47:25.268882,[]
2026-06-01,13:47:25.302249,[]
2026-06-01,13:47:25.335616,[]
2026-06-01,13:47:25.368983,[]
2026-06-01,13:47:25.402350,[]
2026-06-01,13:47:25.435717,[]
2026-06-01,13:47:25.469084,[]
2026-06-01,13:47:25.502451,[]
2026-06-01,13:47:25.535818,[]
2026-06-01,13:47:25.569185,[]
2026-06-01,13:47:25.602552,[]
2026-06-01,13:47:25.635919,[]
2026-06-01,13:47:25.669286,[]
2026-06-01,13:47:25.702653,[]
2026-06-01,13:47:25.736020,[]
2026-06-01,13:47:25.769387,[]
2026-06-01,13:47:25.802754,[]
2026-06-01,13:47:25.836121,[]
2026-06-01,13:47:25.869488,[]
2026-06-01,13:47:25.902855,[]
2026-06-01,13:47:25.936222,[]
2026-06-01,13:47:25.969589,[]
2026-06-01,13:47:26.002956,[]
2026-06-01,13:47:26.036323,[]
2026-06-01,13:47:26.069690,[]
2026-06-01,13:47:26.103057,[]
2026-06-01,13:47:26.136424,[]
2026-06-01,13:47:26.169791,[]
2026-06-01,13:47:26.203158,[]
2026-06-01,13:47:26.236525,[]
2026-06-01,13:47:26.269892,[]
2026-06-01,13:47:26.303259,[]
2026-06-01,13:47:26.336626,[]
2026-06-01,13:47:26.369993,[]
2026-06-01,13:47:26.403360,[]
2026-06-01,13:47:26.436727,[]
2026-06-01,13:47:26.470094,[]
2026-06-01,13:47:26.503461,[]
2026-06-01,13:47:26.536828,[]
2026-06-01,13:47:26.570195,[]
2026-06-01,13:47:26.603562,[]
2026-06-01,13:47:26.636929,[]
2026-06-01,13:47:26.670296,[]
2026-06-01,13:47:26.703663,[]
2026-06-01,13:47:26.737030,[]
2026-06-01,13:47:26.770397,[]
2026-06-01,13:47:26.803764,[]
2026-06-01,13:47:26.837131,[]
2026-06-01,13:47:26.870498,[]
2026-06-01,13:47:26.903865,[]
2026-06-01,13:47:26.937232,[]
2026-06-01,13:47:26.970599,[]
2026-06-01,13:47:27.003966,[]
2026-06-01,13:47:27.037333,[]
2026-06-01,13:47:27.070700,[]
2026-06-01,13:47:27.104067,[]
2026-06-01,13:47:27.137434,[]
2026-06-01,13:47:27.170801,[]
2026-06-01,13:47:27.204168,[]
2026-06-01,13:47:27.237535,[]
2026-06-01,13:47:27.270902,[]
2026-06-01,13:47:27.304269,[]
2026-06-01,13:47:27.337636,[]
2026-06-01,13:47:27.371003,[]
2026-06-01,13:47:27.404370,[]
2026-06-01,13:47:27.437737,[]
2026-06-01,13:47:27.471104,[]
2026-06-01,13:47:27.504471,[]
2026-06-01,13:47:27.537838,[]
2026-06-01,13:47:27.571205,[]
2026-06-01,13:47:27.604572,[]
2026-06-01,13:47:27.637939,[]
2026-06-01,13:47:27.671306,[]
2026-06-01,13:47:27.704673,[]
2026-06-01,13:47:27.738040,[]
2026-06-01,13:47:27.771407,[]
2026-06-01,13:47:27.804774,[]
2026-06-01,13:47:27.838141,[]
2026-06-01,13:47:27.871508,[]
2026-06-01,13:47:27.904875,[]
2026-06-01,13:47:27.938242,[]
2026-06-01,13:47:27.971609,[]
2026-06-01,13:47:28.004976,[]
2026-06-01,13:47:28.038343,[]
2026-06-01,13:47:28.071710,[]
2026-06-01,13:47:28.105077,[]
2026-06-01,13:47:28.138444,[]
2026-06-01,13:47:28.171811,[]
2026-06-01,13:47:28.205178,[]
2026-06-01,13:47:28.238545,[]
2026-06-01,13:47:28.271912,[]
2026-06-01,13:47:28.305279,[]
2026-06-01,13:47:28.338646,[]
2026-06-01,13:47:28.372013,[]
2026-06-01,13:47:28.405380,[]
2026-06-01,13:47:28.438747,[]
2026-06-01,13:47:28.472114,[]
2026-06-01,13:47:28.505481,[]
2026-06-01,13:47:28.538848,[]
2026-06-01,13:47:28.572215,[]
2026-06-01,13:47:28.605582,[]
2026-06-01,13:47:28.638949,[]
2026-06-01,13:47:28.672316,[]
2026-06-01,13:47:28.705683,[]
2026-06-01,13:47:28.739050,[]
2026-06-01,13:47:28.772417,[]
2026-06-01,13:47:28.805784,[]
2026-06-01,13:47:28.839151,[]
2026-06-01,13:47:28.872518,[]
2026-06-01,13:47:28.905885,[]
2026-06-01,13:47:28.939252,[]
2026-06-01,13:47:28.972619,[]
2026-06-01,13:47:29.005986,[]
2026-06-01,13:47:29.039353,[]
2026-06-01,13:47:29.072720,[]
2026-06-01,13:47:29.106087,[]
2026-06-01,13:47:29.139454,[]
2026-06-01,13:47:29.172821,[]
2026-06-01,13:47:29.206188,[]
2026-06-01,13:47:29.239555,[]
2026-06-01,13:47:29.272922,['DM85422']
2026-06-01,13:47:29.306289,['DM85422']
2026-06-01,13:47:29.339656,['DM85422']
2026-06-01,13:47:29.373023,['DM85422']
2026-06-01,13:47:29.406390,['DM85422']
2026-06-01,13:47:29.439757,['DM85422']
2026-06-01,13:47:29.473124,['DM85422']
2026-06-01,13:47:29.506491,['DM85422']
2026-06-01,13:47:29.539858,['DM85422']
2026-06-01,13:47:29.573225,[]
2026-06-01,13:47:29.606592,[]
2026-06-01,13:47:29.639959,[]
2026-06-01,13:47:29.673326,[]
2026-06-01,13:47:29.706693,[]
2026-06-01,13:47:29.740060,[]
2026-06-01,13:47:29.773427,[]
2026-06-01,13:47:29.806794,[]
2026-06-01,13:47:29.840161,[]
2026-06-01,13:47:29.873528,[]
2026-06-01,13:47:29.906895,[]
2026-06-01,13:47:29.940262,[]
2026-06-01,13:47:29.973629,[]
2026-06-01,13:47:30.006996,[]
2026-06-01,13:47:30.040363,[]
2026-06-01,13:47:30.073730,[]
2026-06-01,13:47:30.107097,[]
2026-06-01,13:47:30.140464,[]
2026-06-01,13:47:30.173831,[]
2026-06-01,13:47:30.207198,[]
2026-06-01,13:47:30.240565,[]
2026-06-01,13:47:30.273932,[]
2026-06-01,13:47:30.307299,[]
2026-06-01,13:47:30.340666,[]
2026-06-01,13:47:30.374033,[]
2026-06-01,13:47:30.407400,[]
2026-06-01,13:47:30.440767,[]
2026-06-01,13:47:30.474134,[]
2026-06-01,13:47:30.507501,[]
2026-06-01,13:47:30.540868,[]
2026-06-01,13:47:30.574235,[]
2026-06-01,13:47:30.607602,[]
2026-06-01,13:47:30.640969,[]
2026-06-01,13:47:30.674336,[]
2026-06-01,13:47:30.707703,[]
2026-06-01,13:47:30.741070,[]
2026-06-01,13:47:30.774437,[]
2026-06-01,13:47:30.807804,[]
2026-06-01,13:47:30.841171,[]
2026-06-01,13:47:30.874538,[]
2026-06-01,13:47:30.907905,[]
2026-06-01,13:47:30.941272,[]
2026-06-01,13:47:30.974639,[]
2026-06-01,13:47:31.008006,[]
2026-06-01,13:47:31.041373,[]
2026-06-01,13:47:31.074740,[]
2026-06-01,13:47:31.108107,[]
2026-06-01,13:47:31.141474,[]
2026-06-01,13:47:31.174841,[]
2026-06-01,13:47:31.208208,[]
2026-06-01,13:47:31.241575,[]
2026-06-01,13:47:31.274942,[]
2026-06-01,13:47:31.308309,[]
2026-06-01,13:47:31.341676,[]
2026-06-01,13:47:31.375043,[]
2026-06-01,13:47:31.408410,[]
2026-06-01,13:47:31.441777,[]
2026-06-01,13:47:31.475144,[]
2026-06-01,13:47:31.508511,[]
2026-06-01,13:47:31.541878,[]
2026-06-01,13:47:31.575245,[]
2026-06-01,13:47:31.608612,[]
2026-06-01,13:47:31.641979,[]
2026-06-01,13:47:31.675346,[]
2026-06-01,13:47:31.708713,[]
2026-06-01,13:47:31.742080,[]
2026-06-01,13:47:31.775447,[]
2026-06-01,13:47:31.808814,[]
2026-06-01,13:47:31.842181,[]
2026-06-01,13:47:31.875548,[]
2026-06-01,13:47:31.908915,[]
2026-06-01,13:47:31.942282,[]
2026-06-01,13:47:31.975649,[]
2026-06-01,13:47:32.009016,[]
2026-06-01,13:47:32.042383,[]
2026-06-01,13:47:32.075750,[]
2026-06-01,13:47:32.109117,[]
2026-06-01,13:47:32.142484,[]
2026-06-01,13:47:32.175851,[]
2026-06-01,13:47:32.209218,[]
2026-06-01,13:47:32.242585,[]
2026-06-01,13:47:32.275952,[]
2026-06-01,13:47:32.309319,[]
2026-06-01,13:47:32.342686,[]
2026-06-01,13:47:32.376053,[]
2026-06-01,13:47:32.409420,[]
2026-06-01,13:47:32.442787,[]
2026-06-01,13:47:32.476154,[]
2026-06-01,13:47:32.509521,[]
2026-06-01,13:47:32.542888,[]
2026-06-01,13:47:32.576255,[]
2026-06-01,13:47:32.609622,[]
2026-06-01,13:47:32.642989,[]
2026-06-01,13:47:32.676356,[]
2026-06-01,13:47:32.709723,[]
2026-06-01,13:47:32.743090,[]
2026-06-01,13:47:32.776457,[]
2026-06-01,13:47:32.809824,[]
2026-06-01,13:47:32.843191,[]
2026-06-01,13:47:32.876558,[]
2026-06-01,13:47:32.909925,[]
2026-06-01,13:47:32.943292,[]
2026-06-01,13:47:32.976659,[]
2026-06-01,13:47:33.010026,[]
2026-06-01,13:47:33.043393,[]
2026-06-01,13:47:33.076760,[]
2026-06-01,13:47:33.110127,[]
2026-06-01,13:47:33.143494,[]
2026-06-01,13:47:33.176861,[]
2026-06-01,13:47:33.210228,[]
2026-06-01,13:47:33.243595,[]
2026-06-01,13:47:33.276962,[]
2026-06-01,13:47:33.310329,[]
2026-06-01,13:47:33.343696,[]
2026-06-01,13:47:33.377063,[]
2026-06-01,13:47:33.410430,[]
2026-06-01,13:47:33.443797,[]
2026-06-01,13:47:33.477164,[]
2026-06-01,13:47:33.510531,[]
2026-06-01,13:47:33.543898,[]
2026-06-01,13:47:33.577265,[]
2026-06-01,13:47:33.610632,[]
2026-06-01,13:47:33.643999,[]
2026-06-01,13:47:33.677366,[]
2026-06-01,13:47:33.710733,[]
2026-06-01,13:47:33.744100,[]
2026-06-01,13:47:33.777467,[]
2026-06-01,13:47:33.810834,[]
2026-06-01,13:47:33.844201,[]
2026-06-01,13:47:33.877568,[]
2026-06-01,13:47:33.910935,[]
2026-06-01,13:47:33.944302,[]
2026-06-01,13:47:33.977669,[]
2026-06-01,13:47:34.011036,[]
2026-06-01,13:47:34.044403,[]
2026-06-01,13:47:34.077770,[]
2026-06-01,13:47:34.111137,[]
2026-06-01,13:47:34.144504,[]
2026-06-01,13:47:34.177871,[]
2026-06-01,13:47:34.211238,[]
2026-06-01,13:47:34.244605,[]
2026-06-01,13:47:34.277972,[]
2026-06-01,13:47:34.311339,[]
2026-06-01,13:47:34.344706,[]
2026-06-01,13:47:34.378073,[]
2026-06-01,13:47:34.411440,[]
2026-06-01,13:47:34.444807,[]
2026-06-01,13:47:34.478174,[]
2026-06-01,13:47:34.511541,[]
2026-06-01,13:47:34.544908,[]
2026-06-01,13:47:34.578275,[]
2026-06-01,13:47:34.611642,[]
2026-06-01,13:47:34.645009,[]
2026-06-01,13:47:34.678376,[]
2026-06-01,13:47:34.711743,[]
2026-06-01,13:47:34.745110,[]
2026-06-01,13:47:34.778477,[]
2026-06-01,13:47:34.811844,[]
2026-06-01,13:47:34.845211,[]
2026-06-01,13:47:34.878578,[]
2026-06-01,13:47:34.911945,[]
2026-06-01,13:47:34.945312,[]
2026-06-01,13:47:34.978679,[]
2026-06-01,13:47:35.012046,[]
2026-06-01,13:47:35.045413,[]
2026-06-01,13:47:35.078780,[]
2026-06-01,13:47:35.112147,[]
2026-06-01,13:47:35.145514,[]
2026-06-01,13:47:35.178881,[]
2026-06-01,13:47:35.212248,[]
2026-06-01,13:47:35.245615,[]
2026-06-01,13:47:35.278982,[]
2026-06-01,13:47:35.312349,[]
2026-06-01,13:47:35.345716,[]
2026-06-01,13:47:35.379083,[]
2026-06-01,13:47:35.412450,[]
2026-06-01,13:47:35.445817,[]
2026-06-01,13:47:35.479184,[]
2026-06-01,13:47:35.512551,[]
2026-06-01,13:47:35.545918,[]
2026-06-01,13:47:35.579285,[]
2026-06-01,13:47:35.612652,[]
2026-06-01,13:47:35.646019,[]
2026-06-01,13:47:35.679386,[]
2026-06-01,13:47:35.712753,[]
2026-06-01,13:47:35.746120,[]
2026-06-01,13:47:35.779487,[]
2026-06-01,13:47:35.812854,[]
2026-06-01,13:47:35.846221,[]
2026-06-01,13:47:35.879588,[]
2026-06-01,13:47:35.912955,[]
2026-06-01,13:47:35.946322,[]
2026-06-01,13:47:35.979689,[]
2026-06-01,13:47:36.013056,[]
2026-06-01,13:47:36.046423,[]
2026-06-01,13:47:36.079790,[]
2026-06-01,13:47:36.113157,[]
2026-06-01,13:47:36.146524,[]
2026-06-01,13:47:36.179891,[]
2026-06-01,13:47:36.213258,[]
2026-06-01,13:47:36.246625,[]
2026-06-01,13:47:36.279992,[]
2026-06-01,13:47:36.313359,[]
2026-06-01,13:47:36.346726,[]
2026-06-01,13:47:36.380093,[]
2026-06-01,13:47:36.413460,[]
2026-06-01,13:47:36.446827,[]
2026-06-01,13:47:36.480194,[]
2026-06-01,13:47:36.513561,[]
2026-06-01,13:47:36.546928,[]
2026-06-01,13:47:36.580295,[]
2026-06-01,13:47:36.613662,[]
2026-06-01,13:47:36.647029,[]
2026-06-01,13:47:36.680396,[]
2026-06-01,13:47:36.713763,[]
2026-06-01,13:47:36.747130,[]
2026-06-01,13:47:36.780497,[]
2026-06-01,13:47:36.813864,[]
2026-06-01,13:47:36.847231,[]
2026-06-01,13:47:36.880598,[]
2026-06-01,13:47:36.913965,[]
2026-06-01,13:47:36.947332,[]
2026-06-01,13:47:36.980699,[]
2026-06-01,13:47:37.014066,[]
2026-06-01,13:47:37.047433,[]
2026-06-01,13:47:37.080800,[]
2026-06-01,13:47:37.114167,[]
2026-06-01,13:47:37.147534,[]
2026-06-01,13:47:37.180901,[]
2026-06-01,13:47:37.214268,[]
2026-06-01,13:47:37.247635,[]
2026-06-01,13:47:37.281002,[]
2026-06-01,13:47:37.314369,[]
2026-06-01,13:47:37.347736,[]
2026-06-01,13:47:37.381103,[]
2026-06-01,13:47:37.414470,[]
2026-06-01,13:47:37.447837,[]
2026-06-01,13:47:37.481204,[]
2026-06-01,13:47:37.514571,[]
2026-06-01,13:47:37.547938,[]
2026-06-01,13:47:37.581305,[]
2026-06-01,13:47:37.614672,[]
2026-06-01,13:47:37.648039,[]
2026-06-01,13:47:37.681406,[]
2026-06-01,13:47:37.714773,[]
2026-06-01,13:47:37.748140,[]
2026-06-01,13:47:37.781507,[]
2026-06-01,13:47:37.814874,[]
2026-06-01,13:47:37.848241,[]
2026-06-01,13:47:37.881608,[]
2026-06-01,13:47:37.914975,[]
2026-06-01,13:47:37.948342,[]
2026-06-01,13:47:37.981709,[]
2026-06-01,13:47:38.015076,[]
2026-06-01,13:47:38.048443,[]
2026-06-01,13:47:38.081810,[]
2026-06-01,13:47:38.115177,[]
2026-06-01,13:47:38.148544,[]
2026-06-01,13:47:38.181911,[]
2026-06-01,13:47:38.215278,[]
2026-06-01,13:47:38.248645,[]
2026-06-01,13:47:38.282012,[]
2026-06-01,13:47:38.315379,[]
2026-06-01,13:47:38.348746,[]
2026-06-01,13:47:38.382113,[]
2026-06-01,13:47:38.415480,[]
2026-06-01,13:47:38.448847,[]
2026-06-01,13:47:38.482214,[]
2026-06-01,13:47:38.515581,[]
2026-06-01,13:47:38.548948,[]
2026-06-01,13:47:38.582315,[]
2026-06-01,13:47:38.615682,[]
2026-06-01,13:47:38.649049,[]
2026-06-01,13:47:38.682416,[]
2026-06-01,13:47:38.715783,[]
2026-06-01,13:47:38.749150,[]
2026-06-01,13:47:38.782517,[]
2026-06-01,13:47:38.815884,[]
2026-06-01,13:47:38.849251,[]
2026-06-01,13:47:38.882618,[]
2026-06-01,13:47:38.915985,[]
2026-06-01,13:47:38.949352,[]
2026-06-01,13:47:38.982719,[]
2026-06-01,13:47:39.016086,[]
2026-06-01,13:47:39.049453,[]
2026-06-01,13:47:39.082820,[]
2026-06-01,13:47:39.116187,[]
2026-06-01,13:47:39.149554,[]
2026-06-01,13:47:39.182921,[]
2026-06-01,13:47:39.216288,[]
2026-06-01,13:47:39.249655,[]
2026-06-01,13:47:39.283022,[]
2026-06-01,13:47:39.316389,[]
2026-06-01,13:47:39.349756,[]
2026-06-01,13:47:39.383123,[]
2026-06-01,13:47:39.416490,[]
2026-06-01,13:47:39.449857,[]
2026-06-01,13:47:39.483224,[]
2026-06-01,13:47:39.516591,[]
2026-06-01,13:47:39.549958,[]
2026-06-01,13:47:39.583325,[]
2026-06-01,13:47:39.616692,[]
2026-06-01,13:47:39.650059,[]
2026-06-01,13:47:39.683426,[]
2026-06-01,13:47:39.716793,[]
2026-06-01,13:47:39.750160,[]
2026-06-01,13:47:39.783527,[]
2026-06-01,13:47:39.816894,[]
2026-06-01,13:47:39.850261,[]
2026-06-01,13:47:39.883628,[]
2026-06-01,13:47:39.916995,[]
2026-06-01,13:47:39.950362,[]
2026-06-01,13:47:39.983729,[]
2026-06-01,13:47:40.017096,[]
2026-06-01,13:47:40.050463,[]
2026-06-01,13:47:40.083830,[]
2026-06-01,13:47:40.117197,[]
2026-06-01,13:47:40.150564,[]
2026-06-01,13:47:40.183931,[]
2026-06-01,13:47:40.217298,[]
2026-06-01,13:47:40.250665,[]
2026-06-01,13:47:40.284032,[]
2026-06-01,13:47:40.317399,[]
2026-06-01,13:47:40.350766,[]
2026-06-01,13:47:40.384133,[]
2026-06-01,13:47:40.417500,[]
2026-06-01,13:47:40.450867,[]
2026-06-01,13:47:40.484234,[]
2026-06-01,13:47:40.517601,[]
2026-06-01,13:47:40.550968,[]
2026-06-01,13:47:40.584335,[]
2026-06-01,13:47:40.617702,[]
2026-06-01,13:47:40.651069,[]
2026-06-01,13:47:40.684436,[]
2026-06-01,13:47:40.717803,[]
2026-06-01,13:47:40.751170,[]
2026-06-01,13:47:40.784537,[]
2026-06-01,13:47:40.817904,[]
2026-06-01,13:47:40.851271,[]
2026-06-01,13:47:40.884638,[]
2026-06-01,13:47:40.918005,[]
2026-06-01,13:47:40.951372,[]
2026-06-01,13:47:40.984739,[]
2026-06-01,13:47:41.018106,[]
2026-06-01,13:47:41.051473,[]
2026-06-01,13:47:41.084840,[]
2026-06-01,13:47:41.118207,[]
2026-06-01,13:47:41.151574,[]
2026-06-01,13:47:41.184941,[]
2026-06-01,13:47:41.218308,[]
2026-06-01,13:47:41.251675,[]
2026-06-01,13:47:41.285042,[]
2026-06-01,13:47:41.318409,[]
2026-06-01,13:47:41.351776,[]
2026-06-01,13:47:41.385143,[]
2026-06-01,13:47:41.418510,[]
2026-06-01,13:47:41.451877,[]
2026-06-01,13:47:41.485244,[]
2026-06-01,13:47:41.518611,[]
2026-06-01,13:47:41.551978,[]
2026-06-01,13:47:41.585345,[]
2026-06-01,13:47:41.618712,[]
2026-06-01,13:47:41.652079,[]
2026-06-01,13:47:41.685446,[]
2026-06-01,13:47:41.718813,[]
2026-06-01,13:47:41.752180,[]
2026-06-01,13:47:41.785547,[]
2026-06-01,13:47:41.818914,[]
2026-06-01,13:47:41.852281,[]
2026-06-01,13:47:41.885648,[]
2026-06-01,13:47:41.919015,[]
2026-06-01,13:47:41.952382,[]
2026-06-01,13:47:41.985749,[]
2026-06-01,13:47:42.019116,[]
2026-06-01,13:47:42.052483,[]
2026-06-01,13:47:42.085850,[]
2026-06-01,13:47:42.119217,[]
2026-06-01,13:47:42.152584,[]
2026-06-01,13:47:42.185951,[]
2026-06-01,13:47:42.219318,[]
2026-06-01,13:47:42.252685,[]
2026-06-01,13:47:42.286052,[]
2026-06-01,13:47:42.319419,[]
2026-06-01,13:47:42.352786,[]
2026-06-01,13:47:42.386153,[]
2026-06-01,13:47:42.419520,[]
2026-06-01,13:47:42.452887,[]
2026-06-01,13:47:42.486254,[]
2026-06-01,13:47:42.519621,[]
2026-06-01,13:47:42.552988,[]
2026-06-01,13:47:42.586355,[]
2026-06-01,13:47:42.619722,[]
2026-06-01,13:47:42.653089,[]
2026-06-01,13:47:42.686456,[]
2026-06-01,13:47:42.719823,[]
2026-06-01,13:47:42.753190,[]
2026-06-01,13:47:42.786557,[]
2026-06-01,13:47:42.819924,[]
2026-06-01,13:47:42.853291,[]
2026-06-01,13:47:42.886658,[]
2026-06-01,13:47:42.920025,[]
2026-06-01,13:47:42.953392,[]
2026-06-01,13:47:42.986759,[]
2026-06-01,13:47:43.020126,[]
2026-06-01,13:47:43.053493,[]
2026-06-01,13:47:43.086860,[]
2026-06-01,13:47:43.120227,[]
2026-06-01,13:47:43.153594,[]
2026-06-01,13:47:43.186961,[]
2026-06-01,13:47:43.220328,[]
2026-06-01,13:47:43.253695,[]
2026-06-01,13:47:43.287062,[]
2026-06-01,13:47:43.320429,[]
2026-06-01,13:47:43.353796,[]
2026-06-01,13:47:43.387163,[]
2026-06-01,13:47:43.420530,[]
2026-06-01,13:47:43.453897,[]
2026-06-01,13:47:43.487264,[]
2026-06-01,13:47:43.520631,[]
2026-06-01,13:47:43.553998,[]
2026-06-01,13:47:43.587365,[]
2026-06-01,13:47:43.620732,[]
2026-06-01,13:47:43.654099,[]
2026-06-01,13:47:43.687466,[]
2026-06-01,13:47:43.720833,[]
2026-06-01,13:47:43.754200,[]
2026-06-01,13:47:43.787567,[]
2026-06-01,13:47:43.820934,[]
2026-06-01,13:47:43.854301,[]
2026-06-01,13:47:43.887668,[]
2026-06-01,13:47:43.921035,[]
2026-06-01,13:47:43.954402,[]
2026-06-01,13:47:43.987769,[]
2026-06-01,13:47:44.021136,[]
2026-06-01,13:47:44.054503,[]
2026-06-01,13:47:44.087870,[]
2026-06-01,13:47:44.121237,[]
2026-06-01,13:47:44.154604,[]
2026-06-01,13:47:44.187971,[]
2026-06-01,13:47:44.221338,[]
2026-06-01,13:47:44.254705,[]
2026-06-01,13:47:44.288072,[]
2026-06-01,13:47:44.321439,[]
2026-06-01,13:47:44.354806,[]
2026-06-01,13:47:44.388173,[]
2026-06-01,13:47:44.421540,[]
2026-06-01,13:47:44.454907,[]
2026-06-01,13:47:44.488274,[]
2026-06-01,13:47:44.521641,[]
2026-06-01,13:47:44.555008,[]
2026-06-01,13:47:44.588375,[]
2026-06-01,13:47:44.621742,[]
2026-06-01,13:47:44.655109,[]
2026-06-01,13:47:44.688476,[]
2026-06-01,13:47:44.721843,[]
2026-06-01,13:47:44.755210,[]
2026-06-01,13:47:44.788577,[]
2026-06-01,13:47:44.821944,[]
2026-06-01,13:47:44.855311,[]
2026-06-01,13:47:44.888678,[]
2026-06-01,13:47:44.922045,[]
2026-06-01,13:47:44.955412,[]
2026-06-01,13:47:44.988779,[]
2026-06-01,13:47:45.022146,[]
2026-06-01,13:47:45.055513,[]
2026-06-01,13:47:45.088880,[]
2026-06-01,13:47:45.122247,[]
2026-06-01,13:47:45.155614,[]
2026-06-01,13:47:45.188981,[]
2026-06-01,13:47:45.222348,[]
2026-06-01,13:47:45.255715,[]
2026-06-01,13:47:45.289082,[]
2026-06-01,13:47:45.322449,[]
2026-06-01,13:47:45.355816,[]
2026-06-01,13:47:45.389183,[]
2026-06-01,13:47:45.422550,[]
2026-06-01,13:47:45.455917,[]
2026-06-01,13:47:45.489284,[]
2026-06-01,13:47:45.522651,[]
2026-06-01,13:47:45.556018,[]
2026-06-01,13:47:45.589385,[]
2026-06-01,13:47:45.622752,[]
2026-06-01,13:47:45.656119,[]
2026-06-01,13:47:45.689486,[]
2026-06-01,13:47:45.722853,[]
2026-06-01,13:47:45.756220,[]
2026-06-01,13:47:45.789587,[]
2026-06-01,13:47:45.822954,[]
2026-06-01,13:47:45.856321,[]
2026-06-01,13:47:45.889688,[]
2026-06-01,13:47:45.923055,[]
2026-06-01,13:47:45.956422,[]
2026-06-01,13:47:45.989789,[]
2026-06-01,13:47:46.023156,[]
2026-06-01,13:47:46.056523,[]
2026-06-01,13:47:46.089890,[]
2026-06-01,13:47:46.123257,[]
2026-06-01,13:47:46.156624,[]
2026-06-01,13:47:46.189991,[]
2026-06-01,13:47:46.223358,[]
2026-06-01,13:47:46.256725,[]
2026-06-01,13:47:46.290092,[]
2026-06-01,13:47:46.323459,[]
2026-06-01,13:47:46.356826,[]
2026-06-01,13:47:46.390193,[]
2026-06-01,13:47:46.423560,[]
2026-06-01,13:47:46.456927,[]
2026-06-01,13:47:46.490294,[]
2026-06-01,13:47:46.523661,[]
2026-06-01,13:47:46.557028,[]
2026-06-01,13:47:46.590395,[]
2026-06-01,13:47:46.623762,[]
2026-06-01,13:47:46.657129,[]
2026-06-01,13:47:46.690496,[]
2026-06-01,13:47:46.723863,[]
2026-06-01,13:47:46.757230,[]
2026-06-01,13:47:46.790597,[]
2026-06-01,13:47:46.823964,[]
2026-06-01,13:47:46.857331,[]
2026-06-01,13:47:46.890698,[]
2026-06-01,13:47:46.924065,[]
2026-06-01,13:47:46.957432,[]
2026-06-01,13:47:46.990799,[]
2026-06-01,13:47:47.024166,[]
2026-06-01,13:47:47.057533,[]
2026-06-01,13:47:47.090900,[]
2026-06-01,13:47:47.124267,[]
2026-06-01,13:47:47.157634,[]
2026-06-01,13:47:47.191001,[]
2026-06-01,13:47:47.224368,[]
2026-06-01,13:47:47.257735,[]
2026-06-01,13:47:47.291102,[]
2026-06-01,13:47:47.324469,[]
2026-06-01,13:47:47.357836,[]
2026-06-01,13:47:47.391203,[]
2026-06-01,13:47:47.424570,[]
2026-06-01,13:47:47.457937,[]
2026-06-01,13:47:47.491304,[]
2026-06-01,13:47:47.524671,[]
2026-06-01,13:47:47.558038,[]
2026-06-01,13:47:47.591405,[]
2026-06-01,13:47:47.624772,[]
2026-06-01,13:47:47.658139,[]
2026-06-01,13:47:47.691506,[]
2026-06-01,13:47:47.724873,[]
2026-06-01,13:47:47.758240,[]
2026-06-01,13:47:47.791607,[]
2026-06-01,13:47:47.824974,[]
2026-06-01,13:47:47.858341,[]
2026-06-01,13:47:47.891708,[]
2026-06-01,13:47:47.925075,[]
2026-06-01,13:47:47.958442,[]
2026-06-01,13:47:47.991809,[]
2026-06-01,13:47:48.025176,[]
2026-06-01,13:47:48.058543,[]
2026-06-01,13:47:48.091910,[]
2026-06-01,13:47:48.125277,[]
2026-06-01,13:47:48.158644,[]
2026-06-01,13:47:48.192011,[]
2026-06-01,13:47:48.225378,[]
2026-06-01,13:47:48.258745,[]
2026-06-01,13:47:48.292112,[]
2026-06-01,13:47:48.325479,[]
2026-06-01,13:47:48.358846,[]
2026-06-01,13:47:48.392213,[]
2026-06-01,13:47:48.425580,[]
2026-06-01,13:47:48.458947,[]
2026-06-01,13:47:48.492314,[]
2026-06-01,13:47:48.525681,[]
2026-06-01,13:47:48.559048,[]
2026-06-01,13:47:48.592415,[]
2026-06-01,13:47:48.625782,[]
2026-06-01,13:47:48.659149,[]
2026-06-01,13:47:48.692516,[]
2026-06-01,13:47:48.725883,[]
2026-06-01,13:47:48.759250,[]
2026-06-01,13:47:48.792617,[]
2026-06-01,13:47:48.825984,[]
2026-06-01,13:47:48.859351,[]
2026-06-01,13:47:48.892718,[]
2026-06-01,13:47:48.926085,[]
2026-06-01,13:47:48.959452,[]
2026-06-01,13:47:48.992819,[]
2026-06-01,13:47:49.026186,[]
2026-06-01,13:47:49.059553,[]
2026-06-01,13:47:49.092920,[]
2026-06-01,13:47:49.126287,[]
2026-06-01,13:47:49.159654,[]
2026-06-01,13:47:49.193021,[]
2026-06-01,13:47:49.226388,[]
2026-06-01,13:47:49.259755,[]
2026-06-01,13:47:49.293122,[]
2026-06-01,13:47:49.326489,[]
2026-06-01,13:47:49.359856,[]
2026-06-01,13:47:49.393223,[]
2026-06-01,13:47:49.426590,[]
2026-06-01,13:47:49.459957,[]
2026-06-01,13:47:49.493324,[]
2026-06-01,13:47:49.526691,[]
2026-06-01,13:47:49.560058,[]
2026-06-01,13:47:49.593425,[]
2026-06-01,13:47:49.626792,[]
2026-06-01,13:47:49.660159,[]
2026-06-01,13:47:49.693526,[]
2026-06-01,13:47:49.726893,[]
2026-06-01,13:47:49.760260,[]
2026-06-01,13:47:49.793627,[]
2026-06-01,13:47:49.826994,[]
2026-06-01,13:47:49.860361,[]
2026-06-01,13:47:49.893728,[]
2026-06-01,13:47:49.927095,[]
2026-06-01,13:47:49.960462,[]
2026-06-01,13:47:49.993829,[]
2026-06-01,13:47:50.027196,[]
2026-06-01,13:47:50.060563,[]
2026-06-01,13:47:50.093930,[]
2026-06-01,13:47:50.127297,[]
2026-06-01,13:47:50.160664,[]
2026-06-01,13:47:50.194031,[]
2026-06-01,13:47:50.227398,[]
2026-06-01,13:47:50.260765,[]
2026-06-01,13:47:50.294132,[]
2026-06-01,13:47:50.327499,[]
2026-06-01,13:47:50.360866,[]
2026-06-01,13:47:50.394233,[]
2026-06-01,13:47:50.427600,[]
2026-06-01,13:47:50.460967,[]
2026-06-01,13:47:50.494334,[]
2026-06-01,13:47:50.527701,[]
2026-06-01,13:47:50.561068,[]
2026-06-01,13:47:50.594435,[]
2026-06-01,13:47:50.627802,[]
2026-06-01,13:47:50.661169,[]
2026-06-01,13:47:50.694536,[]
2026-06-01,13:47:50.727903,[]
2026-06-01,13:47:50.761270,[]
2026-06-01,13:47:50.794637,[]
2026-06-01,13:47:50.828004,[]
2026-06-01,13:47:50.861371,[]
2026-06-01,13:47:50.894738,[]
2026-06-01,13:47:50.928105,[]
2026-06-01,13:47:50.961472,[]
2026-06-01,13:47:50.994839,[]
2026-06-01,13:47:51.028206,[]
2026-06-01,13:47:51.061573,[]
2026-06-01,13:47:51.094940,[]
2026-06-01,13:47:51.128307,[]
2026-06-01,13:47:51.161674,[]
2026-06-01,13:47:51.195041,[]
2026-06-01,13:47:51.228408,[]
2026-06-01,13:47:51.261775,[]
2026-06-01,13:47:51.295142,[]
2026-06-01,13:47:51.328509,[]
2026-06-01,13:47:51.361876,[]
2026-06-01,13:47:51.395243,[]
2026-06-01,13:47:51.428610,[]
2026-06-01,13:47:51.461977,[]
2026-06-01,13:47:51.495344,[]
2026-06-01,13:47:51.528711,[]
2026-06-01,13:47:51.562078,[]
2026-06-01,13:47:51.595445,[]
2026-06-01,13:47:51.628812,[]
2026-06-01,13:47:51.662179,[]
2026-06-01,13:47:51.695546,[]
2026-06-01,13:47:51.728913,[]
2026-06-01,13:47:51.762280,[]
2026-06-01,13:47:51.795647,[]
2026-06-01,13:47:51.829014,[]
2026-06-01,13:47:51.862381,[]
2026-06-01,13:47:51.895748,[]
2026-06-01,13:47:51.929115,[]
2026-06-01,13:47:51.962482,[]
2026-06-01,13:47:51.995849,[]
2026-06-01,13:47:52.029216,[]
2026-06-01,13:47:52.062583,[]
2026-06-01,13:47:52.095950,[]
2026-06-01,13:47:52.129317,[]
2026-06-01,13:47:52.162684,[]
2026-06-01,13:47:52.196051,[]
2026-06-01,13:47:52.229418,[]
2026-06-01,13:47:52.262785,[]
2026-06-01,13:47:52.296152,[]
2026-06-01,13:47:52.329519,[]
2026-06-01,13:47:52.362886,[]
2026-06-01,13:47:52.396253,[]
2026-06-01,13:47:52.429620,[]
2026-06-01,13:47:52.462987,[]
2026-06-01,13:47:52.496354,[]
2026-06-01,13:47:52.529721,[]
2026-06-01,13:47:52.563088,[]
2026-06-01,13:47:52.596455,[]
2026-06-01,13:47:52.629822,[]
2026-06-01,13:47:52.663189,[]
2026-06-01,13:47:52.696556,[]
2026-06-01,13:47:52.729923,[]
2026-06-01,13:47:52.763290,[]
2026-06-01,13:47:52.796657,[]
2026-06-01,13:47:52.830024,[]
2026-06-01,13:47:52.863391,[]
2026-06-01,13:47:52.896758,[]
2026-06-01,13:47:52.930125,[]
2026-06-01,13:47:52.963492,[]
2026-06-01,13:47:52.996859,[]
2026-06-01,13:47:53.030226,[]
2026-06-01,13:47:53.063593,[]
2026-06-01,13:47:53.096960,[]
2026-06-01,13:47:53.130327,[]
2026-06-01,13:47:53.163694,[]
2026-06-01,13:47:53.197061,[]
2026-06-01,13:47:53.230428,[]
2026-06-01,13:47:53.263795,[]
2026-06-01,13:47:53.297162,[]
2026-06-01,13:47:53.330529,[]
2026-06-01,13:47:53.363896,[]
2026-06-01,13:47:53.397263,[]
2026-06-01,13:47:53.430630,[]
2026-06-01,13:47:53.463997,[]
2026-06-01,13:47:53.497364,[]
2026-06-01,13:47:53.530731,[]
2026-06-01,13:47:53.564098,[]
2026-06-01,13:47:53.597465,[]
2026-06-01,13:47:53.630832,[]
2026-06-01,13:47:53.664199,[]
2026-06-01,13:47:53.697566,[]
2026-06-01,13:47:53.730933,[]
2026-06-01,13:47:53.764300,[]
2026-06-01,13:47:53.797667,[]
2026-06-01,13:47:53.831034,[]
2026-06-01,13:47:53.864401,[]
2026-06-01,13:47:53.897768,[]
2026-06-01,13:47:53.931135,[]
2026-06-01,13:47:53.964502,[]
2026-06-01,13:47:53.997869,[]
2026-06-01,13:47:54.031236,[]
2026-06-01,13:47:54.064603,[]
2026-06-01,13:47:54.097970,[]
2026-06-01,13:47:54.131337,[]
2026-06-01,13:47:54.164704,[]
2026-06-01,13:47:54.198071,[]
2026-06-01,13:47:54.231438,[]
2026-06-01,13:47:54.264805,[]
2026-06-01,13:47:54.298172,[]
2026-06-01,13:47:54.331539,[]
2026-06-01,13:47:54.364906,[]
2026-06-01,13:47:54.398273,[]
2026-06-01,13:47:54.431640,[]
2026-06-01,13:47:54.465007,[]
2026-06-01,13:47:54.498374,[]
2026-06-01,13:47:54.531741,[]
2026-06-01,13:47:54.565108,[]
2026-06-01,13:47:54.598475,[]
2026-06-01,13:47:54.631842,[]
2026-06-01,13:47:54.665209,[]
2026-06-01,13:47:54.698576,[]
2026-06-01,13:47:54.731943,[]
2026-06-01,13:47:54.765310,[]
2026-06-01,13:47:54.798677,[]
2026-06-01,13:47:54.832044,[]
2026-06-01,13:47:54.865411,[]
2026-06-01,13:47:54.898778,[]
2026-06-01,13:47:54.932145,[]
2026-06-01,13:47:54.965512,[]
2026-06-01,13:47:54.998879,[]
2026-06-01,13:47:55.032246,[]
2026-06-01,13:47:55.065613,[]
2026-06-01,13:47:55.098980,[]
2026-06-01,13:47:55.132347,[]
2026-06-01,13:47:55.165714,[]
2026-06-01,13:47:55.199081,[]
2026-06-01,13:47:55.232448,[]
2026-06-01,13:47:55.265815,[]
2026-06-01,13:47:55.299182,[]
2026-06-01,13:47:55.332549,[]
2026-06-01,13:47:55.365916,[]
2026-06-01,13:47:55.399283,[]
2026-06-01,13:47:55.432650,[]
2026-06-01,13:47:55.466017,[]
2026-06-01,13:47:55.499384,[]
2026-06-01,13:47:55.532751,[]
2026-06-01,13:47:55.566118,[]
2026-06-01,13:47:55.599485,[]
2026-06-01,13:47:55.632852,[]
2026-06-01,13:47:55.666219,[]
2026-06-01,13:47:55.699586,[]
2026-06-01,13:47:55.732953,[]
2026-06-01,13:47:55.766320,[]
2026-06-01,13:47:55.799687,[]
2026-06-01,13:47:55.833054,[]
2026-06-01,13:47:55.866421,[]
2026-06-01,13:47:55.899788,[]
2026-06-01,13:47:55.933155,[]
2026-06-01,13:47:55.966522,[]
2026-06-01,13:47:55.999889,[]
2026-06-01,13:47:56.033256,[]
2026-06-01,13:47:56.066623,[]
2026-06-01,13:47:56.099990,[]
2026-06-01,13:47:56.133357,[]
2026-06-01,13:47:56.166724,[]
2026-06-01,13:47:56.200091,[]
2026-06-01,13:47:56.233458,[]
2026-06-01,13:47:56.266825,[]
2026-06-01,13:47:56.300192,[]
2026-06-01,13:47:56.333559,[]
2026-06-01,13:47:56.366926,[]
2026-06-01,13:47:56.400293,[]
2026-06-01,13:47:56.433660,[]
2026-06-01,13:47:56.467027,[]
2026-06-01,13:47:56.500394,[]
2026-06-01,13:47:56.533761,[]
2026-06-01,13:47:56.567128,[]
2026-06-01,13:47:56.600495,[]
2026-06-01,13:47:56.633862,[]
2026-06-01,13:47:56.667229,[]
2026-06-01,13:47:56.700596,[]
2026-06-01,13:47:56.733963,[]
2026-06-01,13:47:56.767330,[]
2026-06-01,13:47:56.800697,[]
2026-06-01,13:47:56.834064,[]
2026-06-01,13:47:56.867431,[]
2026-06-01,13:47:56.900798,[]
2026-06-01,13:47:56.934165,[]
2026-06-01,13:47:56.967532,[]
2026-06-01,13:47:57.000899,[]
2026-06-01,13:47:57.034266,[]
2026-06-01,13:47:57.067633,[]
2026-06-01,13:47:57.101000,[]
2026-06-01,13:47:57.134367,[]
2026-06-01,13:47:57.167734,[]
2026-06-01,13:47:57.201101,[]
2026-06-01,13:47:57.234468,[]
2026-06-01,13:47:57.267835,[]
2026-06-01,13:47:57.301202,[]
2026-06-01,13:47:57.334569,[]
2026-06-01,13:47:57.367936,[]
2026-06-01,13:47:57.401303,[]
2026-06-01,13:47:57.434670,[]
2026-06-01,13:47:57.468037,[]
2026-06-01,13:47:57.501404,[]
2026-06-01,13:47:57.534771,[]
2026-06-01,13:47:57.568138,[]
2026-06-01,13:47:57.601505,[]
2026-06-01,13:47:57.634872,[]
2026-06-01,13:47:57.668239,[]
2026-06-01,13:47:57.701606,[]
2026-06-01,13:47:57.734973,[]
2026-06-01,13:47:57.768340,[]
2026-06-01,13:47:57.801707,[]
2026-06-01,13:47:57.835074,[]
2026-06-01,13:47:57.868441,[]
2026-06-01,13:47:57.901808,[]
2026-06-01,13:47:57.935175,[]
2026-06-01,13:47:57.968542,[]
2026-06-01,13:47:58.001909,[]
2026-06-01,13:47:58.035276,[]
2026-06-01,13:47:58.068643,[]
2026-06-01,13:47:58.102010,[]
2026-06-01,13:47:58.135377,[]
2026-06-01,13:47:58.168744,[]
2026-06-01,13:47:58.202111,[]
2026-06-01,13:47:58.235478,[]
2026-06-01,13:47:58.268845,[]
2026-06-01,13:47:58.302212,[]
2026-06-01,13:47:58.335579,[]
2026-06-01,13:47:58.368946,[]
2026-06-01,13:47:58.402313,[]
2026-06-01,13:47:58.435680,[]
2026-06-01,13:47:58.469047,[]
2026-06-01,13:47:58.502414,[]
2026-06-01,13:47:58.535781,[]
2026-06-01,13:47:58.569148,[]
2026-06-01,13:47:58.602515,[]
2026-06-01,13:47:58.635882,[]
2026-06-01,13:47:58.669249,[]
2026-06-01,13:47:58.702616,[]
2026-06-01,13:47:58.735983,[]
2026-06-01,13:47:58.769350,[]
2026-06-01,13:47:58.802717,[]
2026-06-01,13:47:58.836084,[]
2026-06-01,13:47:58.869451,[]
2026-06-01,13:47:58.902818,[]
2026-06-01,13:47:58.936185,[]
2026-06-01,13:47:58.969552,[]
2026-06-01,13:47:59.002919,[]
2026-06-01,13:47:59.036286,[]
2026-06-01,13:47:59.069653,[]
2026-06-01,13:47:59.103020,[]
2026-06-01,13:47:59.136387,[]
2026-06-01,13:47:59.169754,[]
2026-06-01,13:47:59.203121,[]
2026-06-01,13:47:59.236488,[]
2026-06-01,13:47:59.269855,[]
2026-06-01,13:47:59.303222,[]
2026-06-01,13:47:59.336589,[]
2026-06-01,13:47:59.369956,[]
2026-06-01,13:47:59.403323,[]
2026-06-01,13:47:59.436690,[]
2026-06-01,13:47:59.470057,[]
2026-06-01,13:47:59.503424,[]
2026-06-01,13:47:59.536791,[]
2026-06-01,13:47:59.570158,[]
2026-06-01,13:47:59.603525,[]
2026-06-01,13:47:59.636892,[]
2026-06-01,13:47:59.670259,[]
2026-06-01,13:47:59.703626,[]
2026-06-01,13:47:59.736993,[]
2026-06-01,13:47:59.770360,[]
2026-06-01,13:47:59.803727,[]
2026-06-01,13:47:59.837094,[]
2026-06-01,13:47:59.870461,[]
2026-06-01,13:47:59.903828,[]
2026-06-01,13:47:59.937195,[]
2026-06-01,13:47:59.970562,[]
2026-06-01,13:48:00.003929,[]
2026-06-01,13:48:00.037296,[]
2026-06-01,13:48:00.070663,[]
2026-06-01,13:48:00.104030,[]
2026-06-01,13:48:00.137397,[]
2026-06-01,13:48:00.170764,[]
2026-06-01,13:48:00.204131,[]
2026-06-01,13:48:00.237498,[]
2026-06-01,13:48:00.270865,[]
2026-06-01,13:48:00.304232,[]
2026-06-01,13:48:00.337599,[]
2026-06-01,13:48:00.370966,[]
2026-06-01,13:48:00.404333,[]
2026-06-01,13:48:00.437700,[]
2026-06-01,13:48:00.471067,[]
2026-06-01,13:48:00.504434,[]
2026-06-01,13:48:00.537801,[]
2026-06-01,13:48:00.571168,[]
2026-06-01,13:48:00.604535,[]
2026-06-01,13:48:00.637902,[]
2026-06-01,13:48:00.671269,[]
2026-06-01,13:48:00.704636,[]
2026-06-01,13:48:00.738003,[]
2026-06-01,13:48:00.771370,[]
2026-06-01,13:48:00.804737,[]
2026-06-01,13:48:00.838104,[]
2026-06-01,13:48:00.871471,[]
2026-06-01,13:48:00.904838,[]
2026-06-01,13:48:00.938205,[]
2026-06-01,13:48:00.971572,[]
2026-06-01,13:48:01.004939,[]
2026-06-01,13:48:01.038306,[]
2026-06-01,13:48:01.071673,[]
2026-06-01,13:48:01.105040,[]
2026-06-01,13:48:01.138407,[]
2026-06-01,13:48:01.171774,[]
2026-06-01,13:48:01.205141,[]
2026-06-01,13:48:01.238508,[]
2026-06-01,13:48:01.271875,[]
2026-06-01,13:48:01.305242,[]
2026-06-01,13:48:01.338609,[]
2026-06-01,13:48:01.371976,[]
2026-06-01,13:48:01.405343,[]
2026-06-01,13:48:01.438710,[]
2026-06-01,13:48:01.472077,[]
2026-06-01,13:48:01.505444,[]
2026-06-01,13:48:01.538811,[]
2026-06-01,13:48:01.572178,[]
2026-06-01,13:48:01.605545,[]
2026-06-01,13:48:01.638912,[]
2026-06-01,13:48:01.672279,[]
2026-06-01,13:48:01.705646,[]
2026-06-01,13:48:01.739013,[]
2026-06-01,13:48:01.772380,[]
2026-06-01,13:48:01.805747,[]
2026-06-01,13:48:01.839114,[]
2026-06-01,13:48:01.872481,[]
2026-06-01,13:48:01.905848,[]
2026-06-01,13:48:01.939215,[]
2026-06-01,13:48:01.972582,[]
2026-06-01,13:48:02.005949,[]
2026-06-01,13:48:02.039316,[]
2026-06-01,13:48:02.072683,[]
2026-06-01,13:48:02.106050,[]
2026-06-01,13:48:02.139417,[]
2026-06-01,13:48:02.172784,[]
2026-06-01,13:48:02.206151,[]
2026-06-01,13:48:02.239518,[]
2026-06-01,13:48:02.272885,[]
2026-06-01,13:48:02.306252,[]
2026-06-01,13:48:02.339619,[]
2026-06-01,13:48:02.372986,[]
2026-06-01,13:48:02.406353,[]
2026-06-01,13:48:02.439720,[]
2026-06-01,13:48:02.473087,[]
2026-06-01,13:48:02.506454,[]
2026-06-01,13:48:02.539821,[]
2026-06-01,13:48:02.573188,[]
2026-06-01,13:48:02.606555,[]
2026-06-01,13:48:02.639922,[]
2026-06-01,13:48:02.673289,[]
2026-06-01,13:48:02.706656,[]
2026-06-01,13:48:02.740023,[]
2026-06-01,13:48:02.773390,[]
2026-06-01,13:48:02.806757,[]
2026-06-01,13:48:02.840124,[]
2026-06-01,13:48:02.873491,[]
2026-06-01,13:48:02.906858,[]
2026-06-01,13:48:02.940225,[]
2026-06-01,13:48:02.973592,[]
2026-06-01,13:48:03.006959,[]
2026-06-01,13:48:03.040326,[]
2026-06-01,13:48:03.073693,[]
2026-06-01,13:48:03.107060,[]
2026-06-01,13:48:03.140427,[]
2026-06-01,13:48:03.173794,[]
2026-06-01,13:48:03.207161,[]
2026-06-01,13:48:03.240528,[]
2026-06-01,13:48:03.273895,[]
2026-06-01,13:48:03.307262,[]
2026-06-01,13:48:03.340629,[]
2026-06-01,13:48:03.373996,[]
2026-06-01,13:48:03.407363,[]
2026-06-01,13:48:03.440730,[]
2026-06-01,13:48:03.474097,[]
2026-06-01,13:48:03.507464,[]
2026-06-01,13:48:03.540831,[]
2026-06-01,13:48:03.574198,[]
2026-06-01,13:48:03.607565,[]
2026-06-01,13:48:03.640932,[]
2026-06-01,13:48:03.674299,[]
2026-06-01,13:48:03.707666,[]
2026-06-01,13:48:03.741033,[]
2026-06-01,13:48:03.774400,[]
2026-06-01,13:48:03.807767,[]
2026-06-01,13:48:03.841134,[]
2026-06-01,13:48:03.874501,[]
2026-06-01,13:48:03.907868,[]
2026-06-01,13:48:03.941235,[]
2026-06-01,13:48:03.974602,[]
2026-06-01,13:48:04.007969,[]
2026-06-01,13:48:04.041336,[]
2026-06-01,13:48:04.074703,[]
2026-06-01,13:48:04.108070,[]
2026-06-01,13:48:04.141437,[]
2026-06-01,13:48:04.174804,[]
2026-06-01,13:48:04.208171,[]
2026-06-01,13:48:04.241538,[]
2026-06-01,13:48:04.274905,[]
2026-06-01,13:48:04.308272,[]
2026-06-01,13:48:04.341639,[]
2026-06-01,13:48:04.375006,[]
2026-06-01,13:48:04.408373,[]
2026-06-01,13:48:04.441740,[]
2026-06-01,13:48:04.475107,[]
2026-06-01,13:48:04.508474,[]
2026-06-01,13:48:04.541841,[]
2026-06-01,13:48:04.575208,[]
2026-06-01,13:48:04.608575,[]
2026-06-01,13:48:04.641942,[]
2026-06-01,13:48:04.675309,[]
2026-06-01,13:48:04.708676,[]
2026-06-01,13:48:04.742043,[]
2026-06-01,13:48:04.775410,['DS79701']
2026-06-01,13:48:04.808777,['DS79701']
2026-06-01,13:48:04.842144,['DS79701']
2026-06-01,13:48:04.875511,['DS79701']
2026-06-01,13:48:04.908878,[]
2026-06-01,13:48:04.942245,[]
2026-06-01,13:48:04.975612,[]
2026-06-01,13:48:05.008979,[]
2026-06-01,13:48:05.042346,[]
2026-06-01,13:48:05.075713,[]
2026-06-01,13:48:05.109080,[]
2026-06-01,13:48:05.142447,[]
2026-06-01,13:48:05.175814,[]
2026-06-01,13:48:05.209181,[]
2026-06-01,13:48:05.242548,[]
2026-06-01,13:48:05.275915,[]
2026-06-01,13:48:05.309282,[]
2026-06-01,13:48:05.342649,[]
2026-06-01,13:48:05.376016,[]
2026-06-01,13:48:05.409383,[]
2026-06-01,13:48:05.442750,[]
2026-06-01,13:48:05.476117,[]
2026-06-01,13:48:05.509484,[]
2026-06-01,13:48:05.542851,[]
2026-06-01,13:48:05.576218,[]
2026-06-01,13:48:05.609585,[]
2026-06-01,13:48:05.642952,[]
2026-06-01,13:48:05.676319,[]
2026-06-01,13:48:05.709686,[]
2026-06-01,13:48:05.743053,[]
2026-06-01,13:48:05.776420,[]
2026-06-01,13:48:05.809787,[]
2026-06-01,13:48:05.843154,[]
2026-06-01,13:48:05.876521,[]
2026-06-01,13:48:05.909888,[]
2026-06-01,13:48:05.943255,[]
2026-06-01,13:48:05.976622,[]
2026-06-01,13:48:06.009989,[]
2026-06-01,13:48:06.043356,[]
2026-06-01,13:48:06.076723,[]
2026-06-01,13:48:06.110090,[]
2026-06-01,13:48:06.143457,[]
2026-06-01,13:48:06.176824,[]
2026-06-01,13:48:06.210191,[]
2026-06-01,13:48:06.243558,[]
2026-06-01,13:48:06.276925,[]
2026-06-01,13:48:06.310292,[]
2026-06-01,13:48:06.343659,[]
2026-06-01,13:48:06.377026,[]
2026-06-01,13:48:06.410393,[]
2026-06-01,13:48:06.443760,[]
2026-06-01,13:48:06.477127,[]
2026-06-01,13:48:06.510494,[]
2026-06-01,13:48:06.543861,[]
2026-06-01,13:48:06.577228,[]
2026-06-01,13:48:06.610595,[]
2026-06-01,13:48:06.643962,[]
2026-06-01,13:48:06.677329,[]
2026-06-01,13:48:06.710696,[]
2026-06-01,13:48:06.744063,[]
2026-06-01,13:48:06.777430,[]
2026-06-01,13:48:06.810797,[]
2026-06-01,13:48:06.844164,[]
2026-06-01,13:48:06.877531,[]
2026-06-01,13:48:06.910898,[]
2026-06-01,13:48:06.944265,['DS11002']
2026-06-01,13:48:06.977632,[]
2026-06-01,13:48:07.010999,['DS11002']
2026-06-01,13:48:07.044366,['DS11002']
2026-06-01,13:48:07.077733,[]
2026-06-01,13:48:07.111100,[]
2026-06-01,13:48:07.144467,[]
2026-06-01,13:48:07.177834,[]
2026-06-01,13:48:07.211201,[]
2026-06-01,13:48:07.244568,[]
2026-06-01,13:48:07.277935,[]
2026-06-01,13:48:07.311302,[]
2026-06-01,13:48:07.344669,[]
2026-06-01,13:48:07.378036,[]
2026-06-01,13:48:07.411403,[]
2026-06-01,13:48:07.444770,[]
2026-06-01,13:48:07.478137,[]
2026-06-01,13:48:07.511504,[]
2026-06-01,13:48:07.544871,[]
2026-06-01,13:48:07.578238,[]
2026-06-01,13:48:07.611605,[]
2026-06-01,13:48:07.644972,[]
2026-06-01,13:48:07.678339,[]
2026-06-01,13:48:07.711706,[]
2026-06-01,13:48:07.745073,[]
2026-06-01,13:48:07.778440,[]
2026-06-01,13:48:07.811807,[]
2026-06-01,13:48:07.845174,[]
2026-06-01,13:48:07.878541,[]
2026-06-01,13:48:07.911908,[]
2026-06-01,13:48:07.945275,[]
2026-06-01,13:48:07.978642,[]
2026-06-01,13:48:08.012009,[]
2026-06-01,13:48:08.045376,[]
2026-06-01,13:48:08.078743,[]
2026-06-01,13:48:08.112110,[]
2026-06-01,13:48:08.145477,[]
2026-06-01,13:48:08.178844,[]
2026-06-01,13:48:08.212211,[]
2026-06-01,13:48:08.245578,[]
2026-06-01,13:48:08.278945,[]
2026-06-01,13:48:08.312312,[]
2026-06-01,13:48:08.345679,[]
2026-06-01,13:48:08.379046,[]
2026-06-01,13:48:08.412413,[]
2026-06-01,13:48:08.445780,[]
2026-06-01,13:48:08.479147,[]
2026-06-01,13:48:08.512514,[]
2026-06-01,13:48:08.545881,[]
2026-06-01,13:48:08.579248,[]
2026-06-01,13:48:08.612615,[]
2026-06-01,13:48:08.645982,[]
2026-06-01,13:48:08.679349,[]
2026-06-01,13:48:08.712716,[]
2026-06-01,13:48:08.746083,[]
2026-06-01,13:48:08.779450,[]
2026-06-01,13:48:08.812817,[]
2026-06-01,13:48:08.846184,[]
2026-06-01,13:48:08.879551,[]
2026-06-01,13:48:08.912918,['BN99506']
2026-06-01,13:48:08.946285,['BN99506']
2026-06-01,13:48:08.979652,[]
2026-06-01,13:48:09.013019,[]
2026-06-01,13:48:09.046386,[]
2026-06-01,13:48:09.079753,[]
2026-06-01,13:48:09.113120,[]
2026-06-01,13:48:09.146487,[]
2026-06-01,13:48:09.179854,[]
2026-06-01,13:48:09.213221,[]
2026-06-01,13:48:09.246588,[]
2026-06-01,13:48:09.279955,[]
2026-06-01,13:48:09.313322,[]
2026-06-01,13:48:09.346689,[]
2026-06-01,13:48:09.380056,[]
2026-06-01,13:48:09.413423,[]
2026-06-01,13:48:09.446790,[]
2026-06-01,13:48:09.480157,[]
2026-06-01,13:48:09.513524,[]
2026-06-01,13:48:09.546891,[]
2026-06-01,13:48:09.580258,[]
2026-06-01,13:48:09.613625,[]
2026-06-01,13:48:09.646992,[]
2026-06-01,13:48:09.680359,[]
2026-06-01,13:48:09.713726,[]
2026-06-01,13:48:09.747093,[]
2026-06-01,13:48:09.780460,[]
2026-06-01,13:48:09.813827,[]
2026-06-01,13:48:09.847194,[]
2026-06-01,13:48:09.880561,[]
2026-06-01,13:48:09.913928,[]
2026-06-01,13:48:09.947295,[]
2026-06-01,13:48:09.980662,[]
2026-06-01,13:48:10.014029,[]
2026-06-01,13:48:10.047396,[]
2026-06-01,13:48:10.080763,[]
2026-06-01,13:48:10.114130,[]
2026-06-01,13:48:10.147497,[]
2026-06-01,13:48:10.180864,[]
2026-06-01,13:48:10.214231,[]
2026-06-01,13:48:10.247598,[]
2026-06-01,13:48:10.280965,[]
2026-06-01,13:48:10.314332,[]
2026-06-01,13:48:10.347699,[]
2026-06-01,13:48:10.381066,[]
2026-06-01,13:48:10.414433,[]
2026-06-01,13:48:10.447800,[]
2026-06-01,13:48:10.481167,[]
2026-06-01,13:48:10.514534,[]
2026-06-01,13:48:10.547901,[]
2026-06-01,13:48:10.581268,[]
2026-06-01,13:48:10.614635,[]
2026-06-01,13:48:10.648002,[]
2026-06-01,13:48:10.681369,[]
2026-06-01,13:48:10.714736,[]
2026-06-01,13:48:10.748103,[]
2026-06-01,13:48:10.781470,[]
2026-06-01,13:48:10.814837,[]
2026-06-01,13:48:10.848204,[]
2026-06-01,13:48:10.881571,['EG67756']
2026-06-01,13:48:10.914938,['EG67756']
2026-06-01,13:48:10.948305,['EG67756']
2026-06-01,13:48:10.981672,['EG67756']
2026-06-01,13:48:11.015039,[]
2026-06-01,13:48:11.048406,[]
2026-06-01,13:48:11.081773,[]
2026-06-01,13:48:11.115140,[]
2026-06-01,13:48:11.148507,[]
2026-06-01,13:48:11.181874,[]
2026-06-01,13:48:11.215241,[]
2026-06-01,13:48:11.248608,[]
2026-06-01,13:48:11.281975,[]
2026-06-01,13:48:11.315342,[]
2026-06-01,13:48:11.348709,[]
2026-06-01,13:48:11.382076,[]
2026-06-01,13:48:11.415443,[]
2026-06-01,13:48:11.448810,[]
2026-06-01,13:48:11.482177,[]
2026-06-01,13:48:11.515544,[]
2026-06-01,13:48:11.548911,[]
2026-06-01,13:48:11.582278,[]
2026-06-01,13:48:11.615645,[]
2026-06-01,13:48:11.649012,[]
2026-06-01,13:48:11.682379,[]
2026-06-01,13:48:11.715746,[]
2026-06-01,13:48:11.749113,[]
2026-06-01,13:48:11.782480,[]
2026-06-01,13:48:11.815847,[]
2026-06-01,13:48:11.849214,[]
2026-06-01,13:48:11.882581,[]
2026-06-01,13:48:11.915948,[]
2026-06-01,13:48:11.949315,[]
2026-06-01,13:48:11.982682,[]
2026-06-01,13:48:12.016049,[]
2026-06-01,13:48:12.049416,[]
2026-06-01,13:48:12.082783,[]
2026-06-01,13:48:12.116150,[]
2026-06-01,13:48:12.149517,[]
2026-06-01,13:48:12.182884,[]
2026-06-01,13:48:12.216251,[]
2026-06-01,13:48:12.249618,[]
2026-06-01,13:48:12.282985,[]
2026-06-01,13:48:12.316352,[]
2026-06-01,13:48:12.349719,[]
2026-06-01,13:48:12.383086,[]
2026-06-01,13:48:12.416453,[]
2026-06-01,13:48:12.449820,[]
2026-06-01,13:48:12.483187,[]
2026-06-01,13:48:12.516554,[]
2026-06-01,13:48:12.549921,[]
2026-06-01,13:48:12.583288,[]
2026-06-01,13:48:12.616655,[]
2026-06-01,13:48:12.650022,[]
2026-06-01,13:48:12.683389,[]
2026-06-01,13:48:12.716756,[]
2026-06-01,13:48:12.750123,[]
2026-06-01,13:48:12.783490,[]
2026-06-01,13:48:12.816857,[]
2026-06-01,13:48:12.850224,[]
2026-06-01,13:48:12.883591,[]
2026-06-01,13:48:12.916958,[]
2026-06-01,13:48:12.950325,[]
2026-06-01,13:48:12.983692,[]
2026-06-01,13:48:13.017059,[]
2026-06-01,13:48:13.050426,[]
2026-06-01,13:48:13.083793,[]
2026-06-01,13:48:13.117160,[]
2026-06-01,13:48:13.150527,[]
2026-06-01,13:48:13.183894,[]
2026-06-01,13:48:13.217261,[]
2026-06-01,13:48:13.250628,[]
2026-06-01,13:48:13.283995,[]
2026-06-01,13:48:13.317362,[]
2026-06-01,13:48:13.350729,[]
2026-06-01,13:48:13.384096,[]
2026-06-01,13:48:13.417463,[]
2026-06-01,13:48:13.450830,[]
2026-06-01,13:48:13.484197,[]
2026-06-01,13:48:13.517564,[]
2026-06-01,13:48:13.550931,[]
2026-06-01,13:48:13.584298,[]
2026-06-01,13:48:13.617665,[]
2026-06-01,13:48:13.651032,[]
2026-06-01,13:48:13.684399,[]
2026-06-01,13:48:13.717766,[]
2026-06-01,13:48:13.751133,[]
2026-06-01,13:48:13.784500,[]
2026-06-01,13:48:13.817867,[]
2026-06-01,13:48:13.851234,[]
2026-06-01,13:48:13.884601,[]
2026-06-01,13:48:13.917968,[]
2026-06-01,13:48:13.951335,[]
2026-06-01,13:48:13.984702,[]
2026-06-01,13:48:14.018069,[]
2026-06-01,13:48:14.051436,[]
2026-06-01,13:48:14.084803,[]
2026-06-01,13:48:14.118170,[]
2026-06-01,13:48:14.151537,[]
2026-06-01,13:48:14.184904,[]
2026-06-01,13:48:14.218271,[]
2026-06-01,13:48:14.251638,[]
2026-06-01,13:48:14.285005,[]
2026-06-01,13:48:14.318372,[]
2026-06-01,13:48:14.351739,[]
2026-06-01,13:48:14.385106,[]
2026-06-01,13:48:14.418473,[]
2026-06-01,13:48:14.451840,[]
2026-06-01,13:48:14.485207,[]
2026-06-01,13:48:14.518574,[]
2026-06-01,13:48:14.551941,[]
2026-06-01,13:48:14.585308,[]
2026-06-01,13:48:14.618675,[]
2026-06-01,13:48:14.652042,[]
2026-06-01,13:48:14.685409,[]
2026-06-01,13:48:14.718776,[]
2026-06-01,13:48:14.752143,[]
2026-06-01,13:48:14.785510,[]
2026-06-01,13:48:14.818877,[]
2026-06-01,13:48:14.852244,[]
2026-06-01,13:48:14.885611,[]
2026-06-01,13:48:14.918978,[]
2026-06-01,13:48:14.952345,[]
2026-06-01,13:48:14.985712,[]
2026-06-01,13:48:15.019079,[]
2026-06-01,13:48:15.052446,[]
2026-06-01,13:48:15.085813,[]
2026-06-01,13:48:15.119180,[]
2026-06-01,13:48:15.152547,[]
2026-06-01,13:48:15.185914,[]
2026-06-01,13:48:15.219281,[]
2026-06-01,13:48:15.252648,[]
2026-06-01,13:48:15.286015,[]
2026-06-01,13:48:15.319382,[]
2026-06-01,13:48:15.352749,[]
2026-06-01,13:48:15.386116,[]
2026-06-01,13:48:15.419483,[]
2026-06-01,13:48:15.452850,[]
2026-06-01,13:48:15.486217,[]
2026-06-01,13:48:15.519584,[]
2026-06-01,13:48:15.552951,[]
2026-06-01,13:48:15.586318,[]
2026-06-01,13:48:15.619685,['DS41437']
2026-06-01,13:48:15.653052,['DS41437']
2026-06-01,13:48:15.686419,['DS41437']
2026-06-01,13:48:15.719786,['DS41437']
2026-06-01,13:48:15.753153,[]
2026-06-01,13:48:15.786520,[]
2026-06-01,13:48:15.819887,[]
2026-06-01,13:48:15.853254,[]
2026-06-01,13:48:15.886621,[]
2026-06-01,13:48:15.919988,[]
2026-06-01,13:48:15.953355,[]
2026-06-01,13:48:15.986722,[]
2026-06-01,13:48:16.020089,[]
2026-06-01,13:48:16.053456,[]
2026-06-01,13:48:16.086823,[]
2026-06-01,13:48:16.120190,[]
2026-06-01,13:48:16.153557,[]
2026-06-01,13:48:16.186924,[]
2026-06-01,13:48:16.220291,[]
2026-06-01,13:48:16.253658,[]
2026-06-01,13:48:16.287025,[]
2026-06-01,13:48:16.320392,[]
2026-06-01,13:48:16.353759,[]
2026-06-01,13:48:16.387126,[]
2026-06-01,13:48:16.420493,[]
2026-06-01,13:48:16.453860,[]
2026-06-01,13:48:16.487227,[]
2026-06-01,13:48:16.520594,[]
2026-06-01,13:48:16.553961,[]
2026-06-01,13:48:16.587328,[]
2026-06-01,13:48:16.620695,[]
2026-06-01,13:48:16.654062,[]
2026-06-01,13:48:16.687429,[]
2026-06-01,13:48:16.720796,[]
2026-06-01,13:48:16.754163,[]
2026-06-01,13:48:16.787530,[]
2026-06-01,13:48:16.820897,[]
2026-06-01,13:48:16.854264,[]
2026-06-01,13:48:16.887631,[]
2026-06-01,13:48:16.920998,[]
2026-06-01,13:48:16.954365,[]
2026-06-01,13:48:16.987732,[]
2026-06-01,13:48:17.021099,[]
2026-06-01,13:48:17.054466,[]
2026-06-01,13:48:17.087833,[]
2026-06-01,13:48:17.121200,[]
2026-06-01,13:48:17.154567,[]
2026-06-01,13:48:17.187934,[]
2026-06-01,13:48:17.221301,[]
2026-06-01,13:48:17.254668,[]
2026-06-01,13:48:17.288035,[]
2026-06-01,13:48:17.321402,[]
2026-06-01,13:48:17.354769,[]
2026-06-01,13:48:17.388136,[]
2026-06-01,13:48:17.421503,[]
2026-06-01,13:48:17.454870,[]
2026-06-01,13:48:17.488237,[]
2026-06-01,13:48:17.521604,[]
2026-06-01,13:48:17.554971,[]
2026-06-01,13:48:17.588338,[]
2026-06-01,13:48:17.621705,[]
2026-06-01,13:48:17.655072,[]
2026-06-01,13:48:17.688439,[]
2026-06-01,13:48:17.721806,[]
2026-06-01,13:48:17.755173,[]
2026-06-01,13:48:17.788540,[]
2026-06-01,13:48:17.821907,[]
2026-06-01,13:48:17.855274,[]
2026-06-01,13:48:17.888641,[]
2026-06-01,13:48:17.922008,[]
2026-06-01,13:48:17.955375,[]
2026-06-01,13:48:17.988742,[]
2026-06-01,13:48:18.022109,[]
2026-06-01,13:48:18.055476,[]
2026-06-01,13:48:18.088843,[]
2026-06-01,13:48:18.122210,[]
2026-06-01,13:48:18.155577,[]
2026-06-01,13:48:18.188944,[]
2026-06-01,13:48:18.222311,[]
2026-06-01,13:48:18.255678,[]
2026-06-01,13:48:18.289045,[]
2026-06-01,13:48:18.322412,[]
2026-06-01,13:48:18.355779,[]
2026-06-01,13:48:18.389146,[]
2026-06-01,13:48:18.422513,[]
2026-06-01,13:48:18.455880,[]
2026-06-01,13:48:18.489247,[]
2026-06-01,13:48:18.522614,[]
2026-06-01,13:48:18.555981,[]
2026-06-01,13:48:18.589348,[]
2026-06-01,13:48:18.622715,[]
2026-06-01,13:48:18.656082,[]
2026-06-01,13:48:18.689449,[]
2026-06-01,13:48:18.722816,[]
2026-06-01,13:48:18.756183,[]
2026-06-01,13:48:18.789550,[]
2026-06-01,13:48:18.822917,[]
2026-06-01,13:48:18.856284,[]
2026-06-01,13:48:18.889651,[]
2026-06-01,13:48:18.923018,[]
2026-06-01,13:48:18.956385,[]
2026-06-01,13:48:18.989752,[]
2026-06-01,13:48:19.023119,[]
2026-06-01,13:48:19.056486,[]
2026-06-01,13:48:19.089853,[]
2026-06-01,13:48:19.123220,[]
2026-06-01,13:48:19.156587,[]
2026-06-01,13:48:19.189954,[]
2026-06-01,13:48:19.223321,[]
2026-06-01,13:48:19.256688,[]
2026-06-01,13:48:19.290055,[]
2026-06-01,13:48:19.323422,[]
2026-06-01,13:48:19.356789,[]
2026-06-01,13:48:19.390156,[]
2026-06-01,13:48:19.423523,[]
2026-06-01,13:48:19.456890,[]
2026-06-01,13:48:19.490257,[]
2026-06-01,13:48:19.523624,[]
2026-06-01,13:48:19.556991,[]
2026-06-01,13:48:19.590358,[]
2026-06-01,13:48:19.623725,[]
2026-06-01,13:48:19.657092,[]
2026-06-01,13:48:19.690459,[]
2026-06-01,13:48:19.723826,[]
2026-06-01,13:48:19.757193,[]
2026-06-01,13:48:19.790560,[]
2026-06-01,13:48:19.823927,[]
2026-06-01,13:48:19.857294,[]
2026-06-01,13:48:19.890661,[]
2026-06-01,13:48:19.924028,[]
2026-06-01,13:48:19.957395,[]
2026-06-01,13:48:19.990762,[]
2026-06-01,13:48:20.024129,[]
2026-06-01,13:48:20.057496,[]
2026-06-01,13:48:20.090863,[]
2026-06-01,13:48:20.124230,[]
2026-06-01,13:48:20.157597,[]
2026-06-01,13:48:20.190964,[]
2026-06-01,13:48:20.224331,[]
2026-06-01,13:48:20.257698,[]
2026-06-01,13:48:20.291065,[]
2026-06-01,13:48:20.324432,[]
2026-06-01,13:48:20.357799,[]
2026-06-01,13:48:20.391166,[]
2026-06-01,13:48:20.424533,[]
2026-06-01,13:48:20.457900,['BK98076']
2026-06-01,13:48:20.491267,['BK98076']
2026-06-01,13:48:20.524634,['BK98076']
2026-06-01,13:48:20.558001,['BK98076']
2026-06-01,13:48:20.591368,[]
2026-06-01,13:48:20.624735,[]
2026-06-01,13:48:20.658102,[]
2026-06-01,13:48:20.691469,[]
2026-06-01,13:48:20.724836,[]
2026-06-01,13:48:20.758203,[]
2026-06-01,13:48:20.791570,[]
2026-06-01,13:48:20.824937,[]
2026-06-01,13:48:20.858304,[]
2026-06-01,13:48:20.891671,[]
2026-06-01,13:48:20.925038,[]
2026-06-01,13:48:20.958405,[]
2026-06-01,13:48:20.991772,[]
2026-06-01,13:48:21.025139,[]
2026-06-01,13:48:21.058506,[]
2026-06-01,13:48:21.091873,[]
2026-06-01,13:48:21.125240,[]
2026-06-01,13:48:21.158607,[]
2026-06-01,13:48:21.191974,[]
2026-06-01,13:48:21.225341,[]
2026-06-01,13:48:21.258708,[]
2026-06-01,13:48:21.292075,[]
2026-06-01,13:48:21.325442,[]
2026-06-01,13:48:21.358809,[]
2026-06-01,13:48:21.392176,[]
2026-06-01,13:48:21.425543,[]
2026-06-01,13:48:21.458910,[]
2026-06-01,13:48:21.492277,[]
2026-06-01,13:48:21.525644,[]
2026-06-01,13:48:21.559011,[]
2026-06-01,13:48:21.592378,[]
2026-06-01,13:48:21.625745,[]
2026-06-01,13:48:21.659112,[]
2026-06-01,13:48:21.692479,[]
2026-06-01,13:48:21.725846,[]
2026-06-01,13:48:21.759213,[]
2026-06-01,13:48:21.792580,[]
2026-06-01,13:48:21.825947,[]
2026-06-01,13:48:21.859314,[]
2026-06-01,13:48:21.892681,[]
2026-06-01,13:48:21.926048,[]
2026-06-01,13:48:21.959415,[]
2026-06-01,13:48:21.992782,[]
2026-06-01,13:48:22.026149,[]
2026-06-01,13:48:22.059516,[]
2026-06-01,13:48:22.092883,[]
2026-06-01,13:48:22.126250,[]
2026-06-01,13:48:22.159617,[]
2026-06-01,13:48:22.192984,[]
2026-06-01,13:48:22.226351,[]
2026-06-01,13:48:22.259718,[]
2026-06-01,13:48:22.293085,[]
2026-06-01,13:48:22.326452,[]
2026-06-01,13:48:22.359819,[]
2026-06-01,13:48:22.393186,[]
2026-06-01,13:48:22.426553,[]
2026-06-01,13:48:22.459920,[]
2026-06-01,13:48:22.493287,[]
2026-06-01,13:48:22.526654,[]
2026-06-01,13:48:22.560021,[]
2026-06-01,13:48:22.593388,[]
2026-06-01,13:48:22.626755,[]
2026-06-01,13:48:22.660122,[]
2026-06-01,13:48:22.693489,[]
2026-06-01,13:48:22.726856,[]
2026-06-01,13:48:22.760223,[]
2026-06-01,13:48:22.793590,[]
2026-06-01,13:48:22.826957,[]
2026-06-01,13:48:22.860324,[]
2026-06-01,13:48:22.893691,[]
2026-06-01,13:48:22.927058,[]
2026-06-01,13:48:22.960425,[]
2026-06-01,13:48:22.993792,[]
2026-06-01,13:48:23.027159,[]
2026-06-01,13:48:23.060526,[]
2026-06-01,13:48:23.093893,[]
2026-06-01,13:48:23.127260,[]
2026-06-01,13:48:23.160627,[]
2026-06-01,13:48:23.193994,[]
2026-06-01,13:48:23.227361,[]
2026-06-01,13:48:23.260728,[]
2026-06-01,13:48:23.294095,[]
2026-06-01,13:48:23.327462,[]
2026-06-01,13:48:23.360829,[]
2026-06-01,13:48:23.394196,[]
2026-06-01,13:48:23.427563,[]
2026-06-01,13:48:23.460930,[]
2026-06-01,13:48:23.494297,[]
2026-06-01,13:48:23.527664,[]
2026-06-01,13:48:23.561031,[]
2026-06-01,13:48:23.594398,[]
2026-06-01,13:48:23.627765,[]
2026-06-01,13:48:23.661132,[]
2026-06-01,13:48:23.694499,[]
2026-06-01,13:48:23.727866,[]
2026-06-01,13:48:23.761233,[]
2026-06-01,13:48:23.794600,[]
2026-06-01,13:48:23.827967,[]
2026-06-01,13:48:23.861334,[]
2026-06-01,13:48:23.894701,[]
2026-06-01,13:48:23.928068,[]
2026-06-01,13:48:23.961435,[]
2026-06-01,13:48:23.994802,[]
2026-06-01,13:48:24.028169,[]
2026-06-01,13:48:24.061536,[]
2026-06-01,13:48:24.094903,[]
2026-06-01,13:48:24.128270,[]
2026-06-01,13:48:24.161637,[]
2026-06-01,13:48:24.195004,[]
2026-06-01,13:48:24.228371,[]
2026-06-01,13:48:24.261738,[]
2026-06-01,13:48:24.295105,[]
2026-06-01,13:48:24.328472,[]
2026-06-01,13:48:24.361839,[]
2026-06-01,13:48:24.395206,[]
2026-06-01,13:48:24.428573,[]
2026-06-01,13:48:24.461940,[]
2026-06-01,13:48:24.495307,[]
2026-06-01,13:48:24.528674,[]
2026-06-01,13:48:24.562041,[]
2026-06-01,13:48:24.595408,[]
2026-06-01,13:48:24.628775,[]
2026-06-01,13:48:24.662142,[]
2026-06-01,13:48:24.695509,['EJ51120']
2026-06-01,13:48:24.728876,['EJ51120']
2026-06-01,13:48:24.762243,['EJ51120']
2026-06-01,13:48:24.795610,['EJ51120']
2026-06-01,13:48:24.828977,['EJ51120']
2026-06-01,13:48:24.862344,[]
2026-06-01,13:48:24.895711,[]
2026-06-01,13:48:24.929078,[]
2026-06-01,13:48:24.962445,[]
2026-06-01,13:48:24.995812,[]
2026-06-01,13:48:25.029179,[]
2026-06-01,13:48:25.062546,[]
2026-06-01,13:48:25.095913,[]
2026-06-01,13:48:25.129280,[]
2026-06-01,13:48:25.162647,[]
2026-06-01,13:48:25.196014,[]
2026-06-01,13:48:25.229381,[]
2026-06-01,13:48:25.262748,[]
2026-06-01,13:48:25.296115,[]
2026-06-01,13:48:25.329482,[]
2026-06-01,13:48:25.362849,[]
2026-06-01,13:48:25.396216,[]
2026-06-01,13:48:25.429583,[]
2026-06-01,13:48:25.462950,[]
2026-06-01,13:48:25.496317,[]
2026-06-01,13:48:25.529684,[]
2026-06-01,13:48:25.563051,[]
2026-06-01,13:48:25.596418,[]
2026-06-01,13:48:25.629785,[]
2026-06-01,13:48:25.663152,[]
2026-06-01,13:48:25.696519,[]
2026-06-01,13:48:25.729886,[]
2026-06-01,13:48:25.763253,[]
2026-06-01,13:48:25.796620,[]
2026-06-01,13:48:25.829987,[]
2026-06-01,13:48:25.863354,[]
2026-06-01,13:48:25.896721,[]
2026-06-01,13:48:25.930088,[]
2026-06-01,13:48:25.963455,[]
2026-06-01,13:48:25.996822,[]
2026-06-01,13:48:26.030189,[]
2026-06-01,13:48:26.063556,[]
2026-06-01,13:48:26.096923,[]
2026-06-01,13:48:26.130290,[]
2026-06-01,13:48:26.163657,[]
2026-06-01,13:48:26.197024,[]
2026-06-01,13:48:26.230391,[]
2026-06-01,13:48:26.263758,[]
2026-06-01,13:48:26.297125,[]
2026-06-01,13:48:26.330492,[]
2026-06-01,13:48:26.363859,[]
2026-06-01,13:48:26.397226,[]
2026-06-01,13:48:26.430593,[]
2026-06-01,13:48:26.463960,[]
2026-06-01,13:48:26.497327,[]
2026-06-01,13:48:26.530694,[]
2026-06-01,13:48:26.564061,[]
2026-06-01,13:48:26.597428,[]
2026-06-01,13:48:26.630795,[]
2026-06-01,13:48:26.664162,[]
2026-06-01,13:48:26.697529,[]
2026-06-01,13:48:26.730896,[]
2026-06-01,13:48:26.764263,[]
2026-06-01,13:48:26.797630,[]
2026-06-01,13:48:26.830997,[]
2026-06-01,13:48:26.864364,[]
2026-06-01,13:48:26.897731,[]
2026-06-01,13:48:26.931098,[]
2026-06-01,13:48:26.964465,[]
2026-06-01,13:48:26.997832,[]
2026-06-01,13:48:27.031199,[]
2026-06-01,13:48:27.064566,[]
2026-06-01,13:48:27.097933,[]
2026-06-01,13:48:27.131300,[]
2026-06-01,13:48:27.164667,[]
2026-06-01,13:48:27.198034,[]
2026-06-01,13:48:27.231401,[]
2026-06-01,13:48:27.264768,[]
2026-06-01,13:48:27.298135,[]
2026-06-01,13:48:27.331502,[]
2026-06-01,13:48:27.364869,[]
2026-06-01,13:48:27.398236,[]
2026-06-01,13:48:27.431603,[]
2026-06-01,13:48:27.464970,[]
2026-06-01,13:48:27.498337,[]
2026-06-01,13:48:27.531704,[]
2026-06-01,13:48:27.565071,[]
2026-06-01,13:48:27.598438,[]
2026-06-01,13:48:27.631805,[]
2026-06-01,13:48:27.665172,[]
2026-06-01,13:48:27.698539,[]
2026-06-01,13:48:27.731906,[]
2026-06-01,13:48:27.765273,[]
2026-06-01,13:48:27.798640,[]
2026-06-01,13:48:27.832007,[]
2026-06-01,13:48:27.865374,[]
2026-06-01,13:48:27.898741,[]
2026-06-01,13:48:27.932108,[]
2026-06-01,13:48:27.965475,[]
2026-06-01,13:48:27.998842,[]
2026-06-01,13:48:28.032209,[]
2026-06-01,13:48:28.065576,[]
2026-06-01,13:48:28.098943,[]
2026-06-01,13:48:28.132310,[]
2026-06-01,13:48:28.165677,[]
2026-06-01,13:48:28.199044,[]
2026-06-01,13:48:28.232411,[]
2026-06-01,13:48:28.265778,[]
2026-06-01,13:48:28.299145,[]
2026-06-01,13:48:28.332512,[]
2026-06-01,13:48:28.365879,[]
2026-06-01,13:48:28.399246,[]
2026-06-01,13:48:28.432613,[]
2026-06-01,13:48:28.465980,[]
2026-06-01,13:48:28.499347,[]
2026-06-01,13:48:28.532714,[]
2026-06-01,13:48:28.566081,[]
2026-06-01,13:48:28.599448,[]
2026-06-01,13:48:28.632815,[]
2026-06-01,13:48:28.666182,[]
2026-06-01,13:48:28.699549,[]
2026-06-01,13:48:28.732916,[]
2026-06-01,13:48:28.766283,[]
2026-06-01,13:48:28.799650,[]
2026-06-01,13:48:28.833017,[]
2026-06-01,13:48:28.866384,[]
2026-06-01,13:48:28.899751,[]
2026-06-01,13:48:28.933118,[]
2026-06-01,13:48:28.966485,[]
2026-06-01,13:48:28.999852,[]
2026-06-01,13:48:29.033219,[]
2026-06-01,13:48:29.066586,[]
2026-06-01,13:48:29.099953,[]
2026-06-01,13:48:29.133320,[]
2026-06-01,13:48:29.166687,[]
2026-06-01,13:48:29.200054,[]
2026-06-01,13:48:29.233421,[]
2026-06-01,13:48:29.266788,[]
2026-06-01,13:48:29.300155,[]
2026-06-01,13:48:29.333522,[]
2026-06-01,13:48:29.366889,[]
2026-06-01,13:48:29.400256,[]
2026-06-01,13:48:29.433623,[]
2026-06-01,13:48:29.466990,[]
2026-06-01,13:48:29.500357,[]
2026-06-01,13:48:29.533724,[]
2026-06-01,13:48:29.567091,[]
2026-06-01,13:48:29.600458,[]
2026-06-01,13:48:29.633825,[]
2026-06-01,13:48:29.667192,[]
2026-06-01,13:48:29.700559,[]
2026-06-01,13:48:29.733926,[]
2026-06-01,13:48:29.767293,[]
2026-06-01,13:48:29.800660,[]
2026-06-01,13:48:29.834027,[]
2026-06-01,13:48:29.867394,[]
2026-06-01,13:48:29.900761,[]
2026-06-01,13:48:29.934128,[]
2026-06-01,13:48:29.967495,[]
2026-06-01,13:48:30.000862,[]
2026-06-01,13:48:30.034229,[]
2026-06-01,13:48:30.067596,[]
2026-06-01,13:48:30.100963,[]
2026-06-01,13:48:30.134330,[]
2026-06-01,13:48:30.167697,[]
2026-06-01,13:48:30.201064,[]
2026-06-01,13:48:30.234431,[]
2026-06-01,13:48:30.267798,[]
2026-06-01,13:48:30.301165,[]
2026-06-01,13:48:30.334532,[]
2026-06-01,13:48:30.367899,[]
2026-06-01,13:48:30.401266,[]
2026-06-01,13:48:30.434633,[]
2026-06-01,13:48:30.468000,[]
2026-06-01,13:48:30.501367,[]
2026-06-01,13:48:30.534734,[]
2026-06-01,13:48:30.568101,[]
2026-06-01,13:48:30.601468,[]
2026-06-01,13:48:30.634835,[]
2026-06-01,13:48:30.668202,[]
2026-06-01,13:48:30.701569,[]
2026-06-01,13:48:30.734936,[]
2026-06-01,13:48:30.768303,[]
2026-06-01,13:48:30.801670,[]
2026-06-01,13:48:30.835037,[]
2026-06-01,13:48:30.868404,[]
2026-06-01,13:48:30.901771,[]
2026-06-01,13:48:30.935138,[]
2026-06-01,13:48:30.968505,[]
2026-06-01,13:48:31.001872,[]
2026-06-01,13:48:31.035239,[]
2026-06-01,13:48:31.068606,[]
2026-06-01,13:48:31.101973,[]
2026-06-01,13:48:31.135340,[]
2026-06-01,13:48:31.168707,[]
2026-06-01,13:48:31.202074,[]
2026-06-01,13:48:31.235441,[]
2026-06-01,13:48:31.268808,[]
2026-06-01,13:48:31.302175,[]
2026-06-01,13:48:31.335542,[]
2026-06-01,13:48:31.368909,[]
2026-06-01,13:48:31.402276,[]
2026-06-01,13:48:31.435643,[]
2026-06-01,13:48:31.469010,[]
2026-06-01,13:48:31.502377,[]
2026-06-01,13:48:31.535744,[]
2026-06-01,13:48:31.569111,[]
2026-06-01,13:48:31.602478,[]
2026-06-01,13:48:31.635845,[]
2026-06-01,13:48:31.669212,[]
2026-06-01,13:48:31.702579,[]
2026-06-01,13:48:31.735946,[]
2026-06-01,13:48:31.769313,[]
2026-06-01,13:48:31.802680,[]
2026-06-01,13:48:31.836047,[]
2026-06-01,13:48:31.869414,[]
2026-06-01,13:48:31.902781,[]
2026-06-01,13:48:31.936148,[]
2026-06-01,13:48:31.969515,[]
2026-06-01,13:48:32.002882,[]
2026-06-01,13:48:32.036249,[]
2026-06-01,13:48:32.069616,[]
2026-06-01,13:48:32.102983,[]
2026-06-01,13:48:32.136350,[]
2026-06-01,13:48:32.169717,[]
2026-06-01,13:48:32.203084,[]
2026-06-01,13:48:32.236451,[]
2026-06-01,13:48:32.269818,[]
2026-06-01,13:48:32.303185,[]
2026-06-01,13:48:32.336552,[]
2026-06-01,13:48:32.369919,[]
2026-06-01,13:48:32.403286,[]
2026-06-01,13:48:32.436653,[]
2026-06-01,13:48:32.470020,[]
2026-06-01,13:48:32.503387,[]
2026-06-01,13:48:32.536754,[]
2026-06-01,13:48:32.570121,[]
2026-06-01,13:48:32.603488,[]
2026-06-01,13:48:32.636855,[]
2026-06-01,13:48:32.670222,[]
2026-06-01,13:48:32.703589,[]
2026-06-01,13:48:32.736956,[]
2026-06-01,13:48:32.770323,[]
2026-06-01,13:48:32.803690,[]
2026-06-01,13:48:32.837057,[]
2026-06-01,13:48:32.870424,[]
2026-06-01,13:48:32.903791,[]
2026-06-01,13:48:32.937158,[]
2026-06-01,13:48:32.970525,[]
2026-06-01,13:48:33.003892,[]
2026-06-01,13:48:33.037259,[]
2026-06-01,13:48:33.070626,[]
2026-06-01,13:48:33.103993,[]
2026-06-01,13:48:33.137360,[]
2026-06-01,13:48:33.170727,[]
2026-06-01,13:48:33.204094,[]
2026-06-01,13:48:33.237461,[]
2026-06-01,13:48:33.270828,[]
2026-06-01,13:48:33.304195,[]
2026-06-01,13:48:33.337562,[]
2026-06-01,13:48:33.370929,[]
2026-06-01,13:48:33.404296,[]
2026-06-01,13:48:33.437663,[]
2026-06-01,13:48:33.471030,[]
2026-06-01,13:48:33.504397,[]
2026-06-01,13:48:33.537764,[]
2026-06-01,13:48:33.571131,[]
2026-06-01,13:48:33.604498,[]
2026-06-01,13:48:33.637865,[]
2026-06-01,13:48:33.671232,[]
2026-06-01,13:48:33.704599,['DH56241']
2026-06-01,13:48:33.737966,['DH56241']
2026-06-01,13:48:33.771333,['DH56241']
2026-06-01,13:48:33.804700,['DH56241']
2026-06-01,13:48:33.838067,[]
2026-06-01,13:48:33.871434,[]
2026-06-01,13:48:33.904801,[]
2026-06-01,13:48:33.938168,[]
2026-06-01,13:48:33.971535,[]
2026-06-01,13:48:34.004902,[]
2026-06-01,13:48:34.038269,[]
2026-06-01,13:48:34.071636,[]
2026-06-01,13:48:34.105003,[]
2026-06-01,13:48:34.138370,[]
2026-06-01,13:48:34.171737,[]
2026-06-01,13:48:34.205104,[]
2026-06-01,13:48:34.238471,[]
2026-06-01,13:48:34.271838,[]
2026-06-01,13:48:34.305205,[]
2026-06-01,13:48:34.338572,[]
2026-06-01,13:48:34.371939,[]
2026-06-01,13:48:34.405306,[]
2026-06-01,13:48:34.438673,[]
2026-06-01,13:48:34.472040,[]
2026-06-01,13:48:34.505407,[]
2026-06-01,13:48:34.538774,[]
2026-06-01,13:48:34.572141,[]
2026-06-01,13:48:34.605508,[]
2026-06-01,13:48:34.638875,[]
2026-06-01,13:48:34.672242,[]
2026-06-01,13:48:34.705609,[]
2026-06-01,13:48:34.738976,[]
2026-06-01,13:48:34.772343,[]
2026-06-01,13:48:34.805710,[]
2026-06-01,13:48:34.839077,[]
2026-06-01,13:48:34.872444,[]
2026-06-01,13:48:34.905811,[]
2026-06-01,13:48:34.939178,[]
2026-06-01,13:48:34.972545,[]
2026-06-01,13:48:35.005912,[]
2026-06-01,13:48:35.039279,[]
2026-06-01,13:48:35.072646,[]
2026-06-01,13:48:35.106013,[]
2026-06-01,13:48:35.139380,[]
2026-06-01,13:48:35.172747,[]
2026-06-01,13:48:35.206114,[]
2026-06-01,13:48:35.239481,[]
2026-06-01,13:48:35.272848,[]
2026-06-01,13:48:35.306215,[]
2026-06-01,13:48:35.339582,[]
2026-06-01,13:48:35.372949,[]
2026-06-01,13:48:35.406316,[]
2026-06-01,13:48:35.439683,[]
2026-06-01,13:48:35.473050,[]
2026-06-01,13:48:35.506417,[]
2026-06-01,13:48:35.539784,[]
2026-06-01,13:48:35.573151,[]
2026-06-01,13:48:35.606518,[]
2026-06-01,13:48:35.639885,[]
2026-06-01,13:48:35.673252,[]
2026-06-01,13:48:35.706619,[]
2026-06-01,13:48:35.739986,[]
2026-06-01,13:48:35.773353,[]
2026-06-01,13:48:35.806720,[]
2026-06-01,13:48:35.840087,[]
2026-06-01,13:48:35.873454,[]
2026-06-01,13:48:35.906821,[]
2026-06-01,13:48:35.940188,[]
2026-06-01,13:48:35.973555,[]
2026-06-01,13:48:36.006922,[]
2026-06-01,13:48:36.040289,[]
2026-06-01,13:48:36.073656,[]
2026-06-01,13:48:36.107023,[]
2026-06-01,13:48:36.140390,[]
2026-06-01,13:48:36.173757,[]
2026-06-01,13:48:36.207124,[]
2026-06-01,13:48:36.240491,[]
2026-06-01,13:48:36.273858,[]
2026-06-01,13:48:36.307225,[]
2026-06-01,13:48:36.340592,[]
2026-06-01,13:48:36.373959,[]
2026-06-01,13:48:36.407326,[]
2026-06-01,13:48:36.440693,[]
2026-06-01,13:48:36.474060,[]
2026-06-01,13:48:36.507427,[]
2026-06-01,13:48:36.540794,[]
2026-06-01,13:48:36.574161,[]
2026-06-01,13:48:36.607528,[]
2026-06-01,13:48:36.640895,[]
2026-06-01,13:48:36.674262,[]
2026-06-01,13:48:36.707629,[]
2026-06-01,13:48:36.740996,[]
2026-06-01,13:48:36.774363,[]
2026-06-01,13:48:36.807730,[]
2026-06-01,13:48:36.841097,[]
2026-06-01,13:48:36.874464,[]
2026-06-01,13:48:36.907831,[]
2026-06-01,13:48:36.941198,[]
2026-06-01,13:48:36.974565,[]
2026-06-01,13:48:37.007932,[]
2026-06-01,13:48:37.041299,[]
2026-06-01,13:48:37.074666,[]
2026-06-01,13:48:37.108033,[]
2026-06-01,13:48:37.141400,[]
2026-06-01,13:48:37.174767,[]
2026-06-01,13:48:37.208134,[]
2026-06-01,13:48:37.241501,[]
2026-06-01,13:48:37.274868,[]
2026-06-01,13:48:37.308235,[]
2026-06-01,13:48:37.341602,[]
2026-06-01,13:48:37.374969,[]
2026-06-01,13:48:37.408336,[]
2026-06-01,13:48:37.441703,[]
2026-06-01,13:48:37.475070,[]
2026-06-01,13:48:37.508437,[]
2026-06-01,13:48:37.541804,[]
2026-06-01,13:48:37.575171,[]
2026-06-01,13:48:37.608538,[]
2026-06-01,13:48:37.641905,[]
2026-06-01,13:48:37.675272,[]
2026-06-01,13:48:37.708639,[]
2026-06-01,13:48:37.742006,[]
2026-06-01,13:48:37.775373,[]
2026-06-01,13:48:37.808740,[]
2026-06-01,13:48:37.842107,[]
2026-06-01,13:48:37.875474,[]
2026-06-01,13:48:37.908841,[]
2026-06-01,13:48:37.942208,[]
2026-06-01,13:48:37.975575,[]
2026-06-01,13:48:38.008942,[]
2026-06-01,13:48:38.042309,[]
2026-06-01,13:48:38.075676,[]
2026-06-01,13:48:38.109043,[]
2026-06-01,13:48:38.142410,[]
2026-06-01,13:48:38.175777,[]
2026-06-01,13:48:38.209144,[]
2026-06-01,13:48:38.242511,[]
2026-06-01,13:48:38.275878,[]
2026-06-01,13:48:38.309245,[]
2026-06-01,13:48:38.342612,[]
2026-06-01,13:48:38.375979,[]
2026-06-01,13:48:38.409346,[]
2026-06-01,13:48:38.442713,[]
2026-06-01,13:48:38.476080,[]
2026-06-01,13:48:38.509447,[]
2026-06-01,13:48:38.542814,[]
2026-06-01,13:48:38.576181,[]
2026-06-01,13:48:38.609548,[]
2026-06-01,13:48:38.642915,[]
2026-06-01,13:48:38.676282,[]
2026-06-01,13:48:38.709649,[]
2026-06-01,13:48:38.743016,[]
2026-06-01,13:48:38.776383,[]
2026-06-01,13:48:38.809750,[]
2026-06-01,13:48:38.843117,[]
2026-06-01,13:48:38.876484,[]
2026-06-01,13:48:38.909851,[]
2026-06-01,13:48:38.943218,[]
2026-06-01,13:48:38.976585,[]
2026-06-01,13:48:39.009952,[]
2026-06-01,13:48:39.043319,[]
2026-06-01,13:48:39.076686,[]
2026-06-01,13:48:39.110053,[]
2026-06-01,13:48:39.143420,[]
2026-06-01,13:48:39.176787,[]
2026-06-01,13:48:39.210154,[]
2026-06-01,13:48:39.243521,[]
2026-06-01,13:48:39.276888,[]
2026-06-01,13:48:39.310255,[]
2026-06-01,13:48:39.343622,[]
2026-06-01,13:48:39.376989,[]
2026-06-01,13:48:39.410356,[]
2026-06-01,13:48:39.443723,[]
2026-06-01,13:48:39.477090,[]
2026-06-01,13:48:39.510457,[]
2026-06-01,13:48:39.543824,[]
2026-06-01,13:48:39.577191,[]
2026-06-01,13:48:39.610558,[]
2026-06-01,13:48:39.643925,[]
2026-06-01,13:48:39.677292,[]
2026-06-01,13:48:39.710659,[]
2026-06-01,13:48:39.744026,[]
2026-06-01,13:48:39.777393,[]
2026-06-01,13:48:39.810760,[]
2026-06-01,13:48:39.844127,[]
2026-06-01,13:48:39.877494,[]
2026-06-01,13:48:39.910861,[]
2026-06-01,13:48:39.944228,[]
2026-06-01,13:48:39.977595,[]
2026-06-01,13:48:40.010962,[]
2026-06-01,13:48:40.044329,[]
2026-06-01,13:48:40.077696,[]
2026-06-01,13:48:40.111063,[]
2026-06-01,13:48:40.144430,[]
2026-06-01,13:48:40.177797,[]
2026-06-01,13:48:40.211164,[]
2026-06-01,13:48:40.244531,[]
2026-06-01,13:48:40.277898,[]
2026-06-01,13:48:40.311265,[]
2026-06-01,13:48:40.344632,[]
2026-06-01,13:48:40.377999,[]
2026-06-01,13:48:40.411366,[]
2026-06-01,13:48:40.444733,[]
2026-06-01,13:48:40.478100,[]
2026-06-01,13:48:40.511467,[]
2026-06-01,13:48:40.544834,[]
2026-06-01,13:48:40.578201,[]
2026-06-01,13:48:40.611568,[]
2026-06-01,13:48:40.644935,[]
2026-06-01,13:48:40.678302,[]
2026-06-01,13:48:40.711669,[]
2026-06-01,13:48:40.745036,[]
2026-06-01,13:48:40.778403,[]
2026-06-01,13:48:40.811770,[]
2026-06-01,13:48:40.845137,[]
2026-06-01,13:48:40.878504,[]
2026-06-01,13:48:40.911871,[]
2026-06-01,13:48:40.945238,[]
2026-06-01,13:48:40.978605,[]
2026-06-01,13:48:41.011972,[]
2026-06-01,13:48:41.045339,[]
2026-06-01,13:48:41.078706,[]
2026-06-01,13:48:41.112073,[]
2026-06-01,13:48:41.145440,[]
2026-06-01,13:48:41.178807,[]
2026-06-01,13:48:41.212174,[]
2026-06-01,13:48:41.245541,[]
2026-06-01,13:48:41.278908,[]
2026-06-01,13:48:41.312275,[]
2026-06-01,13:48:41.345642,[]
2026-06-01,13:48:41.379009,[]
2026-06-01,13:48:41.412376,[]
2026-06-01,13:48:41.445743,[]
2026-06-01,13:48:41.479110,[]
2026-06-01,13:48:41.512477,[]
2026-06-01,13:48:41.545844,[]
2026-06-01,13:48:41.579211,[]
2026-06-01,13:48:41.612578,[]
2026-06-01,13:48:41.645945,[]
2026-06-01,13:48:41.679312,[]
2026-06-01,13:48:41.712679,[]
2026-06-01,13:48:41.746046,[]
2026-06-01,13:48:41.779413,[]
2026-06-01,13:48:41.812780,[]
2026-06-01,13:48:41.846147,[]
2026-06-01,13:48:41.879514,[]
2026-06-01,13:48:41.912881,[]
2026-06-01,13:48:41.946248,[]
2026-06-01,13:48:41.979615,[]
2026-06-01,13:48:42.012982,[]
2026-06-01,13:48:42.046349,[]
2026-06-01,13:48:42.079716,[]
2026-06-01,13:48:42.113083,[]
2026-06-01,13:48:42.146450,[]
2026-06-01,13:48:42.179817,[]
2026-06-01,13:48:42.213184,[]
2026-06-01,13:48:42.246551,[]
2026-06-01,13:48:42.279918,[]
2026-06-01,13:48:42.313285,[]
2026-06-01,13:48:42.346652,[]
2026-06-01,13:48:42.380019,[]
2026-06-01,13:48:42.413386,[]
2026-06-01,13:48:42.446753,[]
2026-06-01,13:48:42.480120,[]
2026-06-01,13:48:42.513487,[]
2026-06-01,13:48:42.546854,[]
2026-06-01,13:48:42.580221,[]
2026-06-01,13:48:42.613588,[]
2026-06-01,13:48:42.646955,[]
2026-06-01,13:48:42.680322,[]
2026-06-01,13:48:42.713689,[]
2026-06-01,13:48:42.747056,[]
2026-06-01,13:48:42.780423,[]
2026-06-01,13:48:42.813790,[]
2026-06-01,13:48:42.847157,[]
2026-06-01,13:48:42.880524,[]
2026-06-01,13:48:42.913891,[]
2026-06-01,13:48:42.947258,[]
2026-06-01,13:48:42.980625,[]
2026-06-01,13:48:43.013992,[]
2026-06-01,13:48:43.047359,[]
2026-06-01,13:48:43.080726,[]
2026-06-01,13:48:43.114093,[]
2026-06-01,13:48:43.147460,[]
2026-06-01,13:48:43.180827,[]
2026-06-01,13:48:43.214194,[]
2026-06-01,13:48:43.247561,[]
2026-06-01,13:48:43.280928,[]
2026-06-01,13:48:43.314295,[]
2026-06-01,13:48:43.347662,[]
2026-06-01,13:48:43.381029,[]
2026-06-01,13:48:43.414396,[]
2026-06-01,13:48:43.447763,[]
2026-06-01,13:48:43.481130,[]
2026-06-01,13:48:43.514497,[]
2026-06-01,13:48:43.547864,[]
2026-06-01,13:48:43.581231,[]
2026-06-01,13:48:43.614598,[]
2026-06-01,13:48:43.647965,[]
2026-06-01,13:48:43.681332,[]
2026-06-01,13:48:43.714699,[]
2026-06-01,13:48:43.748066,[]
2026-06-01,13:48:43.781433,[]
2026-06-01,13:48:43.814800,[]
2026-06-01,13:48:43.848167,[]
2026-06-01,13:48:43.881534,[]
2026-06-01,13:48:43.914901,[]
2026-06-01,13:48:43.948268,[]
2026-06-01,13:48:43.981635,[]
2026-06-01,13:48:44.015002,[]
2026-06-01,13:48:44.048369,[]
2026-06-01,13:48:44.081736,[]
2026-06-01,13:48:44.115103,[]
2026-06-01,13:48:44.148470,[]
2026-06-01,13:48:44.181837,[]
2026-06-01,13:48:44.215204,[]
2026-06-01,13:48:44.248571,[]
2026-06-01,13:48:44.281938,[]
2026-06-01,13:48:44.315305,[]
2026-06-01,13:48:44.348672,[]
2026-06-01,13:48:44.382039,[]
2026-06-01,13:48:44.415406,[]
2026-06-01,13:48:44.448773,[]
2026-06-01,13:48:44.482140,[]
2026-06-01,13:48:44.515507,[]
2026-06-01,13:48:44.548874,[]
2026-06-01,13:48:44.582241,[]
2026-06-01,13:48:44.615608,[]
2026-06-01,13:48:44.648975,[]
2026-06-01,13:48:44.682342,[]
2026-06-01,13:48:44.715709,[]
2026-06-01,13:48:44.749076,[]
2026-06-01,13:48:44.782443,[]
2026-06-01,13:48:44.815810,[]
2026-06-01,13:48:44.849177,[]
2026-06-01,13:48:44.882544,[]
2026-06-01,13:48:44.915911,[]
2026-06-01,13:48:44.949278,[]
2026-06-01,13:48:44.982645,[]
2026-06-01,13:48:45.016012,[]
2026-06-01,13:48:45.049379,[]
2026-06-01,13:48:45.082746,[]
2026-06-01,13:48:45.116113,[]
2026-06-01,13:48:45.149480,[]
2026-06-01,13:48:45.182847,[]
2026-06-01,13:48:45.216214,[]
2026-06-01,13:48:45.249581,[]
2026-06-01,13:48:45.282948,[]
2026-06-01,13:48:45.316315,[]
2026-06-01,13:48:45.349682,[]
2026-06-01,13:48:45.383049,[]
2026-06-01,13:48:45.416416,[]
2026-06-01,13:48:45.449783,[]
2026-06-01,13:48:45.483150,[]
2026-06-01,13:48:45.516517,[]
2026-06-01,13:48:45.549884,[]
2026-06-01,13:48:45.583251,[]
2026-06-01,13:48:45.616618,[]
2026-06-01,13:48:45.649985,[]
2026-06-01,13:48:45.683352,[]
2026-06-01,13:48:45.716719,[]
2026-06-01,13:48:45.750086,[]
2026-06-01,13:48:45.783453,[]
2026-06-01,13:48:45.816820,[]
2026-06-01,13:48:45.850187,[]
2026-06-01,13:48:45.883554,[]
2026-06-01,13:48:45.916921,[]
2026-06-01,13:48:45.950288,[]
2026-06-01,13:48:45.983655,[]
2026-06-01,13:48:46.017022,[]
2026-06-01,13:48:46.050389,[]
2026-06-01,13:48:46.083756,[]
2026-06-01,13:48:46.117123,[]
2026-06-01,13:48:46.150490,[]
2026-06-01,13:48:46.183857,[]
2026-06-01,13:48:46.217224,[]
2026-06-01,13:48:46.250591,[]
2026-06-01,13:48:46.283958,[]
2026-06-01,13:48:46.317325,[]
2026-06-01,13:48:46.350692,[]
2026-06-01,13:48:46.384059,[]
2026-06-01,13:48:46.417426,[]
2026-06-01,13:48:46.450793,[]
2026-06-01,13:48:46.484160,[]
2026-06-01,13:48:46.517527,[]
2026-06-01,13:48:46.550894,[]
2026-06-01,13:48:46.584261,[]
2026-06-01,13:48:46.617628,[]
2026-06-01,13:48:46.650995,[]
2026-06-01,13:48:46.684362,[]
2026-06-01,13:48:46.717729,[]
2026-06-01,13:48:46.751096,[]
2026-06-01,13:48:46.784463,[]
2026-06-01,13:48:46.817830,[]
2026-06-01,13:48:46.851197,[]
2026-06-01,13:48:46.884564,[]
2026-06-01,13:48:46.917931,[]
2026-06-01,13:48:46.951298,[]
2026-06-01,13:48:46.984665,[]
2026-06-01,13:48:47.018032,[]
2026-06-01,13:48:47.051399,[]
2026-06-01,13:48:47.084766,[]
2026-06-01,13:48:47.118133,[]
2026-06-01,13:48:47.151500,[]
2026-06-01,13:48:47.184867,[]
2026-06-01,13:48:47.218234,[]
2026-06-01,13:48:47.251601,[]
2026-06-01,13:48:47.284968,[]
2026-06-01,13:48:47.318335,[]
2026-06-01,13:48:47.351702,[]
2026-06-01,13:48:47.385069,[]
2026-06-01,13:48:47.418436,[]
2026-06-01,13:48:47.451803,[]
2026-06-01,13:48:47.485170,[]
2026-06-01,13:48:47.518537,[]
2026-06-01,13:48:47.551904,[]
2026-06-01,13:48:47.585271,[]
2026-06-01,13:48:47.618638,[]
2026-06-01,13:48:47.652005,[]
2026-06-01,13:48:47.685372,[]
2026-06-01,13:48:47.718739,[]
2026-06-01,13:48:47.752106,[]
2026-06-01,13:48:47.785473,[]
2026-06-01,13:48:47.818840,[]
2026-06-01,13:48:47.852207,[]
2026-06-01,13:48:47.885574,[]
2026-06-01,13:48:47.918941,[]
2026-06-01,13:48:47.952308,[]
2026-06-01,13:48:47.985675,[]
2026-06-01,13:48:48.019042,[]
2026-06-01,13:48:48.052409,[]
2026-06-01,13:48:48.085776,[]
2026-06-01,13:48:48.119143,[]
2026-06-01,13:48:48.152510,[]
2026-06-01,13:48:48.185877,[]
2026-06-01,13:48:48.219244,[]
2026-06-01,13:48:48.252611,[]
2026-06-01,13:48:48.285978,[]
2026-06-01,13:48:48.319345,[]
2026-06-01,13:48:48.352712,[]
2026-06-01,13:48:48.386079,[]
2026-06-01,13:48:48.419446,[]
2026-06-01,13:48:48.452813,[]
2026-06-01,13:48:48.486180,[]
2026-06-01,13:48:48.519547,[]
2026-06-01,13:48:48.552914,[]
2026-06-01,13:48:48.586281,[]
2026-06-01,13:48:48.619648,[]
2026-06-01,13:48:48.653015,[]
2026-06-01,13:48:48.686382,[]
2026-06-01,13:48:48.719749,[]
2026-06-01,13:48:48.753116,[]
2026-06-01,13:48:48.786483,[]
2026-06-01,13:48:48.819850,[]
2026-06-01,13:48:48.853217,[]
2026-06-01,13:48:48.886584,[]
2026-06-01,13:48:48.919951,[]
2026-06-01,13:48:48.953318,[]
2026-06-01,13:48:48.986685,[]
2026-06-01,13:48:49.020052,[]
2026-06-01,13:48:49.053419,[]
2026-06-01,13:48:49.086786,[]
2026-06-01,13:48:49.120153,[]
2026-06-01,13:48:49.153520,[]
2026-06-01,13:48:49.186887,[]
2026-06-01,13:48:49.220254,[]
2026-06-01,13:48:49.253621,[]
2026-06-01,13:48:49.286988,[]
2026-06-01,13:48:49.320355,[]
2026-06-01,13:48:49.353722,[]
2026-06-01,13:48:49.387089,[]
2026-06-01,13:48:49.420456,[]
2026-06-01,13:48:49.453823,[]
2026-06-01,13:48:49.487190,[]
2026-06-01,13:48:49.520557,[]
2026-06-01,13:48:49.553924,[]
2026-06-01,13:48:49.587291,[]
2026-06-01,13:48:49.620658,[]
2026-06-01,13:48:49.654025,[]
2026-06-01,13:48:49.687392,[]
2026-06-01,13:48:49.720759,[]
2026-06-01,13:48:49.754126,[]
2026-06-01,13:48:49.787493,[]
2026-06-01,13:48:49.820860,[]
2026-06-01,13:48:49.854227,[]
2026-06-01,13:48:49.887594,[]
2026-06-01,13:48:49.920961,[]
2026-06-01,13:48:49.954328,[]
2026-06-01,13:48:49.987695,[]
2026-06-01,13:48:50.021062,[]
2026-06-01,13:48:50.054429,[]
2026-06-01,13:48:50.087796,[]
2026-06-01,13:48:50.121163,[]
2026-06-01,13:48:50.154530,[]
2026-06-01,13:48:50.187897,[]
2026-06-01,13:48:50.221264,[]
2026-06-01,13:48:50.254631,[]
2026-06-01,13:48:50.287998,[]
2026-06-01,13:48:50.321365,[]
2026-06-01,13:48:50.354732,[]
2026-06-01,13:48:50.388099,[]
2026-06-01,13:48:50.421466,[]
2026-06-01,13:48:50.454833,[]
2026-06-01,13:48:50.488200,[]
2026-06-01,13:48:50.521567,[]
2026-06-01,13:48:50.554934,[]
2026-06-01,13:48:50.588301,[]
2026-06-01,13:48:50.621668,[]
2026-06-01,13:48:50.655035,[]
2026-06-01,13:48:50.688402,[]
2026-06-01,13:48:50.721769,[]
2026-06-01,13:48:50.755136,[]
2026-06-01,13:48:50.788503,[]
2026-06-01,13:48:50.821870,[]
2026-06-01,13:48:50.855237,[]
2026-06-01,13:48:50.888604,[]
2026-06-01,13:48:50.921971,[]
2026-06-01,13:48:50.955338,[]
2026-06-01,13:48:50.988705,[]
2026-06-01,13:48:51.022072,[]
2026-06-01,13:48:51.055439,[]
2026-06-01,13:48:51.088806,[]
2026-06-01,13:48:51.122173,[]
2026-06-01,13:48:51.155540,[]
2026-06-01,13:48:51.188907,[]
2026-06-01,13:48:51.222274,[]
2026-06-01,13:48:51.255641,[]
2026-06-01,13:48:51.289008,[]
2026-06-01,13:48:51.322375,[]
2026-06-01,13:48:51.355742,[]
2026-06-01,13:48:51.389109,[]
2026-06-01,13:48:51.422476,[]
2026-06-01,13:48:51.455843,[]
2026-06-01,13:48:51.489210,[]
2026-06-01,13:48:51.522577,[]
2026-06-01,13:48:51.555944,[]
2026-06-01,13:48:51.589311,[]
2026-06-01,13:48:51.622678,[]
2026-06-01,13:48:51.656045,[]
2026-06-01,13:48:51.689412,[]
2026-06-01,13:48:51.722779,[]
2026-06-01,13:48:51.756146,[]
2026-06-01,13:48:51.789513,[]
2026-06-01,13:48:51.822880,[]
2026-06-01,13:48:51.856247,[]
2026-06-01,13:48:51.889614,[]
2026-06-01,13:48:51.922981,[]
2026-06-01,13:48:51.956348,[]
2026-06-01,13:48:51.989715,[]
2026-06-01,13:48:52.023082,[]
2026-06-01,13:48:52.056449,[]
2026-06-01,13:48:52.089816,[]
2026-06-01,13:48:52.123183,[]
2026-06-01,13:48:52.156550,[]
2026-06-01,13:48:52.189917,[]
2026-06-01,13:48:52.223284,[]
2026-06-01,13:48:52.256651,[]
2026-06-01,13:48:52.290018,[]
2026-06-01,13:48:52.323385,[]
2026-06-01,13:48:52.356752,[]
2026-06-01,13:48:52.390119,[]
2026-06-01,13:48:52.423486,[]
2026-06-01,13:48:52.456853,[]
2026-06-01,13:48:52.490220,[]
2026-06-01,13:48:52.523587,[]
2026-06-01,13:48:52.556954,[]
2026-06-01,13:48:52.590321,[]
2026-06-01,13:48:52.623688,[]
2026-06-01,13:48:52.657055,[]
2026-06-01,13:48:52.690422,[]
2026-06-01,13:48:52.723789,[]
2026-06-01,13:48:52.757156,[]
2026-06-01,13:48:52.790523,[]
2026-06-01,13:48:52.823890,[]
2026-06-01,13:48:52.857257,[]
2026-06-01,13:48:52.890624,[]
2026-06-01,13:48:52.923991,[]
2026-06-01,13:48:52.957358,[]
2026-06-01,13:48:52.990725,[]
2026-06-01,13:48:53.024092,[]
2026-06-01,13:48:53.057459,[]
2026-06-01,13:48:53.090826,[]
2026-06-01,13:48:53.124193,[]
2026-06-01,13:48:53.157560,[]
2026-06-01,13:48:53.190927,[]
2026-06-01,13:48:53.224294,[]
2026-06-01,13:48:53.257661,[]
2026-06-01,13:48:53.291028,[]
2026-06-01,13:48:53.324395,[]
2026-06-01,13:48:53.357762,[]
2026-06-01,13:48:53.391129,[]
2026-06-01,13:48:53.424496,[]
2026-06-01,13:48:53.457863,[]
2026-06-01,13:48:53.491230,[]
2026-06-01,13:48:53.524597,[]
2026-06-01,13:48:53.557964,[]
2026-06-01,13:48:53.591331,[]
2026-06-01,13:48:53.624698,[]
2026-06-01,13:48:53.658065,[]
2026-06-01,13:48:53.691432,[]
2026-06-01,13:48:53.724799,[]
2026-06-01,13:48:53.758166,[]
2026-06-01,13:48:53.791533,[]
2026-06-01,13:48:53.824900,[]
2026-06-01,13:48:53.858267,[]
2026-06-01,13:48:53.891634,[]
2026-06-01,13:48:53.925001,[]
2026-06-01,13:48:53.958368,[]
2026-06-01,13:48:53.991735,[]
2026-06-01,13:48:54.025102,[]
2026-06-01,13:48:54.058469,[]
2026-06-01,13:48:54.091836,[]
2026-06-01,13:48:54.125203,[]
2026-06-01,13:48:54.158570,[]
2026-06-01,13:48:54.191937,[]
2026-06-01,13:48:54.225304,[]
2026-06-01,13:48:54.258671,[]
2026-06-01,13:48:54.292038,[]
2026-06-01,13:48:54.325405,[]
2026-06-01,13:48:54.358772,[]
2026-06-01,13:48:54.392139,[]
2026-06-01,13:48:54.425506,[]
2026-06-01,13:48:54.458873,[]
2026-06-01,13:48:54.492240,[]
2026-06-01,13:48:54.525607,[]
2026-06-01,13:48:54.558974,[]
2026-06-01,13:48:54.592341,[]
2026-06-01,13:48:54.625708,[]
2026-06-01,13:48:54.659075,[]
2026-06-01,13:48:54.692442,[]
2026-06-01,13:48:54.725809,[]
2026-06-01,13:48:54.759176,[]
2026-06-01,13:48:54.792543,[]
2026-06-01,13:48:54.825910,[]
2026-06-01,13:48:54.859277,[]
2026-06-01,13:48:54.892644,[]
2026-06-01,13:48:54.926011,[]
2026-06-01,13:48:54.959378,[]
2026-06-01,13:48:54.992745,[]
2026-06-01,13:48:55.026112,[]
2026-06-01,13:48:55.059479,[]
2026-06-01,13:48:55.092846,[]
2026-06-01,13:48:55.126213,[]
2026-06-01,13:48:55.159580,[]
2026-06-01,13:48:55.192947,[]
2026-06-01,13:48:55.226314,[]
2026-06-01,13:48:55.259681,[]
2026-06-01,13:48:55.293048,[]
2026-06-01,13:48:55.326415,[]
2026-06-01,13:48:55.359782,[]
2026-06-01,13:48:55.393149,[]
2026-06-01,13:48:55.426516,[]
2026-06-01,13:48:55.459883,[]
2026-06-01,13:48:55.493250,[]
2026-06-01,13:48:55.526617,[]
2026-06-01,13:48:55.559984,[]
2026-06-01,13:48:55.593351,[]
2026-06-01,13:48:55.626718,[]
2026-06-01,13:48:55.660085,[]
2026-06-01,13:48:55.693452,[]
2026-06-01,13:48:55.726819,[]
2026-06-01,13:48:55.760186,[]
2026-06-01,13:48:55.793553,[]
2026-06-01,13:48:55.826920,[]
2026-06-01,13:48:55.860287,[]
2026-06-01,13:48:55.893654,[]
2026-06-01,13:48:55.927021,[]
2026-06-01,13:48:55.960388,[]
2026-06-01,13:48:55.993755,[]
2026-06-01,13:48:56.027122,[]
2026-06-01,13:48:56.060489,[]
2026-06-01,13:48:56.093856,[]
2026-06-01,13:48:56.127223,[]
2026-06-01,13:48:56.160590,[]
2026-06-01,13:48:56.193957,[]
2026-06-01,13:48:56.227324,[]
2026-06-01,13:48:56.260691,[]
2026-06-01,13:48:56.294058,[]
2026-06-01,13:48:56.327425,[]
2026-06-01,13:48:56.360792,[]
2026-06-01,13:48:56.394159,[]
2026-06-01,13:48:56.427526,[]
2026-06-01,13:48:56.460893,[]
2026-06-01,13:48:56.494260,[]
2026-06-01,13:48:56.527627,[]
2026-06-01,13:48:56.560994,[]
2026-06-01,13:48:56.594361,[]
2026-06-01,13:48:56.627728,[]
2026-06-01,13:48:56.661095,[]
2026-06-01,13:48:56.694462,[]
2026-06-01,13:48:56.727829,[]
2026-06-01,13:48:56.761196,[]
2026-06-01,13:48:56.794563,[]
2026-06-01,13:48:56.827930,[]
2026-06-01,13:48:56.861297,[]
2026-06-01,13:48:56.894664,[]
2026-06-01,13:48:56.928031,[]
2026-06-01,13:48:56.961398,[]
2026-06-01,13:48:56.994765,[]
2026-06-01,13:48:57.028132,[]
2026-06-01,13:48:57.061499,[]
2026-06-01,13:48:57.094866,[]
2026-06-01,13:48:57.128233,[]
2026-06-01,13:48:57.161600,[]
2026-06-01,13:48:57.194967,[]
2026-06-01,13:48:57.228334,[]
2026-06-01,13:48:57.261701,[]
2026-06-01,13:48:57.295068,[]
2026-06-01,13:48:57.328435,[]
2026-06-01,13:48:57.361802,[]
2026-06-01,13:48:57.395169,[]
2026-06-01,13:48:57.428536,[]
2026-06-01,13:48:57.461903,[]
2026-06-01,13:48:57.495270,[]
2026-06-01,13:48:57.528637,[]
2026-06-01,13:48:57.562004,[]
2026-06-01,13:48:57.595371,[]
2026-06-01,13:48:57.628738,[]
2026-06-01,13:48:57.662105,[]
2026-06-01,13:48:57.695472,[]
2026-06-01,13:48:57.728839,[]
2026-06-01,13:48:57.762206,[]
2026-06-01,13:48:57.795573,[]
2026-06-01,13:48:57.828940,[]
2026-06-01,13:48:57.862307,[]
2026-06-01,13:48:57.895674,[]
2026-06-01,13:48:57.929041,[]
2026-06-01,13:48:57.962408,[]
2026-06-01,13:48:57.995775,[]
2026-06-01,13:48:58.029142,[]
2026-06-01,13:48:58.062509,[]
2026-06-01,13:48:58.095876,[]
2026-06-01,13:48:58.129243,[]
2026-06-01,13:48:58.162610,[]
2026-06-01,13:48:58.195977,[]
2026-06-01,13:48:58.229344,[]
2026-06-01,13:48:58.262711,[]
2026-06-01,13:48:58.296078,[]
2026-06-01,13:48:58.329445,[]
2026-06-01,13:48:58.362812,[]
2026-06-01,13:48:58.396179,[]
2026-06-01,13:48:58.429546,[]
2026-06-01,13:48:58.462913,[]
2026-06-01,13:48:58.496280,[]
2026-06-01,13:48:58.529647,[]
2026-06-01,13:48:58.563014,[]
2026-06-01,13:48:58.596381,[]
2026-06-01,13:48:58.629748,[]
2026-06-01,13:48:58.663115,[]
2026-06-01,13:48:58.696482,[]
2026-06-01,13:48:58.729849,[]
2026-06-01,13:48:58.763216,[]
2026-06-01,13:48:58.796583,[]
2026-06-01,13:48:58.829950,[]
2026-06-01,13:48:58.863317,[]
2026-06-01,13:48:58.896684,[]
2026-06-01,13:48:58.930051,[]
2026-06-01,13:48:58.963418,[]
2026-06-01,13:48:58.996785,[]
2026-06-01,13:48:59.030152,[]
2026-06-01,13:48:59.063519,[]
2026-06-01,13:48:59.096886,[]
2026-06-01,13:48:59.130253,[]
2026-06-01,13:48:59.163620,[]
2026-06-01,13:48:59.196987,[]
2026-06-01,13:48:59.230354,[]
2026-06-01,13:48:59.263721,[]
2026-06-01,13:48:59.297088,[]
2026-06-01,13:48:59.330455,[]
2026-06-01,13:48:59.363822,[]
2026-06-01,13:48:59.397189,[]
2026-06-01,13:48:59.430556,[]
2026-06-01,13:48:59.463923,[]
2026-06-01,13:48:59.497290,[]
2026-06-01,13:48:59.530657,[]
2026-06-01,13:48:59.564024,[]
2026-06-01,13:48:59.597391,[]
2026-06-01,13:48:59.630758,[]
2026-06-01,13:48:59.664125,[]
2026-06-01,13:48:59.697492,[]
2026-06-01,13:48:59.730859,[]
2026-06-01,13:48:59.764226,[]
2026-06-01,13:48:59.797593,[]
2026-06-01,13:48:59.830960,[]
2026-06-01,13:48:59.864327,[]
2026-06-01,13:48:59.897694,[]
2026-06-01,13:48:59.931061,[]
2026-06-01,13:48:59.964428,[]
2026-06-01,13:48:59.997795,[]
2026-06-01,13:49:00.031162,[]
2026-06-01,13:49:00.064529,[]
2026-06-01,13:49:00.097896,[]
2026-06-01,13:49:00.131263,[]
2026-06-01,13:49:00.164630,[]
2026-06-01,13:49:00.197997,[]
2026-06-01,13:49:00.231364,[]
2026-06-01,13:49:00.264731,[]
2026-06-01,13:49:00.298098,[]
2026-06-01,13:49:00.331465,[]
2026-06-01,13:49:00.364832,[]
2026-06-01,13:49:00.398199,[]
2026-06-01,13:49:00.431566,[]
2026-06-01,13:49:00.464933,[]
2026-06-01,13:49:00.498300,[]
2026-06-01,13:49:00.531667,[]
2026-06-01,13:49:00.565034,[]
2026-06-01,13:49:00.598401,[]
2026-06-01,13:49:00.631768,[]
2026-06-01,13:49:00.665135,[]
2026-06-01,13:49:00.698502,[]
2026-06-01,13:49:00.731869,[]
2026-06-01,13:49:00.765236,[]
2026-06-01,13:49:00.798603,[]
2026-06-01,13:49:00.831970,[]
2026-06-01,13:49:00.865337,[]
2026-06-01,13:49:00.898704,[]
2026-06-01,13:49:00.932071,[]
2026-06-01,13:49:00.965438,[]
2026-06-01,13:49:00.998805,[]
2026-06-01,13:49:01.032172,[]
2026-06-01,13:49:01.065539,[]
2026-06-01,13:49:01.098906,[]
2026-06-01,13:49:01.132273,[]
2026-06-01,13:49:01.165640,[]
2026-06-01,13:49:01.199007,[]
2026-06-01,13:49:01.232374,[]
2026-06-01,13:49:01.265741,[]
2026-06-01,13:49:01.299108,[]
2026-06-01,13:49:01.332475,[]
2026-06-01,13:49:01.365842,[]
2026-06-01,13:49:01.399209,[]
2026-06-01,13:49:01.432576,[]
2026-06-01,13:49:01.465943,[]
2026-06-01,13:49:01.499310,[]
2026-06-01,13:49:01.532677,[]
2026-06-01,13:49:01.566044,[]
2026-06-01,13:49:01.599411,[]
2026-06-01,13:49:01.632778,[]
2026-06-01,13:49:01.666145,[]
2026-06-01,13:49:01.699512,[]
2026-06-01,13:49:01.732879,[]
2026-06-01,13:49:01.766246,[]
2026-06-01,13:49:01.799613,[]
2026-06-01,13:49:01.832980,[]
2026-06-01,13:49:01.866347,[]
2026-06-01,13:49:01.899714,[]
2026-06-01,13:49:01.933081,[]
2026-06-01,13:49:01.966448,[]
2026-06-01,13:49:01.999815,[]
2026-06-01,13:49:02.033182,[]
2026-06-01,13:49:02.066549,[]
2026-06-01,13:49:02.099916,[]
2026-06-01,13:49:02.133283,[]
2026-06-01,13:49:02.166650,[]
2026-06-01,13:49:02.200017,[]
2026-06-01,13:49:02.233384,[]
2026-06-01,13:49:02.266751,[]
2026-06-01,13:49:02.300118,[]
2026-06-01,13:49:02.333485,[]
2026-06-01,13:49:02.366852,[]
2026-06-01,13:49:02.400219,[]
2026-06-01,13:49:02.433586,[]
2026-06-01,13:49:02.466953,[]
2026-06-01,13:49:02.500320,[]
2026-06-01,13:49:02.533687,[]
2026-06-01,13:49:02.567054,[]
2026-06-01,13:49:02.600421,[]
2026-06-01,13:49:02.633788,[]
2026-06-01,13:49:02.667155,[]
2026-06-01,13:49:02.700522,[]
2026-06-01,13:49:02.733889,[]
2026-06-01,13:49:02.767256,[]
2026-06-01,13:49:02.800623,[]
2026-06-01,13:49:02.833990,[]
2026-06-01,13:49:02.867357,[]
2026-06-01,13:49:02.900724,[]
2026-06-01,13:49:02.934091,[]
2026-06-01,13:49:02.967458,[]
2026-06-01,13:49:03.000825,[]
2026-06-01,13:49:03.034192,[]
2026-06-01,13:49:03.067559,[]
2026-06-01,13:49:03.100926,[]
2026-06-01,13:49:03.134293,[]
2026-06-01,13:49:03.167660,[]
2026-06-01,13:49:03.201027,[]
2026-06-01,13:49:03.234394,[]
2026-06-01,13:49:03.267761,[]
2026-06-01,13:49:03.301128,[]
2026-06-01,13:49:03.334495,[]
2026-06-01,13:49:03.367862,[]
2026-06-01,13:49:03.401229,[]
2026-06-01,13:49:03.434596,[]
2026-06-01,13:49:03.467963,[]
2026-06-01,13:49:03.501330,[]
2026-06-01,13:49:03.534697,[]
2026-06-01,13:49:03.568064,[]
2026-06-01,13:49:03.601431,[]
2026-06-01,13:49:03.634798,[]
2026-06-01,13:49:03.668165,[]
2026-06-01,13:49:03.701532,[]
2026-06-01,13:49:03.734899,[]
2026-06-01,13:49:03.768266,[]
2026-06-01,13:49:03.801633,[]
2026-06-01,13:49:03.835000,[]
2026-06-01,13:49:03.868367,[]
2026-06-01,13:49:03.901734,[]
2026-06-01,13:49:03.935101,[]
2026-06-01,13:49:03.968468,[]
2026-06-01,13:49:04.001835,[]
2026-06-01,13:49:04.035202,[]
2026-06-01,13:49:04.068569,[]
2026-06-01,13:49:04.101936,[]
2026-06-01,13:49:04.135303,[]
2026-06-01,13:49:04.168670,[]
2026-06-01,13:49:04.202037,[]
2026-06-01,13:49:04.235404,[]
2026-06-01,13:49:04.268771,[]
2026-06-01,13:49:04.302138,[]
2026-06-01,13:49:04.335505,[]
2026-06-01,13:49:04.368872,[]
2026-06-01,13:49:04.402239,[]
2026-06-01,13:49:04.435606,[]
2026-06-01,13:49:04.468973,[]
2026-06-01,13:49:04.502340,[]
2026-06-01,13:49:04.535707,[]
2026-06-01,13:49:04.569074,[]
2026-06-01,13:49:04.602441,[]
2026-06-01,13:49:04.635808,[]
2026-06-01,13:49:04.669175,[]
2026-06-01,13:49:04.702542,[]
2026-06-01,13:49:04.735909,[]
2026-06-01,13:49:04.769276,[]
2026-06-01,13:49:04.802643,[]
2026-06-01,13:49:04.836010,[]
2026-06-01,13:49:04.869377,[]
2026-06-01,13:49:04.902744,[]
2026-06-01,13:49:04.936111,[]
2026-06-01,13:49:04.969478,[]
2026-06-01,13:49:05.002845,[]
2026-06-01,13:49:05.036212,[]
2026-06-01,13:49:05.069579,[]
2026-06-01,13:49:05.102946,[]
2026-06-01,13:49:05.136313,[]
2026-06-01,13:49:05.169680,[]
2026-06-01,13:49:05.203047,[]
2026-06-01,13:49:05.236414,[]
2026-06-01,13:49:05.269781,[]
2026-06-01,13:49:05.303148,[]
2026-06-01,13:49:05.336515,[]
2026-06-01,13:49:05.369882,[]
2026-06-01,13:49:05.403249,[]
2026-06-01,13:49:05.436616,[]
2026-06-01,13:49:05.469983,[]
2026-06-01,13:49:05.503350,[]
2026-06-01,13:49:05.536717,[]
2026-06-01,13:49:05.570084,[]
2026-06-01,13:49:05.603451,[]
2026-06-01,13:49:05.636818,[]
2026-06-01,13:49:05.670185,[]
2026-06-01,13:49:05.703552,[]
2026-06-01,13:49:05.736919,[]
2026-06-01,13:49:05.770286,[]
2026-06-01,13:49:05.803653,[]
2026-06-01,13:49:05.837020,[]
2026-06-01,13:49:05.870387,[]
2026-06-01,13:49:05.903754,[]
2026-06-01,13:49:05.937121,[]
2026-06-01,13:49:05.970488,[]
2026-06-01,13:49:06.003855,[]
2026-06-01,13:49:06.037222,[]
2026-06-01,13:49:06.070589,[]
2026-06-01,13:49:06.103956,[]
2026-06-01,13:49:06.137323,[]
2026-06-01,13:49:06.170690,[]
2026-06-01,13:49:06.204057,[]
2026-06-01,13:49:06.237424,[]
2026-06-01,13:49:06.270791,[]
2026-06-01,13:49:06.304158,[]
2026-06-01,13:49:06.337525,[]
2026-06-01,13:49:06.370892,[]
2026-06-01,13:49:06.404259,[]
2026-06-01,13:49:06.437626,[]
2026-06-01,13:49:06.470993,[]
2026-06-01,13:49:06.504360,[]
2026-06-01,13:49:06.537727,[]
2026-06-01,13:49:06.571094,[]
2026-06-01,13:49:06.604461,[]
2026-06-01,13:49:06.637828,[]
2026-06-01,13:49:06.671195,[]
2026-06-01,13:49:06.704562,[]
2026-06-01,13:49:06.737929,[]
2026-06-01,13:49:06.771296,[]
2026-06-01,13:49:06.804663,[]
2026-06-01,13:49:06.838030,[]
2026-06-01,13:49:06.871397,[]
2026-06-01,13:49:06.904764,[]
2026-06-01,13:49:06.938131,[]
2026-06-01,13:49:06.971498,[]
2026-06-01,13:49:07.004865,[]
2026-06-01,13:49:07.038232,[]
2026-06-01,13:49:07.071599,[]
2026-06-01,13:49:07.104966,[]
2026-06-01,13:49:07.138333,[]
2026-06-01,13:49:07.171700,[]
2026-06-01,13:49:07.205067,[]
2026-06-01,13:49:07.238434,[]
2026-06-01,13:49:07.271801,[]
2026-06-01,13:49:07.305168,[]
2026-06-01,13:49:07.338535,[]
2026-06-01,13:49:07.371902,[]
2026-06-01,13:49:07.405269,[]
2026-06-01,13:49:07.438636,[]
2026-06-01,13:49:07.472003,[]
2026-06-01,13:49:07.505370,[]
2026-06-01,13:49:07.538737,[]
2026-06-01,13:49:07.572104,[]
2026-06-01,13:49:07.605471,[]
2026-06-01,13:49:07.638838,[]
2026-06-01,13:49:07.672205,[]
2026-06-01,13:49:07.705572,[]
2026-06-01,13:49:07.738939,[]
2026-06-01,13:49:07.772306,[]
2026-06-01,13:49:07.805673,[]
2026-06-01,13:49:07.839040,[]
2026-06-01,13:49:07.872407,[]
2026-06-01,13:49:07.905774,[]
2026-06-01,13:49:07.939141,[]
2026-06-01,13:49:07.972508,[]
2026-06-01,13:49:08.005875,[]
2026-06-01,13:49:08.039242,[]
2026-06-01,13:49:08.072609,[]
2026-06-01,13:49:08.105976,[]
2026-06-01,13:49:08.139343,[]
2026-06-01,13:49:08.172710,[]
2026-06-01,13:49:08.206077,[]
2026-06-01,13:49:08.239444,[]
2026-06-01,13:49:08.272811,[]
2026-06-01,13:49:08.306178,[]
2026-06-01,13:49:08.339545,[]
2026-06-01,13:49:08.372912,[]
2026-06-01,13:49:08.406279,[]
2026-06-01,13:49:08.439646,[]
2026-06-01,13:49:08.473013,[]
2026-06-01,13:49:08.506380,[]
2026-06-01,13:49:08.539747,[]
2026-06-01,13:49:08.573114,[]
2026-06-01,13:49:08.606481,[]
2026-06-01,13:49:08.639848,[]
2026-06-01,13:49:08.673215,[]
2026-06-01,13:49:08.706582,[]
2026-06-01,13:49:08.739949,[]
2026-06-01,13:49:08.773316,[]
2026-06-01,13:49:08.806683,[]
2026-06-01,13:49:08.840050,[]
2026-06-01,13:49:08.873417,[]
2026-06-01,13:49:08.906784,[]
2026-06-01,13:49:08.940151,[]
2026-06-01,13:49:08.973518,[]
2026-06-01,13:49:09.006885,[]
2026-06-01,13:49:09.040252,[]
2026-06-01,13:49:09.073619,[]
2026-06-01,13:49:09.106986,[]
2026-06-01,13:49:09.140353,[]
2026-06-01,13:49:09.173720,[]
2026-06-01,13:49:09.207087,[]
2026-06-01,13:49:09.240454,[]
2026-06-01,13:49:09.273821,[]
2026-06-01,13:49:09.307188,[]
2026-06-01,13:49:09.340555,[]
2026-06-01,13:49:09.373922,[]
2026-06-01,13:49:09.407289,[]
2026-06-01,13:49:09.440656,[]
2026-06-01,13:49:09.474023,[]
2026-06-01,13:49:09.507390,[]
2026-06-01,13:49:09.540757,[]
2026-06-01,13:49:09.574124,[]
2026-06-01,13:49:09.607491,[]
2026-06-01,13:49:09.640858,[]
2026-06-01,13:49:09.674225,[]
2026-06-01,13:49:09.707592,[]
2026-06-01,13:49:09.740959,[]
2026-06-01,13:49:09.774326,[]
2026-06-01,13:49:09.807693,[]
2026-06-01,13:49:09.841060,[]
2026-06-01,13:49:09.874427,[]
2026-06-01,13:49:09.907794,[]
2026-06-01,13:49:09.941161,[]
2026-06-01,13:49:09.974528,[]
2026-06-01,13:49:10.007895,[]
2026-06-01,13:49:10.041262,[]
2026-06-01,13:49:10.074629,[]
2026-06-01,13:49:10.107996,[]
2026-06-01,13:49:10.141363,[]
2026-06-01,13:49:10.174730,[]
2026-06-01,13:49:10.208097,[]
2026-06-01,13:49:10.241464,[]
2026-06-01,13:49:10.274831,[]
2026-06-01,13:49:10.308198,[]
2026-06-01,13:49:10.341565,[]
2026-06-01,13:49:10.374932,[]
2026-06-01,13:49:10.408299,[]
2026-06-01,13:49:10.441666,[]
2026-06-01,13:49:10.475033,[]
2026-06-01,13:49:10.508400,[]
2026-06-01,13:49:10.541767,[]
2026-06-01,13:49:10.575134,[]
2026-06-01,13:49:10.608501,[]
2026-06-01,13:49:10.641868,[]
2026-06-01,13:49:10.675235,[]
2026-06-01,13:49:10.708602,[]
2026-06-01,13:49:10.741969,[]
2026-06-01,13:49:10.775336,[]
2026-06-01,13:49:10.808703,[]
2026-06-01,13:49:10.842070,[]
2026-06-01,13:49:10.875437,[]
2026-06-01,13:49:10.908804,[]
2026-06-01,13:49:10.942171,[]
2026-06-01,13:49:10.975538,[]
2026-06-01,13:49:11.008905,[]
2026-06-01,13:49:11.042272,[]
2026-06-01,13:49:11.075639,[]
2026-06-01,13:49:11.109006,[]
2026-06-01,13:49:11.142373,[]
2026-06-01,13:49:11.175740,[]
2026-06-01,13:49:11.209107,[]
2026-06-01,13:49:11.242474,[]
2026-06-01,13:49:11.275841,[]
2026-06-01,13:49:11.309208,[]
2026-06-01,13:49:11.342575,[]
2026-06-01,13:49:11.375942,[]
2026-06-01,13:49:11.409309,[]
2026-06-01,13:49:11.442676,[]
2026-06-01,13:49:11.476043,[]
2026-06-01,13:49:11.509410,[]
2026-06-01,13:49:11.542777,[]
2026-06-01,13:49:11.576144,[]
2026-06-01,13:49:11.609511,[]
2026-06-01,13:49:11.642878,[]
2026-06-01,13:49:11.676245,[]
2026-06-01,13:49:11.709612,[]
2026-06-01,13:49:11.742979,[]
2026-06-01,13:49:11.776346,[]
2026-06-01,13:49:11.809713,[]
2026-06-01,13:49:11.843080,[]
2026-06-01,13:49:11.876447,[]
2026-06-01,13:49:11.909814,[]
2026-06-01,13:49:11.943181,[]
2026-06-01,13:49:11.976548,[]
2026-06-01,13:49:12.009915,[]
2026-06-01,13:49:12.043282,[]
2026-06-01,13:49:12.076649,[]
2026-06-01,13:49:12.110016,[]
2026-06-01,13:49:12.143383,[]
2026-06-01,13:49:12.176750,[]
2026-06-01,13:49:12.210117,[]
2026-06-01,13:49:12.243484,[]
2026-06-01,13:49:12.276851,[]
2026-06-01,13:49:12.310218,[]
2026-06-01,13:49:12.343585,[]
2026-06-01,13:49:12.376952,[]
2026-06-01,13:49:12.410319,[]
2026-06-01,13:49:12.443686,[]
2026-06-01,13:49:12.477053,[]
2026-06-01,13:49:12.510420,[]
2026-06-01,13:49:12.543787,[]
2026-06-01,13:49:12.577154,[]
2026-06-01,13:49:12.610521,[]
2026-06-01,13:49:12.643888,[]
2026-06-01,13:49:12.677255,[]
2026-06-01,13:49:12.710622,[]
2026-06-01,13:49:12.743989,[]
2026-06-01,13:49:12.777356,[]
2026-06-01,13:49:12.810723,[]
2026-06-01,13:49:12.844090,[]
2026-06-01,13:49:12.877457,[]
2026-06-01,13:49:12.910824,[]
2026-06-01,13:49:12.944191,[]
2026-06-01,13:49:12.977558,[]
2026-06-01,13:49:13.010925,[]
2026-06-01,13:49:13.044292,[]
2026-06-01,13:49:13.077659,[]
2026-06-01,13:49:13.111026,[]
2026-06-01,13:49:13.144393,[]
2026-06-01,13:49:13.177760,[]
2026-06-01,13:49:13.211127,[]
2026-06-01,13:49:13.244494,[]
2026-06-01,13:49:13.277861,[]
2026-06-01,13:49:13.311228,[]
2026-06-01,13:49:13.344595,[]
2026-06-01,13:49:13.377962,[]
2026-06-01,13:49:13.411329,[]
2026-06-01,13:49:13.444696,[]
2026-06-01,13:49:13.478063,[]
2026-06-01,13:49:13.511430,[]
2026-06-01,13:49:13.544797,[]
2026-06-01,13:49:13.578164,[]
2026-06-01,13:49:13.611531,[]
2026-06-01,13:49:13.644898,[]
2026-06-01,13:49:13.678265,[]
2026-06-01,13:49:13.711632,[]
2026-06-01,13:49:13.744999,[]
2026-06-01,13:49:13.778366,[]
2026-06-01,13:49:13.811733,[]
2026-06-01,13:49:13.845100,[]
2026-06-01,13:49:13.878467,[]
2026-06-01,13:49:13.911834,[]
2026-06-01,13:49:13.945201,[]
2026-06-01,13:49:13.978568,[]
2026-06-01,13:49:14.011935,[]
2026-06-01,13:49:14.045302,[]
2026-06-01,13:49:14.078669,[]
2026-06-01,13:49:14.112036,[]
2026-06-01,13:49:14.145403,[]
2026-06-01,13:49:14.178770,[]
2026-06-01,13:49:14.212137,[]
2026-06-01,13:49:14.245504,[]
2026-06-01,13:49:14.278871,[]
2026-06-01,13:49:14.312238,[]
2026-06-01,13:49:14.345605,[]
2026-06-01,13:49:14.378972,[]
2026-06-01,13:49:14.412339,[]
2026-06-01,13:49:14.445706,[]
2026-06-01,13:49:14.479073,[]
2026-06-01,13:49:14.512440,[]
2026-06-01,13:49:14.545807,[]
2026-06-01,13:49:14.579174,[]
2026-06-01,13:49:14.612541,[]
2026-06-01,13:49:14.645908,[]
2026-06-01,13:49:14.679275,[]
2026-06-01,13:49:14.712642,[]
2026-06-01,13:49:14.746009,[]
2026-06-01,13:49:14.779376,[]
2026-06-01,13:49:14.812743,[]
2026-06-01,13:49:14.846110,[]
2026-06-01,13:49:14.879477,[]
2026-06-01,13:49:14.912844,[]
2026-06-01,13:49:14.946211,[]
2026-06-01,13:49:14.979578,[]
2026-06-01,13:49:15.012945,[]
2026-06-01,13:49:15.046312,[]
2026-06-01,13:49:15.079679,[]
2026-06-01,13:49:15.113046,[]
2026-06-01,13:49:15.146413,[]
2026-06-01,13:49:15.179780,[]
2026-06-01,13:49:15.213147,[]
2026-06-01,13:49:15.246514,[]
2026-06-01,13:49:15.279881,[]
2026-06-01,13:49:15.313248,[]
2026-06-01,13:49:15.346615,[]
2026-06-01,13:49:15.379982,[]
2026-06-01,13:49:15.413349,[]
2026-06-01,13:49:15.446716,[]
2026-06-01,13:49:15.480083,[]
2026-06-01,13:49:15.513450,[]
2026-06-01,13:49:15.546817,[]
2026-06-01,13:49:15.580184,[]
2026-06-01,13:49:15.613551,[]
2026-06-01,13:49:15.646918,[]
2026-06-01,13:49:15.680285,[]
2026-06-01,13:49:15.713652,[]
2026-06-01,13:49:15.747019,[]
2026-06-01,13:49:15.780386,[]
2026-06-01,13:49:15.813753,[]
2026-06-01,13:49:15.847120,[]
2026-06-01,13:49:15.880487,[]
2026-06-01,13:49:15.913854,[]
2026-06-01,13:49:15.947221,[]
2026-06-01,13:49:15.980588,[]
2026-06-01,13:49:16.013955,[]
2026-06-01,13:49:16.047322,[]
2026-06-01,13:49:16.080689,[]
2026-06-01,13:49:16.114056,[]
2026-06-01,13:49:16.147423,[]
2026-06-01,13:49:16.180790,[]
2026-06-01,13:49:16.214157,[]
2026-06-01,13:49:16.247524,[]
2026-06-01,13:49:16.280891,[]
2026-06-01,13:49:16.314258,[]
2026-06-01,13:49:16.347625,[]
2026-06-01,13:49:16.380992,[]
2026-06-01,13:49:16.414359,[]
2026-06-01,13:49:16.447726,[]
2026-06-01,13:49:16.481093,[]
2026-06-01,13:49:16.514460,[]
2026-06-01,13:49:16.547827,[]
2026-06-01,13:49:16.581194,[]
2026-06-01,13:49:16.614561,[]
2026-06-01,13:49:16.647928,[]
2026-06-01,13:49:16.681295,[]
2026-06-01,13:49:16.714662,[]
2026-06-01,13:49:16.748029,[]
2026-06-01,13:49:16.781396,[]
2026-06-01,13:49:16.814763,[]
2026-06-01,13:49:16.848130,[]
2026-06-01,13:49:16.881497,[]
2026-06-01,13:49:16.914864,[]
2026-06-01,13:49:16.948231,[]
2026-06-01,13:49:16.981598,[]
2026-06-01,13:49:17.014965,[]
2026-06-01,13:49:17.048332,[]
2026-06-01,13:49:17.081699,[]
2026-06-01,13:49:17.115066,[]
2026-06-01,13:49:17.148433,[]
2026-06-01,13:49:17.181800,[]
2026-06-01,13:49:17.215167,[]
2026-06-01,13:49:17.248534,[]
2026-06-01,13:49:17.281901,[]
2026-06-01,13:49:17.315268,[]
2026-06-01,13:49:17.348635,[]
2026-06-01,13:49:17.382002,[]
2026-06-01,13:49:17.415369,[]
2026-06-01,13:49:17.448736,[]
2026-06-01,13:49:17.482103,[]
2026-06-01,13:49:17.515470,[]
2026-06-01,13:49:17.548837,[]
2026-06-01,13:49:17.582204,[]
2026-06-01,13:49:17.615571,[]
2026-06-01,13:49:17.648938,[]
2026-06-01,13:49:17.682305,[]
2026-06-01,13:49:17.715672,[]
2026-06-01,13:49:17.749039,[]
2026-06-01,13:49:17.782406,[]
2026-06-01,13:49:17.815773,[]
2026-06-01,13:49:17.849140,[]
2026-06-01,13:49:17.882507,[]
2026-06-01,13:49:17.915874,[]
2026-06-01,13:49:17.949241,[]
2026-06-01,13:49:17.982608,[]
2026-06-01,13:49:18.015975,[]
2026-06-01,13:49:18.049342,[]
2026-06-01,13:49:18.082709,[]
2026-06-01,13:49:18.116076,[]
2026-06-01,13:49:18.149443,[]
2026-06-01,13:49:18.182810,[]
2026-06-01,13:49:18.216177,[]
2026-06-01,13:49:18.249544,[]
2026-06-01,13:49:18.282911,[]
2026-06-01,13:49:18.316278,[]
2026-06-01,13:49:18.349645,[]
2026-06-01,13:49:18.383012,[]
2026-06-01,13:49:18.416379,[]
2026-06-01,13:49:18.449746,[]
2026-06-01,13:49:18.483113,[]
2026-06-01,13:49:18.516480,[]
2026-06-01,13:49:18.549847,[]
2026-06-01,13:49:18.583214,[]
2026-06-01,13:49:18.616581,[]
2026-06-01,13:49:18.649948,[]
2026-06-01,13:49:18.683315,[]
2026-06-01,13:49:18.716682,[]
2026-06-01,13:49:18.750049,[]
2026-06-01,13:49:18.783416,[]
2026-06-01,13:49:18.816783,[]
2026-06-01,13:49:18.850150,[]
2026-06-01,13:49:18.883517,[]
2026-06-01,13:49:18.916884,[]
2026-06-01,13:49:18.950251,[]
2026-06-01,13:49:18.983618,[]
2026-06-01,13:49:19.016985,[]
2026-06-01,13:49:19.050352,[]
2026-06-01,13:49:19.083719,[]
2026-06-01,13:49:19.117086,[]
2026-06-01,13:49:19.150453,[]
2026-06-01,13:49:19.183820,[]
2026-06-01,13:49:19.217187,[]
2026-06-01,13:49:19.250554,[]
2026-06-01,13:49:19.283921,[]
2026-06-01,13:49:19.317288,[]
2026-06-01,13:49:19.350655,[]
2026-06-01,13:49:19.384022,[]
2026-06-01,13:49:19.417389,[]
2026-06-01,13:49:19.450756,[]
2026-06-01,13:49:19.484123,[]
2026-06-01,13:49:19.517490,[]
2026-06-01,13:49:19.550857,[]
2026-06-01,13:49:19.584224,[]
2026-06-01,13:49:19.617591,[]
2026-06-01,13:49:19.650958,[]
2026-06-01,13:49:19.684325,[]
2026-06-01,13:49:19.717692,[]
2026-06-01,13:49:19.751059,[]
2026-06-01,13:49:19.784426,[]
2026-06-01,13:49:19.817793,[]
2026-06-01,13:49:19.851160,[]
2026-06-01,13:49:19.884527,[]
2026-06-01,13:49:19.917894,[]
2026-06-01,13:49:19.951261,[]
2026-06-01,13:49:19.984628,[]
2026-06-01,13:49:20.017995,[]
2026-06-01,13:49:20.051362,[]
2026-06-01,13:49:20.084729,[]
2026-06-01,13:49:20.118096,[]
2026-06-01,13:49:20.151463,[]
2026-06-01,13:49:20.184830,[]
2026-06-01,13:49:20.218197,[]
2026-06-01,13:49:20.251564,[]
2026-06-01,13:49:20.284931,[]
2026-06-01,13:49:20.318298,[]
2026-06-01,13:49:20.351665,[]
2026-06-01,13:49:20.385032,[]
2026-06-01,13:49:20.418399,[]
2026-06-01,13:49:20.451766,[]
2026-06-01,13:49:20.485133,[]
2026-06-01,13:49:20.518500,[]
2026-06-01,13:49:20.551867,[]
2026-06-01,13:49:20.585234,[]
2026-06-01,13:49:20.618601,[]
2026-06-01,13:49:20.651968,[]
2026-06-01,13:49:20.685335,[]
2026-06-01,13:49:20.718702,[]
2026-06-01,13:49:20.752069,[]
2026-06-01,13:49:20.785436,[]
2026-06-01,13:49:20.818803,[]
2026-06-01,13:49:20.852170,[]
2026-06-01,13:49:20.885537,[]
2026-06-01,13:49:20.918904,[]
2026-06-01,13:49:20.952271,[]
2026-06-01,13:49:20.985638,[]
2026-06-01,13:49:21.019005,[]
2026-06-01,13:49:21.052372,[]
2026-06-01,13:49:21.085739,[]
2026-06-01,13:49:21.119106,[]
2026-06-01,13:49:21.152473,[]
2026-06-01,13:49:21.185840,[]
2026-06-01,13:49:21.219207,[]
2026-06-01,13:49:21.252574,[]
2026-06-01,13:49:21.285941,[]
2026-06-01,13:49:21.319308,[]
2026-06-01,13:49:21.352675,[]
2026-06-01,13:49:21.386042,[]
2026-06-01,13:49:21.419409,[]
2026-06-01,13:49:21.452776,[]
2026-06-01,13:49:21.486143,[]
2026-06-01,13:49:21.519510,[]
2026-06-01,13:49:21.552877,[]
2026-06-01,13:49:21.586244,[]
2026-06-01,13:49:21.619611,[]
2026-06-01,13:49:21.652978,[]
2026-06-01,13:49:21.686345,[]
2026-06-01,13:49:21.719712,[]
2026-06-01,13:49:21.753079,[]
2026-06-01,13:49:21.786446,[]
2026-06-01,13:49:21.819813,[]
2026-06-01,13:49:21.853180,[]
2026-06-01,13:49:21.886547,[]
2026-06-01,13:49:21.919914,[]
2026-06-01,13:49:21.953281,[]
2026-06-01,13:49:21.986648,[]
2026-06-01,13:49:22.020015,[]
2026-06-01,13:49:22.053382,[]
2026-06-01,13:49:22.086749,[]
2026-06-01,13:49:22.120116,[]
2026-06-01,13:49:22.153483,[]
2026-06-01,13:49:22.186850,[]
2026-06-01,13:49:22.220217,[]
2026-06-01,13:49:22.253584,[]
2026-06-01,13:49:22.286951,[]
2026-06-01,13:49:22.320318,[]
2026-06-01,13:49:22.353685,[]
2026-06-01,13:49:22.387052,[]
2026-06-01,13:49:22.420419,[]
2026-06-01,13:49:22.453786,[]
2026-06-01,13:49:22.487153,[]
2026-06-01,13:49:22.520520,[]
2026-06-01,13:49:22.553887,[]
2026-06-01,13:49:22.587254,[]
2026-06-01,13:49:22.620621,[]
2026-06-01,13:49:22.653988,[]
2026-06-01,13:49:22.687355,[]
2026-06-01,13:49:22.720722,[]
2026-06-01,13:49:22.754089,[]
2026-06-01,13:49:22.787456,[]
2026-06-01,13:49:22.820823,[]
2026-06-01,13:49:22.854190,[]
2026-06-01,13:49:22.887557,[]
2026-06-01,13:49:22.920924,[]
2026-06-01,13:49:22.954291,[]
2026-06-01,13:49:22.987658,['AN37282']
2026-06-01,13:49:23.021025,['AN37282']
2026-06-01,13:49:23.054392,['AN37282']
2026-06-01,13:49:23.087759,['AN37282']
2026-06-01,13:49:23.121126,['AN37282']
2026-06-01,13:49:23.154493,['AN37282']
2026-06-01,13:49:23.187860,['AN37282']
2026-06-01,13:49:23.221227,[]
2026-06-01,13:49:23.254594,[]
2026-06-01,13:49:23.287961,[]
2026-06-01,13:49:23.321328,[]
2026-06-01,13:49:23.354695,[]
2026-06-01,13:49:23.388062,[]
2026-06-01,13:49:23.421429,[]
2026-06-01,13:49:23.454796,[]
2026-06-01,13:49:23.488163,[]
2026-06-01,13:49:23.521530,[]
2026-06-01,13:49:23.554897,[]
2026-06-01,13:49:23.588264,[]
2026-06-01,13:49:23.621631,[]
2026-06-01,13:49:23.654998,[]
2026-06-01,13:49:23.688365,[]
2026-06-01,13:49:23.721732,[]
2026-06-01,13:49:23.755099,[]
2026-06-01,13:49:23.788466,[]
2026-06-01,13:49:23.821833,[]
2026-06-01,13:49:23.855200,[]
2026-06-01,13:49:23.888567,[]
2026-06-01,13:49:23.921934,[]
2026-06-01,13:49:23.955301,[]
2026-06-01,13:49:23.988668,[]
2026-06-01,13:49:24.022035,[]
2026-06-01,13:49:24.055402,[]
2026-06-01,13:49:24.088769,[]
2026-06-01,13:49:24.122136,[]
2026-06-01,13:49:24.155503,[]
2026-06-01,13:49:24.188870,[]
2026-06-01,13:49:24.222237,[]
2026-06-01,13:49:24.255604,[]
2026-06-01,13:49:24.288971,[]
2026-06-01,13:49:24.322338,[]
2026-06-01,13:49:24.355705,[]
2026-06-01,13:49:24.389072,[]
2026-06-01,13:49:24.422439,[]
2026-06-01,13:49:24.455806,[]
2026-06-01,13:49:24.489173,[]
2026-06-01,13:49:24.522540,[]
2026-06-01,13:49:24.555907,[]
2026-06-01,13:49:24.589274,[]
2026-06-01,13:49:24.622641,[]
2026-06-01,13:49:24.656008,[]
2026-06-01,13:49:24.689375,[]
2026-06-01,13:49:24.722742,[]
2026-06-01,13:49:24.756109,[]
2026-06-01,13:49:24.789476,[]
2026-06-01,13:49:24.822843,[]
2026-06-01,13:49:24.856210,[]
2026-06-01,13:49:24.889577,[]
2026-06-01,13:49:24.922944,[]
2026-06-01,13:49:24.956311,[]
2026-06-01,13:49:24.989678,[]
2026-06-01,13:49:25.023045,[]
2026-06-01,13:49:25.056412,[]
2026-06-01,13:49:25.089779,[]
2026-06-01,13:49:25.123146,[]
2026-06-01,13:49:25.156513,[]
2026-06-01,13:49:25.189880,[]
2026-06-01,13:49:25.223247,[]
2026-06-01,13:49:25.256614,[]
2026-06-01,13:49:25.289981,[]
2026-06-01,13:49:25.323348,[]
2026-06-01,13:49:25.356715,[]
2026-06-01,13:49:25.390082,[]
2026-06-01,13:49:25.423449,[]
2026-06-01,13:49:25.456816,[]
2026-06-01,13:49:25.490183,[]
2026-06-01,13:49:25.523550,[]
2026-06-01,13:49:25.556917,[]
2026-06-01,13:49:25.590284,[]
2026-06-01,13:49:25.623651,[]
2026-06-01,13:49:25.657018,[]
2026-06-01,13:49:25.690385,[]
2026-06-01,13:49:25.723752,[]
2026-06-01,13:49:25.757119,[]
2026-06-01,13:49:25.790486,[]
2026-06-01,13:49:25.823853,[]
2026-06-01,13:49:25.857220,['EE64547']
2026-06-01,13:49:25.890587,[]
2026-06-01,13:49:25.923954,['EE64547']
2026-06-01,13:49:25.957321,['EE64547']
2026-06-01,13:49:25.990688,['EE64547']
2026-06-01,13:49:26.024055,['EE64547']
2026-06-01,13:49:26.057422,['EE64547']
2026-06-01,13:49:26.090789,['EE64547']
2026-06-01,13:49:26.124156,[]
2026-06-01,13:49:26.157523,[]
2026-06-01,13:49:26.190890,[]
2026-06-01,13:49:26.224257,[]
2026-06-01,13:49:26.257624,[]
2026-06-01,13:49:26.290991,[]
2026-06-01,13:49:26.324358,[]
2026-06-01,13:49:26.357725,[]
2026-06-01,13:49:26.391092,[]
2026-06-01,13:49:26.424459,[]
2026-06-01,13:49:26.457826,[]
2026-06-01,13:49:26.491193,[]
2026-06-01,13:49:26.524560,[]
2026-06-01,13:49:26.557927,[]
2026-06-01,13:49:26.591294,[]
2026-06-01,13:49:26.624661,[]
2026-06-01,13:49:26.658028,[]
2026-06-01,13:49:26.691395,[]
2026-06-01,13:49:26.724762,[]
2026-06-01,13:49:26.758129,[]
2026-06-01,13:49:26.791496,[]
2026-06-01,13:49:26.824863,[]
2026-06-01,13:49:26.858230,[]
2026-06-01,13:49:26.891597,[]
2026-06-01,13:49:26.924964,[]
2026-06-01,13:49:26.958331,[]
2026-06-01,13:49:26.991698,[]
2026-06-01,13:49:27.025065,[]
2026-06-01,13:49:27.058432,[]
2026-06-01,13:49:27.091799,[]
2026-06-01,13:49:27.125166,[]
2026-06-01,13:49:27.158533,[]
2026-06-01,13:49:27.191900,[]
2026-06-01,13:49:27.225267,[]
2026-06-01,13:49:27.258634,[]
2026-06-01,13:49:27.292001,[]
2026-06-01,13:49:27.325368,[]
2026-06-01,13:49:27.358735,[]
2026-06-01,13:49:27.392102,[]
2026-06-01,13:49:27.425469,[]
2026-06-01,13:49:27.458836,[]
2026-06-01,13:49:27.492203,[]
2026-06-01,13:49:27.525570,[]
2026-06-01,13:49:27.558937,[]
2026-06-01,13:49:27.592304,[]
2026-06-01,13:49:27.625671,[]
2026-06-01,13:49:27.659038,[]
2026-06-01,13:49:27.692405,[]
2026-06-01,13:49:27.725772,[]
2026-06-01,13:49:27.759139,[]
2026-06-01,13:49:27.792506,[]
2026-06-01,13:49:27.825873,[]
2026-06-01,13:49:27.859240,[]
2026-06-01,13:49:27.892607,[]
2026-06-01,13:49:27.925974,[]
2026-06-01,13:49:27.959341,[]
2026-06-01,13:49:27.992708,[]
2026-06-01,13:49:28.026075,[]
2026-06-01,13:49:28.059442,[]
2026-06-01,13:49:28.092809,[]
2026-06-01,13:49:28.126176,[]
2026-06-01,13:49:28.159543,[]
2026-06-01,13:49:28.192910,[]
2026-06-01,13:49:28.226277,[]
2026-06-01,13:49:28.259644,[]
2026-06-01,13:49:28.293011,[]
2026-06-01,13:49:28.326378,[]
2026-06-01,13:49:28.359745,[]
2026-06-01,13:49:28.393112,[]
2026-06-01,13:49:28.426479,[]
2026-06-01,13:49:28.459846,[]
2026-06-01,13:49:28.493213,[]
2026-06-01,13:49:28.526580,[]
2026-06-01,13:49:28.559947,[]
2026-06-01,13:49:28.593314,[]
2026-06-01,13:49:28.626681,[]
2026-06-01,13:49:28.660048,[]
2026-06-01,13:49:28.693415,[]
2026-06-01,13:49:28.726782,[]
2026-06-01,13:49:28.760149,[]
2026-06-01,13:49:28.793516,['BL99401']
2026-06-01,13:49:28.826883,['BL99401']
2026-06-01,13:49:28.860250,['BL99401']
2026-06-01,13:49:28.893617,['BL99401']
2026-06-01,13:49:28.926984,['BL99401']
2026-06-01,13:49:28.960351,['BL99401']
2026-06-01,13:49:28.993718,['BL99401']
2026-06-01,13:49:29.027085,['BL99401']
2026-06-01,13:49:29.060452,['BL99401']
2026-06-01,13:49:29.093819,['BL99401']
2026-06-01,13:49:29.127186,[]
2026-06-01,13:49:29.160553,[]
2026-06-01,13:49:29.193920,[]
2026-06-01,13:49:29.227287,[]
2026-06-01,13:49:29.260654,[]
2026-06-01,13:49:29.294021,[]
2026-06-01,13:49:29.327388,[]
2026-06-01,13:49:29.360755,[]
2026-06-01,13:49:29.394122,[]
2026-06-01,13:49:29.427489,[]
2026-06-01,13:49:29.460856,[]
2026-06-01,13:49:29.494223,[]
2026-06-01,13:49:29.527590,[]
2026-06-01,13:49:29.560957,[]
2026-06-01,13:49:29.594324,[]
2026-06-01,13:49:29.627691,[]
2026-06-01,13:49:29.661058,[]
2026-06-01,13:49:29.694425,[]
2026-06-01,13:49:29.727792,[]
2026-06-01,13:49:29.761159,[]
2026-06-01,13:49:29.794526,[]
2026-06-01,13:49:29.827893,[]
2026-06-01,13:49:29.861260,[]
2026-06-01,13:49:29.894627,[]
2026-06-01,13:49:29.927994,[]
2026-06-01,13:49:29.961361,[]
2026-06-01,13:49:29.994728,[]
2026-06-01,13:49:30.028095,[]
2026-06-01,13:49:30.061462,[]
2026-06-01,13:49:30.094829,[]
2026-06-01,13:49:30.128196,[]
2026-06-01,13:49:30.161563,[]
2026-06-01,13:49:30.194930,[]
2026-06-01,13:49:30.228297,[]
2026-06-01,13:49:30.261664,[]
2026-06-01,13:49:30.295031,[]
2026-06-01,13:49:30.328398,[]
2026-06-01,13:49:30.361765,[]
2026-06-01,13:49:30.395132,[]
2026-06-01,13:49:30.428499,[]
2026-06-01,13:49:30.461866,[]
2026-06-01,13:49:30.495233,[]
2026-06-01,13:49:30.528600,[]
2026-06-01,13:49:30.561967,[]
2026-06-01,13:49:30.595334,[]
2026-06-01,13:49:30.628701,[]
2026-06-01,13:49:30.662068,[]
2026-06-01,13:49:30.695435,[]
2026-06-01,13:49:30.728802,[]
2026-06-01,13:49:30.762169,[]
2026-06-01,13:49:30.795536,[]
2026-06-01,13:49:30.828903,[]
2026-06-01,13:49:30.862270,[]
2026-06-01,13:49:30.895637,[]
2026-06-01,13:49:30.929004,[]
2026-06-01,13:49:30.962371,[]
2026-06-01,13:49:30.995738,[]
2026-06-01,13:49:31.029105,[]
2026-06-01,13:49:31.062472,[]
2026-06-01,13:49:31.095839,[]
2026-06-01,13:49:31.129206,[]
2026-06-01,13:49:31.162573,[]
2026-06-01,13:49:31.195940,[]
2026-06-01,13:49:31.229307,[]
2026-06-01,13:49:31.262674,[]
2026-06-01,13:49:31.296041,[]
2026-06-01,13:49:31.329408,[]
2026-06-01,13:49:31.362775,[]
2026-06-01,13:49:31.396142,[]
2026-06-01,13:49:31.429509,[]
2026-06-01,13:49:31.462876,[]
2026-06-01,13:49:31.496243,[]
2026-06-01,13:49:31.529610,[]
2026-06-01,13:49:31.562977,[]
2026-06-01,13:49:31.596344,[]
2026-06-01,13:49:31.629711,[]
2026-06-01,13:49:31.663078,[]
2026-06-01,13:49:31.696445,[]
2026-06-01,13:49:31.729812,[]
2026-06-01,13:49:31.763179,[]
2026-06-01,13:49:31.796546,[]
2026-06-01,13:49:31.829913,[]
2026-06-01,13:49:31.863280,[]
2026-06-01,13:49:31.896647,[]
2026-06-01,13:49:31.930014,[]
2026-06-01,13:49:31.963381,[]
2026-06-01,13:49:31.996748,[]
2026-06-01,13:49:32.030115,[]
2026-06-01,13:49:32.063482,[]
2026-06-01,13:49:32.096849,[]
2026-06-01,13:49:32.130216,[]
2026-06-01,13:49:32.163583,[]
2026-06-01,13:49:32.196950,[]
2026-06-01,13:49:32.230317,[]
2026-06-01,13:49:32.263684,[]
2026-06-01,13:49:32.297051,[]
2026-06-01,13:49:32.330418,[]
2026-06-01,13:49:32.363785,[]
2026-06-01,13:49:32.397152,[]
2026-06-01,13:49:32.430519,[]
2026-06-01,13:49:32.463886,[]
2026-06-01,13:49:32.497253,[]
2026-06-01,13:49:32.530620,[]
2026-06-01,13:49:32.563987,[]
2026-06-01,13:49:32.597354,[]
2026-06-01,13:49:32.630721,[]
2026-06-01,13:49:32.664088,[]
2026-06-01,13:49:32.697455,[]
2026-06-01,13:49:32.730822,[]
2026-06-01,13:49:32.764189,[]
2026-06-01,13:49:32.797556,[]
2026-06-01,13:49:32.830923,[]
2026-06-01,13:49:32.864290,[]
2026-06-01,13:49:32.897657,[]
2026-06-01,13:49:32.931024,[]
2026-06-01,13:49:32.964391,[]
2026-06-01,13:49:32.997758,[]
2026-06-01,13:49:33.031125,[]
2026-06-01,13:49:33.064492,[]
2026-06-01,13:49:33.097859,[]
2026-06-01,13:49:33.131226,[]
2026-06-01,13:49:33.164593,[]
2026-06-01,13:49:33.197960,[]
2026-06-01,13:49:33.231327,[]
2026-06-01,13:49:33.264694,[]
2026-06-01,13:49:33.298061,[]
2026-06-01,13:49:33.331428,[]
2026-06-01,13:49:33.364795,[]
2026-06-01,13:49:33.398162,[]
2026-06-01,13:49:33.431529,[]
2026-06-01,13:49:33.464896,[]
2026-06-01,13:49:33.498263,[]
2026-06-01,13:49:33.531630,[]
2026-06-01,13:49:33.564997,[]
2026-06-01,13:49:33.598364,[]
2026-06-01,13:49:33.631731,[]
2026-06-01,13:49:33.665098,[]
2026-06-01,13:49:33.698465,[]
2026-06-01,13:49:33.731832,[]
2026-06-01,13:49:33.765199,[]
2026-06-01,13:49:33.798566,[]
2026-06-01,13:49:33.831933,[]
2026-06-01,13:49:33.865300,[]
2026-06-01,13:49:33.898667,[]
2026-06-01,13:49:33.932034,[]
2026-06-01,13:49:33.965401,[]
2026-06-01,13:49:33.998768,[]
2026-06-01,13:49:34.032135,[]
2026-06-01,13:49:34.065502,[]
2026-06-01,13:49:34.098869,[]
2026-06-01,13:49:34.132236,[]
2026-06-01,13:49:34.165603,[]
2026-06-01,13:49:34.198970,[]
2026-06-01,13:49:34.232337,[]
2026-06-01,13:49:34.265704,[]
2026-06-01,13:49:34.299071,[]
2026-06-01,13:49:34.332438,[]
2026-06-01,13:49:34.365805,[]
2026-06-01,13:49:34.399172,[]
2026-06-01,13:49:34.432539,[]
2026-06-01,13:49:34.465906,[]
2026-06-01,13:49:34.499273,[]
2026-06-01,13:49:34.532640,[]
2026-06-01,13:49:34.566007,[]
2026-06-01,13:49:34.599374,[]
2026-06-01,13:49:34.632741,[]
2026-06-01,13:49:34.666108,[]
2026-06-01,13:49:34.699475,[]
2026-06-01,13:49:34.732842,[]
2026-06-01,13:49:34.766209,[]
2026-06-01,13:49:34.799576,[]
2026-06-01,13:49:34.832943,[]
2026-06-01,13:49:34.866310,[]
2026-06-01,13:49:34.899677,[]
2026-06-01,13:49:34.933044,[]
2026-06-01,13:49:34.966411,[]
2026-06-01,13:49:34.999778,[]
2026-06-01,13:49:35.033145,[]
2026-06-01,13:49:35.066512,[]
2026-06-01,13:49:35.099879,[]
2026-06-01,13:49:35.133246,[]
2026-06-01,13:49:35.166613,[]
2026-06-01,13:49:35.199980,[]
2026-06-01,13:49:35.233347,[]
2026-06-01,13:49:35.266714,[]
2026-06-01,13:49:35.300081,[]
2026-06-01,13:49:35.333448,[]
2026-06-01,13:49:35.366815,[]
2026-06-01,13:49:35.400182,[]
2026-06-01,13:49:35.433549,[]
2026-06-01,13:49:35.466916,[]
2026-06-01,13:49:35.500283,[]
2026-06-01,13:49:35.533650,[]
2026-06-01,13:49:35.567017,[]
2026-06-01,13:49:35.600384,[]
2026-06-01,13:49:35.633751,[]
2026-06-01,13:49:35.667118,[]
2026-06-01,13:49:35.700485,[]
2026-06-01,13:49:35.733852,[]
2026-06-01,13:49:35.767219,[]
2026-06-01,13:49:35.800586,[]
2026-06-01,13:49:35.833953,[]
2026-06-01,13:49:35.867320,[]
2026-06-01,13:49:35.900687,[]
2026-06-01,13:49:35.934054,[]
2026-06-01,13:49:35.967421,[]
2026-06-01,13:49:36.000788,[]
2026-06-01,13:49:36.034155,[]
2026-06-01,13:49:36.067522,[]
2026-06-01,13:49:36.100889,[]
2026-06-01,13:49:36.134256,[]
2026-06-01,13:49:36.167623,[]
2026-06-01,13:49:36.200990,[]
2026-06-01,13:49:36.234357,[]
2026-06-01,13:49:36.267724,[]
2026-06-01,13:49:36.301091,[]
2026-06-01,13:49:36.334458,[]
2026-06-01,13:49:36.367825,[]
2026-06-01,13:49:36.401192,[]
2026-06-01,13:49:36.434559,[]
2026-06-01,13:49:36.467926,[]
2026-06-01,13:49:36.501293,[]
2026-06-01,13:49:36.534660,[]
2026-06-01,13:49:36.568027,[]
2026-06-01,13:49:36.601394,[]
2026-06-01,13:49:36.634761,[]
2026-06-01,13:49:36.668128,[]
2026-06-01,13:49:36.701495,[]
2026-06-01,13:49:36.734862,[]
2026-06-01,13:49:36.768229,[]
2026-06-01,13:49:36.801596,[]
2026-06-01,13:49:36.834963,[]
2026-06-01,13:49:36.868330,[]
2026-06-01,13:49:36.901697,[]
2026-06-01,13:49:36.935064,[]
2026-06-01,13:49:36.968431,[]
2026-06-01,13:49:37.001798,[]
2026-06-01,13:49:37.035165,[]
2026-06-01,13:49:37.068532,[]
2026-06-01,13:49:37.101899,[]
2026-06-01,13:49:37.135266,[]
2026-06-01,13:49:37.168633,[]
2026-06-01,13:49:37.202000,[]
2026-06-01,13:49:37.235367,[]
2026-06-01,13:49:37.268734,[]
2026-06-01,13:49:37.302101,[]
2026-06-01,13:49:37.335468,[]
2026-06-01,13:49:37.368835,[]
2026-06-01,13:49:37.402202,[]
2026-06-01,13:49:37.435569,[]
2026-06-01,13:49:37.468936,[]
2026-06-01,13:49:37.502303,[]
2026-06-01,13:49:37.535670,[]
2026-06-01,13:49:37.569037,[]
2026-06-01,13:49:37.602404,[]
2026-06-01,13:49:37.635771,[]
2026-06-01,13:49:37.669138,[]
2026-06-01,13:49:37.702505,[]
2026-06-01,13:49:37.735872,[]
2026-06-01,13:49:37.769239,[]
2026-06-01,13:49:37.802606,[]
2026-06-01,13:49:37.835973,[]
2026-06-01,13:49:37.869340,[]
2026-06-01,13:49:37.902707,[]
2026-06-01,13:49:37.936074,[]
2026-06-01,13:49:37.969441,[]
2026-06-01,13:49:38.002808,[]
2026-06-01,13:49:38.036175,[]
2026-06-01,13:49:38.069542,[]
2026-06-01,13:49:38.102909,[]
2026-06-01,13:49:38.136276,[]
2026-06-01,13:49:38.169643,[]
2026-06-01,13:49:38.203010,[]
2026-06-01,13:49:38.236377,[]
2026-06-01,13:49:38.269744,[]
2026-06-01,13:49:38.303111,[]
2026-06-01,13:49:38.336478,[]
2026-06-01,13:49:38.369845,[]
2026-06-01,13:49:38.403212,[]
2026-06-01,13:49:38.436579,[]
2026-06-01,13:49:38.469946,[]
2026-06-01,13:49:38.503313,[]
2026-06-01,13:49:38.536680,[]
2026-06-01,13:49:38.570047,[]
2026-06-01,13:49:38.603414,[]
2026-06-01,13:49:38.636781,[]
2026-06-01,13:49:38.670148,[]
2026-06-01,13:49:38.703515,[]
2026-06-01,13:49:38.736882,[]
2026-06-01,13:49:38.770249,[]
2026-06-01,13:49:38.803616,[]
2026-06-01,13:49:38.836983,[]
2026-06-01,13:49:38.870350,[]
2026-06-01,13:49:38.903717,[]
2026-06-01,13:49:38.937084,[]
2026-06-01,13:49:38.970451,[]
2026-06-01,13:49:39.003818,[]
2026-06-01,13:49:39.037185,[]
2026-06-01,13:49:39.070552,[]
2026-06-01,13:49:39.103919,[]
2026-06-01,13:49:39.137286,[]
2026-06-01,13:49:39.170653,[]
2026-06-01,13:49:39.204020,[]
2026-06-01,13:49:39.237387,[]
2026-06-01,13:49:39.270754,[]
2026-06-01,13:49:39.304121,[]
2026-06-01,13:49:39.337488,[]
2026-06-01,13:49:39.370855,[]
2026-06-01,13:49:39.404222,[]
2026-06-01,13:49:39.437589,[]
2026-06-01,13:49:39.470956,[]
2026-06-01,13:49:39.504323,[]
2026-06-01,13:49:39.537690,[]
2026-06-01,13:49:39.571057,[]
2026-06-01,13:49:39.604424,[]
2026-06-01,13:49:39.637791,[]
2026-06-01,13:49:39.671158,[]
2026-06-01,13:49:39.704525,[]
2026-06-01,13:49:39.737892,[]
2026-06-01,13:49:39.771259,[]
2026-06-01,13:49:39.804626,[]
2026-06-01,13:49:39.837993,[]
2026-06-01,13:49:39.871360,[]
2026-06-01,13:49:39.904727,[]
2026-06-01,13:49:39.938094,[]
2026-06-01,13:49:39.971461,[]
2026-06-01,13:49:40.004828,[]
2026-06-01,13:49:40.038195,[]
2026-06-01,13:49:40.071562,[]
2026-06-01,13:49:40.104929,[]
2026-06-01,13:49:40.138296,[]
2026-06-01,13:49:40.171663,['DN88829']
2026-06-01,13:49:40.205030,[]
2026-06-01,13:49:40.238397,['DM88229']
2026-06-01,13:49:40.271764,[]
2026-06-01,13:49:40.305131,[]
2026-06-01,13:49:40.338498,[]
2026-06-01,13:49:40.371865,[]
2026-06-01,13:49:40.405232,[]
2026-06-01,13:49:40.438599,[]
2026-06-01,13:49:40.471966,[]
2026-06-01,13:49:40.505333,[]
2026-06-01,13:49:40.538700,[]
2026-06-01,13:49:40.572067,[]
2026-06-01,13:49:40.605434,[]
2026-06-01,13:49:40.638801,[]
2026-06-01,13:49:40.672168,[]
2026-06-01,13:49:40.705535,[]
2026-06-01,13:49:40.738902,[]
2026-06-01,13:49:40.772269,[]
2026-06-01,13:49:40.805636,[]
2026-06-01,13:49:40.839003,[]
2026-06-01,13:49:40.872370,[]
2026-06-01,13:49:40.905737,[]
2026-06-01,13:49:40.939104,[]
2026-06-01,13:49:40.972471,[]
2026-06-01,13:49:41.005838,[]
2026-06-01,13:49:41.039205,[]
2026-06-01,13:49:41.072572,[]
2026-06-01,13:49:41.105939,[]
2026-06-01,13:49:41.139306,[]
2026-06-01,13:49:41.172673,[]
2026-06-01,13:49:41.206040,[]
2026-06-01,13:49:41.239407,[]
2026-06-01,13:49:41.272774,[]
2026-06-01,13:49:41.306141,[]
2026-06-01,13:49:41.339508,[]
2026-06-01,13:49:41.372875,[]
2026-06-01,13:49:41.406242,[]
2026-06-01,13:49:41.439609,[]
2026-06-01,13:49:41.472976,[]
2026-06-01,13:49:41.506343,[]
2026-06-01,13:49:41.539710,[]
2026-06-01,13:49:41.573077,[]
2026-06-01,13:49:41.606444,[]
2026-06-01,13:49:41.639811,[]
2026-06-01,13:49:41.673178,[]
2026-06-01,13:49:41.706545,[]
2026-06-01,13:49:41.739912,[]
2026-06-01,13:49:41.773279,[]
2026-06-01,13:49:41.806646,[]
2026-06-01,13:49:41.840013,[]
2026-06-01,13:49:41.873380,[]
2026-06-01,13:49:41.906747,[]
2026-06-01,13:49:41.940114,[]
2026-06-01,13:49:41.973481,[]
2026-06-01,13:49:42.006848,[]
2026-06-01,13:49:42.040215,[]
2026-06-01,13:49:42.073582,[]
2026-06-01,13:49:42.106949,[]
2026-06-01,13:49:42.140316,[]
2026-06-01,13:49:42.173683,[]
2026-06-01,13:49:42.207050,[]
2026-06-01,13:49:42.240417,[]
2026-06-01,13:49:42.273784,[]
2026-06-01,13:49:42.307151,[]
2026-06-01,13:49:42.340518,[]
2026-06-01,13:49:42.373885,[]
2026-06-01,13:49:42.407252,[]
2026-06-01,13:49:42.440619,[]
2026-06-01,13:49:42.473986,[]
2026-06-01,13:49:42.507353,[]
2026-06-01,13:49:42.540720,[]
2026-06-01,13:49:42.574087,[]
2026-06-01,13:49:42.607454,[]
2026-06-01,13:49:42.640821,[]
2026-06-01,13:49:42.674188,[]
2026-06-01,13:49:42.707555,[]
2026-06-01,13:49:42.740922,['EN17411']
2026-06-01,13:49:42.774289,['EN17411']
2026-06-01,13:49:42.807656,['EN17421']
2026-06-01,13:49:42.841023,['EN17421']
2026-06-01,13:49:42.874390,[]
2026-06-01,13:49:42.907757,[]
2026-06-01,13:49:42.941124,[]
2026-06-01,13:49:42.974491,[]
2026-06-01,13:49:43.007858,[]
2026-06-01,13:49:43.041225,[]
2026-06-01,13:49:43.074592,[]
2026-06-01,13:49:43.107959,[]
2026-06-01,13:49:43.141326,[]
2026-06-01,13:49:43.174693,[]
2026-06-01,13:49:43.208060,[]
2026-06-01,13:49:43.241427,[]
2026-06-01,13:49:43.274794,[]
2026-06-01,13:49:43.308161,[]
2026-06-01,13:49:43.341528,[]
2026-06-01,13:49:43.374895,[]
2026-06-01,13:49:43.408262,[]
2026-06-01,13:49:43.441629,[]
2026-06-01,13:49:43.474996,[]
2026-06-01,13:49:43.508363,[]
2026-06-01,13:49:43.541730,[]
2026-06-01,13:49:43.575097,[]
2026-06-01,13:49:43.608464,[]
2026-06-01,13:49:43.641831,[]
2026-06-01,13:49:43.675198,[]
2026-06-01,13:49:43.708565,[]
2026-06-01,13:49:43.741932,[]
2026-06-01,13:49:43.775299,[]
2026-06-01,13:49:43.808666,[]
2026-06-01,13:49:43.842033,[]
2026-06-01,13:49:43.875400,[]
2026-06-01,13:49:43.908767,[]
2026-06-01,13:49:43.942134,[]
2026-06-01,13:49:43.975501,[]
2026-06-01,13:49:44.008868,[]
2026-06-01,13:49:44.042235,[]
2026-06-01,13:49:44.075602,[]
2026-06-01,13:49:44.108969,[]
2026-06-01,13:49:44.142336,[]
2026-06-01,13:49:44.175703,[]
2026-06-01,13:49:44.209070,[]
2026-06-01,13:49:44.242437,[]
2026-06-01,13:49:44.275804,[]
2026-06-01,13:49:44.309171,[]
2026-06-01,13:49:44.342538,[]
2026-06-01,13:49:44.375905,[]
2026-06-01,13:49:44.409272,[]
2026-06-01,13:49:44.442639,[]
2026-06-01,13:49:44.476006,[]
2026-06-01,13:49:44.509373,[]
2026-06-01,13:49:44.542740,[]
2026-06-01,13:49:44.576107,[]
2026-06-01,13:49:44.609474,[]
2026-06-01,13:49:44.642841,[]
2026-06-01,13:49:44.676208,[]
2026-06-01,13:49:44.709575,[]
2026-06-01,13:49:44.742942,[]
2026-06-01,13:49:44.776309,[]
2026-06-01,13:49:44.809676,[]
2026-06-01,13:49:44.843043,[]
2026-06-01,13:49:44.876410,[]
2026-06-01,13:49:44.909777,[]
2026-06-01,13:49:44.943144,[]
2026-06-01,13:49:44.976511,[]
2026-06-01,13:49:45.009878,[]
2026-06-01,13:49:45.043245,[]
2026-06-01,13:49:45.076612,[]
2026-06-01,13:49:45.109979,[]
2026-06-01,13:49:45.143346,[]
2026-06-01,13:49:45.176713,[]
2026-06-01,13:49:45.210080,[]
2026-06-01,13:49:45.243447,[]
2026-06-01,13:49:45.276814,[]
2026-06-01,13:49:45.310181,[]
2026-06-01,13:49:45.343548,[]
2026-06-01,13:49:45.376915,[]
2026-06-01,13:49:45.410282,[]
2026-06-01,13:49:45.443649,[]
2026-06-01,13:49:45.477016,[]
2026-06-01,13:49:45.510383,[]
2026-06-01,13:49:45.543750,[]
2026-06-01,13:49:45.577117,[]
2026-06-01,13:49:45.610484,[]
2026-06-01,13:49:45.643851,[]
2026-06-01,13:49:45.677218,[]
2026-06-01,13:49:45.710585,[]
2026-06-01,13:49:45.743952,[]
2026-06-01,13:49:45.777319,[]
2026-06-01,13:49:45.810686,[]
2026-06-01,13:49:45.844053,[]
2026-06-01,13:49:45.877420,[]
2026-06-01,13:49:45.910787,[]
2026-06-01,13:49:45.944154,[]
2026-06-01,13:49:45.977521,[]
2026-06-01,13:49:46.010888,[]
2026-06-01,13:49:46.044255,[]
2026-06-01,13:49:46.077622,[]
2026-06-01,13:49:46.110989,[]
2026-06-01,13:49:46.144356,[]
2026-06-01,13:49:46.177723,[]
2026-06-01,13:49:46.211090,[]
2026-06-01,13:49:46.244457,[]
2026-06-01,13:49:46.277824,[]
2026-06-01,13:49:46.311191,[]
2026-06-01,13:49:46.344558,[]
2026-06-01,13:49:46.377925,[]
2026-06-01,13:49:46.411292,[]
2026-06-01,13:49:46.444659,[]
2026-06-01,13:49:46.478026,[]
2026-06-01,13:49:46.511393,[]
2026-06-01,13:49:46.544760,[]
2026-06-01,13:49:46.578127,[]
2026-06-01,13:49:46.611494,[]
2026-06-01,13:49:46.644861,[]
2026-06-01,13:49:46.678228,[]
2026-06-01,13:49:46.711595,[]
2026-06-01,13:49:46.744962,[]
2026-06-01,13:49:46.778329,[]
2026-06-01,13:49:46.811696,[]
2026-06-01,13:49:46.845063,[]
2026-06-01,13:49:46.878430,[]
2026-06-01,13:49:46.911797,[]
2026-06-01,13:49:46.945164,[]
2026-06-01,13:49:46.978531,[]
2026-06-01,13:49:47.011898,[]
2026-06-01,13:49:47.045265,[]
2026-06-01,13:49:47.078632,[]
2026-06-01,13:49:47.111999,[]
2026-06-01,13:49:47.145366,[]
2026-06-01,13:49:47.178733,[]
2026-06-01,13:49:47.212100,[]
2026-06-01,13:49:47.245467,[]
2026-06-01,13:49:47.278834,[]
2026-06-01,13:49:47.312201,[]
2026-06-01,13:49:47.345568,[]
2026-06-01,13:49:47.378935,[]
2026-06-01,13:49:47.412302,[]
2026-06-01,13:49:47.445669,[]
2026-06-01,13:49:47.479036,[]
2026-06-01,13:49:47.512403,[]
2026-06-01,13:49:47.545770,[]
2026-06-01,13:49:47.579137,[]
2026-06-01,13:49:47.612504,[]
2026-06-01,13:49:47.645871,[]
2026-06-01,13:49:47.679238,[]
2026-06-01,13:49:47.712605,[]
2026-06-01,13:49:47.745972,[]
2026-06-01,13:49:47.779339,[]
2026-06-01,13:49:47.812706,[]
2026-06-01,13:49:47.846073,[]
2026-06-01,13:49:47.879440,[]
2026-06-01,13:49:47.912807,[]
2026-06-01,13:49:47.946174,[]
2026-06-01,13:49:47.979541,[]
2026-06-01,13:49:48.012908,[]
2026-06-01,13:49:48.046275,[]
2026-06-01,13:49:48.079642,[]
2026-06-01,13:49:48.113009,[]
2026-06-01,13:49:48.146376,[]
2026-06-01,13:49:48.179743,[]
2026-06-01,13:49:48.213110,[]
2026-06-01,13:49:48.246477,[]
2026-06-01,13:49:48.279844,[]
2026-06-01,13:49:48.313211,[]
2026-06-01,13:49:48.346578,[]
2026-06-01,13:49:48.379945,[]
2026-06-01,13:49:48.413312,[]
2026-06-01,13:49:48.446679,[]
2026-06-01,13:49:48.480046,[]
2026-06-01,13:49:48.513413,[]
2026-06-01,13:49:48.546780,[]
2026-06-01,13:49:48.580147,[]
2026-06-01,13:49:48.613514,[]
2026-06-01,13:49:48.646881,[]
2026-06-01,13:49:48.680248,[]
2026-06-01,13:49:48.713615,[]
2026-06-01,13:49:48.746982,[]
2026-06-01,13:49:48.780349,[]
2026-06-01,13:49:48.813716,[]
2026-06-01,13:49:48.847083,[]
2026-06-01,13:49:48.880450,[]
2026-06-01,13:49:48.913817,[]
2026-06-01,13:49:48.947184,[]
2026-06-01,13:49:48.980551,[]
2026-06-01,13:49:49.013918,[]
2026-06-01,13:49:49.047285,[]
2026-06-01,13:49:49.080652,[]
2026-06-01,13:49:49.114019,[]
2026-06-01,13:49:49.147386,[]
2026-06-01,13:49:49.180753,[]
2026-06-01,13:49:49.214120,[]
2026-06-01,13:49:49.247487,[]
2026-06-01,13:49:49.280854,[]
2026-06-01,13:49:49.314221,[]
2026-06-01,13:49:49.347588,[]
2026-06-01,13:49:49.380955,[]
2026-06-01,13:49:49.414322,[]
2026-06-01,13:49:49.447689,[]
2026-06-01,13:49:49.481056,[]
2026-06-01,13:49:49.514423,[]
2026-06-01,13:49:49.547790,[]
2026-06-01,13:49:49.581157,[]
2026-06-01,13:49:49.614524,[]
2026-06-01,13:49:49.647891,[]
2026-06-01,13:49:49.681258,[]
2026-06-01,13:49:49.714625,[]
2026-06-01,13:49:49.747992,[]
2026-06-01,13:49:49.781359,[]
2026-06-01,13:49:49.814726,[]
2026-06-01,13:49:49.848093,[]
2026-06-01,13:49:49.881460,[]
2026-06-01,13:49:49.914827,[]
2026-06-01,13:49:49.948194,[]
2026-06-01,13:49:49.981561,[]
2026-06-01,13:49:50.014928,[]
2026-06-01,13:49:50.048295,[]
2026-06-01,13:49:50.081662,[]
2026-06-01,13:49:50.115029,[]
2026-06-01,13:49:50.148396,[]
2026-06-01,13:49:50.181763,[]
2026-06-01,13:49:50.215130,[]
2026-06-01,13:49:50.248497,[]
2026-06-01,13:49:50.281864,[]
2026-06-01,13:49:50.315231,[]
2026-06-01,13:49:50.348598,[]
2026-06-01,13:49:50.381965,[]
2026-06-01,13:49:50.415332,[]
2026-06-01,13:49:50.448699,[]
2026-06-01,13:49:50.482066,[]
2026-06-01,13:49:50.515433,[]
2026-06-01,13:49:50.548800,[]
2026-06-01,13:49:50.582167,[]
2026-06-01,13:49:50.615534,[]
2026-06-01,13:49:50.648901,[]
2026-06-01,13:49:50.682268,[]
2026-06-01,13:49:50.715635,[]
2026-06-01,13:49:50.749002,[]
2026-06-01,13:49:50.782369,[]
2026-06-01,13:49:50.815736,[]
2026-06-01,13:49:50.849103,[]
2026-06-01,13:49:50.882470,[]
2026-06-01,13:49:50.915837,[]
2026-06-01,13:49:50.949204,[]
2026-06-01,13:49:50.982571,[]
2026-06-01,13:49:51.015938,[]
2026-06-01,13:49:51.049305,[]
2026-06-01,13:49:51.082672,[]
2026-06-01,13:49:51.116039,[]
2026-06-01,13:49:51.149406,[]
2026-06-01,13:49:51.182773,[]
2026-06-01,13:49:51.216140,[]
2026-06-01,13:49:51.249507,[]
2026-06-01,13:49:51.282874,[]
2026-06-01,13:49:51.316241,[]
2026-06-01,13:49:51.349608,[]
2026-06-01,13:49:51.382975,[]
2026-06-01,13:49:51.416342,[]
2026-06-01,13:49:51.449709,[]
2026-06-01,13:49:51.483076,[]
2026-06-01,13:49:51.516443,[]
2026-06-01,13:49:51.549810,[]
2026-06-01,13:49:51.583177,[]
2026-06-01,13:49:51.616544,[]
2026-06-01,13:49:51.649911,[]
2026-06-01,13:49:51.683278,[]
2026-06-01,13:49:51.716645,[]
2026-06-01,13:49:51.750012,[]
2026-06-01,13:49:51.783379,[]
2026-06-01,13:49:51.816746,[]
2026-06-01,13:49:51.850113,[]
2026-06-01,13:49:51.883480,[]
2026-06-01,13:49:51.916847,[]
2026-06-01,13:49:51.950214,[]
2026-06-01,13:49:51.983581,[]
2026-06-01,13:49:52.016948,[]
2026-06-01,13:49:52.050315,[]
2026-06-01,13:49:52.083682,[]
2026-06-01,13:49:52.117049,[]
2026-06-01,13:49:52.150416,[]
2026-06-01,13:49:52.183783,[]
2026-06-01,13:49:52.217150,[]
2026-06-01,13:49:52.250517,[]
2026-06-01,13:49:52.283884,[]
2026-06-01,13:49:52.317251,[]
2026-06-01,13:49:52.350618,[]
2026-06-01,13:49:52.383985,[]
2026-06-01,13:49:52.417352,[]
2026-06-01,13:49:52.450719,[]
2026-06-01,13:49:52.484086,[]
2026-06-01,13:49:52.517453,[]
2026-06-01,13:49:52.550820,[]
2026-06-01,13:49:52.584187,[]
2026-06-01,13:49:52.617554,[]
2026-06-01,13:49:52.650921,[]
2026-06-01,13:49:52.684288,[]
2026-06-01,13:49:52.717655,[]
2026-06-01,13:49:52.751022,[]
2026-06-01,13:49:52.784389,[]
2026-06-01,13:49:52.817756,[]
2026-06-01,13:49:52.851123,[]
2026-06-01,13:49:52.884490,[]
2026-06-01,13:49:52.917857,[]
2026-06-01,13:49:52.951224,[]
2026-06-01,13:49:52.984591,[]
2026-06-01,13:49:53.017958,[]
2026-06-01,13:49:53.051325,[]
2026-06-01,13:49:53.084692,[]
2026-06-01,13:49:53.118059,[]
2026-06-01,13:49:53.151426,[]
2026-06-01,13:49:53.184793,[]
2026-06-01,13:49:53.218160,[]
2026-06-01,13:49:53.251527,[]
2026-06-01,13:49:53.284894,[]
2026-06-01,13:49:53.318261,[]
2026-06-01,13:49:53.351628,[]
2026-06-01,13:49:53.384995,[]
2026-06-01,13:49:53.418362,[]
2026-06-01,13:49:53.451729,[]
2026-06-01,13:49:53.485096,[]
2026-06-01,13:49:53.518463,[]
2026-06-01,13:49:53.551830,[]
2026-06-01,13:49:53.585197,[]
2026-06-01,13:49:53.618564,[]
2026-06-01,13:49:53.651931,[]
2026-06-01,13:49:53.685298,[]
2026-06-01,13:49:53.718665,[]
2026-06-01,13:49:53.752032,[]
2026-06-01,13:49:53.785399,[]
2026-06-01,13:49:53.818766,[]
2026-06-01,13:49:53.852133,[]
2026-06-01,13:49:53.885500,[]
2026-06-01,13:49:53.918867,[]
2026-06-01,13:49:53.952234,[]
2026-06-01,13:49:53.985601,[]
2026-06-01,13:49:54.018968,[]
2026-06-01,13:49:54.052335,[]
2026-06-01,13:49:54.085702,[]
2026-06-01,13:49:54.119069,[]
2026-06-01,13:49:54.152436,[]
2026-06-01,13:49:54.185803,[]
2026-06-01,13:49:54.219170,[]
2026-06-01,13:49:54.252537,[]
2026-06-01,13:49:54.285904,[]
2026-06-01,13:49:54.319271,[]
2026-06-01,13:49:54.352638,[]
2026-06-01,13:49:54.386005,[]
2026-06-01,13:49:54.419372,[]
2026-06-01,13:49:54.452739,[]
2026-06-01,13:49:54.486106,[]
2026-06-01,13:49:54.519473,[]
2026-06-01,13:49:54.552840,[]
2026-06-01,13:49:54.586207,[]
2026-06-01,13:49:54.619574,[]
2026-06-01,13:49:54.652941,[]
2026-06-01,13:49:54.686308,[]
2026-06-01,13:49:54.719675,[]
2026-06-01,13:49:54.753042,[]
2026-06-01,13:49:54.786409,[]
2026-06-01,13:49:54.819776,[]
2026-06-01,13:49:54.853143,[]
2026-06-01,13:49:54.886510,[]
2026-06-01,13:49:54.919877,[]
2026-06-01,13:49:54.953244,[]
2026-06-01,13:49:54.986611,[]
2026-06-01,13:49:55.019978,[]
2026-06-01,13:49:55.053345,[]
2026-06-01,13:49:55.086712,[]
2026-06-01,13:49:55.120079,[]
2026-06-01,13:49:55.153446,[]
2026-06-01,13:49:55.186813,[]
2026-06-01,13:49:55.220180,[]
2026-06-01,13:49:55.253547,[]
2026-06-01,13:49:55.286914,[]
2026-06-01,13:49:55.320281,[]
2026-06-01,13:49:55.353648,[]
2026-06-01,13:49:55.387015,[]
2026-06-01,13:49:55.420382,[]
2026-06-01,13:49:55.453749,[]
2026-06-01,13:49:55.487116,[]
2026-06-01,13:49:55.520483,[]
2026-06-01,13:49:55.553850,[]
2026-06-01,13:49:55.587217,[]
2026-06-01,13:49:55.620584,[]
2026-06-01,13:49:55.653951,[]
2026-06-01,13:49:55.687318,[]
2026-06-01,13:49:55.720685,[]
2026-06-01,13:49:55.754052,[]
2026-06-01,13:49:55.787419,[]
2026-06-01,13:49:55.820786,[]
2026-06-01,13:49:55.854153,[]
2026-06-01,13:49:55.887520,[]
2026-06-01,13:49:55.920887,[]
2026-06-01,13:49:55.954254,[]
2026-06-01,13:49:55.987621,[]
2026-06-01,13:49:56.020988,[]
2026-06-01,13:49:56.054355,[]
2026-06-01,13:49:56.087722,[]
2026-06-01,13:49:56.121089,[]
2026-06-01,13:49:56.154456,[]
2026-06-01,13:49:56.187823,[]
2026-06-01,13:49:56.221190,[]
2026-06-01,13:49:56.254557,[]
2026-06-01,13:49:56.287924,[]
2026-06-01,13:49:56.321291,[]
2026-06-01,13:49:56.354658,[]
2026-06-01,13:49:56.388025,[]
2026-06-01,13:49:56.421392,[]
2026-06-01,13:49:56.454759,[]
2026-06-01,13:49:56.488126,[]
2026-06-01,13:49:56.521493,[]
2026-06-01,13:49:56.554860,[]
2026-06-01,13:49:56.588227,[]
2026-06-01,13:49:56.621594,[]
2026-06-01,13:49:56.654961,[]
2026-06-01,13:49:56.688328,[]
2026-06-01,13:49:56.721695,[]
2026-06-01,13:49:56.755062,[]
2026-06-01,13:49:56.788429,[]
2026-06-01,13:49:56.821796,[]
2026-06-01,13:49:56.855163,[]
2026-06-01,13:49:56.888530,[]
2026-06-01,13:49:56.921897,[]
2026-06-01,13:49:56.955264,[]
2026-06-01,13:49:56.988631,[]
2026-06-01,13:49:57.021998,[]
2026-06-01,13:49:57.055365,[]
2026-06-01,13:49:57.088732,[]
2026-06-01,13:49:57.122099,[]
2026-06-01,13:49:57.155466,[]
2026-06-01,13:49:57.188833,[]
2026-06-01,13:49:57.222200,[]
2026-06-01,13:49:57.255567,[]
2026-06-01,13:49:57.288934,[]
2026-06-01,13:49:57.322301,[]
2026-06-01,13:49:57.355668,[]
2026-06-01,13:49:57.389035,[]
2026-06-01,13:49:57.422402,[]
2026-06-01,13:49:57.455769,[]
2026-06-01,13:49:57.489136,[]
2026-06-01,13:49:57.522503,[]
2026-06-01,13:49:57.555870,[]
2026-06-01,13:49:57.589237,[]
2026-06-01,13:49:57.622604,[]
2026-06-01,13:49:57.655971,[]
2026-06-01,13:49:57.689338,[]
2026-06-01,13:49:57.722705,[]
2026-06-01,13:49:57.756072,[]
2026-06-01,13:49:57.789439,[]
2026-06-01,13:49:57.822806,[]
2026-06-01,13:49:57.856173,[]
2026-06-01,13:49:57.889540,[]
2026-06-01,13:49:57.922907,[]
2026-06-01,13:49:57.956274,[]
2026-06-01,13:49:57.989641,[]
2026-06-01,13:49:58.023008,[]
2026-06-01,13:49:58.056375,[]
2026-06-01,13:49:58.089742,[]
2026-06-01,13:49:58.123109,[]
2026-06-01,13:49:58.156476,[]
2026-06-01,13:49:58.189843,[]
2026-06-01,13:49:58.223210,[]
2026-06-01,13:49:58.256577,[]
2026-06-01,13:49:58.289944,[]
2026-06-01,13:49:58.323311,[]
2026-06-01,13:49:58.356678,[]
2026-06-01,13:49:58.390045,[]
2026-06-01,13:49:58.423412,[]
2026-06-01,13:49:58.456779,[]
2026-06-01,13:49:58.490146,[]
2026-06-01,13:49:58.523513,[]
2026-06-01,13:49:58.556880,[]
2026-06-01,13:49:58.590247,[]
2026-06-01,13:49:58.623614,[]
2026-06-01,13:49:58.656981,[]
2026-06-01,13:49:58.690348,[]
2026-06-01,13:49:58.723715,[]
2026-06-01,13:49:58.757082,[]
2026-06-01,13:49:58.790449,[]
2026-06-01,13:49:58.823816,[]
2026-06-01,13:49:58.857183,[]
2026-06-01,13:49:58.890550,[]
2026-06-01,13:49:58.923917,[]
2026-06-01,13:49:58.957284,[]
2026-06-01,13:49:58.990651,[]
2026-06-01,13:49:59.024018,[]
2026-06-01,13:49:59.057385,[]
2026-06-01,13:49:59.090752,[]
2026-06-01,13:49:59.124119,[]
2026-06-01,13:49:59.157486,[]
2026-06-01,13:49:59.190853,[]
2026-06-01,13:49:59.224220,[]
2026-06-01,13:49:59.257587,[]
2026-06-01,13:49:59.290954,[]
2026-06-01,13:49:59.324321,[]
2026-06-01,13:49:59.357688,[]
2026-06-01,13:49:59.391055,[]
2026-06-01,13:49:59.424422,[]
2026-06-01,13:49:59.457789,[]
2026-06-01,13:49:59.491156,[]
2026-06-01,13:49:59.524523,[]
2026-06-01,13:49:59.557890,[]
2026-06-01,13:49:59.591257,[]
2026-06-01,13:49:59.624624,[]
2026-06-01,13:49:59.657991,[]
2026-06-01,13:49:59.691358,[]
2026-06-01,13:49:59.724725,[]
2026-06-01,13:49:59.758092,[]
2026-06-01,13:49:59.791459,[]
2026-06-01,13:49:59.824826,[]
2026-06-01,13:49:59.858193,[]
2026-06-01,13:49:59.891560,[]
2026-06-01,13:49:59.924927,[]
2026-06-01,13:49:59.958294,['EN81940']
2026-06-01,13:49:59.991661,['EN81940']
2026-06-01,13:50:00.025028,['EN81940']
2026-06-01,13:50:00.058395,[]
2026-06-01,13:50:00.091762,['EN81940']
2026-06-01,13:50:00.125129,[]
2026-06-01,13:50:00.158496,[]
2026-06-01,13:50:00.191863,[]
2026-06-01,13:50:00.225230,[]
2026-06-01,13:50:00.258597,[]
2026-06-01,13:50:00.291964,[]
2026-06-01,13:50:00.325331,[]
2026-06-01,13:50:00.358698,[]
2026-06-01,13:50:00.392065,[]
2026-06-01,13:50:00.425432,[]
2026-06-01,13:50:00.458799,[]
2026-06-01,13:50:00.492166,[]
2026-06-01,13:50:00.525533,[]
2026-06-01,13:50:00.558900,[]
2026-06-01,13:50:00.592267,[]
2026-06-01,13:50:00.625634,[]
2026-06-01,13:50:00.659001,[]
2026-06-01,13:50:00.692368,[]
2026-06-01,13:50:00.725735,[]
2026-06-01,13:50:00.759102,[]
2026-06-01,13:50:00.792469,[]
2026-06-01,13:50:00.825836,[]
2026-06-01,13:50:00.859203,[]
2026-06-01,13:50:00.892570,[]
2026-06-01,13:50:00.925937,[]
2026-06-01,13:50:00.959304,[]
2026-06-01,13:50:00.992671,[]
2026-06-01,13:50:01.026038,[]
2026-06-01,13:50:01.059405,[]
2026-06-01,13:50:01.092772,[]
2026-06-01,13:50:01.126139,[]
2026-06-01,13:50:01.159506,[]
2026-06-01,13:50:01.192873,[]
2026-06-01,13:50:01.226240,[]
2026-06-01,13:50:01.259607,[]
2026-06-01,13:50:01.292974,[]
2026-06-01,13:50:01.326341,[]
2026-06-01,13:50:01.359708,[]
2026-06-01,13:50:01.393075,[]
2026-06-01,13:50:01.426442,[]
2026-06-01,13:50:01.459809,[]
2026-06-01,13:50:01.493176,[]
2026-06-01,13:50:01.526543,[]
2026-06-01,13:50:01.559910,[]
2026-06-01,13:50:01.593277,[]
2026-06-01,13:50:01.626644,[]
2026-06-01,13:50:01.660011,[]
2026-06-01,13:50:01.693378,[]
2026-06-01,13:50:01.726745,[]
2026-06-01,13:50:01.760112,[]
2026-06-01,13:50:01.793479,[]
2026-06-01,13:50:01.826846,[]
2026-06-01,13:50:01.860213,[]
2026-06-01,13:50:01.893580,[]
2026-06-01,13:50:01.926947,[]
2026-06-01,13:50:01.960314,[]
2026-06-01,13:50:01.993681,[]
2026-06-01,13:50:02.027048,[]
2026-06-01,13:50:02.060415,[]
2026-06-01,13:50:02.093782,[]
2026-06-01,13:50:02.127149,[]
2026-06-01,13:50:02.160516,[]
2026-06-01,13:50:02.193883,[]
2026-06-01,13:50:02.227250,[]
2026-06-01,13:50:02.260617,[]
2026-06-01,13:50:02.293984,[]
2026-06-01,13:50:02.327351,[]
2026-06-01,13:50:02.360718,[]
2026-06-01,13:50:02.394085,[]
2026-06-01,13:50:02.427452,[]
2026-06-01,13:50:02.460819,[]
2026-06-01,13:50:02.494186,[]
2026-06-01,13:50:02.527553,[]
2026-06-01,13:50:02.560920,[]
2026-06-01,13:50:02.594287,[]
2026-06-01,13:50:02.627654,[]
2026-06-01,13:50:02.661021,[]
2026-06-01,13:50:02.694388,[]
2026-06-01,13:50:02.727755,[]
2026-06-01,13:50:02.761122,['DN58714']
2026-06-01,13:50:02.794489,['DN58714']
2026-06-01,13:50:02.827856,['DN58714']
2026-06-01,13:50:02.861223,['DN58714']
2026-06-01,13:50:02.894590,['DN58714']
2026-06-01,13:50:02.927957,[]
2026-06-01,13:50:02.961324,[]
2026-06-01,13:50:02.994691,[]
2026-06-01,13:50:03.028058,[]
2026-06-01,13:50:03.061425,[]
2026-06-01,13:50:03.094792,[]
2026-06-01,13:50:03.128159,[]
2026-06-01,13:50:03.161526,[]
2026-06-01,13:50:03.194893,[]
2026-06-01,13:50:03.228260,[]
2026-06-01,13:50:03.261627,[]
2026-06-01,13:50:03.294994,[]
2026-06-01,13:50:03.328361,[]
2026-06-01,13:50:03.361728,[]
2026-06-01,13:50:03.395095,[]
2026-06-01,13:50:03.428462,[]
2026-06-01,13:50:03.461829,[]
2026-06-01,13:50:03.495196,[]
2026-06-01,13:50:03.528563,[]
2026-06-01,13:50:03.561930,[]
2026-06-01,13:50:03.595297,[]
2026-06-01,13:50:03.628664,[]
2026-06-01,13:50:03.662031,[]
2026-06-01,13:50:03.695398,[]
2026-06-01,13:50:03.728765,[]
2026-06-01,13:50:03.762132,[]
2026-06-01,13:50:03.795499,[]
2026-06-01,13:50:03.828866,[]
2026-06-01,13:50:03.862233,[]
2026-06-01,13:50:03.895600,[]
2026-06-01,13:50:03.928967,[]
2026-06-01,13:50:03.962334,[]
2026-06-01,13:50:03.995701,[]
2026-06-01,13:50:04.029068,[]
2026-06-01,13:50:04.062435,[]
2026-06-01,13:50:04.095802,[]
2026-06-01,13:50:04.129169,[]
2026-06-01,13:50:04.162536,[]
2026-06-01,13:50:04.195903,[]
2026-06-01,13:50:04.229270,[]
2026-06-01,13:50:04.262637,[]
2026-06-01,13:50:04.296004,[]
2026-06-01,13:50:04.329371,[]
2026-06-01,13:50:04.362738,[]
2026-06-01,13:50:04.396105,[]
2026-06-01,13:50:04.429472,[]
2026-06-01,13:50:04.462839,[]
2026-06-01,13:50:04.496206,[]
2026-06-01,13:50:04.529573,[]
2026-06-01,13:50:04.562940,[]
2026-06-01,13:50:04.596307,[]
2026-06-01,13:50:04.629674,[]
2026-06-01,13:50:04.663041,[]
2026-06-01,13:50:04.696408,[]
2026-06-01,13:50:04.729775,[]
2026-06-01,13:50:04.763142,[]
2026-06-01,13:50:04.796509,[]
2026-06-01,13:50:04.829876,[]
2026-06-01,13:50:04.863243,[]
2026-06-01,13:50:04.896610,[]
2026-06-01,13:50:04.929977,[]
2026-06-01,13:50:04.963344,[]
2026-06-01,13:50:04.996711,[]
2026-06-01,13:50:05.030078,[]
2026-06-01,13:50:05.063445,[]
2026-06-01,13:50:05.096812,[]
2026-06-01,13:50:05.130179,[]
2026-06-01,13:50:05.163546,[]
2026-06-01,13:50:05.196913,[]
2026-06-01,13:50:05.230280,[]
2026-06-01,13:50:05.263647,[]
2026-06-01,13:50:05.297014,[]
2026-06-01,13:50:05.330381,[]
2026-06-01,13:50:05.363748,[]
2026-06-01,13:50:05.397115,[]
2026-06-01,13:50:05.430482,[]
2026-06-01,13:50:05.463849,[]
2026-06-01,13:50:05.497216,[]
2026-06-01,13:50:05.530583,[]
2026-06-01,13:50:05.563950,[]
2026-06-01,13:50:05.597317,[]
2026-06-01,13:50:05.630684,[]
2026-06-01,13:50:05.664051,[]
2026-06-01,13:50:05.697418,[]
2026-06-01,13:50:05.730785,[]
2026-06-01,13:50:05.764152,[]
2026-06-01,13:50:05.797519,[]
2026-06-01,13:50:05.830886,[]
2026-06-01,13:50:05.864253,[]
2026-06-01,13:50:05.897620,[]
2026-06-01,13:50:05.930987,[]
2026-06-01,13:50:05.964354,[]
2026-06-01,13:50:05.997721,[]
2026-06-01,13:50:06.031088,[]
2026-06-01,13:50:06.064455,[]
2026-06-01,13:50:06.097822,[]
2026-06-01,13:50:06.131189,[]
2026-06-01,13:50:06.164556,[]
2026-06-01,13:50:06.197923,[]
2026-06-01,13:50:06.231290,[]
2026-06-01,13:50:06.264657,[]
2026-06-01,13:50:06.298024,[]
2026-06-01,13:50:06.331391,[]
2026-06-01,13:50:06.364758,[]
2026-06-01,13:50:06.398125,[]
2026-06-01,13:50:06.431492,[]
2026-06-01,13:50:06.464859,[]
2026-06-01,13:50:06.498226,[]
2026-06-01,13:50:06.531593,[]
2026-06-01,13:50:06.564960,[]
2026-06-01,13:50:06.598327,[]
2026-06-01,13:50:06.631694,[]
2026-06-01,13:50:06.665061,[]
2026-06-01,13:50:06.698428,[]
2026-06-01,13:50:06.731795,[]
2026-06-01,13:50:06.765162,[]
2026-06-01,13:50:06.798529,[]
2026-06-01,13:50:06.831896,[]
2026-06-01,13:50:06.865263,[]
2026-06-01,13:50:06.898630,[]
2026-06-01,13:50:06.931997,[]
2026-06-01,13:50:06.965364,[]
2026-06-01,13:50:06.998731,[]
2026-06-01,13:50:07.032098,[]
2026-06-01,13:50:07.065465,[]
2026-06-01,13:50:07.098832,[]
2026-06-01,13:50:07.132199,[]
2026-06-01,13:50:07.165566,[]
2026-06-01,13:50:07.198933,[]
2026-06-01,13:50:07.232300,[]
2026-06-01,13:50:07.265667,[]
2026-06-01,13:50:07.299034,[]
2026-06-01,13:50:07.332401,[]
2026-06-01,13:50:07.365768,[]
2026-06-01,13:50:07.399135,[]
2026-06-01,13:50:07.432502,[]
2026-06-01,13:50:07.465869,[]
2026-06-01,13:50:07.499236,[]
2026-06-01,13:50:07.532603,[]
2026-06-01,13:50:07.565970,[]
2026-06-01,13:50:07.599337,[]
2026-06-01,13:50:07.632704,[]
2026-06-01,13:50:07.666071,[]
2026-06-01,13:50:07.699438,[]
2026-06-01,13:50:07.732805,[]
2026-06-01,13:50:07.766172,[]
2026-06-01,13:50:07.799539,[]
2026-06-01,13:50:07.832906,[]
2026-06-01,13:50:07.866273,[]
2026-06-01,13:50:07.899640,[]
2026-06-01,13:50:07.933007,[]
2026-06-01,13:50:07.966374,[]
2026-06-01,13:50:07.999741,[]
2026-06-01,13:50:08.033108,[]
2026-06-01,13:50:08.066475,[]
2026-06-01,13:50:08.099842,[]
2026-06-01,13:50:08.133209,[]
2026-06-01,13:50:08.166576,[]
2026-06-01,13:50:08.199943,[]
2026-06-01,13:50:08.233310,[]
2026-06-01,13:50:08.266677,[]
2026-06-01,13:50:08.300044,[]
2026-06-01,13:50:08.333411,[]
2026-06-01,13:50:08.366778,[]
2026-06-01,13:50:08.400145,[]
2026-06-01,13:50:08.433512,[]
2026-06-01,13:50:08.466879,[]
2026-06-01,13:50:08.500246,[]
2026-06-01,13:50:08.533613,[]
2026-06-01,13:50:08.566980,[]
2026-06-01,13:50:08.600347,[]
2026-06-01,13:50:08.633714,[]
2026-06-01,13:50:08.667081,[]
2026-06-01,13:50:08.700448,[]
2026-06-01,13:50:08.733815,[]
2026-06-01,13:50:08.767182,[]
2026-06-01,13:50:08.800549,[]
2026-06-01,13:50:08.833916,[]
2026-06-01,13:50:08.867283,[]
2026-06-01,13:50:08.900650,[]
2026-06-01,13:50:08.934017,[]
2026-06-01,13:50:08.967384,[]
2026-06-01,13:50:09.000751,[]
2026-06-01,13:50:09.034118,[]
2026-06-01,13:50:09.067485,[]
2026-06-01,13:50:09.100852,[]
2026-06-01,13:50:09.134219,[]
2026-06-01,13:50:09.167586,[]
2026-06-01,13:50:09.200953,[]
2026-06-01,13:50:09.234320,[]
2026-06-01,13:50:09.267687,[]
2026-06-01,13:50:09.301054,[]
2026-06-01,13:50:09.334421,[]
2026-06-01,13:50:09.367788,[]
2026-06-01,13:50:09.401155,[]
2026-06-01,13:50:09.434522,[]
2026-06-01,13:50:09.467889,[]
2026-06-01,13:50:09.501256,[]
2026-06-01,13:50:09.534623,[]
2026-06-01,13:50:09.567990,[]
2026-06-01,13:50:09.601357,[]
2026-06-01,13:50:09.634724,[]
2026-06-01,13:50:09.668091,[]
2026-06-01,13:50:09.701458,[]
2026-06-01,13:50:09.734825,[]
2026-06-01,13:50:09.768192,[]
2026-06-01,13:50:09.801559,[]
2026-06-01,13:50:09.834926,[]
2026-06-01,13:50:09.868293,[]
2026-06-01,13:50:09.901660,[]
2026-06-01,13:50:09.935027,[]
2026-06-01,13:50:09.968394,[]
2026-06-01,13:50:10.001761,[]
2026-06-01,13:50:10.035128,[]
2026-06-01,13:50:10.068495,[]
2026-06-01,13:50:10.101862,[]
2026-06-01,13:50:10.135229,[]
2026-06-01,13:50:10.168596,[]
2026-06-01,13:50:10.201963,[]
2026-06-01,13:50:10.235330,[]
2026-06-01,13:50:10.268697,[]
2026-06-01,13:50:10.302064,[]
2026-06-01,13:50:10.335431,[]
2026-06-01,13:50:10.368798,[]
2026-06-01,13:50:10.402165,[]
2026-06-01,13:50:10.435532,[]
2026-06-01,13:50:10.468899,[]
2026-06-01,13:50:10.502266,[]
2026-06-01,13:50:10.535633,[]
2026-06-01,13:50:10.569000,[]
2026-06-01,13:50:10.602367,[]
2026-06-01,13:50:10.635734,[]
2026-06-01,13:50:10.669101,[]
2026-06-01,13:50:10.702468,[]
2026-06-01,13:50:10.735835,[]
2026-06-01,13:50:10.769202,[]
2026-06-01,13:50:10.802569,[]
2026-06-01,13:50:10.835936,[]
2026-06-01,13:50:10.869303,[]
2026-06-01,13:50:10.902670,[]
2026-06-01,13:50:10.936037,[]
2026-06-01,13:50:10.969404,[]
2026-06-01,13:50:11.002771,[]
2026-06-01,13:50:11.036138,[]
2026-06-01,13:50:11.069505,[]
2026-06-01,13:50:11.102872,[]
2026-06-01,13:50:11.136239,[]
2026-06-01,13:50:11.169606,[]
2026-06-01,13:50:11.202973,[]
2026-06-01,13:50:11.236340,[]
2026-06-01,13:50:11.269707,[]
2026-06-01,13:50:11.303074,[]
2026-06-01,13:50:11.336441,[]
2026-06-01,13:50:11.369808,[]
2026-06-01,13:50:11.403175,[]
2026-06-01,13:50:11.436542,[]
2026-06-01,13:50:11.469909,[]
2026-06-01,13:50:11.503276,[]
2026-06-01,13:50:11.536643,[]
2026-06-01,13:50:11.570010,[]
2026-06-01,13:50:11.603377,[]
2026-06-01,13:50:11.636744,[]
2026-06-01,13:50:11.670111,[]
2026-06-01,13:50:11.703478,[]
2026-06-01,13:50:11.736845,[]
2026-06-01,13:50:11.770212,[]
2026-06-01,13:50:11.803579,[]
2026-06-01,13:50:11.836946,[]
2026-06-01,13:50:11.870313,[]
2026-06-01,13:50:11.903680,[]
2026-06-01,13:50:11.937047,[]
2026-06-01,13:50:11.970414,[]
2026-06-01,13:50:12.003781,[]
2026-06-01,13:50:12.037148,[]
2026-06-01,13:50:12.070515,[]
2026-06-01,13:50:12.103882,[]
2026-06-01,13:50:12.137249,[]
2026-06-01,13:50:12.170616,[]
2026-06-01,13:50:12.203983,[]
2026-06-01,13:50:12.237350,[]
2026-06-01,13:50:12.270717,[]
2026-06-01,13:50:12.304084,[]
2026-06-01,13:50:12.337451,[]
2026-06-01,13:50:12.370818,[]
2026-06-01,13:50:12.404185,[]
2026-06-01,13:50:12.437552,[]
2026-06-01,13:50:12.470919,[]
2026-06-01,13:50:12.504286,[]
2026-06-01,13:50:12.537653,[]
2026-06-01,13:50:12.571020,[]
2026-06-01,13:50:12.604387,[]
2026-06-01,13:50:12.637754,[]
2026-06-01,13:50:12.671121,[]
2026-06-01,13:50:12.704488,[]
2026-06-01,13:50:12.737855,[]
2026-06-01,13:50:12.771222,[]
2026-06-01,13:50:12.804589,[]
2026-06-01,13:50:12.837956,[]
2026-06-01,13:50:12.871323,[]
2026-06-01,13:50:12.904690,[]
2026-06-01,13:50:12.938057,[]
2026-06-01,13:50:12.971424,[]
2026-06-01,13:50:13.004791,[]
2026-06-01,13:50:13.038158,[]
2026-06-01,13:50:13.071525,[]
2026-06-01,13:50:13.104892,[]
2026-06-01,13:50:13.138259,[]
2026-06-01,13:50:13.171626,[]
2026-06-01,13:50:13.204993,[]
2026-06-01,13:50:13.238360,[]
2026-06-01,13:50:13.271727,[]
2026-06-01,13:50:13.305094,[]
2026-06-01,13:50:13.338461,[]
2026-06-01,13:50:13.371828,[]
2026-06-01,13:50:13.405195,[]
2026-06-01,13:50:13.438562,[]
2026-06-01,13:50:13.471929,[]
2026-06-01,13:50:13.505296,[]
2026-06-01,13:50:13.538663,[]
2026-06-01,13:50:13.572030,[]
2026-06-01,13:50:13.605397,[]
2026-06-01,13:50:13.638764,[]
2026-06-01,13:50:13.672131,[]
2026-06-01,13:50:13.705498,[]
2026-06-01,13:50:13.738865,[]
2026-06-01,13:50:13.772232,[]
2026-06-01,13:50:13.805599,[]
2026-06-01,13:50:13.838966,[]
2026-06-01,13:50:13.872333,[]
2026-06-01,13:50:13.905700,[]
2026-06-01,13:50:13.939067,[]
2026-06-01,13:50:13.972434,[]
2026-06-01,13:50:14.005801,[]
2026-06-01,13:50:14.039168,[]
2026-06-01,13:50:14.072535,[]
2026-06-01,13:50:14.105902,[]
2026-06-01,13:50:14.139269,[]
2026-06-01,13:50:14.172636,[]
2026-06-01,13:50:14.206003,[]
2026-06-01,13:50:14.239370,[]
2026-06-01,13:50:14.272737,[]
2026-06-01,13:50:14.306104,[]
2026-06-01,13:50:14.339471,[]
2026-06-01,13:50:14.372838,[]
2026-06-01,13:50:14.406205,[]
2026-06-01,13:50:14.439572,[]
2026-06-01,13:50:14.472939,[]
2026-06-01,13:50:14.506306,[]
2026-06-01,13:50:14.539673,[]
2026-06-01,13:50:14.573040,[]
2026-06-01,13:50:14.606407,[]
2026-06-01,13:50:14.639774,[]
2026-06-01,13:50:14.673141,[]
2026-06-01,13:50:14.706508,[]
2026-06-01,13:50:14.739875,[]
2026-06-01,13:50:14.773242,[]
2026-06-01,13:50:14.806609,[]
2026-06-01,13:50:14.839976,[]
2026-06-01,13:50:14.873343,[]
2026-06-01,13:50:14.906710,[]
2026-06-01,13:50:14.940077,[]
2026-06-01,13:50:14.973444,[]
2026-06-01,13:50:15.006811,[]
2026-06-01,13:50:15.040178,[]
2026-06-01,13:50:15.073545,[]
2026-06-01,13:50:15.106912,[]
2026-06-01,13:50:15.140279,[]
2026-06-01,13:50:15.173646,[]
2026-06-01,13:50:15.207013,[]
2026-06-01,13:50:15.240380,[]
2026-06-01,13:50:15.273747,[]
2026-06-01,13:50:15.307114,[]
2026-06-01,13:50:15.340481,[]
2026-06-01,13:50:15.373848,[]
2026-06-01,13:50:15.407215,[]
2026-06-01,13:50:15.440582,[]
2026-06-01,13:50:15.473949,[]
2026-06-01,13:50:15.507316,[]
2026-06-01,13:50:15.540683,[]
2026-06-01,13:50:15.574050,[]
2026-06-01,13:50:15.607417,[]
2026-06-01,13:50:15.640784,[]
2026-06-01,13:50:15.674151,[]
2026-06-01,13:50:15.707518,[]
2026-06-01,13:50:15.740885,[]
2026-06-01,13:50:15.774252,[]
2026-06-01,13:50:15.807619,[]
2026-06-01,13:50:15.840986,[]
2026-06-01,13:50:15.874353,[]
2026-06-01,13:50:15.907720,[]
2026-06-01,13:50:15.941087,[]
2026-06-01,13:50:15.974454,[]
2026-06-01,13:50:16.007821,[]
2026-06-01,13:50:16.041188,[]
2026-06-01,13:50:16.074555,[]
2026-06-01,13:50:16.107922,[]
2026-06-01,13:50:16.141289,[]
2026-06-01,13:50:16.174656,[]
2026-06-01,13:50:16.208023,[]
2026-06-01,13:50:16.241390,[]
2026-06-01,13:50:16.274757,[]
2026-06-01,13:50:16.308124,[]
2026-06-01,13:50:16.341491,[]
2026-06-01,13:50:16.374858,[]
2026-06-01,13:50:16.408225,[]
2026-06-01,13:50:16.441592,[]
2026-06-01,13:50:16.474959,[]
2026-06-01,13:50:16.508326,[]
2026-06-01,13:50:16.541693,[]
2026-06-01,13:50:16.575060,[]
2026-06-01,13:50:16.608427,[]
2026-06-01,13:50:16.641794,[]
2026-06-01,13:50:16.675161,[]
2026-06-01,13:50:16.708528,[]
2026-06-01,13:50:16.741895,[]
2026-06-01,13:50:16.775262,[]
2026-06-01,13:50:16.808629,[]
2026-06-01,13:50:16.841996,[]
2026-06-01,13:50:16.875363,[]
2026-06-01,13:50:16.908730,[]
2026-06-01,13:50:16.942097,[]
2026-06-01,13:50:16.975464,[]
2026-06-01,13:50:17.008831,[]
2026-06-01,13:50:17.042198,[]
2026-06-01,13:50:17.075565,[]
2026-06-01,13:50:17.108932,[]
2026-06-01,13:50:17.142299,[]
2026-06-01,13:50:17.175666,[]
2026-06-01,13:50:17.209033,[]
2026-06-01,13:50:17.242400,[]
2026-06-01,13:50:17.275767,[]
2026-06-01,13:50:17.309134,[]
2026-06-01,13:50:17.342501,[]
2026-06-01,13:50:17.375868,[]
2026-06-01,13:50:17.409235,[]
2026-06-01,13:50:17.442602,[]
2026-06-01,13:50:17.475969,[]
2026-06-01,13:50:17.509336,[]
2026-06-01,13:50:17.542703,[]
2026-06-01,13:50:17.576070,[]
2026-06-01,13:50:17.609437,[]
2026-06-01,13:50:17.642804,[]
2026-06-01,13:50:17.676171,[]
2026-06-01,13:50:17.709538,[]
2026-06-01,13:50:17.742905,[]
2026-06-01,13:50:17.776272,[]
2026-06-01,13:50:17.809639,[]
2026-06-01,13:50:17.843006,[]
2026-06-01,13:50:17.876373,[]
2026-06-01,13:50:17.909740,[]
2026-06-01,13:50:17.943107,[]
2026-06-01,13:50:17.976474,[]
2026-06-01,13:50:18.009841,[]
2026-06-01,13:50:18.043208,[]
2026-06-01,13:50:18.076575,[]
2026-06-01,13:50:18.109942,[]
2026-06-01,13:50:18.143309,[]
2026-06-01,13:50:18.176676,[]
2026-06-01,13:50:18.210043,[]
2026-06-01,13:50:18.243410,[]
2026-06-01,13:50:18.276777,[]
2026-06-01,13:50:18.310144,[]
2026-06-01,13:50:18.343511,[]
2026-06-01,13:50:18.376878,[]
2026-06-01,13:50:18.410245,[]
2026-06-01,13:50:18.443612,[]
2026-06-01,13:50:18.476979,[]
2026-06-01,13:50:18.510346,[]
2026-06-01,13:50:18.543713,[]
2026-06-01,13:50:18.577080,[]
2026-06-01,13:50:18.610447,[]
2026-06-01,13:50:18.643814,[]
2026-06-01,13:50:18.677181,[]
2026-06-01,13:50:18.710548,[]
2026-06-01,13:50:18.743915,[]
2026-06-01,13:50:18.777282,[]
2026-06-01,13:50:18.810649,[]
2026-06-01,13:50:18.844016,[]
2026-06-01,13:50:18.877383,[]
2026-06-01,13:50:18.910750,[]
2026-06-01,13:50:18.944117,[]
2026-06-01,13:50:18.977484,[]
2026-06-01,13:50:19.010851,[]
2026-06-01,13:50:19.044218,[]
2026-06-01,13:50:19.077585,[]
2026-06-01,13:50:19.110952,[]
2026-06-01,13:50:19.144319,[]
2026-06-01,13:50:19.177686,[]
2026-06-01,13:50:19.211053,[]
2026-06-01,13:50:19.244420,[]
2026-06-01,13:50:19.277787,[]
2026-06-01,13:50:19.311154,[]
2026-06-01,13:50:19.344521,[]
2026-06-01,13:50:19.377888,[]
2026-06-01,13:50:19.411255,[]
2026-06-01,13:50:19.444622,[]
2026-06-01,13:50:19.477989,[]
2026-06-01,13:50:19.511356,[]
2026-06-01,13:50:19.544723,[]
2026-06-01,13:50:19.578090,[]
2026-06-01,13:50:19.611457,[]
2026-06-01,13:50:19.644824,[]
2026-06-01,13:50:19.678191,[]
2026-06-01,13:50:19.711558,[]
2026-06-01,13:50:19.744925,[]
2026-06-01,13:50:19.778292,[]
2026-06-01,13:50:19.811659,[]
2026-06-01,13:50:19.845026,[]
2026-06-01,13:50:19.878393,[]
2026-06-01,13:50:19.911760,[]
2026-06-01,13:50:19.945127,[]
2026-06-01,13:50:19.978494,[]
2026-06-01,13:50:20.011861,[]
2026-06-01,13:50:20.045228,[]
2026-06-01,13:50:20.078595,[]
2026-06-01,13:50:20.111962,[]
2026-06-01,13:50:20.145329,[]
2026-06-01,13:50:20.178696,[]
2026-06-01,13:50:20.212063,[]
2026-06-01,13:50:20.245430,[]
2026-06-01,13:50:20.278797,[]
2026-06-01,13:50:20.312164,[]
2026-06-01,13:50:20.345531,[]
2026-06-01,13:50:20.378898,[]
2026-06-01,13:50:20.412265,[]
2026-06-01,13:50:20.445632,[]
2026-06-01,13:50:20.478999,[]
2026-06-01,13:50:20.512366,[]
2026-06-01,13:50:20.545733,[]
2026-06-01,13:50:20.579100,[]
2026-06-01,13:50:20.612467,[]
2026-06-01,13:50:20.645834,[]
2026-06-01,13:50:20.679201,[]
2026-06-01,13:50:20.712568,[]
2026-06-01,13:50:20.745935,[]
2026-06-01,13:50:20.779302,[]
2026-06-01,13:50:20.812669,[]
2026-06-01,13:50:20.846036,[]
2026-06-01,13:50:20.879403,[]
2026-06-01,13:50:20.912770,[]
2026-06-01,13:50:20.946137,[]
2026-06-01,13:50:20.979504,[]
2026-06-01,13:50:21.012871,[]
2026-06-01,13:50:21.046238,[]
2026-06-01,13:50:21.079605,[]
2026-06-01,13:50:21.112972,[]
2026-06-01,13:50:21.146339,[]
2026-06-01,13:50:21.179706,[]
2026-06-01,13:50:21.213073,[]
2026-06-01,13:50:21.246440,[]
2026-06-01,13:50:21.279807,[]
2026-06-01,13:50:21.313174,[]
2026-06-01,13:50:21.346541,[]
2026-06-01,13:50:21.379908,[]
2026-06-01,13:50:21.413275,[]
2026-06-01,13:50:21.446642,[]
2026-06-01,13:50:21.480009,[]
2026-06-01,13:50:21.513376,[]
2026-06-01,13:50:21.546743,[]
2026-06-01,13:50:21.580110,[]
2026-06-01,13:50:21.613477,[]
2026-06-01,13:50:21.646844,[]
2026-06-01,13:50:21.680211,[]
2026-06-01,13:50:21.713578,[]
2026-06-01,13:50:21.746945,[]
2026-06-01,13:50:21.780312,[]
2026-06-01,13:50:21.813679,[]
2026-06-01,13:50:21.847046,[]
2026-06-01,13:50:21.880413,[]
2026-06-01,13:50:21.913780,[]
2026-06-01,13:50:21.947147,[]
2026-06-01,13:50:21.980514,[]
2026-06-01,13:50:22.013881,[]
2026-06-01,13:50:22.047248,[]
2026-06-01,13:50:22.080615,[]
2026-06-01,13:50:22.113982,[]
2026-06-01,13:50:22.147349,[]
2026-06-01,13:50:22.180716,[]
2026-06-01,13:50:22.214083,[]
2026-06-01,13:50:22.247450,[]
2026-06-01,13:50:22.280817,[]
2026-06-01,13:50:22.314184,[]
2026-06-01,13:50:22.347551,[]
2026-06-01,13:50:22.380918,[]
2026-06-01,13:50:22.414285,[]
2026-06-01,13:50:22.447652,[]
2026-06-01,13:50:22.481019,[]
2026-06-01,13:50:22.514386,[]
2026-06-01,13:50:22.547753,[]
2026-06-01,13:50:22.581120,[]
2026-06-01,13:50:22.614487,[]
2026-06-01,13:50:22.647854,[]
2026-06-01,13:50:22.681221,[]
2026-06-01,13:50:22.714588,[]
2026-06-01,13:50:22.747955,[]
2026-06-01,13:50:22.781322,[]
2026-06-01,13:50:22.814689,[]
2026-06-01,13:50:22.848056,[]
2026-06-01,13:50:22.881423,[]
2026-06-01,13:50:22.914790,[]
2026-06-01,13:50:22.948157,[]
2026-06-01,13:50:22.981524,[]
2026-06-01,13:50:23.014891,[]
2026-06-01,13:50:23.048258,[]
2026-06-01,13:50:23.081625,[]
2026-06-01,13:50:23.114992,[]
2026-06-01,13:50:23.148359,[]
2026-06-01,13:50:23.181726,[]
2026-06-01,13:50:23.215093,[]
2026-06-01,13:50:23.248460,[]
2026-06-01,13:50:23.281827,[]
2026-06-01,13:50:23.315194,[]
2026-06-01,13:50:23.348561,[]
2026-06-01,13:50:23.381928,[]
2026-06-01,13:50:23.415295,[]
2026-06-01,13:50:23.448662,[]
2026-06-01,13:50:23.482029,[]
2026-06-01,13:50:23.515396,[]
2026-06-01,13:50:23.548763,[]
2026-06-01,13:50:23.582130,[]
2026-06-01,13:50:23.615497,[]
2026-06-01,13:50:23.648864,[]
2026-06-01,13:50:23.682231,[]
2026-06-01,13:50:23.715598,[]
2026-06-01,13:50:23.748965,[]
2026-06-01,13:50:23.782332,[]
2026-06-01,13:50:23.815699,[]
2026-06-01,13:50:23.849066,[]
2026-06-01,13:50:23.882433,[]
2026-06-01,13:50:23.915800,[]
2026-06-01,13:50:23.949167,[]
2026-06-01,13:50:23.982534,[]
2026-06-01,13:50:24.015901,[]
2026-06-01,13:50:24.049268,[]
2026-06-01,13:50:24.082635,[]
2026-06-01,13:50:24.116002,[]
2026-06-01,13:50:24.149369,[]
2026-06-01,13:50:24.182736,[]
2026-06-01,13:50:24.216103,[]
2026-06-01,13:50:24.249470,[]
2026-06-01,13:50:24.282837,[]
2026-06-01,13:50:24.316204,[]
2026-06-01,13:50:24.349571,[]
2026-06-01,13:50:24.382938,[]
2026-06-01,13:50:24.416305,[]
2026-06-01,13:50:24.449672,[]
2026-06-01,13:50:24.483039,[]
2026-06-01,13:50:24.516406,[]
2026-06-01,13:50:24.549773,[]
2026-06-01,13:50:24.583140,[]
2026-06-01,13:50:24.616507,[]
2026-06-01,13:50:24.649874,[]
2026-06-01,13:50:24.683241,[]
2026-06-01,13:50:24.716608,[]
2026-06-01,13:50:24.749975,[]
2026-06-01,13:50:24.783342,[]
2026-06-01,13:50:24.816709,[]
2026-06-01,13:50:24.850076,[]
2026-06-01,13:50:24.883443,[]
2026-06-01,13:50:24.916810,[]
2026-06-01,13:50:24.950177,[]
2026-06-01,13:50:24.983544,[]
2026-06-01,13:50:25.016911,[]
2026-06-01,13:50:25.050278,[]
2026-06-01,13:50:25.083645,[]
2026-06-01,13:50:25.117012,[]
2026-06-01,13:50:25.150379,[]
2026-06-01,13:50:25.183746,[]
2026-06-01,13:50:25.217113,[]
2026-06-01,13:50:25.250480,[]
2026-06-01,13:50:25.283847,[]
2026-06-01,13:50:25.317214,[]
2026-06-01,13:50:25.350581,[]
2026-06-01,13:50:25.383948,[]
2026-06-01,13:50:25.417315,[]
2026-06-01,13:50:25.450682,[]
2026-06-01,13:50:25.484049,[]
2026-06-01,13:50:25.517416,[]
2026-06-01,13:50:25.550783,[]
2026-06-01,13:50:25.584150,[]
2026-06-01,13:50:25.617517,[]
2026-06-01,13:50:25.650884,[]
2026-06-01,13:50:25.684251,[]
2026-06-01,13:50:25.717618,[]
2026-06-01,13:50:25.750985,[]
2026-06-01,13:50:25.784352,[]
2026-06-01,13:50:25.817719,[]
2026-06-01,13:50:25.851086,[]
2026-06-01,13:50:25.884453,[]
2026-06-01,13:50:25.917820,[]
2026-06-01,13:50:25.951187,[]
2026-06-01,13:50:25.984554,[]
2026-06-01,13:50:26.017921,[]
2026-06-01,13:50:26.051288,[]
2026-06-01,13:50:26.084655,[]
2026-06-01,13:50:26.118022,[]
2026-06-01,13:50:26.151389,[]
2026-06-01,13:50:26.184756,[]
2026-06-01,13:50:26.218123,[]
2026-06-01,13:50:26.251490,[]
2026-06-01,13:50:26.284857,[]
2026-06-01,13:50:26.318224,[]
2026-06-01,13:50:26.351591,[]
2026-06-01,13:50:26.384958,[]
2026-06-01,13:50:26.418325,[]
2026-06-01,13:50:26.451692,[]
2026-06-01,13:50:26.485059,[]
2026-06-01,13:50:26.518426,[]
2026-06-01,13:50:26.551793,[]
2026-06-01,13:50:26.585160,[]
2026-06-01,13:50:26.618527,[]
2026-06-01,13:50:26.651894,[]
2026-06-01,13:50:26.685261,[]
2026-06-01,13:50:26.718628,[]
2026-06-01,13:50:26.751995,[]
2026-06-01,13:50:26.785362,[]
2026-06-01,13:50:26.818729,[]
2026-06-01,13:50:26.852096,[]
2026-06-01,13:50:26.885463,[]
2026-06-01,13:50:26.918830,[]
2026-06-01,13:50:26.952197,[]
2026-06-01,13:50:26.985564,[]
2026-06-01,13:50:27.018931,[]
2026-06-01,13:50:27.052298,[]
2026-06-01,13:50:27.085665,[]
2026-06-01,13:50:27.119032,[]
2026-06-01,13:50:27.152399,[]
2026-06-01,13:50:27.185766,[]
2026-06-01,13:50:27.219133,[]
2026-06-01,13:50:27.252500,[]
2026-06-01,13:50:27.285867,[]
2026-06-01,13:50:27.319234,[]
2026-06-01,13:50:27.352601,[]
2026-06-01,13:50:27.385968,[]
2026-06-01,13:50:27.419335,[]
2026-06-01,13:50:27.452702,[]
2026-06-01,13:50:27.486069,[]
2026-06-01,13:50:27.519436,[]
2026-06-01,13:50:27.552803,[]
2026-06-01,13:50:27.586170,[]
2026-06-01,13:50:27.619537,[]
2026-06-01,13:50:27.652904,[]
2026-06-01,13:50:27.686271,[]
2026-06-01,13:50:27.719638,[]
2026-06-01,13:50:27.753005,[]
2026-06-01,13:50:27.786372,[]
2026-06-01,13:50:27.819739,[]
2026-06-01,13:50:27.853106,[]
2026-06-01,13:50:27.886473,[]
2026-06-01,13:50:27.919840,[]
2026-06-01,13:50:27.953207,[]
2026-06-01,13:50:27.986574,[]
2026-06-01,13:50:28.019941,[]
2026-06-01,13:50:28.053308,[]
2026-06-01,13:50:28.086675,[]
2026-06-01,13:50:28.120042,[]
2026-06-01,13:50:28.153409,[]
2026-06-01,13:50:28.186776,[]
2026-06-01,13:50:28.220143,[]
2026-06-01,13:50:28.253510,[]
2026-06-01,13:50:28.286877,[]
2026-06-01,13:50:28.320244,[]
2026-06-01,13:50:28.353611,[]
2026-06-01,13:50:28.386978,[]
2026-06-01,13:50:28.420345,[]
2026-06-01,13:50:28.453712,[]
2026-06-01,13:50:28.487079,[]
2026-06-01,13:50:28.520446,[]
2026-06-01,13:50:28.553813,[]
2026-06-01,13:50:28.587180,[]
2026-06-01,13:50:28.620547,[]
2026-06-01,13:50:28.653914,[]
2026-06-01,13:50:28.687281,[]
2026-06-01,13:50:28.720648,[]
2026-06-01,13:50:28.754015,[]
2026-06-01,13:50:28.787382,[]
2026-06-01,13:50:28.820749,[]
2026-06-01,13:50:28.854116,[]
2026-06-01,13:50:28.887483,[]
2026-06-01,13:50:28.920850,[]
2026-06-01,13:50:28.954217,[]
2026-06-01,13:50:28.987584,[]
2026-06-01,13:50:29.020951,[]
2026-06-01,13:50:29.054318,[]
2026-06-01,13:50:29.087685,[]
2026-06-01,13:50:29.121052,[]
2026-06-01,13:50:29.154419,[]
2026-06-01,13:50:29.187786,[]
2026-06-01,13:50:29.221153,[]
2026-06-01,13:50:29.254520,[]
2026-06-01,13:50:29.287887,[]
2026-06-01,13:50:29.321254,[]
2026-06-01,13:50:29.354621,[]
2026-06-01,13:50:29.387988,[]
2026-06-01,13:50:29.421355,[]
2026-06-01,13:50:29.454722,[]
2026-06-01,13:50:29.488089,[]
2026-06-01,13:50:29.521456,[]
2026-06-01,13:50:29.554823,[]
2026-06-01,13:50:29.588190,[]
2026-06-01,13:50:29.621557,[]
2026-06-01,13:50:29.654924,[]
2026-06-01,13:50:29.688291,[]
2026-06-01,13:50:29.721658,[]
2026-06-01,13:50:29.755025,[]
2026-06-01,13:50:29.788392,[]
2026-06-01,13:50:29.821759,[]
2026-06-01,13:50:29.855126,[]
2026-06-01,13:50:29.888493,[]
2026-06-01,13:50:29.921860,[]
2026-06-01,13:50:29.955227,[]
2026-06-01,13:50:29.988594,[]
2026-06-01,13:50:30.021961,[]
2026-06-01,13:50:30.055328,[]
2026-06-01,13:50:30.088695,[]
2026-06-01,13:50:30.122062,[]
2026-06-01,13:50:30.155429,[]
2026-06-01,13:50:30.188796,[]
2026-06-01,13:50:30.222163,[]
2026-06-01,13:50:30.255530,[]
2026-06-01,13:50:30.288897,[]
2026-06-01,13:50:30.322264,[]
2026-06-01,13:50:30.355631,[]
2026-06-01,13:50:30.388998,[]
2026-06-01,13:50:30.422365,[]
2026-06-01,13:50:30.455732,[]
2026-06-01,13:50:30.489099,[]
2026-06-01,13:50:30.522466,[]
2026-06-01,13:50:30.555833,[]
2026-06-01,13:50:30.589200,[]
2026-06-01,13:50:30.622567,[]
2026-06-01,13:50:30.655934,[]
2026-06-01,13:50:30.689301,[]
2026-06-01,13:50:30.722668,[]
2026-06-01,13:50:30.756035,[]
2026-06-01,13:50:30.789402,[]
2026-06-01,13:50:30.822769,[]
2026-06-01,13:50:30.856136,[]
2026-06-01,13:50:30.889503,[]
2026-06-01,13:50:30.922870,[]
2026-06-01,13:50:30.956237,[]
2026-06-01,13:50:30.989604,[]
2026-06-01,13:50:31.022971,[]
2026-06-01,13:50:31.056338,[]
2026-06-01,13:50:31.089705,[]
2026-06-01,13:50:31.123072,[]
2026-06-01,13:50:31.156439,[]
2026-06-01,13:50:31.189806,[]
2026-06-01,13:50:31.223173,[]
2026-06-01,13:50:31.256540,[]
2026-06-01,13:50:31.289907,[]
2026-06-01,13:50:31.323274,[]
2026-06-01,13:50:31.356641,[]
2026-06-01,13:50:31.390008,[]
2026-06-01,13:50:31.423375,[]
2026-06-01,13:50:31.456742,[]
2026-06-01,13:50:31.490109,[]
2026-06-01,13:50:31.523476,[]
2026-06-01,13:50:31.556843,[]
2026-06-01,13:50:31.590210,[]
2026-06-01,13:50:31.623577,[]
2026-06-01,13:50:31.656944,[]
2026-06-01,13:50:31.690311,[]
2026-06-01,13:50:31.723678,[]
2026-06-01,13:50:31.757045,[]
2026-06-01,13:50:31.790412,[]
2026-06-01,13:50:31.823779,[]
2026-06-01,13:50:31.857146,[]
2026-06-01,13:50:31.890513,[]
2026-06-01,13:50:31.923880,[]
2026-06-01,13:50:31.957247,[]
2026-06-01,13:50:31.990614,[]
2026-06-01,13:50:32.023981,[]
2026-06-01,13:50:32.057348,[]
2026-06-01,13:50:32.090715,[]
2026-06-01,13:50:32.124082,[]
2026-06-01,13:50:32.157449,[]
2026-06-01,13:50:32.190816,[]
2026-06-01,13:50:32.224183,[]
2026-06-01,13:50:32.257550,[]
2026-06-01,13:50:32.290917,[]
2026-06-01,13:50:32.324284,[]
2026-06-01,13:50:32.357651,[]
2026-06-01,13:50:32.391018,[]
2026-06-01,13:50:32.424385,[]
2026-06-01,13:50:32.457752,[]
2026-06-01,13:50:32.491119,[]
2026-06-01,13:50:32.524486,[]
2026-06-01,13:50:32.557853,[]
2026-06-01,13:50:32.591220,[]
2026-06-01,13:50:32.624587,[]
2026-06-01,13:50:32.657954,[]
2026-06-01,13:50:32.691321,[]
2026-06-01,13:50:32.724688,[]
2026-06-01,13:50:32.758055,[]
2026-06-01,13:50:32.791422,[]
2026-06-01,13:50:32.824789,[]
2026-06-01,13:50:32.858156,[]
2026-06-01,13:50:32.891523,[]
2026-06-01,13:50:32.924890,[]
2026-06-01,13:50:32.958257,[]
2026-06-01,13:50:32.991624,[]
2026-06-01,13:50:33.024991,[]
2026-06-01,13:50:33.058358,[]
2026-06-01,13:50:33.091725,[]
2026-06-01,13:50:33.125092,[]
2026-06-01,13:50:33.158459,[]
2026-06-01,13:50:33.191826,[]
2026-06-01,13:50:33.225193,[]
2026-06-01,13:50:33.258560,[]
2026-06-01,13:50:33.291927,[]
2026-06-01,13:50:33.325294,[]
2026-06-01,13:50:33.358661,[]
2026-06-01,13:50:33.392028,[]
2026-06-01,13:50:33.425395,[]
2026-06-01,13:50:33.458762,[]
2026-06-01,13:50:33.492129,[]
2026-06-01,13:50:33.525496,[]
2026-06-01,13:50:33.558863,[]
2026-06-01,13:50:33.592230,[]
2026-06-01,13:50:33.625597,[]
2026-06-01,13:50:33.658964,[]
2026-06-01,13:50:33.692331,[]
2026-06-01,13:50:33.725698,[]
2026-06-01,13:50:33.759065,[]
2026-06-01,13:50:33.792432,[]
2026-06-01,13:50:33.825799,[]
2026-06-01,13:50:33.859166,[]
2026-06-01,13:50:33.892533,[]
2026-06-01,13:50:33.925900,[]
2026-06-01,13:50:33.959267,[]
2026-06-01,13:50:33.992634,[]
2026-06-01,13:50:34.026001,[]
2026-06-01,13:50:34.059368,[]
2026-06-01,13:50:34.092735,[]
2026-06-01,13:50:34.126102,[]
2026-06-01,13:50:34.159469,[]
2026-06-01,13:50:34.192836,[]
2026-06-01,13:50:34.226203,[]
2026-06-01,13:50:34.259570,[]
2026-06-01,13:50:34.292937,[]
2026-06-01,13:50:34.326304,[]
2026-06-01,13:50:34.359671,[]
2026-06-01,13:50:34.393038,[]
2026-06-01,13:50:34.426405,[]
2026-06-01,13:50:34.459772,[]
2026-06-01,13:50:34.493139,[]
2026-06-01,13:50:34.526506,[]
2026-06-01,13:50:34.559873,[]
2026-06-01,13:50:34.593240,[]
2026-06-01,13:50:34.626607,[]
2026-06-01,13:50:34.659974,[]
2026-06-01,13:50:34.693341,[]
2026-06-01,13:50:34.726708,[]
2026-06-01,13:50:34.760075,[]
2026-06-01,13:50:34.793442,[]
2026-06-01,13:50:34.826809,[]
2026-06-01,13:50:34.860176,[]
2026-06-01,13:50:34.893543,[]
2026-06-01,13:50:34.926910,[]
2026-06-01,13:50:34.960277,[]
2026-06-01,13:50:34.993644,[]
2026-06-01,13:50:35.027011,[]
2026-06-01,13:50:35.060378,[]
2026-06-01,13:50:35.093745,[]
2026-06-01,13:50:35.127112,[]
2026-06-01,13:50:35.160479,[]
2026-06-01,13:50:35.193846,[]
2026-06-01,13:50:35.227213,[]
2026-06-01,13:50:35.260580,[]
2026-06-01,13:50:35.293947,[]
2026-06-01,13:50:35.327314,[]
2026-06-01,13:50:35.360681,[]
2026-06-01,13:50:35.394048,[]
2026-06-01,13:50:35.427415,[]
2026-06-01,13:50:35.460782,[]
2026-06-01,13:50:35.494149,[]
2026-06-01,13:50:35.527516,[]
2026-06-01,13:50:35.560883,[]
2026-06-01,13:50:35.594250,[]
2026-06-01,13:50:35.627617,[]
2026-06-01,13:50:35.660984,[]
2026-06-01,13:50:35.694351,[]
2026-06-01,13:50:35.727718,[]
2026-06-01,13:50:35.761085,[]
2026-06-01,13:50:35.794452,[]
2026-06-01,13:50:35.827819,[]
2026-06-01,13:50:35.861186,[]
2026-06-01,13:50:35.894553,[]
2026-06-01,13:50:35.927920,[]
2026-06-01,13:50:35.961287,[]
2026-06-01,13:50:35.994654,[]
2026-06-01,13:50:36.028021,[]
2026-06-01,13:50:36.061388,[]
2026-06-01,13:50:36.094755,[]
2026-06-01,13:50:36.128122,[]
2026-06-01,13:50:36.161489,[]
2026-06-01,13:50:36.194856,[]
2026-06-01,13:50:36.228223,[]
2026-06-01,13:50:36.261590,[]
2026-06-01,13:50:36.294957,[]
2026-06-01,13:50:36.328324,[]
2026-06-01,13:50:36.361691,[]
2026-06-01,13:50:36.395058,[]
2026-06-01,13:50:36.428425,[]
2026-06-01,13:50:36.461792,[]
2026-06-01,13:50:36.495159,[]
2026-06-01,13:50:36.528526,[]
2026-06-01,13:50:36.561893,[]
2026-06-01,13:50:36.595260,[]
2026-06-01,13:50:36.628627,[]
2026-06-01,13:50:36.661994,[]
2026-06-01,13:50:36.695361,[]
2026-06-01,13:50:36.728728,[]
2026-06-01,13:50:36.762095,[]
2026-06-01,13:50:36.795462,[]
2026-06-01,13:50:36.828829,[]
2026-06-01,13:50:36.862196,[]
2026-06-01,13:50:36.895563,[]
2026-06-01,13:50:36.928930,[]
2026-06-01,13:50:36.962297,[]
2026-06-01,13:50:36.995664,[]
2026-06-01,13:50:37.029031,[]
2026-06-01,13:50:37.062398,[]
2026-06-01,13:50:37.095765,[]
2026-06-01,13:50:37.129132,[]
2026-06-01,13:50:37.162499,[]
2026-06-01,13:50:37.195866,[]
2026-06-01,13:50:37.229233,[]
2026-06-01,13:50:37.262600,[]
2026-06-01,13:50:37.295967,[]
2026-06-01,13:50:37.329334,[]
2026-06-01,13:50:37.362701,[]
2026-06-01,13:50:37.396068,[]
2026-06-01,13:50:37.429435,[]
2026-06-01,13:50:37.462802,[]
2026-06-01,13:50:37.496169,[]
2026-06-01,13:50:37.529536,[]
2026-06-01,13:50:37.562903,[]
2026-06-01,13:50:37.596270,[]
2026-06-01,13:50:37.629637,[]
2026-06-01,13:50:37.663004,[]
2026-06-01,13:50:37.696371,[]
2026-06-01,13:50:37.729738,[]
2026-06-01,13:50:37.763105,[]
2026-06-01,13:50:37.796472,[]
2026-06-01,13:50:37.829839,[]
2026-06-01,13:50:37.863206,[]
2026-06-01,13:50:37.896573,[]
2026-06-01,13:50:37.929940,[]
2026-06-01,13:50:37.963307,[]
2026-06-01,13:50:37.996674,[]
2026-06-01,13:50:38.030041,[]
2026-06-01,13:50:38.063408,[]
2026-06-01,13:50:38.096775,[]
2026-06-01,13:50:38.130142,[]
2026-06-01,13:50:38.163509,[]
2026-06-01,13:50:38.196876,[]
2026-06-01,13:50:38.230243,[]
2026-06-01,13:50:38.263610,[]
2026-06-01,13:50:38.296977,[]
2026-06-01,13:50:38.330344,[]
2026-06-01,13:50:38.363711,[]
2026-06-01,13:50:38.397078,[]
2026-06-01,13:50:38.430445,[]
2026-06-01,13:50:38.463812,[]
2026-06-01,13:50:38.497179,[]
2026-06-01,13:50:38.530546,[]
2026-06-01,13:50:38.563913,[]
2026-06-01,13:50:38.597280,[]
2026-06-01,13:50:38.630647,[]
2026-06-01,13:50:38.664014,[]
2026-06-01,13:50:38.697381,[]
2026-06-01,13:50:38.730748,[]
2026-06-01,13:50:38.764115,[]
2026-06-01,13:50:38.797482,[]
2026-06-01,13:50:38.830849,[]
2026-06-01,13:50:38.864216,[]
2026-06-01,13:50:38.897583,[]
2026-06-01,13:50:38.930950,[]
2026-06-01,13:50:38.964317,[]
2026-06-01,13:50:38.997684,[]
2026-06-01,13:50:39.031051,[]
2026-06-01,13:50:39.064418,[]
2026-06-01,13:50:39.097785,[]
2026-06-01,13:50:39.131152,[]
2026-06-01,13:50:39.164519,[]
2026-06-01,13:50:39.197886,[]
2026-06-01,13:50:39.231253,[]
2026-06-01,13:50:39.264620,[]
2026-06-01,13:50:39.297987,[]
2026-06-01,13:50:39.331354,[]
2026-06-01,13:50:39.364721,[]
2026-06-01,13:50:39.398088,[]
2026-06-01,13:50:39.431455,[]
2026-06-01,13:50:39.464822,[]
2026-06-01,13:50:39.498189,[]
2026-06-01,13:50:39.531556,[]
2026-06-01,13:50:39.564923,[]
2026-06-01,13:50:39.598290,[]
2026-06-01,13:50:39.631657,[]
2026-06-01,13:50:39.665024,[]
2026-06-01,13:50:39.698391,[]
2026-06-01,13:50:39.731758,[]
2026-06-01,13:50:39.765125,[]
2026-06-01,13:50:39.798492,[]
2026-06-01,13:50:39.831859,[]
2026-06-01,13:50:39.865226,[]
2026-06-01,13:50:39.898593,[]
2026-06-01,13:50:39.931960,[]
2026-06-01,13:50:39.965327,[]
2026-06-01,13:50:39.998694,[]
2026-06-01,13:50:40.032061,[]
2026-06-01,13:50:40.065428,[]
2026-06-01,13:50:40.098795,[]
2026-06-01,13:50:40.132162,[]
2026-06-01,13:50:40.165529,[]
2026-06-01,13:50:40.198896,[]
2026-06-01,13:50:40.232263,[]
2026-06-01,13:50:40.265630,[]
2026-06-01,13:50:40.298997,[]
2026-06-01,13:50:40.332364,[]
2026-06-01,13:50:40.365731,[]
2026-06-01,13:50:40.399098,[]
2026-06-01,13:50:40.432465,[]
2026-06-01,13:50:40.465832,[]
2026-06-01,13:50:40.499199,[]
2026-06-01,13:50:40.532566,[]
2026-06-01,13:50:40.565933,[]
2026-06-01,13:50:40.599300,[]
2026-06-01,13:50:40.632667,[]
2026-06-01,13:50:40.666034,[]
2026-06-01,13:50:40.699401,[]
2026-06-01,13:50:40.732768,[]
2026-06-01,13:50:40.766135,[]
2026-06-01,13:50:40.799502,[]
2026-06-01,13:50:40.832869,[]
2026-06-01,13:50:40.866236,[]
2026-06-01,13:50:40.899603,[]
2026-06-01,13:50:40.932970,[]
2026-06-01,13:50:40.966337,[]
2026-06-01,13:50:40.999704,[]
2026-06-01,13:50:41.033071,[]
2026-06-01,13:50:41.066438,[]
2026-06-01,13:50:41.099805,[]
2026-06-01,13:50:41.133172,[]
2026-06-01,13:50:41.166539,[]
2026-06-01,13:50:41.199906,[]
2026-06-01,13:50:41.233273,[]
2026-06-01,13:50:41.266640,[]
2026-06-01,13:50:41.300007,[]
2026-06-01,13:50:41.333374,[]
2026-06-01,13:50:41.366741,[]
2026-06-01,13:50:41.400108,[]
2026-06-01,13:50:41.433475,[]
2026-06-01,13:50:41.466842,[]
2026-06-01,13:50:41.500209,[]
2026-06-01,13:50:41.533576,[]
2026-06-01,13:50:41.566943,[]
2026-06-01,13:50:41.600310,[]
2026-06-01,13:50:41.633677,[]
2026-06-01,13:50:41.667044,[]
2026-06-01,13:50:41.700411,[]
2026-06-01,13:50:41.733778,[]
2026-06-01,13:50:41.767145,[]
2026-06-01,13:50:41.800512,[]
2026-06-01,13:50:41.833879,[]
2026-06-01,13:50:41.867246,[]
2026-06-01,13:50:41.900613,[]
2026-06-01,13:50:41.933980,[]
2026-06-01,13:50:41.967347,[]
2026-06-01,13:50:42.000714,[]
2026-06-01,13:50:42.034081,[]
2026-06-01,13:50:42.067448,[]
2026-06-01,13:50:42.100815,[]
2026-06-01,13:50:42.134182,[]
2026-06-01,13:50:42.167549,[]
2026-06-01,13:50:42.200916,[]
2026-06-01,13:50:42.234283,[]
2026-06-01,13:50:42.267650,[]
2026-06-01,13:50:42.301017,[]
2026-06-01,13:50:42.334384,[]
2026-06-01,13:50:42.367751,[]
2026-06-01,13:50:42.401118,[]
2026-06-01,13:50:42.434485,[]
2026-06-01,13:50:42.467852,[]
2026-06-01,13:50:42.501219,[]
2026-06-01,13:50:42.534586,[]
2026-06-01,13:50:42.567953,[]
2026-06-01,13:50:42.601320,[]
2026-06-01,13:50:42.634687,[]
2026-06-01,13:50:42.668054,[]
2026-06-01,13:50:42.701421,[]
2026-06-01,13:50:42.734788,[]
2026-06-01,13:50:42.768155,[]
2026-06-01,13:50:42.801522,[]
2026-06-01,13:50:42.834889,[]
2026-06-01,13:50:42.868256,[]
2026-06-01,13:50:42.901623,[]
2026-06-01,13:50:42.934990,[]
2026-06-01,13:50:42.968357,[]
2026-06-01,13:50:43.001724,[]
2026-06-01,13:50:43.035091,[]
2026-06-01,13:50:43.068458,[]
2026-06-01,13:50:43.101825,[]
2026-06-01,13:50:43.135192,[]
2026-06-01,13:50:43.168559,[]
2026-06-01,13:50:43.201926,[]
2026-06-01,13:50:43.235293,[]
2026-06-01,13:50:43.268660,[]
2026-06-01,13:50:43.302027,[]
2026-06-01,13:50:43.335394,[]
2026-06-01,13:50:43.368761,[]
2026-06-01,13:50:43.402128,[]
2026-06-01,13:50:43.435495,[]
2026-06-01,13:50:43.468862,[]
2026-06-01,13:50:43.502229,[]
2026-06-01,13:50:43.535596,[]
2026-06-01,13:50:43.568963,[]
2026-06-01,13:50:43.602330,[]
2026-06-01,13:50:43.635697,[]
2026-06-01,13:50:43.669064,[]
2026-06-01,13:50:43.702431,[]
2026-06-01,13:50:43.735798,[]
2026-06-01,13:50:43.769165,[]
2026-06-01,13:50:43.802532,[]
2026-06-01,13:50:43.835899,[]
2026-06-01,13:50:43.869266,[]
2026-06-01,13:50:43.902633,[]
2026-06-01,13:50:43.936000,[]
2026-06-01,13:50:43.969367,[]
2026-06-01,13:50:44.002734,[]
2026-06-01,13:50:44.036101,[]
2026-06-01,13:50:44.069468,[]
2026-06-01,13:50:44.102835,[]
2026-06-01,13:50:44.136202,[]
2026-06-01,13:50:44.169569,[]
2026-06-01,13:50:44.202936,[]
2026-06-01,13:50:44.236303,[]
2026-06-01,13:50:44.269670,[]
2026-06-01,13:50:44.303037,[]
2026-06-01,13:50:44.336404,[]
2026-06-01,13:50:44.369771,[]
2026-06-01,13:50:44.403138,[]
2026-06-01,13:50:44.436505,[]
2026-06-01,13:50:44.469872,[]
2026-06-01,13:50:44.503239,[]
2026-06-01,13:50:44.536606,[]
2026-06-01,13:50:44.569973,[]
2026-06-01,13:50:44.603340,[]
2026-06-01,13:50:44.636707,[]
2026-06-01,13:50:44.670074,[]
2026-06-01,13:50:44.703441,[]
2026-06-01,13:50:44.736808,[]
2026-06-01,13:50:44.770175,[]
2026-06-01,13:50:44.803542,[]
2026-06-01,13:50:44.836909,[]
2026-06-01,13:50:44.870276,[]
2026-06-01,13:50:44.903643,[]
2026-06-01,13:50:44.937010,[]
2026-06-01,13:50:44.970377,[]
2026-06-01,13:50:45.003744,[]
2026-06-01,13:50:45.037111,[]
2026-06-01,13:50:45.070478,[]
2026-06-01,13:50:45.103845,[]
2026-06-01,13:50:45.137212,[]
2026-06-01,13:50:45.170579,[]
2026-06-01,13:50:45.203946,[]
2026-06-01,13:50:45.237313,[]
2026-06-01,13:50:45.270680,[]
2026-06-01,13:50:45.304047,[]
2026-06-01,13:50:45.337414,[]
2026-06-01,13:50:45.370781,[]
2026-06-01,13:50:45.404148,[]
2026-06-01,13:50:45.437515,[]
2026-06-01,13:50:45.470882,[]
2026-06-01,13:50:45.504249,[]
2026-06-01,13:50:45.537616,[]
2026-06-01,13:50:45.570983,[]
2026-06-01,13:50:45.604350,[]
2026-06-01,13:50:45.637717,[]
2026-06-01,13:50:45.671084,[]
2026-06-01,13:50:45.704451,[]
2026-06-01,13:50:45.737818,[]
2026-06-01,13:50:45.771185,[]
2026-06-01,13:50:45.804552,[]
2026-06-01,13:50:45.837919,[]
2026-06-01,13:50:45.871286,[]
2026-06-01,13:50:45.904653,[]
2026-06-01,13:50:45.938020,[]
2026-06-01,13:50:45.971387,[]
2026-06-01,13:50:46.004754,[]
2026-06-01,13:50:46.038121,[]
2026-06-01,13:50:46.071488,[]
2026-06-01,13:50:46.104855,[]
2026-06-01,13:50:46.138222,[]
2026-06-01,13:50:46.171589,[]
2026-06-01,13:50:46.204956,[]
2026-06-01,13:50:46.238323,[]
2026-06-01,13:50:46.271690,[]
2026-06-01,13:50:46.305057,[]
2026-06-01,13:50:46.338424,[]
2026-06-01,13:50:46.371791,[]
2026-06-01,13:50:46.405158,[]
2026-06-01,13:50:46.438525,[]
2026-06-01,13:50:46.471892,[]
2026-06-01,13:50:46.505259,[]
2026-06-01,13:50:46.538626,[]
2026-06-01,13:50:46.571993,[]
2026-06-01,13:50:46.605360,[]
2026-06-01,13:50:46.638727,[]
2026-06-01,13:50:46.672094,[]
2026-06-01,13:50:46.705461,[]
2026-06-01,13:50:46.738828,[]
2026-06-01,13:50:46.772195,[]
2026-06-01,13:50:46.805562,[]
2026-06-01,13:50:46.838929,[]
2026-06-01,13:50:46.872296,[]
2026-06-01,13:50:46.905663,[]
2026-06-01,13:50:46.939030,[]
2026-06-01,13:50:46.972397,['EN31673']
2026-06-01,13:50:47.005764,[]
2026-06-01,13:50:47.039131,[]
2026-06-01,13:50:47.072498,[]
2026-06-01,13:50:47.105865,[]
2026-06-01,13:50:47.139232,[]
2026-06-01,13:50:47.172599,[]
2026-06-01,13:50:47.205966,[]
2026-06-01,13:50:47.239333,[]
2026-06-01,13:50:47.272700,[]
2026-06-01,13:50:47.306067,[]
2026-06-01,13:50:47.339434,[]
2026-06-01,13:50:47.372801,[]
2026-06-01,13:50:47.406168,[]
2026-06-01,13:50:47.439535,[]
2026-06-01,13:50:47.472902,[]
2026-06-01,13:50:47.506269,[]
2026-06-01,13:50:47.539636,[]
2026-06-01,13:50:47.573003,[]
2026-06-01,13:50:47.606370,[]
2026-06-01,13:50:47.639737,[]
2026-06-01,13:50:47.673104,[]
2026-06-01,13:50:47.706471,[]
2026-06-01,13:50:47.739838,[]
2026-06-01,13:50:47.773205,[]
2026-06-01,13:50:47.806572,[]
2026-06-01,13:50:47.839939,[]
2026-06-01,13:50:47.873306,[]
2026-06-01,13:50:47.906673,[]
2026-06-01,13:50:47.940040,[]
2026-06-01,13:50:47.973407,[]
2026-06-01,13:50:48.006774,[]
2026-06-01,13:50:48.040141,[]
2026-06-01,13:50:48.073508,[]
2026-06-01,13:50:48.106875,[]
2026-06-01,13:50:48.140242,[]
2026-06-01,13:50:48.173609,[]
2026-06-01,13:50:48.206976,[]
2026-06-01,13:50:48.240343,[]
2026-06-01,13:50:48.273710,[]
2026-06-01,13:50:48.307077,[]
2026-06-01,13:50:48.340444,[]
2026-06-01,13:50:48.373811,[]
2026-06-01,13:50:48.407178,[]
2026-06-01,13:50:48.440545,[]
2026-06-01,13:50:48.473912,[]
2026-06-01,13:50:48.507279,[]
2026-06-01,13:50:48.540646,[]
2026-06-01,13:50:48.574013,[]
2026-06-01,13:50:48.607380,[]
2026-06-01,13:50:48.640747,[]
2026-06-01,13:50:48.674114,[]
2026-06-01,13:50:48.707481,[]
2026-06-01,13:50:48.740848,[]
2026-06-01,13:50:48.774215,[]
2026-06-01,13:50:48.807582,[]
2026-06-01,13:50:48.840949,[]
2026-06-01,13:50:48.874316,[]
2026-06-01,13:50:48.907683,[]
2026-06-01,13:50:48.941050,[]
2026-06-01,13:50:48.974417,[]
2026-06-01,13:50:49.007784,[]
2026-06-01,13:50:49.041151,[]
2026-06-01,13:50:49.074518,[]
2026-06-01,13:50:49.107885,[]
2026-06-01,13:50:49.141252,[]
2026-06-01,13:50:49.174619,[]
2026-06-01,13:50:49.207986,[]
2026-06-01,13:50:49.241353,[]
2026-06-01,13:50:49.274720,[]
2026-06-01,13:50:49.308087,[]
2026-06-01,13:50:49.341454,[]
2026-06-01,13:50:49.374821,[]
2026-06-01,13:50:49.408188,[]
2026-06-01,13:50:49.441555,[]
2026-06-01,13:50:49.474922,[]
2026-06-01,13:50:49.508289,[]
2026-06-01,13:50:49.541656,[]
2026-06-01,13:50:49.575023,[]
2026-06-01,13:50:49.608390,[]
2026-06-01,13:50:49.641757,[]
2026-06-01,13:50:49.675124,[]
2026-06-01,13:50:49.708491,[]
2026-06-01,13:50:49.741858,[]
2026-06-01,13:50:49.775225,[]
2026-06-01,13:50:49.808592,[]
2026-06-01,13:50:49.841959,[]
2026-06-01,13:50:49.875326,[]
2026-06-01,13:50:49.908693,[]
2026-06-01,13:50:49.942060,[]
2026-06-01,13:50:49.975427,[]
2026-06-01,13:50:50.008794,[]
2026-06-01,13:50:50.042161,[]
2026-06-01,13:50:50.075528,[]
2026-06-01,13:50:50.108895,[]
2026-06-01,13:50:50.142262,[]
2026-06-01,13:50:50.175629,[]
2026-06-01,13:50:50.208996,[]
2026-06-01,13:50:50.242363,[]
2026-06-01,13:50:50.275730,[]
2026-06-01,13:50:50.309097,[]
2026-06-01,13:50:50.342464,[]
2026-06-01,13:50:50.375831,[]
2026-06-01,13:50:50.409198,[]
2026-06-01,13:50:50.442565,[]
2026-06-01,13:50:50.475932,[]
2026-06-01,13:50:50.509299,[]
2026-06-01,13:50:50.542666,[]
2026-06-01,13:50:50.576033,[]
2026-06-01,13:50:50.609400,[]
2026-06-01,13:50:50.642767,[]
2026-06-01,13:50:50.676134,[]
2026-06-01,13:50:50.709501,[]
2026-06-01,13:50:50.742868,[]
2026-06-01,13:50:50.776235,[]
2026-06-01,13:50:50.809602,[]
2026-06-01,13:50:50.842969,[]
2026-06-01,13:50:50.876336,[]
2026-06-01,13:50:50.909703,[]
2026-06-01,13:50:50.943070,[]
2026-06-01,13:50:50.976437,[]
2026-06-01,13:50:51.009804,[]
2026-06-01,13:50:51.043171,[]
2026-06-01,13:50:51.076538,[]
2026-06-01,13:50:51.109905,[]
2026-06-01,13:50:51.143272,[]
2026-06-01,13:50:51.176639,[]
2026-06-01,13:50:51.210006,[]
2026-06-01,13:50:51.243373,[]
2026-06-01,13:50:51.276740,[]
2026-06-01,13:50:51.310107,[]
2026-06-01,13:50:51.343474,[]
2026-06-01,13:50:51.376841,[]
2026-06-01,13:50:51.410208,[]
2026-06-01,13:50:51.443575,[]
2026-06-01,13:50:51.476942,[]
2026-06-01,13:50:51.510309,[]
2026-06-01,13:50:51.543676,[]
2026-06-01,13:50:51.577043,[]
2026-06-01,13:50:51.610410,[]
2026-06-01,13:50:51.643777,[]
2026-06-01,13:50:51.677144,[]
2026-06-01,13:50:51.710511,[]
2026-06-01,13:50:51.743878,[]
2026-06-01,13:50:51.777245,[]
2026-06-01,13:50:51.810612,[]
2026-06-01,13:50:51.843979,[]
2026-06-01,13:50:51.877346,[]
2026-06-01,13:50:51.910713,[]
2026-06-01,13:50:51.944080,[]
2026-06-01,13:50:51.977447,[]
2026-06-01,13:50:52.010814,[]
2026-06-01,13:50:52.044181,[]
2026-06-01,13:50:52.077548,[]
2026-06-01,13:50:52.110915,[]
2026-06-01,13:50:52.144282,[]
2026-06-01,13:50:52.177649,[]
2026-06-01,13:50:52.211016,[]
2026-06-01,13:50:52.244383,[]
2026-06-01,13:50:52.277750,[]
2026-06-01,13:50:52.311117,[]
2026-06-01,13:50:52.344484,[]
2026-06-01,13:50:52.377851,[]
2026-06-01,13:50:52.411218,[]
2026-06-01,13:50:52.444585,[]
2026-06-01,13:50:52.477952,[]
2026-06-01,13:50:52.511319,[]
2026-06-01,13:50:52.544686,[]
2026-06-01,13:50:52.578053,[]
2026-06-01,13:50:52.611420,[]
2026-06-01,13:50:52.644787,[]
2026-06-01,13:50:52.678154,[]
2026-06-01,13:50:52.711521,[]
2026-06-01,13:50:52.744888,[]
2026-06-01,13:50:52.778255,[]
2026-06-01,13:50:52.811622,[]
2026-06-01,13:50:52.844989,[]
2026-06-01,13:50:52.878356,[]
2026-06-01,13:50:52.911723,[]
2026-06-01,13:50:52.945090,[]
2026-06-01,13:50:52.978457,[]
2026-06-01,13:50:53.011824,[]
2026-06-01,13:50:53.045191,[]
2026-06-01,13:50:53.078558,[]
2026-06-01,13:50:53.111925,[]
2026-06-01,13:50:53.145292,[]
2026-06-01,13:50:53.178659,[]
2026-06-01,13:50:53.212026,[]
2026-06-01,13:50:53.245393,[]
2026-06-01,13:50:53.278760,[]
2026-06-01,13:50:53.312127,[]
2026-06-01,13:50:53.345494,[]
2026-06-01,13:50:53.378861,[]
2026-06-01,13:50:53.412228,[]
2026-06-01,13:50:53.445595,[]
2026-06-01,13:50:53.478962,[]
2026-06-01,13:50:53.512329,[]
2026-06-01,13:50:53.545696,[]
2026-06-01,13:50:53.579063,[]
2026-06-01,13:50:53.612430,[]
2026-06-01,13:50:53.645797,[]
2026-06-01,13:50:53.679164,[]
2026-06-01,13:50:53.712531,[]
2026-06-01,13:50:53.745898,[]
2026-06-01,13:50:53.779265,[]
2026-06-01,13:50:53.812632,[]
2026-06-01,13:50:53.845999,[]
2026-06-01,13:50:53.879366,[]
2026-06-01,13:50:53.912733,[]
2026-06-01,13:50:53.946100,[]
2026-06-01,13:50:53.979467,[]
2026-06-01,13:50:54.012834,[]
2026-06-01,13:50:54.046201,[]
2026-06-01,13:50:54.079568,[]
2026-06-01,13:50:54.112935,[]
2026-06-01,13:50:54.146302,[]
2026-06-01,13:50:54.179669,[]
2026-06-01,13:50:54.213036,[]
2026-06-01,13:50:54.246403,[]
2026-06-01,13:50:54.279770,[]
2026-06-01,13:50:54.313137,[]
2026-06-01,13:50:54.346504,[]
2026-06-01,13:50:54.379871,[]
2026-06-01,13:50:54.413238,[]
2026-06-01,13:50:54.446605,[]
2026-06-01,13:50:54.479972,[]
2026-06-01,13:50:54.513339,[]
2026-06-01,13:50:54.546706,[]
2026-06-01,13:50:54.580073,[]
2026-06-01,13:50:54.613440,[]
2026-06-01,13:50:54.646807,[]
2026-06-01,13:50:54.680174,[]
2026-06-01,13:50:54.713541,[]
2026-06-01,13:50:54.746908,[]
2026-06-01,13:50:54.780275,[]
2026-06-01,13:50:54.813642,[]
2026-06-01,13:50:54.847009,[]
2026-06-01,13:50:54.880376,[]
2026-06-01,13:50:54.913743,[]
2026-06-01,13:50:54.947110,[]
2026-06-01,13:50:54.980477,[]
2026-06-01,13:50:55.013844,[]
2026-06-01,13:50:55.047211,[]
2026-06-01,13:50:55.080578,[]
2026-06-01,13:50:55.113945,[]
2026-06-01,13:50:55.147312,[]
2026-06-01,13:50:55.180679,[]
2026-06-01,13:50:55.214046,[]
2026-06-01,13:50:55.247413,[]
2026-06-01,13:50:55.280780,[]
2026-06-01,13:50:55.314147,[]
2026-06-01,13:50:55.347514,[]
2026-06-01,13:50:55.380881,[]
2026-06-01,13:50:55.414248,[]
2026-06-01,13:50:55.447615,[]
2026-06-01,13:50:55.480982,[]
2026-06-01,13:50:55.514349,[]
2026-06-01,13:50:55.547716,[]
2026-06-01,13:50:55.581083,[]
2026-06-01,13:50:55.614450,[]
2026-06-01,13:50:55.647817,[]
2026-06-01,13:50:55.681184,[]
2026-06-01,13:50:55.714551,[]
2026-06-01,13:50:55.747918,[]
2026-06-01,13:50:55.781285,[]
2026-06-01,13:50:55.814652,[]
2026-06-01,13:50:55.848019,[]
2026-06-01,13:50:55.881386,[]
2026-06-01,13:50:55.914753,[]
2026-06-01,13:50:55.948120,[]
2026-06-01,13:50:55.981487,[]
2026-06-01,13:50:56.014854,[]
2026-06-01,13:50:56.048221,[]
2026-06-01,13:50:56.081588,[]
2026-06-01,13:50:56.114955,[]
2026-06-01,13:50:56.148322,[]
2026-06-01,13:50:56.181689,[]
2026-06-01,13:50:56.215056,[]
2026-06-01,13:50:56.248423,[]
2026-06-01,13:50:56.281790,[]
2026-06-01,13:50:56.315157,[]
2026-06-01,13:50:56.348524,[]
2026-06-01,13:50:56.381891,[]
2026-06-01,13:50:56.415258,[]
2026-06-01,13:50:56.448625,[]
2026-06-01,13:50:56.481992,[]
2026-06-01,13:50:56.515359,[]
2026-06-01,13:50:56.548726,[]
2026-06-01,13:50:56.582093,[]
2026-06-01,13:50:56.615460,[]
2026-06-01,13:50:56.648827,[]
2026-06-01,13:50:56.682194,[]
2026-06-01,13:50:56.715561,[]
2026-06-01,13:50:56.748928,[]
2026-06-01,13:50:56.782295,[]
2026-06-01,13:50:56.815662,[]
2026-06-01,13:50:56.849029,[]
2026-06-01,13:50:56.882396,[]
2026-06-01,13:50:56.915763,[]
2026-06-01,13:50:56.949130,[]
2026-06-01,13:50:56.982497,[]
2026-06-01,13:50:57.015864,[]
2026-06-01,13:50:57.049231,[]
2026-06-01,13:50:57.082598,[]
2026-06-01,13:50:57.115965,[]
2026-06-01,13:50:57.149332,[]
2026-06-01,13:50:57.182699,[]
2026-06-01,13:50:57.216066,[]
2026-06-01,13:50:57.249433,[]
2026-06-01,13:50:57.282800,[]
2026-06-01,13:50:57.316167,[]
2026-06-01,13:50:57.349534,[]
2026-06-01,13:50:57.382901,[]
2026-06-01,13:50:57.416268,[]
2026-06-01,13:50:57.449635,[]
2026-06-01,13:50:57.483002,[]
2026-06-01,13:50:57.516369,[]
2026-06-01,13:50:57.549736,[]
2026-06-01,13:50:57.583103,[]
2026-06-01,13:50:57.616470,[]
2026-06-01,13:50:57.649837,[]
2026-06-01,13:50:57.683204,[]
2026-06-01,13:50:57.716571,[]
2026-06-01,13:50:57.749938,[]
2026-06-01,13:50:57.783305,[]
2026-06-01,13:50:57.816672,[]
2026-06-01,13:50:57.850039,[]
2026-06-01,13:50:57.883406,[]
2026-06-01,13:50:57.916773,[]
2026-06-01,13:50:57.950140,[]
2026-06-01,13:50:57.983507,[]
2026-06-01,13:50:58.016874,[]
2026-06-01,13:50:58.050241,[]
2026-06-01,13:50:58.083608,[]
2026-06-01,13:50:58.116975,[]
2026-06-01,13:50:58.150342,[]
2026-06-01,13:50:58.183709,[]
2026-06-01,13:50:58.217076,[]
2026-06-01,13:50:58.250443,[]
2026-06-01,13:50:58.283810,[]
2026-06-01,13:50:58.317177,[]
2026-06-01,13:50:58.350544,[]
2026-06-01,13:50:58.383911,[]
2026-06-01,13:50:58.417278,[]
2026-06-01,13:50:58.450645,[]
2026-06-01,13:50:58.484012,[]
2026-06-01,13:50:58.517379,[]
2026-06-01,13:50:58.550746,[]
2026-06-01,13:50:58.584113,[]
2026-06-01,13:50:58.617480,[]
2026-06-01,13:50:58.650847,[]
2026-06-01,13:50:58.684214,[]
2026-06-01,13:50:58.717581,[]
2026-06-01,13:50:58.750948,['DD91990']
2026-06-01,13:50:58.784315,['DD91990']
2026-06-01,13:50:58.817682,['DD91990']
2026-06-01,13:50:58.851049,['DD91990']
2026-06-01,13:50:58.884416,[]
2026-06-01,13:50:58.917783,[]
2026-06-01,13:50:58.951150,[]
2026-06-01,13:50:58.984517,[]
2026-06-01,13:50:59.017884,[]
2026-06-01,13:50:59.051251,[]
2026-06-01,13:50:59.084618,[]
2026-06-01,13:50:59.117985,[]
2026-06-01,13:50:59.151352,[]
2026-06-01,13:50:59.184719,[]
2026-06-01,13:50:59.218086,[]
2026-06-01,13:50:59.251453,[]
2026-06-01,13:50:59.284820,[]
2026-06-01,13:50:59.318187,[]
2026-06-01,13:50:59.351554,[]
2026-06-01,13:50:59.384921,[]
2026-06-01,13:50:59.418288,[]
2026-06-01,13:50:59.451655,[]
2026-06-01,13:50:59.485022,[]
2026-06-01,13:50:59.518389,[]
2026-06-01,13:50:59.551756,[]
2026-06-01,13:50:59.585123,[]
2026-06-01,13:50:59.618490,[]
2026-06-01,13:50:59.651857,[]
2026-06-01,13:50:59.685224,[]
2026-06-01,13:50:59.718591,[]
2026-06-01,13:50:59.751958,[]
2026-06-01,13:50:59.785325,[]
2026-06-01,13:50:59.818692,[]
2026-06-01,13:50:59.852059,[]
2026-06-01,13:50:59.885426,[]
2026-06-01,13:50:59.918793,[]
2026-06-01,13:50:59.952160,[]
2026-06-01,13:50:59.985527,[]
2026-06-01,13:51:00.018894,[]
2026-06-01,13:51:00.052261,[]
2026-06-01,13:51:00.085628,[]
2026-06-01,13:51:00.118995,[]
2026-06-01,13:51:00.152362,[]
2026-06-01,13:51:00.185729,[]
2026-06-01,13:51:00.219096,[]
2026-06-01,13:51:00.252463,[]
2026-06-01,13:51:00.285830,[]
2026-06-01,13:51:00.319197,[]
2026-06-01,13:51:00.352564,[]
2026-06-01,13:51:00.385931,[]
2026-06-01,13:51:00.419298,[]
2026-06-01,13:51:00.452665,[]
2026-06-01,13:51:00.486032,[]
2026-06-01,13:51:00.519399,[]
2026-06-01,13:51:00.552766,[]
2026-06-01,13:51:00.586133,[]
2026-06-01,13:51:00.619500,[]
2026-06-01,13:51:00.652867,[]
2026-06-01,13:51:00.686234,[]
2026-06-01,13:51:00.719601,[]
2026-06-01,13:51:00.752968,[]
2026-06-01,13:51:00.786335,[]
2026-06-01,13:51:00.819702,[]
2026-06-01,13:51:00.853069,[]
2026-06-01,13:51:00.886436,[]
2026-06-01,13:51:00.919803,[]
2026-06-01,13:51:00.953170,[]
2026-06-01,13:51:00.986537,[]
2026-06-01,13:51:01.019904,[]
2026-06-01,13:51:01.053271,[]
2026-06-01,13:51:01.086638,[]
2026-06-01,13:51:01.120005,[]
2026-06-01,13:51:01.153372,[]
2026-06-01,13:51:01.186739,[]
2026-06-01,13:51:01.220106,[]
2026-06-01,13:51:01.253473,[]
2026-06-01,13:51:01.286840,[]
2026-06-01,13:51:01.320207,[]
2026-06-01,13:51:01.353574,[]
2026-06-01,13:51:01.386941,[]
2026-06-01,13:51:01.420308,[]
2026-06-01,13:51:01.453675,[]
2026-06-01,13:51:01.487042,[]
2026-06-01,13:51:01.520409,[]
2026-06-01,13:51:01.553776,[]
2026-06-01,13:51:01.587143,[]
2026-06-01,13:51:01.620510,[]
2026-06-01,13:51:01.653877,[]
2026-06-01,13:51:01.687244,[]
2026-06-01,13:51:01.720611,[]
2026-06-01,13:51:01.753978,[]
2026-06-01,13:51:01.787345,[]
2026-06-01,13:51:01.820712,[]
2026-06-01,13:51:01.854079,[]
2026-06-01,13:51:01.887446,[]
2026-06-01,13:51:01.920813,[]
2026-06-01,13:51:01.954180,[]
2026-06-01,13:51:01.987547,[]
2026-06-01,13:51:02.020914,[]
2026-06-01,13:51:02.054281,[]
2026-06-01,13:51:02.087648,[]
2026-06-01,13:51:02.121015,[]
2026-06-01,13:51:02.154382,[]
2026-06-01,13:51:02.187749,[]
2026-06-01,13:51:02.221116,[]
2026-06-01,13:51:02.254483,[]
2026-06-01,13:51:02.287850,[]
2026-06-01,13:51:02.321217,[]
2026-06-01,13:51:02.354584,[]
2026-06-01,13:51:02.387951,[]
2026-06-01,13:51:02.421318,[]
2026-06-01,13:51:02.454685,[]
2026-06-01,13:51:02.488052,[]
2026-06-01,13:51:02.521419,[]
2026-06-01,13:51:02.554786,[]
2026-06-01,13:51:02.588153,[]
2026-06-01,13:51:02.621520,[]
2026-06-01,13:51:02.654887,[]
2026-06-01,13:51:02.688254,[]
2026-06-01,13:51:02.721621,[]
2026-06-01,13:51:02.754988,[]
2026-06-01,13:51:02.788355,[]
2026-06-01,13:51:02.821722,[]
2026-06-01,13:51:02.855089,[]
2026-06-01,13:51:02.888456,[]
2026-06-01,13:51:02.921823,[]
2026-06-01,13:51:02.955190,[]
2026-06-01,13:51:02.988557,[]
2026-06-01,13:51:03.021924,[]
2026-06-01,13:51:03.055291,[]
2026-06-01,13:51:03.088658,[]
2026-06-01,13:51:03.122025,['EA23129']
2026-06-01,13:51:03.155392,['EA23129']
2026-06-01,13:51:03.188759,['EA23129']
2026-06-01,13:51:03.222126,['EA23129']
2026-06-01,13:51:03.255493,['EA23129']
2026-06-01,13:51:03.288860,[]
2026-06-01,13:51:03.322227,[]
2026-06-01,13:51:03.355594,[]
2026-06-01,13:51:03.388961,[]
2026-06-01,13:51:03.422328,[]
2026-06-01,13:51:03.455695,[]
2026-06-01,13:51:03.489062,[]
2026-06-01,13:51:03.522429,[]
2026-06-01,13:51:03.555796,[]
2026-06-01,13:51:03.589163,[]
2026-06-01,13:51:03.622530,[]
2026-06-01,13:51:03.655897,[]
2026-06-01,13:51:03.689264,[]
2026-06-01,13:51:03.722631,[]
2026-06-01,13:51:03.755998,[]
2026-06-01,13:51:03.789365,[]
2026-06-01,13:51:03.822732,[]
2026-06-01,13:51:03.856099,[]
2026-06-01,13:51:03.889466,[]
2026-06-01,13:51:03.922833,[]
2026-06-01,13:51:03.956200,[]
2026-06-01,13:51:03.989567,[]
2026-06-01,13:51:04.022934,[]
2026-06-01,13:51:04.056301,[]
2026-06-01,13:51:04.089668,[]
2026-06-01,13:51:04.123035,[]
2026-06-01,13:51:04.156402,[]
2026-06-01,13:51:04.189769,[]
2026-06-01,13:51:04.223136,[]
2026-06-01,13:51:04.256503,[]
2026-06-01,13:51:04.289870,[]
2026-06-01,13:51:04.323237,[]
2026-06-01,13:51:04.356604,[]
2026-06-01,13:51:04.389971,[]
2026-06-01,13:51:04.423338,[]
2026-06-01,13:51:04.456705,[]
2026-06-01,13:51:04.490072,[]
2026-06-01,13:51:04.523439,[]
2026-06-01,13:51:04.556806,[]
2026-06-01,13:51:04.590173,[]
2026-06-01,13:51:04.623540,[]
2026-06-01,13:51:04.656907,[]
2026-06-01,13:51:04.690274,[]
2026-06-01,13:51:04.723641,[]
2026-06-01,13:51:04.757008,[]
2026-06-01,13:51:04.790375,[]
2026-06-01,13:51:04.823742,[]
2026-06-01,13:51:04.857109,[]
2026-06-01,13:51:04.890476,[]
2026-06-01,13:51:04.923843,[]
2026-06-01,13:51:04.957210,[]
2026-06-01,13:51:04.990577,[]
2026-06-01,13:51:05.023944,[]
2026-06-01,13:51:05.057311,[]
2026-06-01,13:51:05.090678,[]
2026-06-01,13:51:05.124045,[]
2026-06-01,13:51:05.157412,[]
2026-06-01,13:51:05.190779,[]
2026-06-01,13:51:05.224146,[]
2026-06-01,13:51:05.257513,[]
2026-06-01,13:51:05.290880,[]
2026-06-01,13:51:05.324247,['EN58967']
2026-06-01,13:51:05.357614,['EN58967']
2026-06-01,13:51:05.390981,['EN58967']
2026-06-01,13:51:05.424348,['EN58967']
2026-06-01,13:51:05.457715,['EN58967']
2026-06-01,13:51:05.491082,[]
2026-06-01,13:51:05.524449,[]
2026-06-01,13:51:05.557816,[]
2026-06-01,13:51:05.591183,[]
2026-06-01,13:51:05.624550,[]
2026-06-01,13:51:05.657917,[]
2026-06-01,13:51:05.691284,[]
2026-06-01,13:51:05.724651,[]
2026-06-01,13:51:05.758018,[]
2026-06-01,13:51:05.791385,[]
2026-06-01,13:51:05.824752,[]
2026-06-01,13:51:05.858119,[]
2026-06-01,13:51:05.891486,[]
2026-06-01,13:51:05.924853,[]
2026-06-01,13:51:05.958220,[]
2026-06-01,13:51:05.991587,[]
2026-06-01,13:51:06.024954,[]
2026-06-01,13:51:06.058321,[]
2026-06-01,13:51:06.091688,[]
2026-06-01,13:51:06.125055,[]
2026-06-01,13:51:06.158422,[]
2026-06-01,13:51:06.191789,[]
2026-06-01,13:51:06.225156,[]
2026-06-01,13:51:06.258523,[]
2026-06-01,13:51:06.291890,[]
2026-06-01,13:51:06.325257,[]
2026-06-01,13:51:06.358624,[]
2026-06-01,13:51:06.391991,[]
2026-06-01,13:51:06.425358,[]
2026-06-01,13:51:06.458725,[]
2026-06-01,13:51:06.492092,[]
2026-06-01,13:51:06.525459,[]
2026-06-01,13:51:06.558826,[]
2026-06-01,13:51:06.592193,[]
2026-06-01,13:51:06.625560,[]
2026-06-01,13:51:06.658927,[]
2026-06-01,13:51:06.692294,[]
2026-06-01,13:51:06.725661,[]
2026-06-01,13:51:06.759028,[]
2026-06-01,13:51:06.792395,[]
2026-06-01,13:51:06.825762,[]
2026-06-01,13:51:06.859129,[]
2026-06-01,13:51:06.892496,[]
2026-06-01,13:51:06.925863,[]
2026-06-01,13:51:06.959230,[]
2026-06-01,13:51:06.992597,[]
2026-06-01,13:51:07.025964,[]
2026-06-01,13:51:07.059331,[]
2026-06-01,13:51:07.092698,[]
2026-06-01,13:51:07.126065,[]
2026-06-01,13:51:07.159432,[]
2026-06-01,13:51:07.192799,[]
2026-06-01,13:51:07.226166,[]
2026-06-01,13:51:07.259533,[]
2026-06-01,13:51:07.292900,[]
2026-06-01,13:51:07.326267,[]
2026-06-01,13:51:07.359634,[]
2026-06-01,13:51:07.393001,[]
2026-06-01,13:51:07.426368,[]
2026-06-01,13:51:07.459735,[]
2026-06-01,13:51:07.493102,[]
2026-06-01,13:51:07.526469,['AC87764']
2026-06-01,13:51:07.559836,['AC87764']
2026-06-01,13:51:07.593203,[]
2026-06-01,13:51:07.626570,['AC87764']
2026-06-01,13:51:07.659937,['AC87764']
2026-06-01,13:51:07.693304,['AC87764']
2026-06-01,13:51:07.726671,[]
2026-06-01,13:51:07.760038,[]
2026-06-01,13:51:07.793405,[]
2026-06-01,13:51:07.826772,[]
2026-06-01,13:51:07.860139,[]
2026-06-01,13:51:07.893506,[]
2026-06-01,13:51:07.926873,[]
2026-06-01,13:51:07.960240,[]
2026-06-01,13:51:07.993607,[]
2026-06-01,13:51:08.026974,[]
2026-06-01,13:51:08.060341,[]
2026-06-01,13:51:08.093708,[]
2026-06-01,13:51:08.127075,[]
2026-06-01,13:51:08.160442,[]
2026-06-01,13:51:08.193809,[]
2026-06-01,13:51:08.227176,[]
2026-06-01,13:51:08.260543,[]
2026-06-01,13:51:08.293910,[]
2026-06-01,13:51:08.327277,[]
2026-06-01,13:51:08.360644,[]
2026-06-01,13:51:08.394011,[]
2026-06-01,13:51:08.427378,[]
2026-06-01,13:51:08.460745,[]
2026-06-01,13:51:08.494112,[]
2026-06-01,13:51:08.527479,[]
2026-06-01,13:51:08.560846,[]
2026-06-01,13:51:08.594213,[]
2026-06-01,13:51:08.627580,[]
2026-06-01,13:51:08.660947,[]
2026-06-01,13:51:08.694314,[]
2026-06-01,13:51:08.727681,[]
2026-06-01,13:51:08.761048,[]
2026-06-01,13:51:08.794415,[]
2026-06-01,13:51:08.827782,[]
2026-06-01,13:51:08.861149,[]
2026-06-01,13:51:08.894516,[]
2026-06-01,13:51:08.927883,[]
2026-06-01,13:51:08.961250,[]
2026-06-01,13:51:08.994617,[]
2026-06-01,13:51:09.027984,[]
2026-06-01,13:51:09.061351,[]
2026-06-01,13:51:09.094718,[]
2026-06-01,13:51:09.128085,[]
2026-06-01,13:51:09.161452,[]
2026-06-01,13:51:09.194819,[]
2026-06-01,13:51:09.228186,[]
2026-06-01,13:51:09.261553,[]
2026-06-01,13:51:09.294920,[]
2026-06-01,13:51:09.328287,[]
2026-06-01,13:51:09.361654,[]
2026-06-01,13:51:09.395021,[]
2026-06-01,13:51:09.428388,[]
2026-06-01,13:51:09.461755,[]
2026-06-01,13:51:09.495122,[]
2026-06-01,13:51:09.528489,[]
2026-06-01,13:51:09.561856,[]
2026-06-01,13:51:09.595223,[]
2026-06-01,13:51:09.628590,[]
2026-06-01,13:51:09.661957,['BN98105']
2026-06-01,13:51:09.695324,['BN98105']
2026-06-01,13:51:09.728691,[]
2026-06-01,13:51:09.762058,[]
2026-06-01,13:51:09.795425,['BN98105']
2026-06-01,13:51:09.828792,['BN98105']
2026-06-01,13:51:09.862159,[]
2026-06-01,13:51:09.895526,[]
2026-06-01,13:51:09.928893,[]
2026-06-01,13:51:09.962260,[]
2026-06-01,13:51:09.995627,[]
2026-06-01,13:51:10.028994,[]
2026-06-01,13:51:10.062361,[]
2026-06-01,13:51:10.095728,[]
2026-06-01,13:51:10.129095,[]
2026-06-01,13:51:10.162462,[]
2026-06-01,13:51:10.195829,[]
2026-06-01,13:51:10.229196,[]
2026-06-01,13:51:10.262563,[]
2026-06-01,13:51:10.295930,[]
2026-06-01,13:51:10.329297,[]
2026-06-01,13:51:10.362664,[]
2026-06-01,13:51:10.396031,[]
2026-06-01,13:51:10.429398,[]
2026-06-01,13:51:10.462765,[]
2026-06-01,13:51:10.496132,[]
2026-06-01,13:51:10.529499,[]
2026-06-01,13:51:10.562866,[]
2026-06-01,13:51:10.596233,[]
2026-06-01,13:51:10.629600,[]
2026-06-01,13:51:10.662967,[]
2026-06-01,13:51:10.696334,[]
2026-06-01,13:51:10.729701,[]
2026-06-01,13:51:10.763068,[]
2026-06-01,13:51:10.796435,[]
2026-06-01,13:51:10.829802,[]
2026-06-01,13:51:10.863169,[]
2026-06-01,13:51:10.896536,[]
2026-06-01,13:51:10.929903,[]
2026-06-01,13:51:10.963270,[]
2026-06-01,13:51:10.996637,[]
2026-06-01,13:51:11.030004,[]
2026-06-01,13:51:11.063371,[]
2026-06-01,13:51:11.096738,[]
2026-06-01,13:51:11.130105,[]
2026-06-01,13:51:11.163472,[]
2026-06-01,13:51:11.196839,[]
2026-06-01,13:51:11.230206,[]
2026-06-01,13:51:11.263573,[]
2026-06-01,13:51:11.296940,[]
2026-06-01,13:51:11.330307,[]
2026-06-01,13:51:11.363674,[]
2026-06-01,13:51:11.397041,[]
2026-06-01,13:51:11.430408,[]
2026-06-01,13:51:11.463775,[]
2026-06-01,13:51:11.497142,[]
2026-06-01,13:51:11.530509,[]
2026-06-01,13:51:11.563876,[]
2026-06-01,13:51:11.597243,[]
2026-06-01,13:51:11.630610,[]
2026-06-01,13:51:11.663977,[]
2026-06-01,13:51:11.697344,[]
2026-06-01,13:51:11.730711,[]
2026-06-01,13:51:11.764078,[]
2026-06-01,13:51:11.797445,[]
2026-06-01,13:51:11.830812,[]
2026-06-01,13:51:11.864179,[]
2026-06-01,13:51:11.897546,[]
2026-06-01,13:51:11.930913,[]
2026-06-01,13:51:11.964280,[]
2026-06-01,13:51:11.997647,[]
2026-06-01,13:51:12.031014,[]
2026-06-01,13:51:12.064381,[]
2026-06-01,13:51:12.097748,[]
2026-06-01,13:51:12.131115,[]
2026-06-01,13:51:12.164482,[]
2026-06-01,13:51:12.197849,[]
2026-06-01,13:51:12.231216,[]
2026-06-01,13:51:12.264583,[]
2026-06-01,13:51:12.297950,[]
2026-06-01,13:51:12.331317,[]
2026-06-01,13:51:12.364684,[]
2026-06-01,13:51:12.398051,[]
2026-06-01,13:51:12.431418,[]
2026-06-01,13:51:12.464785,[]
2026-06-01,13:51:12.498152,[]
2026-06-01,13:51:12.531519,[]
2026-06-01,13:51:12.564886,[]
2026-06-01,13:51:12.598253,[]
2026-06-01,13:51:12.631620,[]
2026-06-01,13:51:12.664987,[]
2026-06-01,13:51:12.698354,[]
2026-06-01,13:51:12.731721,[]
2026-06-01,13:51:12.765088,[]
2026-06-01,13:51:12.798455,[]
2026-06-01,13:51:12.831822,[]
2026-06-01,13:51:12.865189,[]
2026-06-01,13:51:12.898556,[]
2026-06-01,13:51:12.931923,[]
2026-06-01,13:51:12.965290,[]
2026-06-01,13:51:12.998657,[]
2026-06-01,13:51:13.032024,[]
2026-06-01,13:51:13.065391,[]
2026-06-01,13:51:13.098758,[]
2026-06-01,13:51:13.132125,[]
2026-06-01,13:51:13.165492,[]
2026-06-01,13:51:13.198859,[]
2026-06-01,13:51:13.232226,[]
2026-06-01,13:51:13.265593,['EP20535']
2026-06-01,13:51:13.298960,['EP20535']
2026-06-01,13:51:13.332327,['EP20535']
2026-06-01,13:51:13.365694,['EP20535']
2026-06-01,13:51:13.399061,['EP20535']
2026-06-01,13:51:13.432428,['EP20535']
2026-06-01,13:51:13.465795,['EP20535']
2026-06-01,13:51:13.499162,['EP20535']
2026-06-01,13:51:13.532529,['EP20535']
2026-06-01,13:51:13.565896,[]
2026-06-01,13:51:13.599263,[]
2026-06-01,13:51:13.632630,[]
2026-06-01,13:51:13.665997,[]
2026-06-01,13:51:13.699364,[]
2026-06-01,13:51:13.732731,[]
2026-06-01,13:51:13.766098,[]
2026-06-01,13:51:13.799465,[]
2026-06-01,13:51:13.832832,[]
2026-06-01,13:51:13.866199,[]
2026-06-01,13:51:13.899566,[]
2026-06-01,13:51:13.932933,[]
2026-06-01,13:51:13.966300,[]
2026-06-01,13:51:13.999667,[]
2026-06-01,13:51:14.033034,[]
2026-06-01,13:51:14.066401,[]
2026-06-01,13:51:14.099768,[]
2026-06-01,13:51:14.133135,[]
2026-06-01,13:51:14.166502,[]
2026-06-01,13:51:14.199869,[]
2026-06-01,13:51:14.233236,[]
2026-06-01,13:51:14.266603,[]
2026-06-01,13:51:14.299970,[]
2026-06-01,13:51:14.333337,[]
2026-06-01,13:51:14.366704,[]
2026-06-01,13:51:14.400071,[]
2026-06-01,13:51:14.433438,[]
2026-06-01,13:51:14.466805,[]
2026-06-01,13:51:14.500172,[]
2026-06-01,13:51:14.533539,[]
2026-06-01,13:51:14.566906,[]
2026-06-01,13:51:14.600273,[]
2026-06-01,13:51:14.633640,[]
2026-06-01,13:51:14.667007,[]
2026-06-01,13:51:14.700374,[]
2026-06-01,13:51:14.733741,[]
2026-06-01,13:51:14.767108,[]
2026-06-01,13:51:14.800475,[]
2026-06-01,13:51:14.833842,[]
2026-06-01,13:51:14.867209,[]
2026-06-01,13:51:14.900576,[]
2026-06-01,13:51:14.933943,[]
2026-06-01,13:51:14.967310,[]
2026-06-01,13:51:15.000677,[]
2026-06-01,13:51:15.034044,[]
2026-06-01,13:51:15.067411,[]
2026-06-01,13:51:15.100778,[]
2026-06-01,13:51:15.134145,[]
2026-06-01,13:51:15.167512,[]
2026-06-01,13:51:15.200879,[]
2026-06-01,13:51:15.234246,[]
2026-06-01,13:51:15.267613,[]
2026-06-01,13:51:15.300980,[]
2026-06-01,13:51:15.334347,[]
2026-06-01,13:51:15.367714,[]
2026-06-01,13:51:15.401081,[]
2026-06-01,13:51:15.434448,[]
2026-06-01,13:51:15.467815,[]
2026-06-01,13:51:15.501182,[]
2026-06-01,13:51:15.534549,[]
2026-06-01,13:51:15.567916,[]
2026-06-01,13:51:15.601283,[]
2026-06-01,13:51:15.634650,[]
2026-06-01,13:51:15.668017,[]
2026-06-01,13:51:15.701384,[]
2026-06-01,13:51:15.734751,[]
2026-06-01,13:51:15.768118,[]
2026-06-01,13:51:15.801485,[]
2026-06-01,13:51:15.834852,[]
2026-06-01,13:51:15.868219,[]
2026-06-01,13:51:15.901586,[]
2026-06-01,13:51:15.934953,[]
2026-06-01,13:51:15.968320,[]
2026-06-01,13:51:16.001687,[]
2026-06-01,13:51:16.035054,[]
2026-06-01,13:51:16.068421,[]
2026-06-01,13:51:16.101788,[]
2026-06-01,13:51:16.135155,[]
2026-06-01,13:51:16.168522,[]
2026-06-01,13:51:16.201889,[]
2026-06-01,13:51:16.235256,[]
2026-06-01,13:51:16.268623,[]
2026-06-01,13:51:16.301990,[]
2026-06-01,13:51:16.335357,[]
2026-06-01,13:51:16.368724,[]
2026-06-01,13:51:16.402091,[]
2026-06-01,13:51:16.435458,[]
2026-06-01,13:51:16.468825,[]
2026-06-01,13:51:16.502192,[]
2026-06-01,13:51:16.535559,[]
2026-06-01,13:51:16.568926,[]
2026-06-01,13:51:16.602293,[]
2026-06-01,13:51:16.635660,[]
2026-06-01,13:51:16.669027,[]
2026-06-01,13:51:16.702394,[]
2026-06-01,13:51:16.735761,[]
2026-06-01,13:51:16.769128,[]
2026-06-01,13:51:16.802495,[]
2026-06-01,13:51:16.835862,[]
2026-06-01,13:51:16.869229,[]
2026-06-01,13:51:16.902596,[]
2026-06-01,13:51:16.935963,[]
2026-06-01,13:51:16.969330,[]
2026-06-01,13:51:17.002697,[]
2026-06-01,13:51:17.036064,[]
2026-06-01,13:51:17.069431,[]
2026-06-01,13:51:17.102798,[]
2026-06-01,13:51:17.136165,[]
2026-06-01,13:51:17.169532,[]
2026-06-01,13:51:17.202899,[]
2026-06-01,13:51:17.236266,[]
2026-06-01,13:51:17.269633,[]
2026-06-01,13:51:17.303000,[]
2026-06-01,13:51:17.336367,[]
2026-06-01,13:51:17.369734,[]
2026-06-01,13:51:17.403101,[]
2026-06-01,13:51:17.436468,[]
2026-06-01,13:51:17.469835,[]
2026-06-01,13:51:17.503202,[]
2026-06-01,13:51:17.536569,[]
2026-06-01,13:51:17.569936,[]
2026-06-01,13:51:17.603303,[]
2026-06-01,13:51:17.636670,[]
2026-06-01,13:51:17.670037,[]
2026-06-01,13:51:17.703404,[]
2026-06-01,13:51:17.736771,[]
2026-06-01,13:51:17.770138,[]
2026-06-01,13:51:17.803505,[]
2026-06-01,13:51:17.836872,[]
2026-06-01,13:51:17.870239,[]
2026-06-01,13:51:17.903606,[]
2026-06-01,13:51:17.936973,[]
2026-06-01,13:51:17.970340,[]
2026-06-01,13:51:18.003707,[]
2026-06-01,13:51:18.037074,[]
2026-06-01,13:51:18.070441,[]
2026-06-01,13:51:18.103808,[]
2026-06-01,13:51:18.137175,[]
2026-06-01,13:51:18.170542,[]
2026-06-01,13:51:18.203909,[]
2026-06-01,13:51:18.237276,['AB83542']
2026-06-01,13:51:18.270643,['AB83542']
2026-06-01,13:51:18.304010,['AB83542']
2026-06-01,13:51:18.337377,['AB83542']
2026-06-01,13:51:18.370744,['AB83542']
2026-06-01,13:51:18.404111,['AB83542']
2026-06-01,13:51:18.437478,['AB83542']
2026-06-01,13:51:18.470845,['AB83542']
2026-06-01,13:51:18.504212,['AB83542']
2026-06-01,13:51:18.537579,['AB83542']
2026-06-01,13:51:18.570946,['AB83542']
2026-06-01,13:51:18.604313,['AB83542']
2026-06-01,13:51:18.637680,['AB83542']
2026-06-01,13:51:18.671047,['AB83542']
2026-06-01,13:51:18.704414,['AB83542']
2026-06-01,13:51:18.737781,['AB83542']
2026-06-01,13:51:18.771148,['AB83542']
2026-06-01,13:51:18.804515,['AB83542']
2026-06-01,13:51:18.837882,['AB83542']
2026-06-01,13:51:18.871249,['AB83542']
2026-06-01,13:51:18.904616,['AB83542']
2026-06-01,13:51:18.937983,[]
2026-06-01,13:51:18.971350,[]
2026-06-01,13:51:19.004717,[]
2026-06-01,13:51:19.038084,[]
2026-06-01,13:51:19.071451,[]
2026-06-01,13:51:19.104818,[]
2026-06-01,13:51:19.138185,[]
2026-06-01,13:51:19.171552,[]
2026-06-01,13:51:19.204919,[]
2026-06-01,13:51:19.238286,[]
2026-06-01,13:51:19.271653,[]
2026-06-01,13:51:19.305020,[]
2026-06-01,13:51:19.338387,[]
2026-06-01,13:51:19.371754,[]
2026-06-01,13:51:19.405121,[]
2026-06-01,13:51:19.438488,[]
2026-06-01,13:51:19.471855,[]
2026-06-01,13:51:19.505222,[]
2026-06-01,13:51:19.538589,[]
2026-06-01,13:51:19.571956,[]
2026-06-01,13:51:19.605323,[]
2026-06-01,13:51:19.638690,[]
2026-06-01,13:51:19.672057,[]
2026-06-01,13:51:19.705424,[]
2026-06-01,13:51:19.738791,[]
2026-06-01,13:51:19.772158,[]
2026-06-01,13:51:19.805525,[]
2026-06-01,13:51:19.838892,[]
2026-06-01,13:51:19.872259,[]
2026-06-01,13:51:19.905626,[]
2026-06-01,13:51:19.938993,[]
2026-06-01,13:51:19.972360,[]
2026-06-01,13:51:20.005727,[]
2026-06-01,13:51:20.039094,[]
2026-06-01,13:51:20.072461,[]
2026-06-01,13:51:20.105828,[]
2026-06-01,13:51:20.139195,[]
2026-06-01,13:51:20.172562,[]
2026-06-01,13:51:20.205929,[]
2026-06-01,13:51:20.239296,[]
2026-06-01,13:51:20.272663,[]
2026-06-01,13:51:20.306030,[]
2026-06-01,13:51:20.339397,[]
2026-06-01,13:51:20.372764,[]
2026-06-01,13:51:20.406131,[]
2026-06-01,13:51:20.439498,[]
2026-06-01,13:51:20.472865,[]
2026-06-01,13:51:20.506232,[]
2026-06-01,13:51:20.539599,[]
2026-06-01,13:51:20.572966,[]
2026-06-01,13:51:20.606333,[]
2026-06-01,13:51:20.639700,[]
2026-06-01,13:51:20.673067,[]
2026-06-01,13:51:20.706434,[]
2026-06-01,13:51:20.739801,[]
2026-06-01,13:51:20.773168,[]
2026-06-01,13:51:20.806535,[]
2026-06-01,13:51:20.839902,[]
2026-06-01,13:51:20.873269,[]
2026-06-01,13:51:20.906636,[]
2026-06-01,13:51:20.940003,[]
2026-06-01,13:51:20.973370,[]
2026-06-01,13:51:21.006737,[]
2026-06-01,13:51:21.040104,[]
2026-06-01,13:51:21.073471,[]
2026-06-01,13:51:21.106838,[]
2026-06-01,13:51:21.140205,[]
2026-06-01,13:51:21.173572,[]
2026-06-01,13:51:21.206939,[]
2026-06-01,13:51:21.240306,[]
2026-06-01,13:51:21.273673,[]
2026-06-01,13:51:21.307040,[]
2026-06-01,13:51:21.340407,[]
2026-06-01,13:51:21.373774,[]
2026-06-01,13:51:21.407141,[]
2026-06-01,13:51:21.440508,[]
2026-06-01,13:51:21.473875,[]
2026-06-01,13:51:21.507242,[]
2026-06-01,13:51:21.540609,[]
2026-06-01,13:51:21.573976,[]
2026-06-01,13:51:21.607343,[]
2026-06-01,13:51:21.640710,[]
2026-06-01,13:51:21.674077,[]
2026-06-01,13:51:21.707444,[]
2026-06-01,13:51:21.740811,[]
2026-06-01,13:51:21.774178,[]
2026-06-01,13:51:21.807545,[]
2026-06-01,13:51:21.840912,[]
2026-06-01,13:51:21.874279,[]
2026-06-01,13:51:21.907646,[]
2026-06-01,13:51:21.941013,[]
2026-06-01,13:51:21.974380,[]
2026-06-01,13:51:22.007747,[]
2026-06-01,13:51:22.041114,[]
2026-06-01,13:51:22.074481,[]
2026-06-01,13:51:22.107848,[]
2026-06-01,13:51:22.141215,[]
2026-06-01,13:51:22.174582,[]
2026-06-01,13:51:22.207949,[]
2026-06-01,13:51:22.241316,[]
2026-06-01,13:51:22.274683,[]
2026-06-01,13:51:22.308050,[]
2026-06-01,13:51:22.341417,[]
2026-06-01,13:51:22.374784,[]
2026-06-01,13:51:22.408151,[]
2026-06-01,13:51:22.441518,[]
2026-06-01,13:51:22.474885,[]
2026-06-01,13:51:22.508252,[]
2026-06-01,13:51:22.541619,[]
2026-06-01,13:51:22.574986,[]
2026-06-01,13:51:22.608353,[]
2026-06-01,13:51:22.641720,[]
2026-06-01,13:51:22.675087,[]
2026-06-01,13:51:22.708454,[]
2026-06-01,13:51:22.741821,[]
2026-06-01,13:51:22.775188,[]
2026-06-01,13:51:22.808555,[]
2026-06-01,13:51:22.841922,[]
2026-06-01,13:51:22.875289,[]
2026-06-01,13:51:22.908656,[]
2026-06-01,13:51:22.942023,[]
2026-06-01,13:51:22.975390,[]
2026-06-01,13:51:23.008757,[]
2026-06-01,13:51:23.042124,[]
2026-06-01,13:51:23.075491,[]
2026-06-01,13:51:23.108858,[]
2026-06-01,13:51:23.142225,[]
2026-06-01,13:51:23.175592,[]
2026-06-01,13:51:23.208959,[]
2026-06-01,13:51:23.242326,[]
2026-06-01,13:51:23.275693,[]
2026-06-01,13:51:23.309060,[]
2026-06-01,13:51:23.342427,[]
2026-06-01,13:51:23.375794,[]
2026-06-01,13:51:23.409161,[]
2026-06-01,13:51:23.442528,[]
2026-06-01,13:51:23.475895,[]
2026-06-01,13:51:23.509262,[]
2026-06-01,13:51:23.542629,[]
2026-06-01,13:51:23.575996,[]
2026-06-01,13:51:23.609363,[]
2026-06-01,13:51:23.642730,[]
2026-06-01,13:51:23.676097,[]
2026-06-01,13:51:23.709464,[]
2026-06-01,13:51:23.742831,[]
2026-06-01,13:51:23.776198,[]
2026-06-01,13:51:23.809565,[]
2026-06-01,13:51:23.842932,[]
2026-06-01,13:51:23.876299,[]
2026-06-01,13:51:23.909666,[]
2026-06-01,13:51:23.943033,[]
2026-06-01,13:51:23.976400,[]
2026-06-01,13:51:24.009767,[]
2026-06-01,13:51:24.043134,[]
2026-06-01,13:51:24.076501,[]
2026-06-01,13:51:24.109868,[]
2026-06-01,13:51:24.143235,[]
2026-06-01,13:51:24.176602,[]
2026-06-01,13:51:24.209969,[]
2026-06-01,13:51:24.243336,[]
2026-06-01,13:51:24.276703,[]
2026-06-01,13:51:24.310070,[]
2026-06-01,13:51:24.343437,[]
2026-06-01,13:51:24.376804,[]
2026-06-01,13:51:24.410171,[]
2026-06-01,13:51:24.443538,[]
2026-06-01,13:51:24.476905,[]
2026-06-01,13:51:24.510272,[]
2026-06-01,13:51:24.543639,[]
2026-06-01,13:51:24.577006,[]
2026-06-01,13:51:24.610373,[]
2026-06-01,13:51:24.643740,[]
2026-06-01,13:51:24.677107,[]
2026-06-01,13:51:24.710474,[]
2026-06-01,13:51:24.743841,[]
2026-06-01,13:51:24.777208,[]
2026-06-01,13:51:24.810575,[]
2026-06-01,13:51:24.843942,[]
2026-06-01,13:51:24.877309,[]
2026-06-01,13:51:24.910676,[]
2026-06-01,13:51:24.944043,[]
2026-06-01,13:51:24.977410,[]
2026-06-01,13:51:25.010777,[]
2026-06-01,13:51:25.044144,[]
2026-06-01,13:51:25.077511,[]
2026-06-01,13:51:25.110878,[]
2026-06-01,13:51:25.144245,[]
2026-06-01,13:51:25.177612,[]
2026-06-01,13:51:25.210979,[]
2026-06-01,13:51:25.244346,[]
2026-06-01,13:51:25.277713,[]
2026-06-01,13:51:25.311080,[]
2026-06-01,13:51:25.344447,[]
2026-06-01,13:51:25.377814,[]
2026-06-01,13:51:25.411181,[]
2026-06-01,13:51:25.444548,[]
2026-06-01,13:51:25.477915,[]
2026-06-01,13:51:25.511282,[]
2026-06-01,13:51:25.544649,[]
2026-06-01,13:51:25.578016,[]
2026-06-01,13:51:25.611383,[]
2026-06-01,13:51:25.644750,[]
2026-06-01,13:51:25.678117,[]
2026-06-01,13:51:25.711484,[]
2026-06-01,13:51:25.744851,[]
2026-06-01,13:51:25.778218,[]
2026-06-01,13:51:25.811585,[]
2026-06-01,13:51:25.844952,[]
2026-06-01,13:51:25.878319,[]
2026-06-01,13:51:25.911686,[]
2026-06-01,13:51:25.945053,[]
2026-06-01,13:51:25.978420,[]
2026-06-01,13:51:26.011787,[]
2026-06-01,13:51:26.045154,[]
2026-06-01,13:51:26.078521,[]
2026-06-01,13:51:26.111888,[]
2026-06-01,13:51:26.145255,[]
2026-06-01,13:51:26.178622,[]
2026-06-01,13:51:26.211989,[]
2026-06-01,13:51:26.245356,[]
2026-06-01,13:51:26.278723,[]
2026-06-01,13:51:26.312090,[]
2026-06-01,13:51:26.345457,[]
2026-06-01,13:51:26.378824,[]
2026-06-01,13:51:26.412191,[]
2026-06-01,13:51:26.445558,[]
2026-06-01,13:51:26.478925,[]
2026-06-01,13:51:26.512292,[]
2026-06-01,13:51:26.545659,[]
2026-06-01,13:51:26.579026,[]
2026-06-01,13:51:26.612393,[]
2026-06-01,13:51:26.645760,[]
2026-06-01,13:51:26.679127,[]
2026-06-01,13:51:26.712494,[]
2026-06-01,13:51:26.745861,[]
2026-06-01,13:51:26.779228,[]
2026-06-01,13:51:26.812595,[]
2026-06-01,13:51:26.845962,[]
2026-06-01,13:51:26.879329,[]
2026-06-01,13:51:26.912696,[]
2026-06-01,13:51:26.946063,[]
2026-06-01,13:51:26.979430,[]
2026-06-01,13:51:27.012797,[]
2026-06-01,13:51:27.046164,[]
2026-06-01,13:51:27.079531,[]
2026-06-01,13:51:27.112898,[]
2026-06-01,13:51:27.146265,[]
2026-06-01,13:51:27.179632,[]
2026-06-01,13:51:27.212999,[]
2026-06-01,13:51:27.246366,[]
2026-06-01,13:51:27.279733,[]
2026-06-01,13:51:27.313100,[]
2026-06-01,13:51:27.346467,[]
2026-06-01,13:51:27.379834,[]
2026-06-01,13:51:27.413201,[]
2026-06-01,13:51:27.446568,[]
2026-06-01,13:51:27.479935,[]
2026-06-01,13:51:27.513302,[]
2026-06-01,13:51:27.546669,[]
2026-06-01,13:51:27.580036,[]
2026-06-01,13:51:27.613403,[]
2026-06-01,13:51:27.646770,[]
2026-06-01,13:51:27.680137,[]
2026-06-01,13:51:27.713504,[]
2026-06-01,13:51:27.746871,[]
2026-06-01,13:51:27.780238,[]
2026-06-01,13:51:27.813605,[]
2026-06-01,13:51:27.846972,[]
2026-06-01,13:51:27.880339,[]
2026-06-01,13:51:27.913706,[]
2026-06-01,13:51:27.947073,[]
2026-06-01,13:51:27.980440,[]
2026-06-01,13:51:28.013807,[]
2026-06-01,13:51:28.047174,[]
2026-06-01,13:51:28.080541,[]
2026-06-01,13:51:28.113908,[]
2026-06-01,13:51:28.147275,[]
2026-06-01,13:51:28.180642,[]
2026-06-01,13:51:28.214009,[]
2026-06-01,13:51:28.247376,[]
2026-06-01,13:51:28.280743,[]
2026-06-01,13:51:28.314110,[]
2026-06-01,13:51:28.347477,[]
2026-06-01,13:51:28.380844,[]
2026-06-01,13:51:28.414211,[]
2026-06-01,13:51:28.447578,[]
2026-06-01,13:51:28.480945,[]
2026-06-01,13:51:28.514312,[]
2026-06-01,13:51:28.547679,[]
2026-06-01,13:51:28.581046,[]
2026-06-01,13:51:28.614413,[]
2026-06-01,13:51:28.647780,[]
2026-06-01,13:51:28.681147,[]
2026-06-01,13:51:28.714514,[]
2026-06-01,13:51:28.747881,[]
2026-06-01,13:51:28.781248,[]
2026-06-01,13:51:28.814615,[]
2026-06-01,13:51:28.847982,[]
2026-06-01,13:51:28.881349,[]
2026-06-01,13:51:28.914716,[]
2026-06-01,13:51:28.948083,[]
2026-06-01,13:51:28.981450,['EF96820']
2026-06-01,13:51:29.014817,['EF96820']
2026-06-01,13:51:29.048184,['EF96820']
2026-06-01,13:51:29.081551,['EF96820']
2026-06-01,13:51:29.114918,['EF96820']
2026-06-01,13:51:29.148285,['EF96820']
2026-06-01,13:51:29.181652,['EF96820']
2026-06-01,13:51:29.215019,['EF96820']
2026-06-01,13:51:29.248386,['EF96820']
2026-06-01,13:51:29.281753,['EF96820']
2026-06-01,13:51:29.315120,[]
2026-06-01,13:51:29.348487,[]
2026-06-01,13:51:29.381854,[]
2026-06-01,13:51:29.415221,[]
2026-06-01,13:51:29.448588,[]
2026-06-01,13:51:29.481955,[]
2026-06-01,13:51:29.515322,[]
2026-06-01,13:51:29.548689,[]
2026-06-01,13:51:29.582056,[]
2026-06-01,13:51:29.615423,[]
2026-06-01,13:51:29.648790,[]
2026-06-01,13:51:29.682157,[]
2026-06-01,13:51:29.715524,[]
2026-06-01,13:51:29.748891,[]
2026-06-01,13:51:29.782258,[]
2026-06-01,13:51:29.815625,[]
2026-06-01,13:51:29.848992,[]
2026-06-01,13:51:29.882359,[]
2026-06-01,13:51:29.915726,[]
2026-06-01,13:51:29.949093,[]
2026-06-01,13:51:29.982460,[]
2026-06-01,13:51:30.015827,[]
2026-06-01,13:51:30.049194,[]
2026-06-01,13:51:30.082561,[]
2026-06-01,13:51:30.115928,[]
2026-06-01,13:51:30.149295,[]
2026-06-01,13:51:30.182662,[]
2026-06-01,13:51:30.216029,[]
2026-06-01,13:51:30.249396,[]
2026-06-01,13:51:30.282763,[]
2026-06-01,13:51:30.316130,[]
2026-06-01,13:51:30.349497,[]
2026-06-01,13:51:30.382864,[]
2026-06-01,13:51:30.416231,[]
2026-06-01,13:51:30.449598,[]
2026-06-01,13:51:30.482965,[]
2026-06-01,13:51:30.516332,[]
2026-06-01,13:51:30.549699,[]
2026-06-01,13:51:30.583066,[]
2026-06-01,13:51:30.616433,[]
2026-06-01,13:51:30.649800,[]
2026-06-01,13:51:30.683167,[]
2026-06-01,13:51:30.716534,[]
2026-06-01,13:51:30.749901,[]
2026-06-01,13:51:30.783268,[]
2026-06-01,13:51:30.816635,[]
2026-06-01,13:51:30.850002,[]
2026-06-01,13:51:30.883369,[]
2026-06-01,13:51:30.916736,[]
2026-06-01,13:51:30.950103,[]
2026-06-01,13:51:30.983470,[]
2026-06-01,13:51:31.016837,[]
2026-06-01,13:51:31.050204,[]
2026-06-01,13:51:31.083571,[]
2026-06-01,13:51:31.116938,[]
2026-06-01,13:51:31.150305,[]
2026-06-01,13:51:31.183672,[]
2026-06-01,13:51:31.217039,[]
2026-06-01,13:51:31.250406,[]
2026-06-01,13:51:31.283773,[]
2026-06-01,13:51:31.317140,[]
2026-06-01,13:51:31.350507,[]
2026-06-01,13:51:31.383874,[]
2026-06-01,13:51:31.417241,[]
2026-06-01,13:51:31.450608,[]
2026-06-01,13:51:31.483975,[]
2026-06-01,13:51:31.517342,[]
2026-06-01,13:51:31.550709,[]
2026-06-01,13:51:31.584076,[]
2026-06-01,13:51:31.617443,[]
2026-06-01,13:51:31.650810,[]
2026-06-01,13:51:31.684177,[]
2026-06-01,13:51:31.717544,[]
2026-06-01,13:51:31.750911,[]
2026-06-01,13:51:31.784278,[]
2026-06-01,13:51:31.817645,[]
2026-06-01,13:51:31.851012,[]
2026-06-01,13:51:31.884379,[]
2026-06-01,13:51:31.917746,[]
2026-06-01,13:51:31.951113,[]
2026-06-01,13:51:31.984480,[]
2026-06-01,13:51:32.017847,[]
2026-06-01,13:51:32.051214,[]
2026-06-01,13:51:32.084581,[]
2026-06-01,13:51:32.117948,[]
2026-06-01,13:51:32.151315,[]
2026-06-01,13:51:32.184682,[]
2026-06-01,13:51:32.218049,[]
2026-06-01,13:51:32.251416,[]
2026-06-01,13:51:32.284783,[]
2026-06-01,13:51:32.318150,[]
2026-06-01,13:51:32.351517,[]
2026-06-01,13:51:32.384884,[]
2026-06-01,13:51:32.418251,[]
2026-06-01,13:51:32.451618,[]
2026-06-01,13:51:32.484985,[]
2026-06-01,13:51:32.518352,[]
2026-06-01,13:51:32.551719,[]
2026-06-01,13:51:32.585086,[]
2026-06-01,13:51:32.618453,[]
2026-06-01,13:51:32.651820,[]
2026-06-01,13:51:32.685187,[]
2026-06-01,13:51:32.718554,[]
2026-06-01,13:51:32.751921,[]
2026-06-01,13:51:32.785288,[]
2026-06-01,13:51:32.818655,[]
2026-06-01,13:51:32.852022,[]
2026-06-01,13:51:32.885389,[]
2026-06-01,13:51:32.918756,[]
2026-06-01,13:51:32.952123,[]
2026-06-01,13:51:32.985490,[]
2026-06-01,13:51:33.018857,[]
2026-06-01,13:51:33.052224,[]
2026-06-01,13:51:33.085591,[]
2026-06-01,13:51:33.118958,[]
2026-06-01,13:51:33.152325,[]
2026-06-01,13:51:33.185692,[]
2026-06-01,13:51:33.219059,[]
2026-06-01,13:51:33.252426,[]
2026-06-01,13:51:33.285793,[]
2026-06-01,13:51:33.319160,[]
2026-06-01,13:51:33.352527,[]
2026-06-01,13:51:33.385894,[]
2026-06-01,13:51:33.419261,[]
2026-06-01,13:51:33.452628,[]
2026-06-01,13:51:33.485995,[]
2026-06-01,13:51:33.519362,[]
2026-06-01,13:51:33.552729,[]
2026-06-01,13:51:33.586096,[]
2026-06-01,13:51:33.619463,[]
2026-06-01,13:51:33.652830,[]
2026-06-01,13:51:33.686197,[]
2026-06-01,13:51:33.719564,[]
2026-06-01,13:51:33.752931,[]
2026-06-01,13:51:33.786298,[]
2026-06-01,13:51:33.819665,[]
2026-06-01,13:51:33.853032,[]
2026-06-01,13:51:33.886399,[]
2026-06-01,13:51:33.919766,[]
2026-06-01,13:51:33.953133,[]
2026-06-01,13:51:33.986500,[]
2026-06-01,13:51:34.019867,[]
2026-06-01,13:51:34.053234,[]
2026-06-01,13:51:34.086601,[]
2026-06-01,13:51:34.119968,[]
2026-06-01,13:51:34.153335,[]
2026-06-01,13:51:34.186702,[]
2026-06-01,13:51:34.220069,[]
2026-06-01,13:51:34.253436,[]
2026-06-01,13:51:34.286803,[]
2026-06-01,13:51:34.320170,[]
2026-06-01,13:51:34.353537,[]
2026-06-01,13:51:34.386904,[]
2026-06-01,13:51:34.420271,[]
2026-06-01,13:51:34.453638,[]
2026-06-01,13:51:34.487005,[]
2026-06-01,13:51:34.520372,[]
2026-06-01,13:51:34.553739,[]
2026-06-01,13:51:34.587106,[]
2026-06-01,13:51:34.620473,[]
2026-06-01,13:51:34.653840,[]
2026-06-01,13:51:34.687207,[]
2026-06-01,13:51:34.720574,[]
2026-06-01,13:51:34.753941,[]
2026-06-01,13:51:34.787308,[]
2026-06-01,13:51:34.820675,[]
2026-06-01,13:51:34.854042,[]
2026-06-01,13:51:34.887409,[]
2026-06-01,13:51:34.920776,[]
2026-06-01,13:51:34.954143,[]
2026-06-01,13:51:34.987510,[]
2026-06-01,13:51:35.020877,[]
2026-06-01,13:51:35.054244,[]
2026-06-01,13:51:35.087611,[]
2026-06-01,13:51:35.120978,[]
2026-06-01,13:51:35.154345,[]
2026-06-01,13:51:35.187712,[]
2026-06-01,13:51:35.221079,[]
2026-06-01,13:51:35.254446,[]
2026-06-01,13:51:35.287813,[]
2026-06-01,13:51:35.321180,[]
2026-06-01,13:51:35.354547,[]
2026-06-01,13:51:35.387914,[]
2026-06-01,13:51:35.421281,[]
2026-06-01,13:51:35.454648,[]
2026-06-01,13:51:35.488015,[]
2026-06-01,13:51:35.521382,[]
2026-06-01,13:51:35.554749,[]
2026-06-01,13:51:35.588116,[]
2026-06-01,13:51:35.621483,[]
2026-06-01,13:51:35.654850,[]
2026-06-01,13:51:35.688217,[]
2026-06-01,13:51:35.721584,[]
2026-06-01,13:51:35.754951,[]
2026-06-01,13:51:35.788318,[]
2026-06-01,13:51:35.821685,[]
2026-06-01,13:51:35.855052,[]
2026-06-01,13:51:35.888419,[]
2026-06-01,13:51:35.921786,[]
2026-06-01,13:51:35.955153,[]
2026-06-01,13:51:35.988520,[]
2026-06-01,13:51:36.021887,[]
2026-06-01,13:51:36.055254,[]
2026-06-01,13:51:36.088621,[]
2026-06-01,13:51:36.121988,[]
2026-06-01,13:51:36.155355,[]
2026-06-01,13:51:36.188722,[]
2026-06-01,13:51:36.222089,[]
2026-06-01,13:51:36.255456,[]
2026-06-01,13:51:36.288823,[]
2026-06-01,13:51:36.322190,[]
2026-06-01,13:51:36.355557,[]
2026-06-01,13:51:36.388924,[]
2026-06-01,13:51:36.422291,[]
2026-06-01,13:51:36.455658,[]
2026-06-01,13:51:36.489025,[]
2026-06-01,13:51:36.522392,[]
2026-06-01,13:51:36.555759,[]
2026-06-01,13:51:36.589126,[]
2026-06-01,13:51:36.622493,[]
2026-06-01,13:51:36.655860,[]
2026-06-01,13:51:36.689227,[]
2026-06-01,13:51:36.722594,[]
2026-06-01,13:51:36.755961,[]
2026-06-01,13:51:36.789328,[]
2026-06-01,13:51:36.822695,[]
2026-06-01,13:51:36.856062,[]
2026-06-01,13:51:36.889429,[]
2026-06-01,13:51:36.922796,[]
2026-06-01,13:51:36.956163,[]
2026-06-01,13:51:36.989530,[]
2026-06-01,13:51:37.022897,[]
2026-06-01,13:51:37.056264,[]
2026-06-01,13:51:37.089631,[]
2026-06-01,13:51:37.122998,[]
2026-06-01,13:51:37.156365,[]
2026-06-01,13:51:37.189732,[]
2026-06-01,13:51:37.223099,[]
2026-06-01,13:51:37.256466,[]
2026-06-01,13:51:37.289833,[]
2026-06-01,13:51:37.323200,[]
2026-06-01,13:51:37.356567,[]
2026-06-01,13:51:37.389934,[]
2026-06-01,13:51:37.423301,[]
2026-06-01,13:51:37.456668,[]
2026-06-01,13:51:37.490035,[]
2026-06-01,13:51:37.523402,[]
2026-06-01,13:51:37.556769,[]
2026-06-01,13:51:37.590136,[]
2026-06-01,13:51:37.623503,[]
2026-06-01,13:51:37.656870,[]
2026-06-01,13:51:37.690237,[]
2026-06-01,13:51:37.723604,[]
2026-06-01,13:51:37.756971,[]
2026-06-01,13:51:37.790338,[]
2026-06-01,13:51:37.823705,[]
2026-06-01,13:51:37.857072,[]
2026-06-01,13:51:37.890439,[]
2026-06-01,13:51:37.923806,[]
2026-06-01,13:51:37.957173,[]
2026-06-01,13:51:37.990540,[]
2026-06-01,13:51:38.023907,[]
2026-06-01,13:51:38.057274,[]
2026-06-01,13:51:38.090641,[]
2026-06-01,13:51:38.124008,[]
2026-06-01,13:51:38.157375,[]
2026-06-01,13:51:38.190742,[]
2026-06-01,13:51:38.224109,[]
2026-06-01,13:51:38.257476,[]
2026-06-01,13:51:38.290843,[]
2026-06-01,13:51:38.324210,[]
2026-06-01,13:51:38.357577,[]
2026-06-01,13:51:38.390944,[]
2026-06-01,13:51:38.424311,[]
2026-06-01,13:51:38.457678,[]
2026-06-01,13:51:38.491045,[]
2026-06-01,13:51:38.524412,[]
2026-06-01,13:51:38.557779,[]
2026-06-01,13:51:38.591146,[]
2026-06-01,13:51:38.624513,[]
2026-06-01,13:51:38.657880,[]
2026-06-01,13:51:38.691247,[]
2026-06-01,13:51:38.724614,[]
2026-06-01,13:51:38.757981,[]
2026-06-01,13:51:38.791348,[]
2026-06-01,13:51:38.824715,[]
2026-06-01,13:51:38.858082,[]
2026-06-01,13:51:38.891449,[]
2026-06-01,13:51:38.924816,[]
2026-06-01,13:51:38.958183,[]
2026-06-01,13:51:38.991550,[]
2026-06-01,13:51:39.024917,[]
2026-06-01,13:51:39.058284,[]
2026-06-01,13:51:39.091651,[]
2026-06-01,13:51:39.125018,[]
2026-06-01,13:51:39.158385,[]
2026-06-01,13:51:39.191752,[]
2026-06-01,13:51:39.225119,[]
2026-06-01,13:51:39.258486,[]
2026-06-01,13:51:39.291853,[]
2026-06-01,13:51:39.325220,[]
2026-06-01,13:51:39.358587,[]
2026-06-01,13:51:39.391954,[]
2026-06-01,13:51:39.425321,[]
2026-06-01,13:51:39.458688,[]
2026-06-01,13:51:39.492055,[]
2026-06-01,13:51:39.525422,[]
2026-06-01,13:51:39.558789,[]
2026-06-01,13:51:39.592156,[]
2026-06-01,13:51:39.625523,[]
2026-06-01,13:51:39.658890,[]
2026-06-01,13:51:39.692257,[]
2026-06-01,13:51:39.725624,[]
2026-06-01,13:51:39.758991,[]
2026-06-01,13:51:39.792358,[]
2026-06-01,13:51:39.825725,[]
2026-06-01,13:51:39.859092,[]
2026-06-01,13:51:39.892459,[]
2026-06-01,13:51:39.925826,[]
2026-06-01,13:51:39.959193,[]
2026-06-01,13:51:39.992560,[]
2026-06-01,13:51:40.025927,[]
2026-06-01,13:51:40.059294,[]
2026-06-01,13:51:40.092661,[]
2026-06-01,13:51:40.126028,[]
2026-06-01,13:51:40.159395,[]
2026-06-01,13:51:40.192762,[]
2026-06-01,13:51:40.226129,[]
2026-06-01,13:51:40.259496,[]
2026-06-01,13:51:40.292863,[]
2026-06-01,13:51:40.326230,[]
2026-06-01,13:51:40.359597,[]
2026-06-01,13:51:40.392964,[]
2026-06-01,13:51:40.426331,[]
2026-06-01,13:51:40.459698,[]
2026-06-01,13:51:40.493065,[]
2026-06-01,13:51:40.526432,[]
2026-06-01,13:51:40.559799,[]
2026-06-01,13:51:40.593166,[]
2026-06-01,13:51:40.626533,[]
2026-06-01,13:51:40.659900,[]
2026-06-01,13:51:40.693267,[]
2026-06-01,13:51:40.726634,[]
2026-06-01,13:51:40.760001,[]
2026-06-01,13:51:40.793368,[]
2026-06-01,13:51:40.826735,[]
2026-06-01,13:51:40.860102,[]
2026-06-01,13:51:40.893469,[]
2026-06-01,13:51:40.926836,[]
2026-06-01,13:51:40.960203,[]
2026-06-01,13:51:40.993570,[]
2026-06-01,13:51:41.026937,[]
2026-06-01,13:51:41.060304,[]
2026-06-01,13:51:41.093671,[]
2026-06-01,13:51:41.127038,[]
2026-06-01,13:51:41.160405,[]
2026-06-01,13:51:41.193772,[]
2026-06-01,13:51:41.227139,[]
2026-06-01,13:51:41.260506,[]
2026-06-01,13:51:41.293873,[]
2026-06-01,13:51:41.327240,[]
2026-06-01,13:51:41.360607,[]
2026-06-01,13:51:41.393974,[]
2026-06-01,13:51:41.427341,[]
2026-06-01,13:51:41.460708,[]
2026-06-01,13:51:41.494075,[]
2026-06-01,13:51:41.527442,[]
2026-06-01,13:51:41.560809,[]
2026-06-01,13:51:41.594176,[]
2026-06-01,13:51:41.627543,[]
2026-06-01,13:51:41.660910,[]
2026-06-01,13:51:41.694277,[]
2026-06-01,13:51:41.727644,[]
2026-06-01,13:51:41.761011,[]
2026-06-01,13:51:41.794378,[]
2026-06-01,13:51:41.827745,[]
2026-06-01,13:51:41.861112,[]
2026-06-01,13:51:41.894479,[]
2026-06-01,13:51:41.927846,[]
2026-06-01,13:51:41.961213,[]
2026-06-01,13:51:41.994580,[]
2026-06-01,13:51:42.027947,[]
2026-06-01,13:51:42.061314,[]
2026-06-01,13:51:42.094681,[]
2026-06-01,13:51:42.128048,[]
2026-06-01,13:51:42.161415,[]
2026-06-01,13:51:42.194782,[]
2026-06-01,13:51:42.228149,[]
2026-06-01,13:51:42.261516,[]
2026-06-01,13:51:42.294883,[]
2026-06-01,13:51:42.328250,[]
2026-06-01,13:51:42.361617,[]
2026-06-01,13:51:42.394984,[]
2026-06-01,13:51:42.428351,[]
2026-06-01,13:51:42.461718,[]
2026-06-01,13:51:42.495085,[]
2026-06-01,13:51:42.528452,[]
2026-06-01,13:51:42.561819,[]
2026-06-01,13:51:42.595186,[]
2026-06-01,13:51:42.628553,[]
2026-06-01,13:51:42.661920,[]
2026-06-01,13:51:42.695287,[]
2026-06-01,13:51:42.728654,[]
2026-06-01,13:51:42.762021,[]
2026-06-01,13:51:42.795388,[]
2026-06-01,13:51:42.828755,[]
2026-06-01,13:51:42.862122,[]
2026-06-01,13:51:42.895489,[]
2026-06-01,13:51:42.928856,[]
2026-06-01,13:51:42.962223,[]
2026-06-01,13:51:42.995590,[]
2026-06-01,13:51:43.028957,[]
2026-06-01,13:51:43.062324,[]
2026-06-01,13:51:43.095691,[]
2026-06-01,13:51:43.129058,[]
2026-06-01,13:51:43.162425,[]
2026-06-01,13:51:43.195792,[]
2026-06-01,13:51:43.229159,[]
2026-06-01,13:51:43.262526,[]
2026-06-01,13:51:43.295893,[]
2026-06-01,13:51:43.329260,[]
2026-06-01,13:51:43.362627,[]
2026-06-01,13:51:43.395994,[]
2026-06-01,13:51:43.429361,[]
2026-06-01,13:51:43.462728,[]
2026-06-01,13:51:43.496095,[]
2026-06-01,13:51:43.529462,[]
2026-06-01,13:51:43.562829,[]
2026-06-01,13:51:43.596196,[]
2026-06-01,13:51:43.629563,[]
2026-06-01,13:51:43.662930,[]
2026-06-01,13:51:43.696297,[]
2026-06-01,13:51:43.729664,[]
2026-06-01,13:51:43.763031,[]
2026-06-01,13:51:43.796398,[]
2026-06-01,13:51:43.829765,[]
2026-06-01,13:51:43.863132,[]
2026-06-01,13:51:43.896499,[]
2026-06-01,13:51:43.929866,[]
2026-06-01,13:51:43.963233,[]
2026-06-01,13:51:43.996600,[]
2026-06-01,13:51:44.029967,[]
2026-06-01,13:51:44.063334,[]
2026-06-01,13:51:44.096701,[]
2026-06-01,13:51:44.130068,[]
2026-06-01,13:51:44.163435,[]
2026-06-01,13:51:44.196802,[]
2026-06-01,13:51:44.230169,[]
2026-06-01,13:51:44.263536,[]
2026-06-01,13:51:44.296903,[]
2026-06-01,13:51:44.330270,[]
2026-06-01,13:51:44.363637,[]
2026-06-01,13:51:44.397004,[]
2026-06-01,13:51:44.430371,[]
2026-06-01,13:51:44.463738,[]
2026-06-01,13:51:44.497105,[]
2026-06-01,13:51:44.530472,[]
2026-06-01,13:51:44.563839,[]
2026-06-01,13:51:44.597206,[]
2026-06-01,13:51:44.630573,[]
2026-06-01,13:51:44.663940,[]
2026-06-01,13:51:44.697307,[]
2026-06-01,13:51:44.730674,[]
2026-06-01,13:51:44.764041,[]
2026-06-01,13:51:44.797408,[]
2026-06-01,13:51:44.830775,[]
2026-06-01,13:51:44.864142,[]
2026-06-01,13:51:44.897509,[]
2026-06-01,13:51:44.930876,[]
2026-06-01,13:51:44.964243,[]
2026-06-01,13:51:44.997610,[]
2026-06-01,13:51:45.030977,[]
2026-06-01,13:51:45.064344,[]
2026-06-01,13:51:45.097711,[]
2026-06-01,13:51:45.131078,[]
2026-06-01,13:51:45.164445,[]
2026-06-01,13:51:45.197812,[]
2026-06-01,13:51:45.231179,[]
2026-06-01,13:51:45.264546,[]
2026-06-01,13:51:45.297913,[]
2026-06-01,13:51:45.331280,[]
2026-06-01,13:51:45.364647,[]
2026-06-01,13:51:45.398014,[]
2026-06-01,13:51:45.431381,[]
2026-06-01,13:51:45.464748,[]
2026-06-01,13:51:45.498115,[]
2026-06-01,13:51:45.531482,[]
2026-06-01,13:51:45.564849,[]
2026-06-01,13:51:45.598216,[]
2026-06-01,13:51:45.631583,[]
2026-06-01,13:51:45.664950,[]
2026-06-01,13:51:45.698317,[]
2026-06-01,13:51:45.731684,[]
2026-06-01,13:51:45.765051,[]
2026-06-01,13:51:45.798418,[]
2026-06-01,13:51:45.831785,[]
2026-06-01,13:51:45.865152,[]
2026-06-01,13:51:45.898519,[]
2026-06-01,13:51:45.931886,[]
2026-06-01,13:51:45.965253,[]
2026-06-01,13:51:45.998620,[]
2026-06-01,13:51:46.031987,[]
2026-06-01,13:51:46.065354,[]
2026-06-01,13:51:46.098721,[]
2026-06-01,13:51:46.132088,[]
2026-06-01,13:51:46.165455,[]
2026-06-01,13:51:46.198822,[]
2026-06-01,13:51:46.232189,[]
2026-06-01,13:51:46.265556,[]
2026-06-01,13:51:46.298923,[]
2026-06-01,13:51:46.332290,[]
2026-06-01,13:51:46.365657,[]
2026-06-01,13:51:46.399024,[]
2026-06-01,13:51:46.432391,[]
2026-06-01,13:51:46.465758,[]
2026-06-01,13:51:46.499125,[]
2026-06-01,13:51:46.532492,[]
2026-06-01,13:51:46.565859,[]
2026-06-01,13:51:46.599226,[]
2026-06-01,13:51:46.632593,[]
2026-06-01,13:51:46.665960,[]
2026-06-01,13:51:46.699327,[]
2026-06-01,13:51:46.732694,[]
2026-06-01,13:51:46.766061,[]
2026-06-01,13:51:46.799428,[]
2026-06-01,13:51:46.832795,[]
2026-06-01,13:51:46.866162,[]
2026-06-01,13:51:46.899529,[]
2026-06-01,13:51:46.932896,[]
2026-06-01,13:51:46.966263,[]
2026-06-01,13:51:46.999630,[]
2026-06-01,13:51:47.032997,[]
2026-06-01,13:51:47.066364,[]
2026-06-01,13:51:47.099731,[]
2026-06-01,13:51:47.133098,[]
2026-06-01,13:51:47.166465,[]
2026-06-01,13:51:47.199832,[]
2026-06-01,13:51:47.233199,[]
2026-06-01,13:51:47.266566,[]
2026-06-01,13:51:47.299933,[]
2026-06-01,13:51:47.333300,[]
2026-06-01,13:51:47.366667,[]
2026-06-01,13:51:47.400034,[]
2026-06-01,13:51:47.433401,[]
2026-06-01,13:51:47.466768,[]
2026-06-01,13:51:47.500135,[]
2026-06-01,13:51:47.533502,[]
2026-06-01,13:51:47.566869,[]
2026-06-01,13:51:47.600236,[]
2026-06-01,13:51:47.633603,[]
2026-06-01,13:51:47.666970,[]
2026-06-01,13:51:47.700337,[]
2026-06-01,13:51:47.733704,[]
2026-06-01,13:51:47.767071,[]
2026-06-01,13:51:47.800438,[]
2026-06-01,13:51:47.833805,[]
2026-06-01,13:51:47.867172,[]
2026-06-01,13:51:47.900539,[]
2026-06-01,13:51:47.933906,[]
2026-06-01,13:51:47.967273,[]
2026-06-01,13:51:48.000640,[]
2026-06-01,13:51:48.034007,[]
2026-06-01,13:51:48.067374,[]
2026-06-01,13:51:48.100741,[]
2026-06-01,13:51:48.134108,[]
2026-06-01,13:51:48.167475,[]
2026-06-01,13:51:48.200842,[]
2026-06-01,13:51:48.234209,[]
2026-06-01,13:51:48.267576,[]
2026-06-01,13:51:48.300943,[]
2026-06-01,13:51:48.334310,[]
2026-06-01,13:51:48.367677,[]
2026-06-01,13:51:48.401044,[]
2026-06-01,13:51:48.434411,[]
2026-06-01,13:51:48.467778,[]
2026-06-01,13:51:48.501145,[]
2026-06-01,13:51:48.534512,[]
2026-06-01,13:51:48.567879,[]
2026-06-01,13:51:48.601246,[]
2026-06-01,13:51:48.634613,[]
2026-06-01,13:51:48.667980,[]
2026-06-01,13:51:48.701347,[]
2026-06-01,13:51:48.734714,[]
2026-06-01,13:51:48.768081,[]
2026-06-01,13:51:48.801448,[]
2026-06-01,13:51:48.834815,[]
2026-06-01,13:51:48.868182,[]
2026-06-01,13:51:48.901549,[]
2026-06-01,13:51:48.934916,[]
2026-06-01,13:51:48.968283,[]
2026-06-01,13:51:49.001650,[]
2026-06-01,13:51:49.035017,[]
2026-06-01,13:51:49.068384,[]
2026-06-01,13:51:49.101751,[]
2026-06-01,13:51:49.135118,[]
2026-06-01,13:51:49.168485,[]
2026-06-01,13:51:49.201852,[]
2026-06-01,13:51:49.235219,[]
2026-06-01,13:51:49.268586,[]
2026-06-01,13:51:49.301953,[]
2026-06-01,13:51:49.335320,[]
2026-06-01,13:51:49.368687,[]
2026-06-01,13:51:49.402054,[]
2026-06-01,13:51:49.435421,[]
2026-06-01,13:51:49.468788,[]
2026-06-01,13:51:49.502155,[]
2026-06-01,13:51:49.535522,[]
2026-06-01,13:51:49.568889,[]
2026-06-01,13:51:49.602256,[]
2026-06-01,13:51:49.635623,[]
2026-06-01,13:51:49.668990,[]
2026-06-01,13:51:49.702357,[]
2026-06-01,13:51:49.735724,[]
2026-06-01,13:51:49.769091,[]
2026-06-01,13:51:49.802458,[]
2026-06-01,13:51:49.835825,[]
2026-06-01,13:51:49.869192,[]
2026-06-01,13:51:49.902559,[]
2026-06-01,13:51:49.935926,[]
2026-06-01,13:51:49.969293,[]
2026-06-01,13:51:50.002660,[]
2026-06-01,13:51:50.036027,[]
2026-06-01,13:51:50.069394,[]
2026-06-01,13:51:50.102761,[]
2026-06-01,13:51:50.136128,[]
2026-06-01,13:51:50.169495,[]
2026-06-01,13:51:50.202862,[]
2026-06-01,13:51:50.236229,[]
2026-06-01,13:51:50.269596,[]
2026-06-01,13:51:50.302963,[]
2026-06-01,13:51:50.336330,[]
2026-06-01,13:51:50.369697,[]
2026-06-01,13:51:50.403064,[]
2026-06-01,13:51:50.436431,[]
2026-06-01,13:51:50.469798,[]
2026-06-01,13:51:50.503165,[]
2026-06-01,13:51:50.536532,[]
2026-06-01,13:51:50.569899,[]
2026-06-01,13:51:50.603266,[]
2026-06-01,13:51:50.636633,[]
2026-06-01,13:51:50.670000,[]
2026-06-01,13:51:50.703367,[]
2026-06-01,13:51:50.736734,[]
2026-06-01,13:51:50.770101,[]
2026-06-01,13:51:50.803468,[]
2026-06-01,13:51:50.836835,[]
2026-06-01,13:51:50.870202,[]
2026-06-01,13:51:50.903569,[]
2026-06-01,13:51:50.936936,[]
2026-06-01,13:51:50.970303,[]
2026-06-01,13:51:51.003670,[]
2026-06-01,13:51:51.037037,[]
2026-06-01,13:51:51.070404,[]
2026-06-01,13:51:51.103771,[]
2026-06-01,13:51:51.137138,[]
2026-06-01,13:51:51.170505,[]
2026-06-01,13:51:51.203872,[]
2026-06-01,13:51:51.237239,[]
2026-06-01,13:51:51.270606,[]
2026-06-01,13:51:51.303973,[]
2026-06-01,13:51:51.337340,[]
2026-06-01,13:51:51.370707,[]
2026-06-01,13:51:51.404074,[]
2026-06-01,13:51:51.437441,[]
2026-06-01,13:51:51.470808,[]
2026-06-01,13:51:51.504175,[]
2026-06-01,13:51:51.537542,[]
2026-06-01,13:51:51.570909,[]
2026-06-01,13:51:51.604276,[]
2026-06-01,13:51:51.637643,[]
2026-06-01,13:51:51.671010,[]
2026-06-01,13:51:51.704377,[]
2026-06-01,13:51:51.737744,[]
2026-06-01,13:51:51.771111,[]
2026-06-01,13:51:51.804478,[]
2026-06-01,13:51:51.837845,[]
2026-06-01,13:51:51.871212,[]
2026-06-01,13:51:51.904579,[]
2026-06-01,13:51:51.937946,[]
2026-06-01,13:51:51.971313,[]
2026-06-01,13:51:52.004680,[]
2026-06-01,13:51:52.038047,[]
2026-06-01,13:51:52.071414,[]
2026-06-01,13:51:52.104781,[]
2026-06-01,13:51:52.138148,[]
2026-06-01,13:51:52.171515,[]
2026-06-01,13:51:52.204882,[]
2026-06-01,13:51:52.238249,[]
2026-06-01,13:51:52.271616,[]
2026-06-01,13:51:52.304983,[]
2026-06-01,13:51:52.338350,[]
2026-06-01,13:51:52.371717,[]
2026-06-01,13:51:52.405084,[]
2026-06-01,13:51:52.438451,[]
2026-06-01,13:51:52.471818,[]
2026-06-01,13:51:52.505185,[]
2026-06-01,13:51:52.538552,[]
2026-06-01,13:51:52.571919,[]
2026-06-01,13:51:52.605286,[]
2026-06-01,13:51:52.638653,[]
2026-06-01,13:51:52.672020,[]
2026-06-01,13:51:52.705387,[]
2026-06-01,13:51:52.738754,[]
2026-06-01,13:51:52.772121,[]
2026-06-01,13:51:52.805488,[]
2026-06-01,13:51:52.838855,[]
2026-06-01,13:51:52.872222,[]
2026-06-01,13:51:52.905589,[]
2026-06-01,13:51:52.938956,[]
2026-06-01,13:51:52.972323,[]
2026-06-01,13:51:53.005690,[]
2026-06-01,13:51:53.039057,[]
2026-06-01,13:51:53.072424,[]
2026-06-01,13:51:53.105791,[]
2026-06-01,13:51:53.139158,[]
2026-06-01,13:51:53.172525,[]
2026-06-01,13:51:53.205892,[]
2026-06-01,13:51:53.239259,[]
2026-06-01,13:51:53.272626,[]
2026-06-01,13:51:53.305993,[]
2026-06-01,13:51:53.339360,[]
2026-06-01,13:51:53.372727,[]
2026-06-01,13:51:53.406094,[]
2026-06-01,13:51:53.439461,[]
2026-06-01,13:51:53.472828,[]
2026-06-01,13:51:53.506195,[]
2026-06-01,13:51:53.539562,[]
2026-06-01,13:51:53.572929,[]
2026-06-01,13:51:53.606296,[]
2026-06-01,13:51:53.639663,[]
2026-06-01,13:51:53.673030,[]
2026-06-01,13:51:53.706397,[]
2026-06-01,13:51:53.739764,[]
2026-06-01,13:51:53.773131,[]
2026-06-01,13:51:53.806498,[]
2026-06-01,13:51:53.839865,[]
2026-06-01,13:51:53.873232,[]
2026-06-01,13:51:53.906599,[]
2026-06-01,13:51:53.939966,[]
2026-06-01,13:51:53.973333,[]
2026-06-01,13:51:54.006700,[]
2026-06-01,13:51:54.040067,[]
2026-06-01,13:51:54.073434,[]
2026-06-01,13:51:54.106801,[]
2026-06-01,13:51:54.140168,[]
2026-06-01,13:51:54.173535,[]
2026-06-01,13:51:54.206902,[]
2026-06-01,13:51:54.240269,[]
2026-06-01,13:51:54.273636,[]
2026-06-01,13:51:54.307003,[]
2026-06-01,13:51:54.340370,[]
2026-06-01,13:51:54.373737,[]
2026-06-01,13:51:54.407104,[]
2026-06-01,13:51:54.440471,[]
2026-06-01,13:51:54.473838,[]
2026-06-01,13:51:54.507205,[]
2026-06-01,13:51:54.540572,[]
2026-06-01,13:51:54.573939,[]
2026-06-01,13:51:54.607306,[]
2026-06-01,13:51:54.640673,[]
2026-06-01,13:51:54.674040,[]
2026-06-01,13:51:54.707407,[]
2026-06-01,13:51:54.740774,[]
2026-06-01,13:51:54.774141,[]
2026-06-01,13:51:54.807508,[]
2026-06-01,13:51:54.840875,[]
2026-06-01,13:51:54.874242,[]
2026-06-01,13:51:54.907609,[]
2026-06-01,13:51:54.940976,[]
2026-06-01,13:51:54.974343,[]
2026-06-01,13:51:55.007710,[]
2026-06-01,13:51:55.041077,[]
2026-06-01,13:51:55.074444,[]
2026-06-01,13:51:55.107811,[]
2026-06-01,13:51:55.141178,[]
2026-06-01,13:51:55.174545,[]
2026-06-01,13:51:55.207912,[]
2026-06-01,13:51:55.241279,[]
2026-06-01,13:51:55.274646,[]
2026-06-01,13:51:55.308013,[]
2026-06-01,13:51:55.341380,[]
2026-06-01,13:51:55.374747,[]
2026-06-01,13:51:55.408114,[]
2026-06-01,13:51:55.441481,[]
2026-06-01,13:51:55.474848,[]
2026-06-01,13:51:55.508215,[]
2026-06-01,13:51:55.541582,[]
2026-06-01,13:51:55.574949,[]
2026-06-01,13:51:55.608316,[]
2026-06-01,13:51:55.641683,[]
2026-06-01,13:51:55.675050,[]
2026-06-01,13:51:55.708417,[]
2026-06-01,13:51:55.741784,[]
2026-06-01,13:51:55.775151,[]
2026-06-01,13:51:55.808518,[]
2026-06-01,13:51:55.841885,[]
2026-06-01,13:51:55.875252,[]
2026-06-01,13:51:55.908619,[]
2026-06-01,13:51:55.941986,[]
2026-06-01,13:51:55.975353,[]
2026-06-01,13:51:56.008720,[]
2026-06-01,13:51:56.042087,[]
2026-06-01,13:51:56.075454,[]
2026-06-01,13:51:56.108821,[]
2026-06-01,13:51:56.142188,[]
2026-06-01,13:51:56.175555,[]
2026-06-01,13:51:56.208922,[]
2026-06-01,13:51:56.242289,[]
2026-06-01,13:51:56.275656,[]
2026-06-01,13:51:56.309023,[]
2026-06-01,13:51:56.342390,[]
2026-06-01,13:51:56.375757,[]
2026-06-01,13:51:56.409124,[]
2026-06-01,13:51:56.442491,[]
2026-06-01,13:51:56.475858,[]
2026-06-01,13:51:56.509225,[]
2026-06-01,13:51:56.542592,[]
2026-06-01,13:51:56.575959,[]
2026-06-01,13:51:56.609326,[]
2026-06-01,13:51:56.642693,[]
2026-06-01,13:51:56.676060,[]
2026-06-01,13:51:56.709427,[]
2026-06-01,13:51:56.742794,[]
2026-06-01,13:51:56.776161,[]
2026-06-01,13:51:56.809528,[]
2026-06-01,13:51:56.842895,[]
2026-06-01,13:51:56.876262,[]
2026-06-01,13:51:56.909629,[]
2026-06-01,13:51:56.942996,[]
2026-06-01,13:51:56.976363,[]
2026-06-01,13:51:57.009730,[]
2026-06-01,13:51:57.043097,[]
2026-06-01,13:51:57.076464,[]
2026-06-01,13:51:57.109831,[]
2026-06-01,13:51:57.143198,[]
2026-06-01,13:51:57.176565,[]
2026-06-01,13:51:57.209932,[]
2026-06-01,13:51:57.243299,[]
2026-06-01,13:51:57.276666,[]
2026-06-01,13:51:57.310033,[]
2026-06-01,13:51:57.343400,[]
2026-06-01,13:51:57.376767,[]
2026-06-01,13:51:57.410134,[]
2026-06-01,13:51:57.443501,[]
2026-06-01,13:51:57.476868,[]
2026-06-01,13:51:57.510235,[]
2026-06-01,13:51:57.543602,[]
2026-06-01,13:51:57.576969,[]
2026-06-01,13:51:57.610336,[]
2026-06-01,13:51:57.643703,[]
2026-06-01,13:51:57.677070,[]
2026-06-01,13:51:57.710437,[]
2026-06-01,13:51:57.743804,[]
2026-06-01,13:51:57.777171,[]
2026-06-01,13:51:57.810538,[]
2026-06-01,13:51:57.843905,[]
2026-06-01,13:51:57.877272,[]
2026-06-01,13:51:57.910639,[]
2026-06-01,13:51:57.944006,[]
2026-06-01,13:51:57.977373,[]
2026-06-01,13:51:58.010740,[]
2026-06-01,13:51:58.044107,[]
2026-06-01,13:51:58.077474,[]
2026-06-01,13:51:58.110841,[]
2026-06-01,13:51:58.144208,[]
2026-06-01,13:51:58.177575,[]
2026-06-01,13:51:58.210942,[]
2026-06-01,13:51:58.244309,[]
2026-06-01,13:51:58.277676,[]
2026-06-01,13:51:58.311043,[]
2026-06-01,13:51:58.344410,[]
2026-06-01,13:51:58.377777,[]
2026-06-01,13:51:58.411144,[]
2026-06-01,13:51:58.444511,[]
2026-06-01,13:51:58.477878,[]
2026-06-01,13:51:58.511245,[]
2026-06-01,13:51:58.544612,[]
2026-06-01,13:51:58.577979,[]
2026-06-01,13:51:58.611346,[]
2026-06-01,13:51:58.644713,[]
2026-06-01,13:51:58.678080,[]
2026-06-01,13:51:58.711447,[]
2026-06-01,13:51:58.744814,[]
2026-06-01,13:51:58.778181,[]
2026-06-01,13:51:58.811548,[]
2026-06-01,13:51:58.844915,[]
2026-06-01,13:51:58.878282,[]
2026-06-01,13:51:58.911649,[]
2026-06-01,13:51:58.945016,[]
2026-06-01,13:51:58.978383,[]
2026-06-01,13:51:59.011750,[]
2026-06-01,13:51:59.045117,[]
2026-06-01,13:51:59.078484,[]
2026-06-01,13:51:59.111851,[]
2026-06-01,13:51:59.145218,[]
2026-06-01,13:51:59.178585,[]
2026-06-01,13:51:59.211952,[]
2026-06-01,13:51:59.245319,[]
2026-06-01,13:51:59.278686,[]
2026-06-01,13:51:59.312053,[]
2026-06-01,13:51:59.345420,[]
2026-06-01,13:51:59.378787,[]
2026-06-01,13:51:59.412154,[]
2026-06-01,13:51:59.445521,[]
2026-06-01,13:51:59.478888,[]
2026-06-01,13:51:59.512255,[]
2026-06-01,13:51:59.545622,[]
2026-06-01,13:51:59.578989,[]
2026-06-01,13:51:59.612356,[]
2026-06-01,13:51:59.645723,[]
2026-06-01,13:51:59.679090,[]
2026-06-01,13:51:59.712457,[]
2026-06-01,13:51:59.745824,[]
2026-06-01,13:51:59.779191,[]
2026-06-01,13:51:59.812558,[]
2026-06-01,13:51:59.845925,[]
2026-06-01,13:51:59.879292,[]
2026-06-01,13:51:59.912659,[]
2026-06-01,13:51:59.946026,[]
2026-06-01,13:51:59.979393,[]
2026-06-01,13:52:00.012760,[]
2026-06-01,13:52:00.046127,[]
2026-06-01,13:52:00.079494,[]
2026-06-01,13:52:00.112861,[]
2026-06-01,13:52:00.146228,[]
2026-06-01,13:52:00.179595,[]
2026-06-01,13:52:00.212962,[]
2026-06-01,13:52:00.246329,[]
2026-06-01,13:52:00.279696,[]
2026-06-01,13:52:00.313063,[]
2026-06-01,13:52:00.346430,[]
2026-06-01,13:52:00.379797,[]
2026-06-01,13:52:00.413164,[]
2026-06-01,13:52:00.446531,[]
2026-06-01,13:52:00.479898,[]
2026-06-01,13:52:00.513265,[]
2026-06-01,13:52:00.546632,[]
2026-06-01,13:52:00.579999,[]
2026-06-01,13:52:00.613366,[]
2026-06-01,13:52:00.646733,[]
2026-06-01,13:52:00.680100,[]
2026-06-01,13:52:00.713467,[]
2026-06-01,13:52:00.746834,[]
2026-06-01,13:52:00.780201,[]
2026-06-01,13:52:00.813568,[]
2026-06-01,13:52:00.846935,[]
2026-06-01,13:52:00.880302,[]
2026-06-01,13:52:00.913669,[]
2026-06-01,13:52:00.947036,[]
2026-06-01,13:52:00.980403,[]
2026-06-01,13:52:01.013770,[]
2026-06-01,13:52:01.047137,[]
2026-06-01,13:52:01.080504,[]
2026-06-01,13:52:01.113871,[]
2026-06-01,13:52:01.147238,[]
2026-06-01,13:52:01.180605,[]
2026-06-01,13:52:01.213972,[]
2026-06-01,13:52:01.247339,[]
2026-06-01,13:52:01.280706,[]
2026-06-01,13:52:01.314073,[]
2026-06-01,13:52:01.347440,[]
2026-06-01,13:52:01.380807,[]
2026-06-01,13:52:01.414174,[]
2026-06-01,13:52:01.447541,[]
2026-06-01,13:52:01.480908,[]
2026-06-01,13:52:01.514275,[]
2026-06-01,13:52:01.547642,[]
2026-06-01,13:52:01.581009,[]
2026-06-01,13:52:01.614376,[]
2026-06-01,13:52:01.647743,[]
2026-06-01,13:52:01.681110,[]
2026-06-01,13:52:01.714477,[]
2026-06-01,13:52:01.747844,[]
2026-06-01,13:52:01.781211,[]
2026-06-01,13:52:01.814578,[]
2026-06-01,13:52:01.847945,[]
2026-06-01,13:52:01.881312,[]
2026-06-01,13:52:01.914679,[]
2026-06-01,13:52:01.948046,[]
2026-06-01,13:52:01.981413,[]
2026-06-01,13:52:02.014780,[]
2026-06-01,13:52:02.048147,[]
2026-06-01,13:52:02.081514,[]
2026-06-01,13:52:02.114881,[]
2026-06-01,13:52:02.148248,[]
2026-06-01,13:52:02.181615,[]
2026-06-01,13:52:02.214982,[]
2026-06-01,13:52:02.248349,[]
2026-06-01,13:52:02.281716,[]
2026-06-01,13:52:02.315083,[]
2026-06-01,13:52:02.348450,[]
2026-06-01,13:52:02.381817,[]
2026-06-01,13:52:02.415184,[]
2026-06-01,13:52:02.448551,[]
2026-06-01,13:52:02.481918,[]
2026-06-01,13:52:02.515285,[]
2026-06-01,13:52:02.548652,[]
2026-06-01,13:52:02.582019,[]
2026-06-01,13:52:02.615386,[]
2026-06-01,13:52:02.648753,[]
2026-06-01,13:52:02.682120,[]
2026-06-01,13:52:02.715487,[]
2026-06-01,13:52:02.748854,[]
2026-06-01,13:52:02.782221,[]
2026-06-01,13:52:02.815588,[]
2026-06-01,13:52:02.848955,[]
2026-06-01,13:52:02.882322,[]
2026-06-01,13:52:02.915689,[]
2026-06-01,13:52:02.949056,[]
2026-06-01,13:52:02.982423,[]
2026-06-01,13:52:03.015790,[]
2026-06-01,13:52:03.049157,[]
2026-06-01,13:52:03.082524,[]
2026-06-01,13:52:03.115891,[]
2026-06-01,13:52:03.149258,[]
2026-06-01,13:52:03.182625,[]
2026-06-01,13:52:03.215992,[]
2026-06-01,13:52:03.249359,[]
2026-06-01,13:52:03.282726,[]
2026-06-01,13:52:03.316093,[]
2026-06-01,13:52:03.349460,[]
2026-06-01,13:52:03.382827,[]
2026-06-01,13:52:03.416194,[]
2026-06-01,13:52:03.449561,[]
2026-06-01,13:52:03.482928,[]
2026-06-01,13:52:03.516295,[]
2026-06-01,13:52:03.549662,[]
2026-06-01,13:52:03.583029,[]
2026-06-01,13:52:03.616396,[]
2026-06-01,13:52:03.649763,[]
2026-06-01,13:52:03.683130,[]
2026-06-01,13:52:03.716497,[]
2026-06-01,13:52:03.749864,[]
2026-06-01,13:52:03.783231,[]
2026-06-01,13:52:03.816598,[]
2026-06-01,13:52:03.849965,[]
2026-06-01,13:52:03.883332,[]
2026-06-01,13:52:03.916699,[]
2026-06-01,13:52:03.950066,[]
2026-06-01,13:52:03.983433,[]
2026-06-01,13:52:04.016800,[]
2026-06-01,13:52:04.050167,[]
2026-06-01,13:52:04.083534,[]
2026-06-01,13:52:04.116901,[]
2026-06-01,13:52:04.150268,[]
2026-06-01,13:52:04.183635,[]
2026-06-01,13:52:04.217002,[]
2026-06-01,13:52:04.250369,[]
2026-06-01,13:52:04.283736,[]
2026-06-01,13:52:04.317103,[]
2026-06-01,13:52:04.350470,[]
2026-06-01,13:52:04.383837,[]
2026-06-01,13:52:04.417204,[]
2026-06-01,13:52:04.450571,[]
2026-06-01,13:52:04.483938,[]
2026-06-01,13:52:04.517305,[]
2026-06-01,13:52:04.550672,[]
2026-06-01,13:52:04.584039,[]
2026-06-01,13:52:04.617406,[]
2026-06-01,13:52:04.650773,[]
2026-06-01,13:52:04.684140,[]
2026-06-01,13:52:04.717507,[]
2026-06-01,13:52:04.750874,[]
2026-06-01,13:52:04.784241,[]
2026-06-01,13:52:04.817608,[]
2026-06-01,13:52:04.850975,[]
2026-06-01,13:52:04.884342,[]
2026-06-01,13:52:04.917709,[]
2026-06-01,13:52:04.951076,[]
2026-06-01,13:52:04.984443,[]
2026-06-01,13:52:05.017810,[]
2026-06-01,13:52:05.051177,[]
2026-06-01,13:52:05.084544,[]
2026-06-01,13:52:05.117911,[]
2026-06-01,13:52:05.151278,[]
2026-06-01,13:52:05.184645,[]
2026-06-01,13:52:05.218012,[]
2026-06-01,13:52:05.251379,[]
2026-06-01,13:52:05.284746,[]
2026-06-01,13:52:05.318113,[]
2026-06-01,13:52:05.351480,[]
2026-06-01,13:52:05.384847,[]
2026-06-01,13:52:05.418214,[]
2026-06-01,13:52:05.451581,[]
2026-06-01,13:52:05.484948,[]
2026-06-01,13:52:05.518315,[]
2026-06-01,13:52:05.551682,[]
2026-06-01,13:52:05.585049,[]
2026-06-01,13:52:05.618416,[]
2026-06-01,13:52:05.651783,[]
2026-06-01,13:52:05.685150,[]
2026-06-01,13:52:05.718517,[]
2026-06-01,13:52:05.751884,[]
2026-06-01,13:52:05.785251,[]
2026-06-01,13:52:05.818618,[]
2026-06-01,13:52:05.851985,[]
2026-06-01,13:52:05.885352,[]
2026-06-01,13:52:05.918719,[]
2026-06-01,13:52:05.952086,[]
2026-06-01,13:52:05.985453,[]
2026-06-01,13:52:06.018820,[]
2026-06-01,13:52:06.052187,[]
2026-06-01,13:52:06.085554,[]
2026-06-01,13:52:06.118921,[]
2026-06-01,13:52:06.152288,[]
2026-06-01,13:52:06.185655,[]
2026-06-01,13:52:06.219022,[]
2026-06-01,13:52:06.252389,[]
2026-06-01,13:52:06.285756,[]
2026-06-01,13:52:06.319123,[]
2026-06-01,13:52:06.352490,[]
2026-06-01,13:52:06.385857,[]
2026-06-01,13:52:06.419224,[]
2026-06-01,13:52:06.452591,[]
2026-06-01,13:52:06.485958,[]
2026-06-01,13:52:06.519325,[]
2026-06-01,13:52:06.552692,[]
2026-06-01,13:52:06.586059,[]
2026-06-01,13:52:06.619426,[]
2026-06-01,13:52:06.652793,[]
2026-06-01,13:52:06.686160,[]
2026-06-01,13:52:06.719527,[]
2026-06-01,13:52:06.752894,[]
2026-06-01,13:52:06.786261,[]
2026-06-01,13:52:06.819628,[]
2026-06-01,13:52:06.852995,[]
2026-06-01,13:52:06.886362,[]
2026-06-01,13:52:06.919729,[]
2026-06-01,13:52:06.953096,[]
2026-06-01,13:52:06.986463,[]
2026-06-01,13:52:07.019830,[]
2026-06-01,13:52:07.053197,[]
2026-06-01,13:52:07.086564,[]
2026-06-01,13:52:07.119931,[]
2026-06-01,13:52:07.153298,[]
2026-06-01,13:52:07.186665,[]
2026-06-01,13:52:07.220032,[]
2026-06-01,13:52:07.253399,[]
2026-06-01,13:52:07.286766,[]
2026-06-01,13:52:07.320133,[]
2026-06-01,13:52:07.353500,[]
2026-06-01,13:52:07.386867,[]
2026-06-01,13:52:07.420234,[]
2026-06-01,13:52:07.453601,[]
2026-06-01,13:52:07.486968,[]
2026-06-01,13:52:07.520335,[]
2026-06-01,13:52:07.553702,[]
2026-06-01,13:52:07.587069,[]
2026-06-01,13:52:07.620436,[]
2026-06-01,13:52:07.653803,[]
2026-06-01,13:52:07.687170,[]
2026-06-01,13:52:07.720537,[]
2026-06-01,13:52:07.753904,[]
2026-06-01,13:52:07.787271,[]
2026-06-01,13:52:07.820638,[]
2026-06-01,13:52:07.854005,[]
2026-06-01,13:52:07.887372,[]
2026-06-01,13:52:07.920739,[]
2026-06-01,13:52:07.954106,[]
2026-06-01,13:52:07.987473,[]
2026-06-01,13:52:08.020840,[]
2026-06-01,13:52:08.054207,[]
2026-06-01,13:52:08.087574,[]
2026-06-01,13:52:08.120941,[]
2026-06-01,13:52:08.154308,[]
2026-06-01,13:52:08.187675,[]
2026-06-01,13:52:08.221042,[]
2026-06-01,13:52:08.254409,[]
2026-06-01,13:52:08.287776,[]
2026-06-01,13:52:08.321143,[]
2026-06-01,13:52:08.354510,[]
2026-06-01,13:52:08.387877,[]
2026-06-01,13:52:08.421244,[]
2026-06-01,13:52:08.454611,[]
2026-06-01,13:52:08.487978,[]
2026-06-01,13:52:08.521345,[]
2026-06-01,13:52:08.554712,[]
2026-06-01,13:52:08.588079,[]
2026-06-01,13:52:08.621446,[]
2026-06-01,13:52:08.654813,[]
2026-06-01,13:52:08.688180,[]
2026-06-01,13:52:08.721547,[]
2026-06-01,13:52:08.754914,[]
2026-06-01,13:52:08.788281,[]
2026-06-01,13:52:08.821648,[]
2026-06-01,13:52:08.855015,[]
2026-06-01,13:52:08.888382,[]
2026-06-01,13:52:08.921749,[]
2026-06-01,13:52:08.955116,[]
2026-06-01,13:52:08.988483,[]
2026-06-01,13:52:09.021850,[]
2026-06-01,13:52:09.055217,[]
2026-06-01,13:52:09.088584,[]
2026-06-01,13:52:09.121951,[]
2026-06-01,13:52:09.155318,[]
2026-06-01,13:52:09.188685,[]
2026-06-01,13:52:09.222052,[]
2026-06-01,13:52:09.255419,[]
2026-06-01,13:52:09.288786,[]
2026-06-01,13:52:09.322153,[]
2026-06-01,13:52:09.355520,[]
2026-06-01,13:52:09.388887,[]
2026-06-01,13:52:09.422254,[]
2026-06-01,13:52:09.455621,[]
2026-06-01,13:52:09.488988,[]
2026-06-01,13:52:09.522355,[]
2026-06-01,13:52:09.555722,[]
2026-06-01,13:52:09.589089,[]
2026-06-01,13:52:09.622456,[]
2026-06-01,13:52:09.655823,[]
2026-06-01,13:52:09.689190,[]
2026-06-01,13:52:09.722557,[]
2026-06-01,13:52:09.755924,[]
2026-06-01,13:52:09.789291,[]
2026-06-01,13:52:09.822658,[]
2026-06-01,13:52:09.856025,[]
2026-06-01,13:52:09.889392,[]
2026-06-01,13:52:09.922759,[]
2026-06-01,13:52:09.956126,[]
2026-06-01,13:52:09.989493,[]
2026-06-01,13:52:10.022860,[]
2026-06-01,13:52:10.056227,[]
2026-06-01,13:52:10.089594,[]
2026-06-01,13:52:10.122961,[]
2026-06-01,13:52:10.156328,[]
2026-06-01,13:52:10.189695,[]
2026-06-01,13:52:10.223062,[]
2026-06-01,13:52:10.256429,[]
2026-06-01,13:52:10.289796,[]
2026-06-01,13:52:10.323163,[]
2026-06-01,13:52:10.356530,[]
2026-06-01,13:52:10.389897,[]
2026-06-01,13:52:10.423264,[]
2026-06-01,13:52:10.456631,[]
2026-06-01,13:52:10.489998,[]
2026-06-01,13:52:10.523365,[]
2026-06-01,13:52:10.556732,[]
2026-06-01,13:52:10.590099,[]
2026-06-01,13:52:10.623466,[]
2026-06-01,13:52:10.656833,[]
2026-06-01,13:52:10.690200,[]
2026-06-01,13:52:10.723567,[]
2026-06-01,13:52:10.756934,[]
2026-06-01,13:52:10.790301,[]
2026-06-01,13:52:10.823668,[]
2026-06-01,13:52:10.857035,[]
2026-06-01,13:52:10.890402,[]
2026-06-01,13:52:10.923769,[]
2026-06-01,13:52:10.957136,[]
2026-06-01,13:52:10.990503,[]
2026-06-01,13:52:11.023870,[]
2026-06-01,13:52:11.057237,[]
2026-06-01,13:52:11.090604,[]
2026-06-01,13:52:11.123971,[]
2026-06-01,13:52:11.157338,[]
2026-06-01,13:52:11.190705,[]
2026-06-01,13:52:11.224072,[]
2026-06-01,13:52:11.257439,[]
2026-06-01,13:52:11.290806,[]
2026-06-01,13:52:11.324173,[]
2026-06-01,13:52:11.357540,[]
2026-06-01,13:52:11.390907,[]
2026-06-01,13:52:11.424274,[]
2026-06-01,13:52:11.457641,[]
2026-06-01,13:52:11.491008,[]
2026-06-01,13:52:11.524375,[]
2026-06-01,13:52:11.557742,[]
2026-06-01,13:52:11.591109,[]
2026-06-01,13:52:11.624476,['EH53583']
2026-06-01,13:52:11.657843,['EH53583']
2026-06-01,13:52:11.691210,['EH53583']
2026-06-01,13:52:11.724577,['EH53583']
2026-06-01,13:52:11.757944,[]
2026-06-01,13:52:11.791311,[]
2026-06-01,13:52:11.824678,[]
2026-06-01,13:52:11.858045,[]
2026-06-01,13:52:11.891412,[]
2026-06-01,13:52:11.924779,[]
2026-06-01,13:52:11.958146,[]
2026-06-01,13:52:11.991513,[]
2026-06-01,13:52:12.024880,[]
2026-06-01,13:52:12.058247,[]
2026-06-01,13:52:12.091614,[]
2026-06-01,13:52:12.124981,[]
2026-06-01,13:52:12.158348,[]
2026-06-01,13:52:12.191715,[]
2026-06-01,13:52:12.225082,[]
2026-06-01,13:52:12.258449,[]
2026-06-01,13:52:12.291816,[]
2026-06-01,13:52:12.325183,[]
2026-06-01,13:52:12.358550,[]
2026-06-01,13:52:12.391917,[]
2026-06-01,13:52:12.425284,[]
2026-06-01,13:52:12.458651,[]
2026-06-01,13:52:12.492018,[]
2026-06-01,13:52:12.525385,[]
2026-06-01,13:52:12.558752,[]
2026-06-01,13:52:12.592119,[]
2026-06-01,13:52:12.625486,[]
2026-06-01,13:52:12.658853,[]
2026-06-01,13:52:12.692220,[]
2026-06-01,13:52:12.725587,[]
2026-06-01,13:52:12.758954,[]
2026-06-01,13:52:12.792321,[]
2026-06-01,13:52:12.825688,[]
2026-06-01,13:52:12.859055,[]
2026-06-01,13:52:12.892422,[]
2026-06-01,13:52:12.925789,[]
2026-06-01,13:52:12.959156,[]
2026-06-01,13:52:12.992523,[]
2026-06-01,13:52:13.025890,[]
2026-06-01,13:52:13.059257,[]
2026-06-01,13:52:13.092624,[]
2026-06-01,13:52:13.125991,[]
2026-06-01,13:52:13.159358,[]
2026-06-01,13:52:13.192725,[]
2026-06-01,13:52:13.226092,[]
2026-06-01,13:52:13.259459,[]
2026-06-01,13:52:13.292826,[]
2026-06-01,13:52:13.326193,[]
2026-06-01,13:52:13.359560,[]
2026-06-01,13:52:13.392927,[]
2026-06-01,13:52:13.426294,[]
2026-06-01,13:52:13.459661,[]
2026-06-01,13:52:13.493028,[]
2026-06-01,13:52:13.526395,[]
2026-06-01,13:52:13.559762,[]
2026-06-01,13:52:13.593129,[]
2026-06-01,13:52:13.626496,[]
2026-06-01,13:52:13.659863,[]
2026-06-01,13:52:13.693230,[]
2026-06-01,13:52:13.726597,[]
2026-06-01,13:52:13.759964,[]
2026-06-01,13:52:13.793331,[]
2026-06-01,13:52:13.826698,[]
2026-06-01,13:52:13.860065,[]
2026-06-01,13:52:13.893432,[]
2026-06-01,13:52:13.926799,[]
2026-06-01,13:52:13.960166,[]
2026-06-01,13:52:13.993533,[]
2026-06-01,13:52:14.026900,[]
2026-06-01,13:52:14.060267,[]
2026-06-01,13:52:14.093634,[]
2026-06-01,13:52:14.127001,[]
2026-06-01,13:52:14.160368,[]
2026-06-01,13:52:14.193735,[]
2026-06-01,13:52:14.227102,[]
2026-06-01,13:52:14.260469,[]
2026-06-01,13:52:14.293836,[]
2026-06-01,13:52:14.327203,[]
2026-06-01,13:52:14.360570,[]
2026-06-01,13:52:14.393937,[]
2026-06-01,13:52:14.427304,[]
2026-06-01,13:52:14.460671,[]
2026-06-01,13:52:14.494038,[]
2026-06-01,13:52:14.527405,[]
2026-06-01,13:52:14.560772,[]
2026-06-01,13:52:14.594139,[]
2026-06-01,13:52:14.627506,[]
2026-06-01,13:52:14.660873,[]
2026-06-01,13:52:14.694240,[]
2026-06-01,13:52:14.727607,[]
2026-06-01,13:52:14.760974,[]
2026-06-01,13:52:14.794341,[]
2026-06-01,13:52:14.827708,[]
2026-06-01,13:52:14.861075,[]
2026-06-01,13:52:14.894442,[]
2026-06-01,13:52:14.927809,[]
2026-06-01,13:52:14.961176,[]
2026-06-01,13:52:14.994543,[]
2026-06-01,13:52:15.027910,[]
2026-06-01,13:52:15.061277,[]
2026-06-01,13:52:15.094644,[]
2026-06-01,13:52:15.128011,[]
2026-06-01,13:52:15.161378,[]
2026-06-01,13:52:15.194745,[]
2026-06-01,13:52:15.228112,[]
2026-06-01,13:52:15.261479,[]
2026-06-01,13:52:15.294846,[]
2026-06-01,13:52:15.328213,[]
2026-06-01,13:52:15.361580,[]
2026-06-01,13:52:15.394947,[]
2026-06-01,13:52:15.428314,[]
2026-06-01,13:52:15.461681,[]
2026-06-01,13:52:15.495048,[]
2026-06-01,13:52:15.528415,[]
2026-06-01,13:52:15.561782,[]
2026-06-01,13:52:15.595149,[]
2026-06-01,13:52:15.628516,[]
2026-06-01,13:52:15.661883,[]
2026-06-01,13:52:15.695250,[]
2026-06-01,13:52:15.728617,[]
2026-06-01,13:52:15.761984,[]
2026-06-01,13:52:15.795351,[]
2026-06-01,13:52:15.828718,[]
2026-06-01,13:52:15.862085,[]
2026-06-01,13:52:15.895452,[]
2026-06-01,13:52:15.928819,[]
2026-06-01,13:52:15.962186,[]
2026-06-01,13:52:15.995553,[]
2026-06-01,13:52:16.028920,[]
2026-06-01,13:52:16.062287,[]
2026-06-01,13:52:16.095654,[]
2026-06-01,13:52:16.129021,[]
2026-06-01,13:52:16.162388,[]
2026-06-01,13:52:16.195755,[]
2026-06-01,13:52:16.229122,[]
2026-06-01,13:52:16.262489,[]
2026-06-01,13:52:16.295856,[]
2026-06-01,13:52:16.329223,[]
2026-06-01,13:52:16.362590,[]
2026-06-01,13:52:16.395957,[]
2026-06-01,13:52:16.429324,[]
2026-06-01,13:52:16.462691,[]
2026-06-01,13:52:16.496058,[]
2026-06-01,13:52:16.529425,[]
2026-06-01,13:52:16.562792,[]
2026-06-01,13:52:16.596159,[]
2026-06-01,13:52:16.629526,[]
2026-06-01,13:52:16.662893,[]
2026-06-01,13:52:16.696260,[]
2026-06-01,13:52:16.729627,[]
2026-06-01,13:52:16.762994,[]
2026-06-01,13:52:16.796361,[]
2026-06-01,13:52:16.829728,[]
2026-06-01,13:52:16.863095,[]
2026-06-01,13:52:16.896462,[]
2026-06-01,13:52:16.929829,[]
2026-06-01,13:52:16.963196,[]
2026-06-01,13:52:16.996563,[]
2026-06-01,13:52:17.029930,[]
2026-06-01,13:52:17.063297,[]
2026-06-01,13:52:17.096664,[]
2026-06-01,13:52:17.130031,[]
2026-06-01,13:52:17.163398,[]
2026-06-01,13:52:17.196765,[]
2026-06-01,13:52:17.230132,[]
2026-06-01,13:52:17.263499,[]
2026-06-01,13:52:17.296866,[]
2026-06-01,13:52:17.330233,[]
2026-06-01,13:52:17.363600,[]
2026-06-01,13:52:17.396967,[]
2026-06-01,13:52:17.430334,[]
2026-06-01,13:52:17.463701,[]
2026-06-01,13:52:17.497068,[]
2026-06-01,13:52:17.530435,[]
2026-06-01,13:52:17.563802,[]
2026-06-01,13:52:17.597169,[]
2026-06-01,13:52:17.630536,[]
2026-06-01,13:52:17.663903,[]
2026-06-01,13:52:17.697270,[]
2026-06-01,13:52:17.730637,[]
2026-06-01,13:52:17.764004,[]
2026-06-01,13:52:17.797371,[]
2026-06-01,13:52:17.830738,[]
2026-06-01,13:52:17.864105,[]
2026-06-01,13:52:17.897472,[]
2026-06-01,13:52:17.930839,[]
2026-06-01,13:52:17.964206,[]
2026-06-01,13:52:17.997573,[]
2026-06-01,13:52:18.030940,[]
2026-06-01,13:52:18.064307,[]
2026-06-01,13:52:18.097674,[]
2026-06-01,13:52:18.131041,[]
2026-06-01,13:52:18.164408,[]
2026-06-01,13:52:18.197775,[]
2026-06-01,13:52:18.231142,[]
2026-06-01,13:52:18.264509,[]
2026-06-01,13:52:18.297876,[]
2026-06-01,13:52:18.331243,[]
2026-06-01,13:52:18.364610,[]
2026-06-01,13:52:18.397977,[]
2026-06-01,13:52:18.431344,[]
2026-06-01,13:52:18.464711,[]
2026-06-01,13:52:18.498078,[]
2026-06-01,13:52:18.531445,[]
2026-06-01,13:52:18.564812,[]
2026-06-01,13:52:18.598179,[]
2026-06-01,13:52:18.631546,[]
2026-06-01,13:52:18.664913,[]
2026-06-01,13:52:18.698280,[]
2026-06-01,13:52:18.731647,[]
2026-06-01,13:52:18.765014,[]
2026-06-01,13:52:18.798381,[]
2026-06-01,13:52:18.831748,[]
2026-06-01,13:52:18.865115,[]
2026-06-01,13:52:18.898482,[]
2026-06-01,13:52:18.931849,[]
2026-06-01,13:52:18.965216,[]
2026-06-01,13:52:18.998583,[]
2026-06-01,13:52:19.031950,[]
2026-06-01,13:52:19.065317,[]
2026-06-01,13:52:19.098684,[]
2026-06-01,13:52:19.132051,[]
2026-06-01,13:52:19.165418,[]
2026-06-01,13:52:19.198785,[]
2026-06-01,13:52:19.232152,[]
2026-06-01,13:52:19.265519,[]
2026-06-01,13:52:19.298886,[]
2026-06-01,13:52:19.332253,[]
2026-06-01,13:52:19.365620,[]
2026-06-01,13:52:19.398987,[]
2026-06-01,13:52:19.432354,[]
2026-06-01,13:52:19.465721,[]
2026-06-01,13:52:19.499088,[]
2026-06-01,13:52:19.532455,[]
2026-06-01,13:52:19.565822,[]
2026-06-01,13:52:19.599189,[]
2026-06-01,13:52:19.632556,[]
2026-06-01,13:52:19.665923,[]
2026-06-01,13:52:19.699290,[]
2026-06-01,13:52:19.732657,[]
2026-06-01,13:52:19.766024,[]
2026-06-01,13:52:19.799391,[]
2026-06-01,13:52:19.832758,[]
2026-06-01,13:52:19.866125,[]
2026-06-01,13:52:19.899492,[]
2026-06-01,13:52:19.932859,[]
2026-06-01,13:52:19.966226,[]
2026-06-01,13:52:19.999593,[]
2026-06-01,13:52:20.032960,[]
2026-06-01,13:52:20.066327,[]
2026-06-01,13:52:20.099694,[]
2026-06-01,13:52:20.133061,[]
2026-06-01,13:52:20.166428,[]
2026-06-01,13:52:20.199795,[]
2026-06-01,13:52:20.233162,['EF66671']
2026-06-01,13:52:20.266529,['EF66671']
2026-06-01,13:52:20.299896,['EF66671']
2026-06-01,13:52:20.333263,['EF66671']
2026-06-01,13:52:20.366630,[]
2026-06-01,13:52:20.399997,[]
2026-06-01,13:52:20.433364,[]
2026-06-01,13:52:20.466731,[]
2026-06-01,13:52:20.500098,[]
2026-06-01,13:52:20.533465,[]
2026-06-01,13:52:20.566832,[]
2026-06-01,13:52:20.600199,[]
2026-06-01,13:52:20.633566,[]
2026-06-01,13:52:20.666933,[]
2026-06-01,13:52:20.700300,[]
2026-06-01,13:52:20.733667,[]
2026-06-01,13:52:20.767034,[]
2026-06-01,13:52:20.800401,[]
2026-06-01,13:52:20.833768,[]
2026-06-01,13:52:20.867135,[]
2026-06-01,13:52:20.900502,[]
2026-06-01,13:52:20.933869,[]
2026-06-01,13:52:20.967236,[]
2026-06-01,13:52:21.000603,[]
2026-06-01,13:52:21.033970,[]
2026-06-01,13:52:21.067337,[]
2026-06-01,13:52:21.100704,[]
2026-06-01,13:52:21.134071,[]
2026-06-01,13:52:21.167438,[]
2026-06-01,13:52:21.200805,[]
2026-06-01,13:52:21.234172,[]
2026-06-01,13:52:21.267539,[]
2026-06-01,13:52:21.300906,[]
2026-06-01,13:52:21.334273,[]
2026-06-01,13:52:21.367640,[]
2026-06-01,13:52:21.401007,[]
2026-06-01,13:52:21.434374,[]
2026-06-01,13:52:21.467741,[]
2026-06-01,13:52:21.501108,[]
2026-06-01,13:52:21.534475,[]
2026-06-01,13:52:21.567842,[]
2026-06-01,13:52:21.601209,[]
2026-06-01,13:52:21.634576,[]
2026-06-01,13:52:21.667943,[]
2026-06-01,13:52:21.701310,[]
2026-06-01,13:52:21.734677,[]
2026-06-01,13:52:21.768044,[]
2026-06-01,13:52:21.801411,[]
2026-06-01,13:52:21.834778,[]
2026-06-01,13:52:21.868145,[]
2026-06-01,13:52:21.901512,[]
2026-06-01,13:52:21.934879,[]
2026-06-01,13:52:21.968246,[]
2026-06-01,13:52:22.001613,[]
2026-06-01,13:52:22.034980,[]
2026-06-01,13:52:22.068347,[]
2026-06-01,13:52:22.101714,[]
2026-06-01,13:52:22.135081,[]
2026-06-01,13:52:22.168448,[]
2026-06-01,13:52:22.201815,[]
2026-06-01,13:52:22.235182,[]
2026-06-01,13:52:22.268549,[]
2026-06-01,13:52:22.301916,[]
2026-06-01,13:52:22.335283,[]
2026-06-01,13:52:22.368650,[]
2026-06-01,13:52:22.402017,[]
2026-06-01,13:52:22.435384,[]
2026-06-01,13:52:22.468751,[]
2026-06-01,13:52:22.502118,[]
2026-06-01,13:52:22.535485,[]
2026-06-01,13:52:22.568852,[]
2026-06-01,13:52:22.602219,[]
2026-06-01,13:52:22.635586,[]
2026-06-01,13:52:22.668953,[]
2026-06-01,13:52:22.702320,[]
2026-06-01,13:52:22.735687,[]
2026-06-01,13:52:22.769054,[]
2026-06-01,13:52:22.802421,[]
2026-06-01,13:52:22.835788,[]
2026-06-01,13:52:22.869155,[]
2026-06-01,13:52:22.902522,[]
2026-06-01,13:52:22.935889,[]
2026-06-01,13:52:22.969256,[]
2026-06-01,13:52:23.002623,[]
2026-06-01,13:52:23.035990,[]
2026-06-01,13:52:23.069357,[]
2026-06-01,13:52:23.102724,[]
2026-06-01,13:52:23.136091,[]
2026-06-01,13:52:23.169458,[]
2026-06-01,13:52:23.202825,[]
2026-06-01,13:52:23.236192,[]
2026-06-01,13:52:23.269559,[]
2026-06-01,13:52:23.302926,[]
2026-06-01,13:52:23.336293,[]
2026-06-01,13:52:23.369660,[]
2026-06-01,13:52:23.403027,[]
2026-06-01,13:52:23.436394,[]
2026-06-01,13:52:23.469761,[]
2026-06-01,13:52:23.503128,[]
2026-06-01,13:52:23.536495,[]
2026-06-01,13:52:23.569862,[]
2026-06-01,13:52:23.603229,[]
2026-06-01,13:52:23.636596,[]
2026-06-01,13:52:23.669963,[]
2026-06-01,13:52:23.703330,[]
2026-06-01,13:52:23.736697,[]
2026-06-01,13:52:23.770064,[]
2026-06-01,13:52:23.803431,[]
2026-06-01,13:52:23.836798,[]
2026-06-01,13:52:23.870165,[]
2026-06-01,13:52:23.903532,[]
2026-06-01,13:52:23.936899,[]
2026-06-01,13:52:23.970266,[]
2026-06-01,13:52:24.003633,[]
2026-06-01,13:52:24.037000,[]
2026-06-01,13:52:24.070367,[]
2026-06-01,13:52:24.103734,[]
2026-06-01,13:52:24.137101,[]
2026-06-01,13:52:24.170468,[]
2026-06-01,13:52:24.203835,[]
2026-06-01,13:52:24.237202,[]
2026-06-01,13:52:24.270569,[]
2026-06-01,13:52:24.303936,[]
2026-06-01,13:52:24.337303,[]
2026-06-01,13:52:24.370670,[]
2026-06-01,13:52:24.404037,[]
2026-06-01,13:52:24.437404,[]
2026-06-01,13:52:24.470771,[]
2026-06-01,13:52:24.504138,[]
2026-06-01,13:52:24.537505,[]
2026-06-01,13:52:24.570872,[]
2026-06-01,13:52:24.604239,[]
2026-06-01,13:52:24.637606,[]
2026-06-01,13:52:24.670973,[]
2026-06-01,13:52:24.704340,[]
2026-06-01,13:52:24.737707,[]
2026-06-01,13:52:24.771074,[]
2026-06-01,13:52:24.804441,[]
2026-06-01,13:52:24.837808,[]
2026-06-01,13:52:24.871175,[]
2026-06-01,13:52:24.904542,[]
2026-06-01,13:52:24.937909,[]
2026-06-01,13:52:24.971276,[]
2026-06-01,13:52:25.004643,[]
2026-06-01,13:52:25.038010,[]
2026-06-01,13:52:25.071377,[]
2026-06-01,13:52:25.104744,[]
2026-06-01,13:52:25.138111,[]
2026-06-01,13:52:25.171478,[]
2026-06-01,13:52:25.204845,[]
2026-06-01,13:52:25.238212,[]
2026-06-01,13:52:25.271579,[]
2026-06-01,13:52:25.304946,[]
2026-06-01,13:52:25.338313,[]
2026-06-01,13:52:25.371680,[]
2026-06-01,13:52:25.405047,[]
2026-06-01,13:52:25.438414,[]
2026-06-01,13:52:25.471781,[]
2026-06-01,13:52:25.505148,[]
2026-06-01,13:52:25.538515,[]
2026-06-01,13:52:25.571882,[]
2026-06-01,13:52:25.605249,[]
2026-06-01,13:52:25.638616,[]
2026-06-01,13:52:25.671983,[]
2026-06-01,13:52:25.705350,[]
2026-06-01,13:52:25.738717,[]
2026-06-01,13:52:25.772084,[]
2026-06-01,13:52:25.805451,[]
2026-06-01,13:52:25.838818,[]
2026-06-01,13:52:25.872185,[]
2026-06-01,13:52:25.905552,[]
2026-06-01,13:52:25.938919,[]
2026-06-01,13:52:25.972286,[]
2026-06-01,13:52:26.005653,[]
2026-06-01,13:52:26.039020,[]
2026-06-01,13:52:26.072387,[]
2026-06-01,13:52:26.105754,[]
2026-06-01,13:52:26.139121,[]
2026-06-01,13:52:26.172488,[]
2026-06-01,13:52:26.205855,[]
2026-06-01,13:52:26.239222,[]
2026-06-01,13:52:26.272589,[]
2026-06-01,13:52:26.305956,[]
2026-06-01,13:52:26.339323,[]
2026-06-01,13:52:26.372690,[]
2026-06-01,13:52:26.406057,[]
2026-06-01,13:52:26.439424,[]
2026-06-01,13:52:26.472791,[]
2026-06-01,13:52:26.506158,[]
2026-06-01,13:52:26.539525,[]
2026-06-01,13:52:26.572892,[]
2026-06-01,13:52:26.606259,[]
2026-06-01,13:52:26.639626,[]
2026-06-01,13:52:26.672993,[]
2026-06-01,13:52:26.706360,[]
2026-06-01,13:52:26.739727,[]
2026-06-01,13:52:26.773094,[]
2026-06-01,13:52:26.806461,[]
2026-06-01,13:52:26.839828,[]
2026-06-01,13:52:26.873195,[]
2026-06-01,13:52:26.906562,[]
2026-06-01,13:52:26.939929,[]
2026-06-01,13:52:26.973296,[]
2026-06-01,13:52:27.006663,[]
2026-06-01,13:52:27.040030,[]
2026-06-01,13:52:27.073397,[]
2026-06-01,13:52:27.106764,[]
2026-06-01,13:52:27.140131,[]
2026-06-01,13:52:27.173498,[]
2026-06-01,13:52:27.206865,[]
2026-06-01,13:52:27.240232,[]
2026-06-01,13:52:27.273599,[]
2026-06-01,13:52:27.306966,[]
2026-06-01,13:52:27.340333,[]
2026-06-01,13:52:27.373700,[]
2026-06-01,13:52:27.407067,[]
2026-06-01,13:52:27.440434,[]
2026-06-01,13:52:27.473801,[]
2026-06-01,13:52:27.507168,[]
2026-06-01,13:52:27.540535,[]
2026-06-01,13:52:27.573902,[]
2026-06-01,13:52:27.607269,[]
2026-06-01,13:52:27.640636,[]
2026-06-01,13:52:27.674003,[]
2026-06-01,13:52:27.707370,[]
2026-06-01,13:52:27.740737,[]
2026-06-01,13:52:27.774104,[]
2026-06-01,13:52:27.807471,[]
2026-06-01,13:52:27.840838,[]
2026-06-01,13:52:27.874205,[]
2026-06-01,13:52:27.907572,[]
2026-06-01,13:52:27.940939,[]
2026-06-01,13:52:27.974306,[]
2026-06-01,13:52:28.007673,[]
2026-06-01,13:52:28.041040,[]
2026-06-01,13:52:28.074407,[]
2026-06-01,13:52:28.107774,[]
2026-06-01,13:52:28.141141,[]
2026-06-01,13:52:28.174508,[]
2026-06-01,13:52:28.207875,[]
2026-06-01,13:52:28.241242,[]
2026-06-01,13:52:28.274609,[]
2026-06-01,13:52:28.307976,[]
2026-06-01,13:52:28.341343,[]
2026-06-01,13:52:28.374710,[]
2026-06-01,13:52:28.408077,[]
2026-06-01,13:52:28.441444,[]
2026-06-01,13:52:28.474811,[]
2026-06-01,13:52:28.508178,[]
2026-06-01,13:52:28.541545,[]
2026-06-01,13:52:28.574912,[]
2026-06-01,13:52:28.608279,[]
2026-06-01,13:52:28.641646,[]
2026-06-01,13:52:28.675013,[]
2026-06-01,13:52:28.708380,[]
2026-06-01,13:52:28.741747,[]
2026-06-01,13:52:28.775114,[]
2026-06-01,13:52:28.808481,[]
2026-06-01,13:52:28.841848,[]
2026-06-01,13:52:28.875215,[]
2026-06-01,13:52:28.908582,[]
2026-06-01,13:52:28.941949,[]
2026-06-01,13:52:28.975316,[]
2026-06-01,13:52:29.008683,[]
2026-06-01,13:52:29.042050,[]
2026-06-01,13:52:29.075417,[]
2026-06-01,13:52:29.108784,[]
2026-06-01,13:52:29.142151,[]
2026-06-01,13:52:29.175518,[]
2026-06-01,13:52:29.208885,[]
2026-06-01,13:52:29.242252,[]
2026-06-01,13:52:29.275619,[]
2026-06-01,13:52:29.308986,[]
2026-06-01,13:52:29.342353,[]
2026-06-01,13:52:29.375720,[]
2026-06-01,13:52:29.409087,[]
2026-06-01,13:52:29.442454,[]
2026-06-01,13:52:29.475821,[]
2026-06-01,13:52:29.509188,[]
2026-06-01,13:52:29.542555,[]
2026-06-01,13:52:29.575922,[]
2026-06-01,13:52:29.609289,[]
2026-06-01,13:52:29.642656,[]
2026-06-01,13:52:29.676023,[]
2026-06-01,13:52:29.709390,[]
2026-06-01,13:52:29.742757,[]
2026-06-01,13:52:29.776124,[]
2026-06-01,13:52:29.809491,[]
2026-06-01,13:52:29.842858,[]
2026-06-01,13:52:29.876225,[]
2026-06-01,13:52:29.909592,[]
2026-06-01,13:52:29.942959,[]
2026-06-01,13:52:29.976326,[]
2026-06-01,13:52:30.009693,[]
2026-06-01,13:52:30.043060,[]
2026-06-01,13:52:30.076427,[]
2026-06-01,13:52:30.109794,[]
2026-06-01,13:52:30.143161,[]
2026-06-01,13:52:30.176528,[]
2026-06-01,13:52:30.209895,[]
2026-06-01,13:52:30.243262,[]
2026-06-01,13:52:30.276629,[]
2026-06-01,13:52:30.309996,[]
2026-06-01,13:52:30.343363,[]
2026-06-01,13:52:30.376730,[]
2026-06-01,13:52:30.410097,[]
2026-06-01,13:52:30.443464,[]
2026-06-01,13:52:30.476831,[]
2026-06-01,13:52:30.510198,[]
2026-06-01,13:52:30.543565,[]
2026-06-01,13:52:30.576932,[]
2026-06-01,13:52:30.610299,[]
2026-06-01,13:52:30.643666,[]
2026-06-01,13:52:30.677033,[]
2026-06-01,13:52:30.710400,[]
2026-06-01,13:52:30.743767,[]
2026-06-01,13:52:30.777134,[]
2026-06-01,13:52:30.810501,[]
2026-06-01,13:52:30.843868,[]
2026-06-01,13:52:30.877235,[]
2026-06-01,13:52:30.910602,[]
2026-06-01,13:52:30.943969,[]
2026-06-01,13:52:30.977336,[]
2026-06-01,13:52:31.010703,[]
2026-06-01,13:52:31.044070,[]
2026-06-01,13:52:31.077437,[]
2026-06-01,13:52:31.110804,[]
2026-06-01,13:52:31.144171,[]
2026-06-01,13:52:31.177538,[]
2026-06-01,13:52:31.210905,[]
2026-06-01,13:52:31.244272,[]
2026-06-01,13:52:31.277639,[]
2026-06-01,13:52:31.311006,[]
2026-06-01,13:52:31.344373,[]
2026-06-01,13:52:31.377740,[]
2026-06-01,13:52:31.411107,[]
2026-06-01,13:52:31.444474,[]
2026-06-01,13:52:31.477841,[]
2026-06-01,13:52:31.511208,[]
2026-06-01,13:52:31.544575,[]
2026-06-01,13:52:31.577942,[]
2026-06-01,13:52:31.611309,[]
2026-06-01,13:52:31.644676,[]
2026-06-01,13:52:31.678043,[]
2026-06-01,13:52:31.711410,[]
2026-06-01,13:52:31.744777,[]
2026-06-01,13:52:31.778144,[]
2026-06-01,13:52:31.811511,[]
2026-06-01,13:52:31.844878,[]
2026-06-01,13:52:31.878245,[]
2026-06-01,13:52:31.911612,[]
2026-06-01,13:52:31.944979,[]
2026-06-01,13:52:31.978346,[]
2026-06-01,13:52:32.011713,[]
2026-06-01,13:52:32.045080,[]
2026-06-01,13:52:32.078447,[]
2026-06-01,13:52:32.111814,[]
2026-06-01,13:52:32.145181,[]
2026-06-01,13:52:32.178548,[]
2026-06-01,13:52:32.211915,[]
2026-06-01,13:52:32.245282,[]
2026-06-01,13:52:32.278649,[]
2026-06-01,13:52:32.312016,[]
2026-06-01,13:52:32.345383,[]
2026-06-01,13:52:32.378750,[]
2026-06-01,13:52:32.412117,[]
2026-06-01,13:52:32.445484,[]
2026-06-01,13:52:32.478851,[]
2026-06-01,13:52:32.512218,[]
2026-06-01,13:52:32.545585,[]
2026-06-01,13:52:32.578952,[]
2026-06-01,13:52:32.612319,[]
2026-06-01,13:52:32.645686,[]
2026-06-01,13:52:32.679053,[]
2026-06-01,13:52:32.712420,[]
2026-06-01,13:52:32.745787,[]
2026-06-01,13:52:32.779154,[]
2026-06-01,13:52:32.812521,[]
2026-06-01,13:52:32.845888,[]
2026-06-01,13:52:32.879255,[]
2026-06-01,13:52:32.912622,['DH88440']
2026-06-01,13:52:32.945989,['DH88440']
2026-06-01,13:52:32.979356,[]
2026-06-01,13:52:33.012723,[]
2026-06-01,13:52:33.046090,[]
2026-06-01,13:52:33.079457,[]
2026-06-01,13:52:33.112824,[]
2026-06-01,13:52:33.146191,[]
2026-06-01,13:52:33.179558,[]
2026-06-01,13:52:33.212925,[]
2026-06-01,13:52:33.246292,[]
2026-06-01,13:52:33.279659,[]
2026-06-01,13:52:33.313026,[]
2026-06-01,13:52:33.346393,[]
2026-06-01,13:52:33.379760,[]
2026-06-01,13:52:33.413127,[]
2026-06-01,13:52:33.446494,[]
2026-06-01,13:52:33.479861,[]
2026-06-01,13:52:33.513228,[]
2026-06-01,13:52:33.546595,[]
2026-06-01,13:52:33.579962,[]
2026-06-01,13:52:33.613329,[]
2026-06-01,13:52:33.646696,[]
2026-06-01,13:52:33.680063,[]
2026-06-01,13:52:33.713430,[]
2026-06-01,13:52:33.746797,[]
2026-06-01,13:52:33.780164,[]
2026-06-01,13:52:33.813531,[]
2026-06-01,13:52:33.846898,[]
2026-06-01,13:52:33.880265,[]
2026-06-01,13:52:33.913632,[]
2026-06-01,13:52:33.946999,[]
2026-06-01,13:52:33.980366,[]
2026-06-01,13:52:34.013733,[]
2026-06-01,13:52:34.047100,[]
2026-06-01,13:52:34.080467,[]
2026-06-01,13:52:34.113834,[]
2026-06-01,13:52:34.147201,[]
2026-06-01,13:52:34.180568,[]
2026-06-01,13:52:34.213935,[]
2026-06-01,13:52:34.247302,[]
2026-06-01,13:52:34.280669,[]
2026-06-01,13:52:34.314036,[]
2026-06-01,13:52:34.347403,[]
2026-06-01,13:52:34.380770,[]
2026-06-01,13:52:34.414137,[]
2026-06-01,13:52:34.447504,[]
2026-06-01,13:52:34.480871,[]
2026-06-01,13:52:34.514238,[]
2026-06-01,13:52:34.547605,[]
2026-06-01,13:52:34.580972,[]
2026-06-01,13:52:34.614339,[]
2026-06-01,13:52:34.647706,[]
2026-06-01,13:52:34.681073,[]
2026-06-01,13:52:34.714440,[]
2026-06-01,13:52:34.747807,[]
2026-06-01,13:52:34.781174,[]
2026-06-01,13:52:34.814541,[]
2026-06-01,13:52:34.847908,[]
2026-06-01,13:52:34.881275,[]
2026-06-01,13:52:34.914642,[]
2026-06-01,13:52:34.948009,[]
2026-06-01,13:52:34.981376,[]
2026-06-01,13:52:35.014743,[]
2026-06-01,13:52:35.048110,[]
2026-06-01,13:52:35.081477,[]
2026-06-01,13:52:35.114844,[]
2026-06-01,13:52:35.148211,[]
2026-06-01,13:52:35.181578,[]
2026-06-01,13:52:35.214945,[]
2026-06-01,13:52:35.248312,[]
2026-06-01,13:52:35.281679,[]
2026-06-01,13:52:35.315046,[]
2026-06-01,13:52:35.348413,[]
2026-06-01,13:52:35.381780,[]
2026-06-01,13:52:35.415147,[]
2026-06-01,13:52:35.448514,[]
2026-06-01,13:52:35.481881,[]
2026-06-01,13:52:35.515248,[]
2026-06-01,13:52:35.548615,[]
2026-06-01,13:52:35.581982,[]
2026-06-01,13:52:35.615349,[]
2026-06-01,13:52:35.648716,[]
2026-06-01,13:52:35.682083,[]
2026-06-01,13:52:35.715450,[]
2026-06-01,13:52:35.748817,[]
2026-06-01,13:52:35.782184,[]
2026-06-01,13:52:35.815551,[]
2026-06-01,13:52:35.848918,[]
2026-06-01,13:52:35.882285,[]
2026-06-01,13:52:35.915652,[]
2026-06-01,13:52:35.949019,[]
2026-06-01,13:52:35.982386,[]
2026-06-01,13:52:36.015753,[]
2026-06-01,13:52:36.049120,[]
2026-06-01,13:52:36.082487,[]
2026-06-01,13:52:36.115854,[]
2026-06-01,13:52:36.149221,[]
2026-06-01,13:52:36.182588,[]
2026-06-01,13:52:36.215955,[]
2026-06-01,13:52:36.249322,[]
2026-06-01,13:52:36.282689,[]
2026-06-01,13:52:36.316056,[]
2026-06-01,13:52:36.349423,[]
2026-06-01,13:52:36.382790,[]
2026-06-01,13:52:36.416157,[]
2026-06-01,13:52:36.449524,[]
2026-06-01,13:52:36.482891,[]
2026-06-01,13:52:36.516258,[]
2026-06-01,13:52:36.549625,[]
2026-06-01,13:52:36.582992,[]
2026-06-01,13:52:36.616359,[]
2026-06-01,13:52:36.649726,[]
2026-06-01,13:52:36.683093,[]
2026-06-01,13:52:36.716460,[]
2026-06-01,13:52:36.749827,[]
2026-06-01,13:52:36.783194,[]
2026-06-01,13:52:36.816561,['BN18884']
2026-06-01,13:52:36.849928,[]
2026-06-01,13:52:36.883295,[]
2026-06-01,13:52:36.916662,[]
2026-06-01,13:52:36.950029,[]
2026-06-01,13:52:36.983396,[]
2026-06-01,13:52:37.016763,[]
2026-06-01,13:52:37.050130,[]
2026-06-01,13:52:37.083497,[]
2026-06-01,13:52:37.116864,[]
2026-06-01,13:52:37.150231,[]
2026-06-01,13:52:37.183598,[]
2026-06-01,13:52:37.216965,[]
2026-06-01,13:52:37.250332,[]
2026-06-01,13:52:37.283699,[]
2026-06-01,13:52:37.317066,[]
2026-06-01,13:52:37.350433,[]
2026-06-01,13:52:37.383800,[]
2026-06-01,13:52:37.417167,[]
2026-06-01,13:52:37.450534,[]
2026-06-01,13:52:37.483901,[]
2026-06-01,13:52:37.517268,[]
2026-06-01,13:52:37.550635,[]
2026-06-01,13:52:37.584002,[]
2026-06-01,13:52:37.617369,[]
2026-06-01,13:52:37.650736,[]
2026-06-01,13:52:37.684103,[]
2026-06-01,13:52:37.717470,[]
2026-06-01,13:52:37.750837,[]
2026-06-01,13:52:37.784204,[]
2026-06-01,13:52:37.817571,[]
2026-06-01,13:52:37.850938,[]
2026-06-01,13:52:37.884305,[]
2026-06-01,13:52:37.917672,[]
2026-06-01,13:52:37.951039,[]
2026-06-01,13:52:37.984406,[]
2026-06-01,13:52:38.017773,[]
2026-06-01,13:52:38.051140,[]
2026-06-01,13:52:38.084507,[]
2026-06-01,13:52:38.117874,[]
2026-06-01,13:52:38.151241,[]
2026-06-01,13:52:38.184608,[]
2026-06-01,13:52:38.217975,[]
2026-06-01,13:52:38.251342,[]
2026-06-01,13:52:38.284709,[]
2026-06-01,13:52:38.318076,[]
2026-06-01,13:52:38.351443,['CJ72254']
2026-06-01,13:52:38.384810,['CJ72254']
2026-06-01,13:52:38.418177,['CJ72254']
2026-06-01,13:52:38.451544,['CJ72254']
2026-06-01,13:52:38.484911,[]
2026-06-01,13:52:38.518278,[]
2026-06-01,13:52:38.551645,[]
2026-06-01,13:52:38.585012,[]
2026-06-01,13:52:38.618379,[]
2026-06-01,13:52:38.651746,[]
2026-06-01,13:52:38.685113,[]
2026-06-01,13:52:38.718480,[]
2026-06-01,13:52:38.751847,[]
2026-06-01,13:52:38.785214,[]
2026-06-01,13:52:38.818581,[]
2026-06-01,13:52:38.851948,[]
2026-06-01,13:52:38.885315,[]
2026-06-01,13:52:38.918682,[]
2026-06-01,13:52:38.952049,[]
2026-06-01,13:52:38.985416,[]
2026-06-01,13:52:39.018783,[]
2026-06-01,13:52:39.052150,[]
2026-06-01,13:52:39.085517,[]
2026-06-01,13:52:39.118884,[]
2026-06-01,13:52:39.152251,[]
2026-06-01,13:52:39.185618,[]
2026-06-01,13:52:39.218985,[]
2026-06-01,13:52:39.252352,[]
2026-06-01,13:52:39.285719,[]
2026-06-01,13:52:39.319086,[]
2026-06-01,13:52:39.352453,[]
2026-06-01,13:52:39.385820,[]
2026-06-01,13:52:39.419187,[]
2026-06-01,13:52:39.452554,[]
2026-06-01,13:52:39.485921,[]
2026-06-01,13:52:39.519288,[]
2026-06-01,13:52:39.552655,[]
2026-06-01,13:52:39.586022,[]
2026-06-01,13:52:39.619389,[]
2026-06-01,13:52:39.652756,[]
2026-06-01,13:52:39.686123,[]
2026-06-01,13:52:39.719490,[]
2026-06-01,13:52:39.752857,[]
2026-06-01,13:52:39.786224,[]
2026-06-01,13:52:39.819591,[]
2026-06-01,13:52:39.852958,[]
2026-06-01,13:52:39.886325,[]
2026-06-01,13:52:39.919692,[]
2026-06-01,13:52:39.953059,[]
2026-06-01,13:52:39.986426,[]
2026-06-01,13:52:40.019793,[]
2026-06-01,13:52:40.053160,[]
2026-06-01,13:52:40.086527,[]
2026-06-01,13:52:40.119894,[]
2026-06-01,13:52:40.153261,[]
2026-06-01,13:52:40.186628,[]
2026-06-01,13:52:40.219995,[]
2026-06-01,13:52:40.253362,[]
2026-06-01,13:52:40.286729,[]
2026-06-01,13:52:40.320096,[]
2026-06-01,13:52:40.353463,[]
2026-06-01,13:52:40.386830,[]
2026-06-01,13:52:40.420197,[]
2026-06-01,13:52:40.453564,[]
2026-06-01,13:52:40.486931,[]
2026-06-01,13:52:40.520298,[]
2026-06-01,13:52:40.553665,[]
2026-06-01,13:52:40.587032,[]
2026-06-01,13:52:40.620399,[]
2026-06-01,13:52:40.653766,[]
2026-06-01,13:52:40.687133,[]
2026-06-01,13:52:40.720500,[]
2026-06-01,13:52:40.753867,[]
2026-06-01,13:52:40.787234,[]
2026-06-01,13:52:40.820601,[]
2026-06-01,13:52:40.853968,[]
2026-06-01,13:52:40.887335,[]
2026-06-01,13:52:40.920702,[]
2026-06-01,13:52:40.954069,[]
2026-06-01,13:52:40.987436,[]
2026-06-01,13:52:41.020803,[]
2026-06-01,13:52:41.054170,[]
2026-06-01,13:52:41.087537,[]
2026-06-01,13:52:41.120904,[]
2026-06-01,13:52:41.154271,[]
2026-06-01,13:52:41.187638,[]
2026-06-01,13:52:41.221005,[]
2026-06-01,13:52:41.254372,[]
2026-06-01,13:52:41.287739,[]
2026-06-01,13:52:41.321106,[]
2026-06-01,13:52:41.354473,[]
2026-06-01,13:52:41.387840,[]
2026-06-01,13:52:41.421207,[]
2026-06-01,13:52:41.454574,[]
2026-06-01,13:52:41.487941,[]
2026-06-01,13:52:41.521308,[]
2026-06-01,13:52:41.554675,[]
2026-06-01,13:52:41.588042,[]
2026-06-01,13:52:41.621409,[]
2026-06-01,13:52:41.654776,[]
2026-06-01,13:52:41.688143,[]
2026-06-01,13:52:41.721510,[]
2026-06-01,13:52:41.754877,[]
2026-06-01,13:52:41.788244,[]
2026-06-01,13:52:41.821611,[]
2026-06-01,13:52:41.854978,[]
2026-06-01,13:52:41.888345,[]
2026-06-01,13:52:41.921712,[]
2026-06-01,13:52:41.955079,[]
2026-06-01,13:52:41.988446,[]
2026-06-01,13:52:42.021813,[]
2026-06-01,13:52:42.055180,[]
2026-06-01,13:52:42.088547,[]
2026-06-01,13:52:42.121914,[]
2026-06-01,13:52:42.155281,[]
2026-06-01,13:52:42.188648,[]
2026-06-01,13:52:42.222015,[]
2026-06-01,13:52:42.255382,[]
2026-06-01,13:52:42.288749,[]
2026-06-01,13:52:42.322116,[]
2026-06-01,13:52:42.355483,[]
2026-06-01,13:52:42.388850,[]
2026-06-01,13:52:42.422217,[]
2026-06-01,13:52:42.455584,[]
2026-06-01,13:52:42.488951,[]
2026-06-01,13:52:42.522318,[]
2026-06-01,13:52:42.555685,[]
2026-06-01,13:52:42.589052,[]
2026-06-01,13:52:42.622419,[]
2026-06-01,13:52:42.655786,[]
2026-06-01,13:52:42.689153,[]
2026-06-01,13:52:42.722520,[]
2026-06-01,13:52:42.755887,[]
2026-06-01,13:52:42.789254,[]
2026-06-01,13:52:42.822621,[]
2026-06-01,13:52:42.855988,[]
2026-06-01,13:52:42.889355,[]
2026-06-01,13:52:42.922722,[]
2026-06-01,13:52:42.956089,[]
2026-06-01,13:52:42.989456,[]
2026-06-01,13:52:43.022823,[]
2026-06-01,13:52:43.056190,[]
2026-06-01,13:52:43.089557,[]
2026-06-01,13:52:43.122924,[]
2026-06-01,13:52:43.156291,[]
2026-06-01,13:52:43.189658,[]
2026-06-01,13:52:43.223025,[]
2026-06-01,13:52:43.256392,[]
2026-06-01,13:52:43.289759,[]
2026-06-01,13:52:43.323126,[]
2026-06-01,13:52:43.356493,[]
2026-06-01,13:52:43.389860,[]
2026-06-01,13:52:43.423227,[]
2026-06-01,13:52:43.456594,[]
2026-06-01,13:52:43.489961,[]
2026-06-01,13:52:43.523328,[]
2026-06-01,13:52:43.556695,[]
2026-06-01,13:52:43.590062,[]
2026-06-01,13:52:43.623429,[]
2026-06-01,13:52:43.656796,[]
2026-06-01,13:52:43.690163,[]
2026-06-01,13:52:43.723530,[]
2026-06-01,13:52:43.756897,[]
2026-06-01,13:52:43.790264,[]
2026-06-01,13:52:43.823631,[]
2026-06-01,13:52:43.856998,[]
2026-06-01,13:52:43.890365,[]
2026-06-01,13:52:43.923732,[]
2026-06-01,13:52:43.957099,[]
2026-06-01,13:52:43.990466,[]
2026-06-01,13:52:44.023833,[]
2026-06-01,13:52:44.057200,[]
2026-06-01,13:52:44.090567,[]
2026-06-01,13:52:44.123934,[]
2026-06-01,13:52:44.157301,[]
2026-06-01,13:52:44.190668,[]
2026-06-01,13:52:44.224035,[]
2026-06-01,13:52:44.257402,[]
2026-06-01,13:52:44.290769,[]
2026-06-01,13:52:44.324136,[]
2026-06-01,13:52:44.357503,[]
2026-06-01,13:52:44.390870,[]
2026-06-01,13:52:44.424237,[]
2026-06-01,13:52:44.457604,[]
2026-06-01,13:52:44.490971,[]
2026-06-01,13:52:44.524338,[]
2026-06-01,13:52:44.557705,[]
2026-06-01,13:52:44.591072,[]
2026-06-01,13:52:44.624439,[]
2026-06-01,13:52:44.657806,[]
2026-06-01,13:52:44.691173,[]
2026-06-01,13:52:44.724540,[]
2026-06-01,13:52:44.757907,[]
2026-06-01,13:52:44.791274,[]
2026-06-01,13:52:44.824641,[]
2026-06-01,13:52:44.858008,[]
2026-06-01,13:52:44.891375,[]
2026-06-01,13:52:44.924742,[]
2026-06-01,13:52:44.958109,[]
2026-06-01,13:52:44.991476,[]
2026-06-01,13:52:45.024843,[]
2026-06-01,13:52:45.058210,[]
2026-06-01,13:52:45.091577,[]
2026-06-01,13:52:45.124944,[]
2026-06-01,13:52:45.158311,[]
2026-06-01,13:52:45.191678,[]
2026-06-01,13:52:45.225045,[]
2026-06-01,13:52:45.258412,[]
2026-06-01,13:52:45.291779,[]
2026-06-01,13:52:45.325146,[]
2026-06-01,13:52:45.358513,[]
2026-06-01,13:52:45.391880,[]
2026-06-01,13:52:45.425247,[]
2026-06-01,13:52:45.458614,[]
2026-06-01,13:52:45.491981,[]
2026-06-01,13:52:45.525348,[]
2026-06-01,13:52:45.558715,[]
2026-06-01,13:52:45.592082,[]
2026-06-01,13:52:45.625449,[]
2026-06-01,13:52:45.658816,[]
2026-06-01,13:52:45.692183,[]
2026-06-01,13:52:45.725550,[]
2026-06-01,13:52:45.758917,[]
2026-06-01,13:52:45.792284,[]
2026-06-01,13:52:45.825651,[]
2026-06-01,13:52:45.859018,[]
2026-06-01,13:52:45.892385,[]
2026-06-01,13:52:45.925752,[]
2026-06-01,13:52:45.959119,[]
2026-06-01,13:52:45.992486,[]
2026-06-01,13:52:46.025853,[]
2026-06-01,13:52:46.059220,[]
2026-06-01,13:52:46.092587,[]
2026-06-01,13:52:46.125954,[]
2026-06-01,13:52:46.159321,[]
2026-06-01,13:52:46.192688,[]
2026-06-01,13:52:46.226055,[]
2026-06-01,13:52:46.259422,[]
2026-06-01,13:52:46.292789,[]
2026-06-01,13:52:46.326156,[]
2026-06-01,13:52:46.359523,[]
2026-06-01,13:52:46.392890,[]
2026-06-01,13:52:46.426257,[]
2026-06-01,13:52:46.459624,[]
2026-06-01,13:52:46.492991,[]
2026-06-01,13:52:46.526358,[]
2026-06-01,13:52:46.559725,[]
2026-06-01,13:52:46.593092,[]
2026-06-01,13:52:46.626459,[]
2026-06-01,13:52:46.659826,[]
2026-06-01,13:52:46.693193,[]
2026-06-01,13:52:46.726560,[]
2026-06-01,13:52:46.759927,[]
2026-06-01,13:52:46.793294,[]
2026-06-01,13:52:46.826661,[]
2026-06-01,13:52:46.860028,[]
2026-06-01,13:52:46.893395,[]
2026-06-01,13:52:46.926762,[]
2026-06-01,13:52:46.960129,[]
2026-06-01,13:52:46.993496,[]
2026-06-01,13:52:47.026863,[]
2026-06-01,13:52:47.060230,[]
2026-06-01,13:52:47.093597,[]
2026-06-01,13:52:47.126964,[]
2026-06-01,13:52:47.160331,[]
2026-06-01,13:52:47.193698,[]
2026-06-01,13:52:47.227065,[]
2026-06-01,13:52:47.260432,[]
2026-06-01,13:52:47.293799,[]
2026-06-01,13:52:47.327166,[]
2026-06-01,13:52:47.360533,[]
2026-06-01,13:52:47.393900,[]
2026-06-01,13:52:47.427267,[]
2026-06-01,13:52:47.460634,[]
2026-06-01,13:52:47.494001,[]
2026-06-01,13:52:47.527368,[]
2026-06-01,13:52:47.560735,[]
2026-06-01,13:52:47.594102,[]
2026-06-01,13:52:47.627469,[]
2026-06-01,13:52:47.660836,[]
2026-06-01,13:52:47.694203,[]
2026-06-01,13:52:47.727570,[]
2026-06-01,13:52:47.760937,[]
2026-06-01,13:52:47.794304,[]
2026-06-01,13:52:47.827671,[]
2026-06-01,13:52:47.861038,[]
2026-06-01,13:52:47.894405,[]
2026-06-01,13:52:47.927772,[]
2026-06-01,13:52:47.961139,[]
2026-06-01,13:52:47.994506,[]
2026-06-01,13:52:48.027873,[]
2026-06-01,13:52:48.061240,[]
2026-06-01,13:52:48.094607,[]
2026-06-01,13:52:48.127974,[]
2026-06-01,13:52:48.161341,[]
2026-06-01,13:52:48.194708,[]
2026-06-01,13:52:48.228075,[]
2026-06-01,13:52:48.261442,[]
2026-06-01,13:52:48.294809,[]
2026-06-01,13:52:48.328176,[]
2026-06-01,13:52:48.361543,[]
2026-06-01,13:52:48.394910,[]
2026-06-01,13:52:48.428277,[]
2026-06-01,13:52:48.461644,[]
2026-06-01,13:52:48.495011,[]
2026-06-01,13:52:48.528378,[]
2026-06-01,13:52:48.561745,[]
2026-06-01,13:52:48.595112,[]
2026-06-01,13:52:48.628479,[]
2026-06-01,13:52:48.661846,[]
2026-06-01,13:52:48.695213,[]
2026-06-01,13:52:48.728580,[]
2026-06-01,13:52:48.761947,[]
2026-06-01,13:52:48.795314,[]
2026-06-01,13:52:48.828681,[]
2026-06-01,13:52:48.862048,[]
2026-06-01,13:52:48.895415,[]
2026-06-01,13:52:48.928782,[]
2026-06-01,13:52:48.962149,[]
2026-06-01,13:52:48.995516,[]
2026-06-01,13:52:49.028883,[]
2026-06-01,13:52:49.062250,[]
2026-06-01,13:52:49.095617,[]
2026-06-01,13:52:49.128984,[]
2026-06-01,13:52:49.162351,[]
2026-06-01,13:52:49.195718,[]
2026-06-01,13:52:49.229085,[]
2026-06-01,13:52:49.262452,[]
2026-06-01,13:52:49.295819,[]
2026-06-01,13:52:49.329186,[]
2026-06-01,13:52:49.362553,[]
2026-06-01,13:52:49.395920,[]
2026-06-01,13:52:49.429287,[]
2026-06-01,13:52:49.462654,[]
2026-06-01,13:52:49.496021,[]
2026-06-01,13:52:49.529388,[]
2026-06-01,13:52:49.562755,[]
2026-06-01,13:52:49.596122,[]
2026-06-01,13:52:49.629489,[]
2026-06-01,13:52:49.662856,[]
2026-06-01,13:52:49.696223,[]
2026-06-01,13:52:49.729590,[]
2026-06-01,13:52:49.762957,[]
2026-06-01,13:52:49.796324,[]
2026-06-01,13:52:49.829691,[]
2026-06-01,13:52:49.863058,[]
2026-06-01,13:52:49.896425,[]
2026-06-01,13:52:49.929792,[]
2026-06-01,13:52:49.963159,[]
2026-06-01,13:52:49.996526,[]
2026-06-01,13:52:50.029893,[]
2026-06-01,13:52:50.063260,[]
2026-06-01,13:52:50.096627,[]
2026-06-01,13:52:50.129994,[]
2026-06-01,13:52:50.163361,[]
2026-06-01,13:52:50.196728,[]
2026-06-01,13:52:50.230095,[]
2026-06-01,13:52:50.263462,[]
2026-06-01,13:52:50.296829,[]
2026-06-01,13:52:50.330196,[]
2026-06-01,13:52:50.363563,[]
2026-06-01,13:52:50.396930,[]
2026-06-01,13:52:50.430297,[]
2026-06-01,13:52:50.463664,[]
2026-06-01,13:52:50.497031,[]
2026-06-01,13:52:50.530398,[]
2026-06-01,13:52:50.563765,[]
2026-06-01,13:52:50.597132,[]
2026-06-01,13:52:50.630499,[]
2026-06-01,13:52:50.663866,[]
2026-06-01,13:52:50.697233,[]
2026-06-01,13:52:50.730600,[]
2026-06-01,13:52:50.763967,[]
2026-06-01,13:52:50.797334,[]
2026-06-01,13:52:50.830701,[]
2026-06-01,13:52:50.864068,[]
2026-06-01,13:52:50.897435,[]
2026-06-01,13:52:50.930802,[]
2026-06-01,13:52:50.964169,[]
2026-06-01,13:52:50.997536,[]
2026-06-01,13:52:51.030903,[]
2026-06-01,13:52:51.064270,[]
2026-06-01,13:52:51.097637,[]
2026-06-01,13:52:51.131004,[]
2026-06-01,13:52:51.164371,[]
2026-06-01,13:52:51.197738,[]
2026-06-01,13:52:51.231105,[]
2026-06-01,13:52:51.264472,[]
2026-06-01,13:52:51.297839,[]
2026-06-01,13:52:51.331206,[]
2026-06-01,13:52:51.364573,[]
2026-06-01,13:52:51.397940,[]
2026-06-01,13:52:51.431307,[]
2026-06-01,13:52:51.464674,[]
2026-06-01,13:52:51.498041,[]
2026-06-01,13:52:51.531408,[]
2026-06-01,13:52:51.564775,[]
2026-06-01,13:52:51.598142,[]
2026-06-01,13:52:51.631509,[]
2026-06-01,13:52:51.664876,[]
2026-06-01,13:52:51.698243,[]
2026-06-01,13:52:51.731610,[]
2026-06-01,13:52:51.764977,[]
2026-06-01,13:52:51.798344,[]
2026-06-01,13:52:51.831711,[]
2026-06-01,13:52:51.865078,[]
2026-06-01,13:52:51.898445,[]
2026-06-01,13:52:51.931812,[]
2026-06-01,13:52:51.965179,[]
2026-06-01,13:52:51.998546,[]
2026-06-01,13:52:52.031913,[]
2026-06-01,13:52:52.065280,[]
2026-06-01,13:52:52.098647,[]
2026-06-01,13:52:52.132014,[]
2026-06-01,13:52:52.165381,[]
2026-06-01,13:52:52.198748,[]
2026-06-01,13:52:52.232115,[]
2026-06-01,13:52:52.265482,[]
2026-06-01,13:52:52.298849,[]
2026-06-01,13:52:52.332216,[]
2026-06-01,13:52:52.365583,[]
2026-06-01,13:52:52.398950,[]
2026-06-01,13:52:52.432317,[]
2026-06-01,13:52:52.465684,[]
2026-06-01,13:52:52.499051,[]
2026-06-01,13:52:52.532418,[]
2026-06-01,13:52:52.565785,[]
2026-06-01,13:52:52.599152,[]
2026-06-01,13:52:52.632519,[]
2026-06-01,13:52:52.665886,[]
2026-06-01,13:52:52.699253,[]
2026-06-01,13:52:52.732620,[]
2026-06-01,13:52:52.765987,[]
2026-06-01,13:52:52.799354,[]
2026-06-01,13:52:52.832721,[]
2026-06-01,13:52:52.866088,[]
2026-06-01,13:52:52.899455,[]
2026-06-01,13:52:52.932822,[]
2026-06-01,13:52:52.966189,[]
2026-06-01,13:52:52.999556,[]
2026-06-01,13:52:53.032923,[]
2026-06-01,13:52:53.066290,[]
2026-06-01,13:52:53.099657,[]
2026-06-01,13:52:53.133024,[]
2026-06-01,13:52:53.166391,[]
2026-06-01,13:52:53.199758,[]
2026-06-01,13:52:53.233125,[]
2026-06-01,13:52:53.266492,[]
2026-06-01,13:52:53.299859,[]
2026-06-01,13:52:53.333226,[]
2026-06-01,13:52:53.366593,[]
2026-06-01,13:52:53.399960,[]
2026-06-01,13:52:53.433327,[]
2026-06-01,13:52:53.466694,[]
2026-06-01,13:52:53.500061,[]
2026-06-01,13:52:53.533428,[]
2026-06-01,13:52:53.566795,[]
2026-06-01,13:52:53.600162,[]
2026-06-01,13:52:53.633529,[]
2026-06-01,13:52:53.666896,[]
2026-06-01,13:52:53.700263,[]
2026-06-01,13:52:53.733630,[]
2026-06-01,13:52:53.766997,[]
2026-06-01,13:52:53.800364,[]
2026-06-01,13:52:53.833731,[]
2026-06-01,13:52:53.867098,[]
2026-06-01,13:52:53.900465,[]
2026-06-01,13:52:53.933832,[]
2026-06-01,13:52:53.967199,[]
2026-06-01,13:52:54.000566,[]
2026-06-01,13:52:54.033933,[]
2026-06-01,13:52:54.067300,[]
2026-06-01,13:52:54.100667,[]
2026-06-01,13:52:54.134034,[]
2026-06-01,13:52:54.167401,[]
2026-06-01,13:52:54.200768,[]
2026-06-01,13:52:54.234135,[]
2026-06-01,13:52:54.267502,[]
2026-06-01,13:52:54.300869,[]
2026-06-01,13:52:54.334236,[]
2026-06-01,13:52:54.367603,[]
2026-06-01,13:52:54.400970,[]
2026-06-01,13:52:54.434337,[]
2026-06-01,13:52:54.467704,[]
2026-06-01,13:52:54.501071,[]
2026-06-01,13:52:54.534438,[]
2026-06-01,13:52:54.567805,[]
2026-06-01,13:52:54.601172,[]
2026-06-01,13:52:54.634539,[]
2026-06-01,13:52:54.667906,[]
2026-06-01,13:52:54.701273,[]
2026-06-01,13:52:54.734640,[]
2026-06-01,13:52:54.768007,[]
2026-06-01,13:52:54.801374,[]
2026-06-01,13:52:54.834741,[]
2026-06-01,13:52:54.868108,[]
2026-06-01,13:52:54.901475,[]
2026-06-01,13:52:54.934842,[]
2026-06-01,13:52:54.968209,[]
2026-06-01,13:52:55.001576,[]
2026-06-01,13:52:55.034943,[]
2026-06-01,13:52:55.068310,[]
2026-06-01,13:52:55.101677,[]
2026-06-01,13:52:55.135044,[]
2026-06-01,13:52:55.168411,[]
2026-06-01,13:52:55.201778,[]
2026-06-01,13:52:55.235145,[]
2026-06-01,13:52:55.268512,[]
2026-06-01,13:52:55.301879,[]
2026-06-01,13:52:55.335246,[]
2026-06-01,13:52:55.368613,[]
2026-06-01,13:52:55.401980,[]
2026-06-01,13:52:55.435347,[]
2026-06-01,13:52:55.468714,[]
2026-06-01,13:52:55.502081,[]
2026-06-01,13:52:55.535448,[]
2026-06-01,13:52:55.568815,[]
2026-06-01,13:52:55.602182,[]
2026-06-01,13:52:55.635549,[]
2026-06-01,13:52:55.668916,[]
2026-06-01,13:52:55.702283,[]
2026-06-01,13:52:55.735650,[]
2026-06-01,13:52:55.769017,[]
2026-06-01,13:52:55.802384,[]
2026-06-01,13:52:55.835751,[]
2026-06-01,13:52:55.869118,[]
2026-06-01,13:52:55.902485,[]
2026-06-01,13:52:55.935852,[]
2026-06-01,13:52:55.969219,[]
2026-06-01,13:52:56.002586,[]
2026-06-01,13:52:56.035953,[]
2026-06-01,13:52:56.069320,[]
2026-06-01,13:52:56.102687,[]
2026-06-01,13:52:56.136054,[]
2026-06-01,13:52:56.169421,[]
2026-06-01,13:52:56.202788,[]
2026-06-01,13:52:56.236155,[]
2026-06-01,13:52:56.269522,[]
2026-06-01,13:52:56.302889,[]
2026-06-01,13:52:56.336256,[]
2026-06-01,13:52:56.369623,[]
2026-06-01,13:52:56.402990,[]
2026-06-01,13:52:56.436357,[]
2026-06-01,13:52:56.469724,[]
2026-06-01,13:52:56.503091,[]
2026-06-01,13:52:56.536458,[]
2026-06-01,13:52:56.569825,[]
2026-06-01,13:52:56.603192,[]
2026-06-01,13:52:56.636559,[]
2026-06-01,13:52:56.669926,[]
2026-06-01,13:52:56.703293,[]
2026-06-01,13:52:56.736660,[]
2026-06-01,13:52:56.770027,[]
2026-06-01,13:52:56.803394,[]
2026-06-01,13:52:56.836761,[]
2026-06-01,13:52:56.870128,[]
2026-06-01,13:52:56.903495,[]
2026-06-01,13:52:56.936862,[]
2026-06-01,13:52:56.970229,[]
2026-06-01,13:52:57.003596,[]
2026-06-01,13:52:57.036963,[]
2026-06-01,13:52:57.070330,[]
2026-06-01,13:52:57.103697,[]
2026-06-01,13:52:57.137064,[]
2026-06-01,13:52:57.170431,[]
2026-06-01,13:52:57.203798,[]
2026-06-01,13:52:57.237165,[]
2026-06-01,13:52:57.270532,[]
2026-06-01,13:52:57.303899,[]
2026-06-01,13:52:57.337266,[]
2026-06-01,13:52:57.370633,[]
2026-06-01,13:52:57.404000,[]
2026-06-01,13:52:57.437367,[]
2026-06-01,13:52:57.470734,[]
2026-06-01,13:52:57.504101,[]
2026-06-01,13:52:57.537468,[]
2026-06-01,13:52:57.570835,[]
2026-06-01,13:52:57.604202,[]
2026-06-01,13:52:57.637569,[]
2026-06-01,13:52:57.670936,[]
2026-06-01,13:52:57.704303,[]
2026-06-01,13:52:57.737670,[]
2026-06-01,13:52:57.771037,[]
2026-06-01,13:52:57.804404,[]
2026-06-01,13:52:57.837771,[]
2026-06-01,13:52:57.871138,[]
2026-06-01,13:52:57.904505,[]
2026-06-01,13:52:57.937872,[]
2026-06-01,13:52:57.971239,[]
2026-06-01,13:52:58.004606,[]
2026-06-01,13:52:58.037973,[]
2026-06-01,13:52:58.071340,[]
2026-06-01,13:52:58.104707,[]
2026-06-01,13:52:58.138074,[]
2026-06-01,13:52:58.171441,[]
2026-06-01,13:52:58.204808,[]
2026-06-01,13:52:58.238175,[]
2026-06-01,13:52:58.271542,[]
2026-06-01,13:52:58.304909,[]
2026-06-01,13:52:58.338276,[]
2026-06-01,13:52:58.371643,[]
2026-06-01,13:52:58.405010,[]
2026-06-01,13:52:58.438377,[]
2026-06-01,13:52:58.471744,[]
2026-06-01,13:52:58.505111,[]
2026-06-01,13:52:58.538478,[]
2026-06-01,13:52:58.571845,[]
2026-06-01,13:52:58.605212,[]
2026-06-01,13:52:58.638579,[]
2026-06-01,13:52:58.671946,[]
2026-06-01,13:52:58.705313,[]
2026-06-01,13:52:58.738680,[]
2026-06-01,13:52:58.772047,[]
2026-06-01,13:52:58.805414,[]
2026-06-01,13:52:58.838781,[]
2026-06-01,13:52:58.872148,[]
2026-06-01,13:52:58.905515,[]
2026-06-01,13:52:58.938882,[]
2026-06-01,13:52:58.972249,[]
2026-06-01,13:52:59.005616,[]
2026-06-01,13:52:59.038983,[]
2026-06-01,13:52:59.072350,[]
2026-06-01,13:52:59.105717,[]
2026-06-01,13:52:59.139084,[]
2026-06-01,13:52:59.172451,[]
2026-06-01,13:52:59.205818,[]
2026-06-01,13:52:59.239185,[]
2026-06-01,13:52:59.272552,[]
2026-06-01,13:52:59.305919,[]
2026-06-01,13:52:59.339286,[]
2026-06-01,13:52:59.372653,[]
2026-06-01,13:52:59.406020,[]
2026-06-01,13:52:59.439387,[]
2026-06-01,13:52:59.472754,[]
2026-06-01,13:52:59.506121,[]
