Date,Time,plates
2026-06-02,11:28:28,[]
2026-06-02,11:28:28.033367,[]
2026-06-02,11:28:28.066734,[]
2026-06-02,11:28:28.100101,[]
2026-06-02,11:28:28.133468,[]
2026-06-02,11:28:28.166835,[]
2026-06-02,11:28:28.200202,[]
2026-06-02,11:28:28.233569,[]
2026-06-02,11:28:28.266936,[]
2026-06-02,11:28:28.300303,[]
2026-06-02,11:28:28.333670,[]
2026-06-02,11:28:28.367037,[]
2026-06-02,11:28:28.400404,[]
2026-06-02,11:28:28.433771,[]
2026-06-02,11:28:28.467138,[]
2026-06-02,11:28:28.500505,[]
2026-06-02,11:28:28.533872,[]
2026-06-02,11:28:28.567239,[]
2026-06-02,11:28:28.600606,[]
2026-06-02,11:28:28.633973,[]
2026-06-02,11:28:28.667340,[]
2026-06-02,11:28:28.700707,[]
2026-06-02,11:28:28.734074,[]
2026-06-02,11:28:28.767441,[]
2026-06-02,11:28:28.800808,[]
2026-06-02,11:28:28.834175,[]
2026-06-02,11:28:28.867542,[]
2026-06-02,11:28:28.900909,[]
2026-06-02,11:28:28.934276,[]
2026-06-02,11:28:28.967643,[]
2026-06-02,11:28:29.001010,[]
2026-06-02,11:28:29.034377,[]
2026-06-02,11:28:29.067744,[]
2026-06-02,11:28:29.101111,[]
2026-06-02,11:28:29.134478,[]
2026-06-02,11:28:29.167845,[]
2026-06-02,11:28:29.201212,[]
2026-06-02,11:28:29.234579,[]
2026-06-02,11:28:29.267946,[]
2026-06-02,11:28:29.301313,[]
2026-06-02,11:28:29.334680,[]
2026-06-02,11:28:29.368047,[]
2026-06-02,11:28:29.401414,[]
2026-06-02,11:28:29.434781,[]
2026-06-02,11:28:29.468148,[]
2026-06-02,11:28:29.501515,[]
2026-06-02,11:28:29.534882,[]
2026-06-02,11:28:29.568249,[]
2026-06-02,11:28:29.601616,[]
2026-06-02,11:28:29.634983,[]
2026-06-02,11:28:29.668350,[]
2026-06-02,11:28:29.701717,[]
2026-06-02,11:28:29.735084,[]
2026-06-02,11:28:29.768451,[]
2026-06-02,11:28:29.801818,[]
2026-06-02,11:28:29.835185,[]
2026-06-02,11:28:29.868552,[]
2026-06-02,11:28:29.901919,[]
2026-06-02,11:28:29.935286,[]
2026-06-02,11:28:29.968653,[]
2026-06-02,11:28:30.002020,[]
2026-06-02,11:28:30.035387,[]
2026-06-02,11:28:30.068754,[]
2026-06-02,11:28:30.102121,[]
2026-06-02,11:28:30.135488,[]
2026-06-02,11:28:30.168855,[]
2026-06-02,11:28:30.202222,[]
2026-06-02,11:28:30.235589,[]
2026-06-02,11:28:30.268956,[]
2026-06-02,11:28:30.302323,[]
2026-06-02,11:28:30.335690,[]
2026-06-02,11:28:30.369057,[]
2026-06-02,11:28:30.402424,[]
2026-06-02,11:28:30.435791,[]
2026-06-02,11:28:30.469158,[]
2026-06-02,11:28:30.502525,[]
2026-06-02,11:28:30.535892,[]
2026-06-02,11:28:30.569259,[]
2026-06-02,11:28:30.602626,[]
2026-06-02,11:28:30.635993,[]
2026-06-02,11:28:30.669360,[]
2026-06-02,11:28:30.702727,[]
2026-06-02,11:28:30.736094,[]
2026-06-02,11:28:30.769461,[]
2026-06-02,11:28:30.802828,[]
2026-06-02,11:28:30.836195,[]
2026-06-02,11:28:30.869562,[]
2026-06-02,11:28:30.902929,[]
2026-06-02,11:28:30.936296,[]
2026-06-02,11:28:30.969663,[]
2026-06-02,11:28:31.003030,[]
2026-06-02,11:28:31.036397,[]
2026-06-02,11:28:31.069764,[]
2026-06-02,11:28:31.103131,[]
2026-06-02,11:28:31.136498,[]
2026-06-02,11:28:31.169865,[]
2026-06-02,11:28:31.203232,[]
2026-06-02,11:28:31.236599,[]
2026-06-02,11:28:31.269966,[]
2026-06-02,11:28:31.303333,[]
2026-06-02,11:28:31.336700,[]
2026-06-02,11:28:31.370067,[]
2026-06-02,11:28:31.403434,[]
2026-06-02,11:28:31.436801,[]
2026-06-02,11:28:31.470168,[]
2026-06-02,11:28:31.503535,[]
2026-06-02,11:28:31.536902,[]
2026-06-02,11:28:31.570269,[]
2026-06-02,11:28:31.603636,[]
2026-06-02,11:28:31.637003,[]
2026-06-02,11:28:31.670370,[]
2026-06-02,11:28:31.703737,[]
2026-06-02,11:28:31.737104,[]
2026-06-02,11:28:31.770471,[]
2026-06-02,11:28:31.803838,[]
2026-06-02,11:28:31.837205,[]
2026-06-02,11:28:31.870572,[]
2026-06-02,11:28:31.903939,[]
2026-06-02,11:28:31.937306,[]
2026-06-02,11:28:31.970673,[]
2026-06-02,11:28:32.004040,[]
2026-06-02,11:28:32.037407,[]
2026-06-02,11:28:32.070774,[]
2026-06-02,11:28:32.104141,[]
2026-06-02,11:28:32.137508,[]
2026-06-02,11:28:32.170875,[]
2026-06-02,11:28:32.204242,[]
2026-06-02,11:28:32.237609,[]
2026-06-02,11:28:32.270976,[]
2026-06-02,11:28:32.304343,[]
2026-06-02,11:28:32.337710,[]
2026-06-02,11:28:32.371077,[]
2026-06-02,11:28:32.404444,[]
2026-06-02,11:28:32.437811,[]
2026-06-02,11:28:32.471178,[]
2026-06-02,11:28:32.504545,[]
2026-06-02,11:28:32.537912,[]
2026-06-02,11:28:32.571279,[]
2026-06-02,11:28:32.604646,[]
2026-06-02,11:28:32.638013,[]
2026-06-02,11:28:32.671380,[]
2026-06-02,11:28:32.704747,[]
2026-06-02,11:28:32.738114,[]
2026-06-02,11:28:32.771481,[]
2026-06-02,11:28:32.804848,[]
2026-06-02,11:28:32.838215,[]
2026-06-02,11:28:32.871582,[]
2026-06-02,11:28:32.904949,[]
2026-06-02,11:28:32.938316,[]
2026-06-02,11:28:32.971683,[]
2026-06-02,11:28:33.005050,[]
2026-06-02,11:28:33.038417,[]
2026-06-02,11:28:33.071784,[]
2026-06-02,11:28:33.105151,[]
2026-06-02,11:28:33.138518,[]
2026-06-02,11:28:33.171885,[]
2026-06-02,11:28:33.205252,[]
2026-06-02,11:28:33.238619,[]
2026-06-02,11:28:33.271986,[]
2026-06-02,11:28:33.305353,[]
2026-06-02,11:28:33.338720,[]
2026-06-02,11:28:33.372087,[]
2026-06-02,11:28:33.405454,[]
2026-06-02,11:28:33.438821,[]
2026-06-02,11:28:33.472188,[]
2026-06-02,11:28:33.505555,[]
2026-06-02,11:28:33.538922,[]
2026-06-02,11:28:33.572289,[]
2026-06-02,11:28:33.605656,[]
2026-06-02,11:28:33.639023,[]
2026-06-02,11:28:33.672390,[]
2026-06-02,11:28:33.705757,[]
2026-06-02,11:28:33.739124,[]
2026-06-02,11:28:33.772491,[]
2026-06-02,11:28:33.805858,[]
2026-06-02,11:28:33.839225,[]
2026-06-02,11:28:33.872592,[]
2026-06-02,11:28:33.905959,[]
2026-06-02,11:28:33.939326,[]
2026-06-02,11:28:33.972693,[]
2026-06-02,11:28:34.006060,[]
2026-06-02,11:28:34.039427,[]
2026-06-02,11:28:34.072794,[]
2026-06-02,11:28:34.106161,[]
2026-06-02,11:28:34.139528,[]
2026-06-02,11:28:34.172895,[]
2026-06-02,11:28:34.206262,[]
2026-06-02,11:28:34.239629,[]
2026-06-02,11:28:34.272996,[]
2026-06-02,11:28:34.306363,[]
2026-06-02,11:28:34.339730,[]
2026-06-02,11:28:34.373097,[]
2026-06-02,11:28:34.406464,[]
2026-06-02,11:28:34.439831,[]
2026-06-02,11:28:34.473198,[]
2026-06-02,11:28:34.506565,[]
2026-06-02,11:28:34.539932,[]
2026-06-02,11:28:34.573299,[]
2026-06-02,11:28:34.606666,[]
2026-06-02,11:28:34.640033,[]
2026-06-02,11:28:34.673400,[]
2026-06-02,11:28:34.706767,[]
2026-06-02,11:28:34.740134,[]
2026-06-02,11:28:34.773501,[]
2026-06-02,11:28:34.806868,[]
2026-06-02,11:28:34.840235,[]
2026-06-02,11:28:34.873602,[]
2026-06-02,11:28:34.906969,[]
2026-06-02,11:28:34.940336,[]
2026-06-02,11:28:34.973703,[]
2026-06-02,11:28:35.007070,[]
2026-06-02,11:28:35.040437,[]
2026-06-02,11:28:35.073804,[]
2026-06-02,11:28:35.107171,[]
2026-06-02,11:28:35.140538,[]
2026-06-02,11:28:35.173905,[]
2026-06-02,11:28:35.207272,[]
2026-06-02,11:28:35.240639,[]
2026-06-02,11:28:35.274006,[]
2026-06-02,11:28:35.307373,[]
2026-06-02,11:28:35.340740,[]
2026-06-02,11:28:35.374107,[]
2026-06-02,11:28:35.407474,[]
2026-06-02,11:28:35.440841,[]
2026-06-02,11:28:35.474208,[]
2026-06-02,11:28:35.507575,[]
2026-06-02,11:28:35.540942,[]
2026-06-02,11:28:35.574309,[]
2026-06-02,11:28:35.607676,[]
2026-06-02,11:28:35.641043,[]
2026-06-02,11:28:35.674410,[]
2026-06-02,11:28:35.707777,[]
2026-06-02,11:28:35.741144,[]
2026-06-02,11:28:35.774511,[]
2026-06-02,11:28:35.807878,[]
2026-06-02,11:28:35.841245,[]
2026-06-02,11:28:35.874612,[]
2026-06-02,11:28:35.907979,[]
2026-06-02,11:28:35.941346,[]
2026-06-02,11:28:35.974713,[]
2026-06-02,11:28:36.008080,[]
2026-06-02,11:28:36.041447,[]
2026-06-02,11:28:36.074814,[]
2026-06-02,11:28:36.108181,[]
2026-06-02,11:28:36.141548,[]
2026-06-02,11:28:36.174915,[]
2026-06-02,11:28:36.208282,[]
2026-06-02,11:28:36.241649,[]
2026-06-02,11:28:36.275016,[]
2026-06-02,11:28:36.308383,[]
2026-06-02,11:28:36.341750,[]
2026-06-02,11:28:36.375117,[]
2026-06-02,11:28:36.408484,[]
2026-06-02,11:28:36.441851,[]
2026-06-02,11:28:36.475218,[]
2026-06-02,11:28:36.508585,[]
2026-06-02,11:28:36.541952,[]
2026-06-02,11:28:36.575319,[]
2026-06-02,11:28:36.608686,[]
2026-06-02,11:28:36.642053,[]
2026-06-02,11:28:36.675420,[]
2026-06-02,11:28:36.708787,[]
2026-06-02,11:28:36.742154,[]
2026-06-02,11:28:36.775521,[]
2026-06-02,11:28:36.808888,[]
2026-06-02,11:28:36.842255,[]
2026-06-02,11:28:36.875622,[]
2026-06-02,11:28:36.908989,[]
2026-06-02,11:28:36.942356,[]
2026-06-02,11:28:36.975723,[]
2026-06-02,11:28:37.009090,[]
2026-06-02,11:28:37.042457,[]
2026-06-02,11:28:37.075824,[]
2026-06-02,11:28:37.109191,[]
2026-06-02,11:28:37.142558,[]
2026-06-02,11:28:37.175925,[]
2026-06-02,11:28:37.209292,[]
2026-06-02,11:28:37.242659,[]
2026-06-02,11:28:37.276026,[]
2026-06-02,11:28:37.309393,[]
2026-06-02,11:28:37.342760,[]
2026-06-02,11:28:37.376127,[]
2026-06-02,11:28:37.409494,[]
2026-06-02,11:28:37.442861,[]
2026-06-02,11:28:37.476228,[]
2026-06-02,11:28:37.509595,[]
2026-06-02,11:28:37.542962,[]
2026-06-02,11:28:37.576329,[]
2026-06-02,11:28:37.609696,[]
2026-06-02,11:28:37.643063,[]
2026-06-02,11:28:37.676430,[]
2026-06-02,11:28:37.709797,[]
2026-06-02,11:28:37.743164,[]
2026-06-02,11:28:37.776531,[]
2026-06-02,11:28:37.809898,[]
2026-06-02,11:28:37.843265,[]
2026-06-02,11:28:37.876632,[]
2026-06-02,11:28:37.909999,[]
2026-06-02,11:28:37.943366,[]
2026-06-02,11:28:37.976733,[]
2026-06-02,11:28:38.010100,[]
2026-06-02,11:28:38.043467,[]
2026-06-02,11:28:38.076834,[]
2026-06-02,11:28:38.110201,[]
2026-06-02,11:28:38.143568,[]
2026-06-02,11:28:38.176935,[]
2026-06-02,11:28:38.210302,[]
2026-06-02,11:28:38.243669,[]
2026-06-02,11:28:38.277036,[]
2026-06-02,11:28:38.310403,[]
2026-06-02,11:28:38.343770,[]
2026-06-02,11:28:38.377137,[]
2026-06-02,11:28:38.410504,[]
2026-06-02,11:28:38.443871,[]
2026-06-02,11:28:38.477238,[]
2026-06-02,11:28:38.510605,[]
2026-06-02,11:28:38.543972,[]
2026-06-02,11:28:38.577339,[]
2026-06-02,11:28:38.610706,[]
2026-06-02,11:28:38.644073,[]
2026-06-02,11:28:38.677440,[]
2026-06-02,11:28:38.710807,[]
2026-06-02,11:28:38.744174,[]
2026-06-02,11:28:38.777541,[]
2026-06-02,11:28:38.810908,[]
2026-06-02,11:28:38.844275,[]
2026-06-02,11:28:38.877642,[]
2026-06-02,11:28:38.911009,[]
2026-06-02,11:28:38.944376,[]
2026-06-02,11:28:38.977743,[]
2026-06-02,11:28:39.011110,[]
2026-06-02,11:28:39.044477,[]
2026-06-02,11:28:39.077844,[]
2026-06-02,11:28:39.111211,[]
2026-06-02,11:28:39.144578,[]
2026-06-02,11:28:39.177945,[]
2026-06-02,11:28:39.211312,[]
2026-06-02,11:28:39.244679,[]
2026-06-02,11:28:39.278046,[]
2026-06-02,11:28:39.311413,[]
2026-06-02,11:28:39.344780,[]
2026-06-02,11:28:39.378147,[]
2026-06-02,11:28:39.411514,[]
2026-06-02,11:28:39.444881,[]
2026-06-02,11:28:39.478248,[]
2026-06-02,11:28:39.511615,[]
2026-06-02,11:28:39.544982,[]
2026-06-02,11:28:39.578349,[]
2026-06-02,11:28:39.611716,[]
2026-06-02,11:28:39.645083,[]
2026-06-02,11:28:39.678450,[]
2026-06-02,11:28:39.711817,[]
2026-06-02,11:28:39.745184,[]
2026-06-02,11:28:39.778551,[]
2026-06-02,11:28:39.811918,[]
2026-06-02,11:28:39.845285,[]
2026-06-02,11:28:39.878652,[]
2026-06-02,11:28:39.912019,[]
2026-06-02,11:28:39.945386,[]
2026-06-02,11:28:39.978753,[]
2026-06-02,11:28:40.012120,[]
2026-06-02,11:28:40.045487,[]
2026-06-02,11:28:40.078854,[]
2026-06-02,11:28:40.112221,[]
2026-06-02,11:28:40.145588,[]
2026-06-02,11:28:40.178955,[]
2026-06-02,11:28:40.212322,[]
2026-06-02,11:28:40.245689,[]
2026-06-02,11:28:40.279056,[]
2026-06-02,11:28:40.312423,[]
2026-06-02,11:28:40.345790,[]
2026-06-02,11:28:40.379157,[]
2026-06-02,11:28:40.412524,[]
2026-06-02,11:28:40.445891,[]
2026-06-02,11:28:40.479258,[]
2026-06-02,11:28:40.512625,[]
2026-06-02,11:28:40.545992,[]
2026-06-02,11:28:40.579359,[]
2026-06-02,11:28:40.612726,[]
2026-06-02,11:28:40.646093,[]
2026-06-02,11:28:40.679460,[]
2026-06-02,11:28:40.712827,[]
2026-06-02,11:28:40.746194,[]
2026-06-02,11:28:40.779561,[]
2026-06-02,11:28:40.812928,[]
2026-06-02,11:28:40.846295,[]
2026-06-02,11:28:40.879662,[]
2026-06-02,11:28:40.913029,[]
2026-06-02,11:28:40.946396,[]
2026-06-02,11:28:40.979763,[]
2026-06-02,11:28:41.013130,[]
2026-06-02,11:28:41.046497,[]
2026-06-02,11:28:41.079864,[]
2026-06-02,11:28:41.113231,[]
2026-06-02,11:28:41.146598,[]
2026-06-02,11:28:41.179965,[]
2026-06-02,11:28:41.213332,[]
2026-06-02,11:28:41.246699,[]
2026-06-02,11:28:41.280066,[]
2026-06-02,11:28:41.313433,[]
2026-06-02,11:28:41.346800,[]
2026-06-02,11:28:41.380167,[]
2026-06-02,11:28:41.413534,[]
2026-06-02,11:28:41.446901,[]
2026-06-02,11:28:41.480268,[]
2026-06-02,11:28:41.513635,[]
2026-06-02,11:28:41.547002,[]
2026-06-02,11:28:41.580369,[]
2026-06-02,11:28:41.613736,[]
2026-06-02,11:28:41.647103,[]
2026-06-02,11:28:41.680470,[]
2026-06-02,11:28:41.713837,[]
2026-06-02,11:28:41.747204,[]
2026-06-02,11:28:41.780571,[]
2026-06-02,11:28:41.813938,[]
2026-06-02,11:28:41.847305,[]
2026-06-02,11:28:41.880672,[]
2026-06-02,11:28:41.914039,[]
2026-06-02,11:28:41.947406,[]
2026-06-02,11:28:41.980773,[]
2026-06-02,11:28:42.014140,[]
2026-06-02,11:28:42.047507,[]
2026-06-02,11:28:42.080874,[]
2026-06-02,11:28:42.114241,[]
2026-06-02,11:28:42.147608,[]
2026-06-02,11:28:42.180975,[]
2026-06-02,11:28:42.214342,[]
2026-06-02,11:28:42.247709,[]
2026-06-02,11:28:42.281076,[]
2026-06-02,11:28:42.314443,[]
2026-06-02,11:28:42.347810,[]
2026-06-02,11:28:42.381177,[]
2026-06-02,11:28:42.414544,[]
2026-06-02,11:28:42.447911,[]
2026-06-02,11:28:42.481278,[]
2026-06-02,11:28:42.514645,[]
2026-06-02,11:28:42.548012,[]
2026-06-02,11:28:42.581379,[]
2026-06-02,11:28:42.614746,[]
2026-06-02,11:28:42.648113,[]
2026-06-02,11:28:42.681480,[]
2026-06-02,11:28:42.714847,[]
2026-06-02,11:28:42.748214,[]
2026-06-02,11:28:42.781581,[]
2026-06-02,11:28:42.814948,[]
2026-06-02,11:28:42.848315,[]
2026-06-02,11:28:42.881682,[]
2026-06-02,11:28:42.915049,[]
2026-06-02,11:28:42.948416,[]
2026-06-02,11:28:42.981783,[]
2026-06-02,11:28:43.015150,[]
2026-06-02,11:28:43.048517,[]
2026-06-02,11:28:43.081884,[]
2026-06-02,11:28:43.115251,[]
2026-06-02,11:28:43.148618,[]
2026-06-02,11:28:43.181985,[]
2026-06-02,11:28:43.215352,[]
2026-06-02,11:28:43.248719,[]
2026-06-02,11:28:43.282086,[]
2026-06-02,11:28:43.315453,[]
2026-06-02,11:28:43.348820,[]
2026-06-02,11:28:43.382187,[]
2026-06-02,11:28:43.415554,[]
2026-06-02,11:28:43.448921,[]
2026-06-02,11:28:43.482288,[]
2026-06-02,11:28:43.515655,[]
2026-06-02,11:28:43.549022,[]
2026-06-02,11:28:43.582389,[]
2026-06-02,11:28:43.615756,[]
2026-06-02,11:28:43.649123,[]
2026-06-02,11:28:43.682490,[]
2026-06-02,11:28:43.715857,[]
2026-06-02,11:28:43.749224,[]
2026-06-02,11:28:43.782591,[]
2026-06-02,11:28:43.815958,[]
2026-06-02,11:28:43.849325,[]
2026-06-02,11:28:43.882692,[]
2026-06-02,11:28:43.916059,[]
2026-06-02,11:28:43.949426,[]
2026-06-02,11:28:43.982793,[]
2026-06-02,11:28:44.016160,[]
2026-06-02,11:28:44.049527,[]
2026-06-02,11:28:44.082894,[]
2026-06-02,11:28:44.116261,[]
2026-06-02,11:28:44.149628,[]
2026-06-02,11:28:44.182995,[]
2026-06-02,11:28:44.216362,[]
2026-06-02,11:28:44.249729,[]
2026-06-02,11:28:44.283096,[]
2026-06-02,11:28:44.316463,[]
2026-06-02,11:28:44.349830,[]
2026-06-02,11:28:44.383197,[]
2026-06-02,11:28:44.416564,[]
2026-06-02,11:28:44.449931,[]
2026-06-02,11:28:44.483298,[]
2026-06-02,11:28:44.516665,[]
2026-06-02,11:28:44.550032,[]
2026-06-02,11:28:44.583399,[]
2026-06-02,11:28:44.616766,[]
2026-06-02,11:28:44.650133,[]
2026-06-02,11:28:44.683500,[]
2026-06-02,11:28:44.716867,[]
2026-06-02,11:28:44.750234,[]
2026-06-02,11:28:44.783601,[]
2026-06-02,11:28:44.816968,[]
2026-06-02,11:28:44.850335,[]
2026-06-02,11:28:44.883702,[]
2026-06-02,11:28:44.917069,[]
2026-06-02,11:28:44.950436,[]
2026-06-02,11:28:44.983803,[]
2026-06-02,11:28:45.017170,[]
2026-06-02,11:28:45.050537,[]
2026-06-02,11:28:45.083904,[]
2026-06-02,11:28:45.117271,[]
2026-06-02,11:28:45.150638,[]
2026-06-02,11:28:45.184005,[]
2026-06-02,11:28:45.217372,[]
2026-06-02,11:28:45.250739,[]
2026-06-02,11:28:45.284106,[]
2026-06-02,11:28:45.317473,[]
2026-06-02,11:28:45.350840,[]
2026-06-02,11:28:45.384207,[]
2026-06-02,11:28:45.417574,[]
2026-06-02,11:28:45.450941,[]
2026-06-02,11:28:45.484308,[]
2026-06-02,11:28:45.517675,[]
2026-06-02,11:28:45.551042,[]
2026-06-02,11:28:45.584409,[]
2026-06-02,11:28:45.617776,[]
2026-06-02,11:28:45.651143,[]
2026-06-02,11:28:45.684510,[]
2026-06-02,11:28:45.717877,[]
2026-06-02,11:28:45.751244,[]
2026-06-02,11:28:45.784611,[]
2026-06-02,11:28:45.817978,[]
2026-06-02,11:28:45.851345,[]
2026-06-02,11:28:45.884712,[]
2026-06-02,11:28:45.918079,[]
2026-06-02,11:28:45.951446,[]
2026-06-02,11:28:45.984813,[]
2026-06-02,11:28:46.018180,[]
2026-06-02,11:28:46.051547,[]
2026-06-02,11:28:46.084914,[]
2026-06-02,11:28:46.118281,[]
2026-06-02,11:28:46.151648,[]
2026-06-02,11:28:46.185015,[]
2026-06-02,11:28:46.218382,[]
2026-06-02,11:28:46.251749,[]
2026-06-02,11:28:46.285116,[]
2026-06-02,11:28:46.318483,[]
2026-06-02,11:28:46.351850,[]
2026-06-02,11:28:46.385217,[]
2026-06-02,11:28:46.418584,[]
2026-06-02,11:28:46.451951,[]
2026-06-02,11:28:46.485318,[]
2026-06-02,11:28:46.518685,[]
2026-06-02,11:28:46.552052,[]
2026-06-02,11:28:46.585419,[]
2026-06-02,11:28:46.618786,[]
2026-06-02,11:28:46.652153,[]
2026-06-02,11:28:46.685520,[]
2026-06-02,11:28:46.718887,[]
2026-06-02,11:28:46.752254,[]
2026-06-02,11:28:46.785621,[]
2026-06-02,11:28:46.818988,[]
2026-06-02,11:28:46.852355,[]
2026-06-02,11:28:46.885722,[]
2026-06-02,11:28:46.919089,[]
2026-06-02,11:28:46.952456,[]
2026-06-02,11:28:46.985823,[]
2026-06-02,11:28:47.019190,[]
2026-06-02,11:28:47.052557,[]
2026-06-02,11:28:47.085924,[]
2026-06-02,11:28:47.119291,[]
2026-06-02,11:28:47.152658,[]
2026-06-02,11:28:47.186025,[]
2026-06-02,11:28:47.219392,[]
2026-06-02,11:28:47.252759,[]
2026-06-02,11:28:47.286126,[]
2026-06-02,11:28:47.319493,[]
2026-06-02,11:28:47.352860,[]
2026-06-02,11:28:47.386227,[]
2026-06-02,11:28:47.419594,[]
2026-06-02,11:28:47.452961,[]
2026-06-02,11:28:47.486328,[]
2026-06-02,11:28:47.519695,[]
2026-06-02,11:28:47.553062,[]
2026-06-02,11:28:47.586429,[]
2026-06-02,11:28:47.619796,[]
2026-06-02,11:28:47.653163,[]
2026-06-02,11:28:47.686530,[]
2026-06-02,11:28:47.719897,[]
2026-06-02,11:28:47.753264,[]
2026-06-02,11:28:47.786631,[]
2026-06-02,11:28:47.819998,[]
2026-06-02,11:28:47.853365,[]
2026-06-02,11:28:47.886732,[]
2026-06-02,11:28:47.920099,[]
2026-06-02,11:28:47.953466,[]
2026-06-02,11:28:47.986833,[]
2026-06-02,11:28:48.020200,[]
2026-06-02,11:28:48.053567,[]
2026-06-02,11:28:48.086934,[]
2026-06-02,11:28:48.120301,[]
2026-06-02,11:28:48.153668,[]
2026-06-02,11:28:48.187035,[]
2026-06-02,11:28:48.220402,[]
2026-06-02,11:28:48.253769,[]
2026-06-02,11:28:48.287136,[]
2026-06-02,11:28:48.320503,[]
2026-06-02,11:28:48.353870,[]
2026-06-02,11:28:48.387237,[]
2026-06-02,11:28:48.420604,[]
2026-06-02,11:28:48.453971,[]
2026-06-02,11:28:48.487338,[]
2026-06-02,11:28:48.520705,[]
2026-06-02,11:28:48.554072,[]
2026-06-02,11:28:48.587439,[]
2026-06-02,11:28:48.620806,[]
2026-06-02,11:28:48.654173,[]
2026-06-02,11:28:48.687540,[]
2026-06-02,11:28:48.720907,[]
2026-06-02,11:28:48.754274,[]
2026-06-02,11:28:48.787641,[]
2026-06-02,11:28:48.821008,[]
2026-06-02,11:28:48.854375,[]
2026-06-02,11:28:48.887742,[]
2026-06-02,11:28:48.921109,[]
2026-06-02,11:28:48.954476,[]
2026-06-02,11:28:48.987843,[]
2026-06-02,11:28:49.021210,[]
2026-06-02,11:28:49.054577,[]
2026-06-02,11:28:49.087944,[]
2026-06-02,11:28:49.121311,[]
2026-06-02,11:28:49.154678,[]
2026-06-02,11:28:49.188045,[]
2026-06-02,11:28:49.221412,[]
2026-06-02,11:28:49.254779,[]
2026-06-02,11:28:49.288146,[]
2026-06-02,11:28:49.321513,[]
2026-06-02,11:28:49.354880,[]
2026-06-02,11:28:49.388247,[]
2026-06-02,11:28:49.421614,[]
2026-06-02,11:28:49.454981,[]
2026-06-02,11:28:49.488348,[]
2026-06-02,11:28:49.521715,[]
2026-06-02,11:28:49.555082,[]
2026-06-02,11:28:49.588449,[]
2026-06-02,11:28:49.621816,[]
2026-06-02,11:28:49.655183,[]
2026-06-02,11:28:49.688550,[]
2026-06-02,11:28:49.721917,[]
2026-06-02,11:28:49.755284,[]
2026-06-02,11:28:49.788651,[]
2026-06-02,11:28:49.822018,[]
2026-06-02,11:28:49.855385,[]
2026-06-02,11:28:49.888752,[]
2026-06-02,11:28:49.922119,[]
2026-06-02,11:28:49.955486,[]
2026-06-02,11:28:49.988853,[]
2026-06-02,11:28:50.022220,[]
2026-06-02,11:28:50.055587,[]
2026-06-02,11:28:50.088954,[]
2026-06-02,11:28:50.122321,[]
2026-06-02,11:28:50.155688,[]
2026-06-02,11:28:50.189055,[]
2026-06-02,11:28:50.222422,[]
2026-06-02,11:28:50.255789,[]
2026-06-02,11:28:50.289156,[]
2026-06-02,11:28:50.322523,[]
2026-06-02,11:28:50.355890,[]
2026-06-02,11:28:50.389257,[]
2026-06-02,11:28:50.422624,[]
2026-06-02,11:28:50.455991,[]
2026-06-02,11:28:50.489358,[]
2026-06-02,11:28:50.522725,[]
2026-06-02,11:28:50.556092,[]
2026-06-02,11:28:50.589459,[]
2026-06-02,11:28:50.622826,[]
2026-06-02,11:28:50.656193,[]
2026-06-02,11:28:50.689560,[]
2026-06-02,11:28:50.722927,[]
2026-06-02,11:28:50.756294,[]
2026-06-02,11:28:50.789661,[]
2026-06-02,11:28:50.823028,[]
2026-06-02,11:28:50.856395,[]
2026-06-02,11:28:50.889762,[]
2026-06-02,11:28:50.923129,[]
2026-06-02,11:28:50.956496,[]
2026-06-02,11:28:50.989863,[]
2026-06-02,11:28:51.023230,[]
2026-06-02,11:28:51.056597,[]
2026-06-02,11:28:51.089964,[]
2026-06-02,11:28:51.123331,[]
2026-06-02,11:28:51.156698,[]
2026-06-02,11:28:51.190065,[]
2026-06-02,11:28:51.223432,[]
2026-06-02,11:28:51.256799,[]
2026-06-02,11:28:51.290166,[]
2026-06-02,11:28:51.323533,[]
2026-06-02,11:28:51.356900,[]
2026-06-02,11:28:51.390267,[]
2026-06-02,11:28:51.423634,[]
2026-06-02,11:28:51.457001,[]
2026-06-02,11:28:51.490368,[]
2026-06-02,11:28:51.523735,[]
2026-06-02,11:28:51.557102,[]
2026-06-02,11:28:51.590469,[]
2026-06-02,11:28:51.623836,[]
2026-06-02,11:28:51.657203,[]
2026-06-02,11:28:51.690570,[]
2026-06-02,11:28:51.723937,[]
2026-06-02,11:28:51.757304,[]
2026-06-02,11:28:51.790671,[]
2026-06-02,11:28:51.824038,[]
2026-06-02,11:28:51.857405,[]
2026-06-02,11:28:51.890772,[]
2026-06-02,11:28:51.924139,[]
2026-06-02,11:28:51.957506,[]
2026-06-02,11:28:51.990873,[]
2026-06-02,11:28:52.024240,[]
2026-06-02,11:28:52.057607,[]
2026-06-02,11:28:52.090974,[]
2026-06-02,11:28:52.124341,[]
2026-06-02,11:28:52.157708,[]
2026-06-02,11:28:52.191075,[]
2026-06-02,11:28:52.224442,[]
2026-06-02,11:28:52.257809,[]
2026-06-02,11:28:52.291176,[]
2026-06-02,11:28:52.324543,[]
2026-06-02,11:28:52.357910,[]
2026-06-02,11:28:52.391277,[]
2026-06-02,11:28:52.424644,[]
2026-06-02,11:28:52.458011,[]
2026-06-02,11:28:52.491378,[]
2026-06-02,11:28:52.524745,[]
2026-06-02,11:28:52.558112,[]
2026-06-02,11:28:52.591479,[]
2026-06-02,11:28:52.624846,[]
2026-06-02,11:28:52.658213,[]
2026-06-02,11:28:52.691580,[]
2026-06-02,11:28:52.724947,[]
2026-06-02,11:28:52.758314,[]
2026-06-02,11:28:52.791681,[]
2026-06-02,11:28:52.825048,[]
2026-06-02,11:28:52.858415,[]
2026-06-02,11:28:52.891782,[]
2026-06-02,11:28:52.925149,[]
2026-06-02,11:28:52.958516,[]
2026-06-02,11:28:52.991883,[]
2026-06-02,11:28:53.025250,[]
2026-06-02,11:28:53.058617,[]
2026-06-02,11:28:53.091984,[]
2026-06-02,11:28:53.125351,[]
2026-06-02,11:28:53.158718,[]
2026-06-02,11:28:53.192085,[]
2026-06-02,11:28:53.225452,[]
2026-06-02,11:28:53.258819,[]
2026-06-02,11:28:53.292186,[]
2026-06-02,11:28:53.325553,[]
2026-06-02,11:28:53.358920,[]
2026-06-02,11:28:53.392287,[]
2026-06-02,11:28:53.425654,[]
2026-06-02,11:28:53.459021,[]
2026-06-02,11:28:53.492388,[]
2026-06-02,11:28:53.525755,[]
2026-06-02,11:28:53.559122,[]
2026-06-02,11:28:53.592489,[]
2026-06-02,11:28:53.625856,[]
2026-06-02,11:28:53.659223,[]
2026-06-02,11:28:53.692590,[]
2026-06-02,11:28:53.725957,[]
2026-06-02,11:28:53.759324,[]
2026-06-02,11:28:53.792691,[]
2026-06-02,11:28:53.826058,[]
2026-06-02,11:28:53.859425,[]
2026-06-02,11:28:53.892792,[]
2026-06-02,11:28:53.926159,[]
2026-06-02,11:28:53.959526,[]
2026-06-02,11:28:53.992893,[]
2026-06-02,11:28:54.026260,[]
2026-06-02,11:28:54.059627,[]
2026-06-02,11:28:54.092994,[]
2026-06-02,11:28:54.126361,[]
2026-06-02,11:28:54.159728,[]
2026-06-02,11:28:54.193095,[]
2026-06-02,11:28:54.226462,[]
2026-06-02,11:28:54.259829,[]
2026-06-02,11:28:54.293196,[]
2026-06-02,11:28:54.326563,[]
2026-06-02,11:28:54.359930,[]
2026-06-02,11:28:54.393297,[]
2026-06-02,11:28:54.426664,[]
2026-06-02,11:28:54.460031,[]
2026-06-02,11:28:54.493398,[]
2026-06-02,11:28:54.526765,[]
2026-06-02,11:28:54.560132,[]
2026-06-02,11:28:54.593499,[]
2026-06-02,11:28:54.626866,[]
2026-06-02,11:28:54.660233,[]
2026-06-02,11:28:54.693600,[]
2026-06-02,11:28:54.726967,[]
2026-06-02,11:28:54.760334,[]
2026-06-02,11:28:54.793701,[]
2026-06-02,11:28:54.827068,[]
2026-06-02,11:28:54.860435,[]
2026-06-02,11:28:54.893802,[]
2026-06-02,11:28:54.927169,[]
2026-06-02,11:28:54.960536,[]
2026-06-02,11:28:54.993903,[]
2026-06-02,11:28:55.027270,[]
2026-06-02,11:28:55.060637,[]
2026-06-02,11:28:55.094004,[]
2026-06-02,11:28:55.127371,[]
2026-06-02,11:28:55.160738,[]
2026-06-02,11:28:55.194105,[]
2026-06-02,11:28:55.227472,[]
2026-06-02,11:28:55.260839,[]
2026-06-02,11:28:55.294206,[]
2026-06-02,11:28:55.327573,[]
2026-06-02,11:28:55.360940,[]
2026-06-02,11:28:55.394307,[]
2026-06-02,11:28:55.427674,[]
2026-06-02,11:28:55.461041,[]
2026-06-02,11:28:55.494408,[]
2026-06-02,11:28:55.527775,[]
2026-06-02,11:28:55.561142,[]
2026-06-02,11:28:55.594509,[]
2026-06-02,11:28:55.627876,[]
2026-06-02,11:28:55.661243,[]
2026-06-02,11:28:55.694610,[]
2026-06-02,11:28:55.727977,[]
2026-06-02,11:28:55.761344,[]
2026-06-02,11:28:55.794711,[]
2026-06-02,11:28:55.828078,[]
2026-06-02,11:28:55.861445,[]
2026-06-02,11:28:55.894812,[]
2026-06-02,11:28:55.928179,[]
2026-06-02,11:28:55.961546,[]
2026-06-02,11:28:55.994913,[]
2026-06-02,11:28:56.028280,[]
2026-06-02,11:28:56.061647,[]
2026-06-02,11:28:56.095014,[]
2026-06-02,11:28:56.128381,[]
2026-06-02,11:28:56.161748,[]
2026-06-02,11:28:56.195115,[]
2026-06-02,11:28:56.228482,[]
2026-06-02,11:28:56.261849,[]
2026-06-02,11:28:56.295216,[]
2026-06-02,11:28:56.328583,[]
2026-06-02,11:28:56.361950,[]
2026-06-02,11:28:56.395317,[]
2026-06-02,11:28:56.428684,[]
2026-06-02,11:28:56.462051,[]
2026-06-02,11:28:56.495418,[]
2026-06-02,11:28:56.528785,[]
2026-06-02,11:28:56.562152,[]
2026-06-02,11:28:56.595519,[]
2026-06-02,11:28:56.628886,[]
2026-06-02,11:28:56.662253,[]
2026-06-02,11:28:56.695620,[]
2026-06-02,11:28:56.728987,[]
2026-06-02,11:28:56.762354,[]
2026-06-02,11:28:56.795721,[]
2026-06-02,11:28:56.829088,[]
2026-06-02,11:28:56.862455,[]
2026-06-02,11:28:56.895822,[]
2026-06-02,11:28:56.929189,[]
2026-06-02,11:28:56.962556,[]
2026-06-02,11:28:56.995923,[]
2026-06-02,11:28:57.029290,[]
2026-06-02,11:28:57.062657,[]
2026-06-02,11:28:57.096024,[]
2026-06-02,11:28:57.129391,[]
2026-06-02,11:28:57.162758,[]
2026-06-02,11:28:57.196125,[]
2026-06-02,11:28:57.229492,[]
2026-06-02,11:28:57.262859,[]
2026-06-02,11:28:57.296226,[]
2026-06-02,11:28:57.329593,[]
2026-06-02,11:28:57.362960,[]
2026-06-02,11:28:57.396327,[]
2026-06-02,11:28:57.429694,[]
2026-06-02,11:28:57.463061,[]
2026-06-02,11:28:57.496428,[]
2026-06-02,11:28:57.529795,[]
2026-06-02,11:28:57.563162,[]
2026-06-02,11:28:57.596529,[]
2026-06-02,11:28:57.629896,[]
2026-06-02,11:28:57.663263,[]
2026-06-02,11:28:57.696630,[]
2026-06-02,11:28:57.729997,[]
2026-06-02,11:28:57.763364,[]
2026-06-02,11:28:57.796731,[]
2026-06-02,11:28:57.830098,[]
2026-06-02,11:28:57.863465,[]
2026-06-02,11:28:57.896832,[]
2026-06-02,11:28:57.930199,[]
2026-06-02,11:28:57.963566,[]
2026-06-02,11:28:57.996933,[]
2026-06-02,11:28:58.030300,[]
2026-06-02,11:28:58.063667,[]
2026-06-02,11:28:58.097034,[]
2026-06-02,11:28:58.130401,[]
2026-06-02,11:28:58.163768,[]
2026-06-02,11:28:58.197135,[]
2026-06-02,11:28:58.230502,[]
2026-06-02,11:28:58.263869,[]
2026-06-02,11:28:58.297236,[]
2026-06-02,11:28:58.330603,[]
2026-06-02,11:28:58.363970,[]
2026-06-02,11:28:58.397337,[]
2026-06-02,11:28:58.430704,[]
2026-06-02,11:28:58.464071,[]
2026-06-02,11:28:58.497438,[]
2026-06-02,11:28:58.530805,[]
2026-06-02,11:28:58.564172,[]
2026-06-02,11:28:58.597539,[]
2026-06-02,11:28:58.630906,[]
2026-06-02,11:28:58.664273,[]
2026-06-02,11:28:58.697640,[]
2026-06-02,11:28:58.731007,[]
2026-06-02,11:28:58.764374,[]
2026-06-02,11:28:58.797741,[]
2026-06-02,11:28:58.831108,[]
2026-06-02,11:28:58.864475,[]
2026-06-02,11:28:58.897842,[]
2026-06-02,11:28:58.931209,[]
2026-06-02,11:28:58.964576,[]
2026-06-02,11:28:58.997943,[]
2026-06-02,11:28:59.031310,[]
2026-06-02,11:28:59.064677,[]
2026-06-02,11:28:59.098044,[]
2026-06-02,11:28:59.131411,[]
2026-06-02,11:28:59.164778,[]
2026-06-02,11:28:59.198145,[]
2026-06-02,11:28:59.231512,[]
2026-06-02,11:28:59.264879,[]
2026-06-02,11:28:59.298246,[]
2026-06-02,11:28:59.331613,[]
2026-06-02,11:28:59.364980,[]
2026-06-02,11:28:59.398347,[]
2026-06-02,11:28:59.431714,[]
2026-06-02,11:28:59.465081,[]
2026-06-02,11:28:59.498448,[]
2026-06-02,11:28:59.531815,[]
2026-06-02,11:28:59.565182,[]
2026-06-02,11:28:59.598549,[]
2026-06-02,11:28:59.631916,[]
2026-06-02,11:28:59.665283,[]
2026-06-02,11:28:59.698650,[]
2026-06-02,11:28:59.732017,[]
2026-06-02,11:28:59.765384,[]
2026-06-02,11:28:59.798751,[]
2026-06-02,11:28:59.832118,[]
2026-06-02,11:28:59.865485,[]
2026-06-02,11:28:59.898852,[]
2026-06-02,11:28:59.932219,[]
2026-06-02,11:28:59.965586,[]
2026-06-02,11:28:59.998953,[]
2026-06-02,11:29:00.032320,[]
2026-06-02,11:29:00.065687,[]
2026-06-02,11:29:00.099054,[]
2026-06-02,11:29:00.132421,[]
2026-06-02,11:29:00.165788,[]
2026-06-02,11:29:00.199155,[]
2026-06-02,11:29:00.232522,[]
2026-06-02,11:29:00.265889,[]
2026-06-02,11:29:00.299256,[]
2026-06-02,11:29:00.332623,[]
2026-06-02,11:29:00.365990,[]
2026-06-02,11:29:00.399357,[]
2026-06-02,11:29:00.432724,[]
2026-06-02,11:29:00.466091,[]
2026-06-02,11:29:00.499458,[]
2026-06-02,11:29:00.532825,[]
2026-06-02,11:29:00.566192,[]
2026-06-02,11:29:00.599559,[]
2026-06-02,11:29:00.632926,[]
2026-06-02,11:29:00.666293,[]
2026-06-02,11:29:00.699660,[]
2026-06-02,11:29:00.733027,[]
2026-06-02,11:29:00.766394,[]
2026-06-02,11:29:00.799761,[]
2026-06-02,11:29:00.833128,[]
2026-06-02,11:29:00.866495,[]
2026-06-02,11:29:00.899862,[]
2026-06-02,11:29:00.933229,[]
2026-06-02,11:29:00.966596,[]
2026-06-02,11:29:00.999963,[]
2026-06-02,11:29:01.033330,[]
2026-06-02,11:29:01.066697,[]
2026-06-02,11:29:01.100064,[]
2026-06-02,11:29:01.133431,[]
2026-06-02,11:29:01.166798,[]
2026-06-02,11:29:01.200165,[]
2026-06-02,11:29:01.233532,[]
2026-06-02,11:29:01.266899,[]
2026-06-02,11:29:01.300266,[]
2026-06-02,11:29:01.333633,[]
2026-06-02,11:29:01.367000,[]
2026-06-02,11:29:01.400367,[]
2026-06-02,11:29:01.433734,[]
2026-06-02,11:29:01.467101,[]
2026-06-02,11:29:01.500468,[]
2026-06-02,11:29:01.533835,[]
2026-06-02,11:29:01.567202,[]
2026-06-02,11:29:01.600569,[]
2026-06-02,11:29:01.633936,[]
2026-06-02,11:29:01.667303,[]
2026-06-02,11:29:01.700670,[]
2026-06-02,11:29:01.734037,[]
2026-06-02,11:29:01.767404,[]
2026-06-02,11:29:01.800771,[]
2026-06-02,11:29:01.834138,[]
2026-06-02,11:29:01.867505,[]
2026-06-02,11:29:01.900872,[]
2026-06-02,11:29:01.934239,[]
2026-06-02,11:29:01.967606,[]
2026-06-02,11:29:02.000973,[]
2026-06-02,11:29:02.034340,[]
2026-06-02,11:29:02.067707,[]
2026-06-02,11:29:02.101074,[]
2026-06-02,11:29:02.134441,['EK95328']
2026-06-02,11:29:02.167808,['EK95328']
2026-06-02,11:29:02.201175,[]
2026-06-02,11:29:02.234542,[]
2026-06-02,11:29:02.267909,[]
2026-06-02,11:29:02.301276,[]
2026-06-02,11:29:02.334643,[]
2026-06-02,11:29:02.368010,[]
2026-06-02,11:29:02.401377,[]
2026-06-02,11:29:02.434744,[]
2026-06-02,11:29:02.468111,[]
2026-06-02,11:29:02.501478,[]
2026-06-02,11:29:02.534845,[]
2026-06-02,11:29:02.568212,[]
2026-06-02,11:29:02.601579,[]
2026-06-02,11:29:02.634946,[]
2026-06-02,11:29:02.668313,[]
2026-06-02,11:29:02.701680,[]
2026-06-02,11:29:02.735047,[]
2026-06-02,11:29:02.768414,[]
2026-06-02,11:29:02.801781,[]
2026-06-02,11:29:02.835148,[]
2026-06-02,11:29:02.868515,[]
2026-06-02,11:29:02.901882,[]
2026-06-02,11:29:02.935249,[]
2026-06-02,11:29:02.968616,[]
2026-06-02,11:29:03.001983,[]
2026-06-02,11:29:03.035350,[]
2026-06-02,11:29:03.068717,[]
2026-06-02,11:29:03.102084,[]
2026-06-02,11:29:03.135451,[]
2026-06-02,11:29:03.168818,[]
2026-06-02,11:29:03.202185,[]
2026-06-02,11:29:03.235552,[]
2026-06-02,11:29:03.268919,[]
2026-06-02,11:29:03.302286,[]
2026-06-02,11:29:03.335653,[]
2026-06-02,11:29:03.369020,[]
2026-06-02,11:29:03.402387,[]
2026-06-02,11:29:03.435754,[]
2026-06-02,11:29:03.469121,[]
2026-06-02,11:29:03.502488,[]
2026-06-02,11:29:03.535855,[]
2026-06-02,11:29:03.569222,[]
2026-06-02,11:29:03.602589,[]
2026-06-02,11:29:03.635956,[]
2026-06-02,11:29:03.669323,[]
2026-06-02,11:29:03.702690,[]
2026-06-02,11:29:03.736057,[]
2026-06-02,11:29:03.769424,[]
2026-06-02,11:29:03.802791,[]
2026-06-02,11:29:03.836158,[]
2026-06-02,11:29:03.869525,[]
2026-06-02,11:29:03.902892,[]
2026-06-02,11:29:03.936259,[]
2026-06-02,11:29:03.969626,[]
2026-06-02,11:29:04.002993,[]
2026-06-02,11:29:04.036360,[]
2026-06-02,11:29:04.069727,[]
2026-06-02,11:29:04.103094,[]
2026-06-02,11:29:04.136461,[]
2026-06-02,11:29:04.169828,[]
2026-06-02,11:29:04.203195,[]
2026-06-02,11:29:04.236562,[]
2026-06-02,11:29:04.269929,[]
2026-06-02,11:29:04.303296,[]
2026-06-02,11:29:04.336663,[]
2026-06-02,11:29:04.370030,[]
2026-06-02,11:29:04.403397,[]
2026-06-02,11:29:04.436764,[]
2026-06-02,11:29:04.470131,[]
2026-06-02,11:29:04.503498,[]
2026-06-02,11:29:04.536865,[]
2026-06-02,11:29:04.570232,[]
2026-06-02,11:29:04.603599,[]
2026-06-02,11:29:04.636966,[]
2026-06-02,11:29:04.670333,[]
2026-06-02,11:29:04.703700,[]
2026-06-02,11:29:04.737067,[]
2026-06-02,11:29:04.770434,[]
2026-06-02,11:29:04.803801,[]
2026-06-02,11:29:04.837168,[]
2026-06-02,11:29:04.870535,[]
2026-06-02,11:29:04.903902,[]
2026-06-02,11:29:04.937269,[]
2026-06-02,11:29:04.970636,[]
2026-06-02,11:29:05.004003,[]
2026-06-02,11:29:05.037370,[]
2026-06-02,11:29:05.070737,[]
2026-06-02,11:29:05.104104,[]
2026-06-02,11:29:05.137471,[]
2026-06-02,11:29:05.170838,[]
2026-06-02,11:29:05.204205,[]
2026-06-02,11:29:05.237572,[]
2026-06-02,11:29:05.270939,[]
2026-06-02,11:29:05.304306,[]
2026-06-02,11:29:05.337673,[]
2026-06-02,11:29:05.371040,[]
2026-06-02,11:29:05.404407,[]
2026-06-02,11:29:05.437774,[]
2026-06-02,11:29:05.471141,[]
2026-06-02,11:29:05.504508,[]
2026-06-02,11:29:05.537875,[]
2026-06-02,11:29:05.571242,[]
2026-06-02,11:29:05.604609,[]
2026-06-02,11:29:05.637976,[]
2026-06-02,11:29:05.671343,[]
2026-06-02,11:29:05.704710,[]
2026-06-02,11:29:05.738077,[]
2026-06-02,11:29:05.771444,[]
2026-06-02,11:29:05.804811,[]
2026-06-02,11:29:05.838178,[]
2026-06-02,11:29:05.871545,[]
2026-06-02,11:29:05.904912,[]
2026-06-02,11:29:05.938279,[]
2026-06-02,11:29:05.971646,[]
2026-06-02,11:29:06.005013,[]
2026-06-02,11:29:06.038380,['BD93614']
2026-06-02,11:29:06.071747,['BD93614']
2026-06-02,11:29:06.105114,['BD93614']
2026-06-02,11:29:06.138481,[]
2026-06-02,11:29:06.171848,[]
2026-06-02,11:29:06.205215,[]
2026-06-02,11:29:06.238582,[]
2026-06-02,11:29:06.271949,[]
2026-06-02,11:29:06.305316,[]
2026-06-02,11:29:06.338683,[]
2026-06-02,11:29:06.372050,[]
2026-06-02,11:29:06.405417,[]
2026-06-02,11:29:06.438784,[]
2026-06-02,11:29:06.472151,[]
2026-06-02,11:29:06.505518,[]
2026-06-02,11:29:06.538885,[]
2026-06-02,11:29:06.572252,[]
2026-06-02,11:29:06.605619,[]
2026-06-02,11:29:06.638986,[]
2026-06-02,11:29:06.672353,[]
2026-06-02,11:29:06.705720,[]
2026-06-02,11:29:06.739087,[]
2026-06-02,11:29:06.772454,[]
2026-06-02,11:29:06.805821,[]
2026-06-02,11:29:06.839188,[]
2026-06-02,11:29:06.872555,[]
2026-06-02,11:29:06.905922,[]
2026-06-02,11:29:06.939289,[]
2026-06-02,11:29:06.972656,[]
2026-06-02,11:29:07.006023,[]
2026-06-02,11:29:07.039390,[]
2026-06-02,11:29:07.072757,[]
2026-06-02,11:29:07.106124,[]
2026-06-02,11:29:07.139491,[]
2026-06-02,11:29:07.172858,[]
2026-06-02,11:29:07.206225,[]
2026-06-02,11:29:07.239592,[]
2026-06-02,11:29:07.272959,[]
2026-06-02,11:29:07.306326,[]
2026-06-02,11:29:07.339693,[]
2026-06-02,11:29:07.373060,[]
2026-06-02,11:29:07.406427,[]
2026-06-02,11:29:07.439794,[]
2026-06-02,11:29:07.473161,[]
2026-06-02,11:29:07.506528,[]
2026-06-02,11:29:07.539895,[]
2026-06-02,11:29:07.573262,[]
2026-06-02,11:29:07.606629,[]
2026-06-02,11:29:07.639996,[]
2026-06-02,11:29:07.673363,[]
2026-06-02,11:29:07.706730,[]
2026-06-02,11:29:07.740097,[]
2026-06-02,11:29:07.773464,[]
2026-06-02,11:29:07.806831,[]
2026-06-02,11:29:07.840198,[]
2026-06-02,11:29:07.873565,[]
2026-06-02,11:29:07.906932,[]
2026-06-02,11:29:07.940299,[]
2026-06-02,11:29:07.973666,[]
2026-06-02,11:29:08.007033,[]
2026-06-02,11:29:08.040400,[]
2026-06-02,11:29:08.073767,[]
2026-06-02,11:29:08.107134,[]
2026-06-02,11:29:08.140501,[]
2026-06-02,11:29:08.173868,[]
2026-06-02,11:29:08.207235,[]
2026-06-02,11:29:08.240602,[]
2026-06-02,11:29:08.273969,[]
2026-06-02,11:29:08.307336,[]
2026-06-02,11:29:08.340703,[]
2026-06-02,11:29:08.374070,[]
2026-06-02,11:29:08.407437,[]
2026-06-02,11:29:08.440804,[]
2026-06-02,11:29:08.474171,[]
2026-06-02,11:29:08.507538,[]
2026-06-02,11:29:08.540905,[]
2026-06-02,11:29:08.574272,[]
2026-06-02,11:29:08.607639,[]
2026-06-02,11:29:08.641006,[]
2026-06-02,11:29:08.674373,[]
2026-06-02,11:29:08.707740,[]
2026-06-02,11:29:08.741107,[]
2026-06-02,11:29:08.774474,[]
2026-06-02,11:29:08.807841,[]
2026-06-02,11:29:08.841208,[]
2026-06-02,11:29:08.874575,[]
2026-06-02,11:29:08.907942,[]
2026-06-02,11:29:08.941309,[]
2026-06-02,11:29:08.974676,[]
2026-06-02,11:29:09.008043,[]
2026-06-02,11:29:09.041410,[]
2026-06-02,11:29:09.074777,[]
2026-06-02,11:29:09.108144,[]
2026-06-02,11:29:09.141511,[]
2026-06-02,11:29:09.174878,[]
2026-06-02,11:29:09.208245,[]
2026-06-02,11:29:09.241612,[]
2026-06-02,11:29:09.274979,[]
2026-06-02,11:29:09.308346,[]
2026-06-02,11:29:09.341713,[]
2026-06-02,11:29:09.375080,[]
2026-06-02,11:29:09.408447,[]
2026-06-02,11:29:09.441814,[]
2026-06-02,11:29:09.475181,[]
2026-06-02,11:29:09.508548,[]
2026-06-02,11:29:09.541915,[]
2026-06-02,11:29:09.575282,[]
2026-06-02,11:29:09.608649,[]
2026-06-02,11:29:09.642016,[]
2026-06-02,11:29:09.675383,[]
2026-06-02,11:29:09.708750,[]
2026-06-02,11:29:09.742117,[]
2026-06-02,11:29:09.775484,[]
2026-06-02,11:29:09.808851,[]
2026-06-02,11:29:09.842218,[]
2026-06-02,11:29:09.875585,[]
2026-06-02,11:29:09.908952,[]
2026-06-02,11:29:09.942319,[]
2026-06-02,11:29:09.975686,[]
2026-06-02,11:29:10.009053,[]
2026-06-02,11:29:10.042420,[]
2026-06-02,11:29:10.075787,[]
2026-06-02,11:29:10.109154,[]
2026-06-02,11:29:10.142521,[]
2026-06-02,11:29:10.175888,[]
2026-06-02,11:29:10.209255,[]
2026-06-02,11:29:10.242622,[]
2026-06-02,11:29:10.275989,[]
2026-06-02,11:29:10.309356,[]
2026-06-02,11:29:10.342723,[]
2026-06-02,11:29:10.376090,[]
2026-06-02,11:29:10.409457,[]
2026-06-02,11:29:10.442824,[]
2026-06-02,11:29:10.476191,[]
2026-06-02,11:29:10.509558,[]
2026-06-02,11:29:10.542925,[]
2026-06-02,11:29:10.576292,[]
2026-06-02,11:29:10.609659,[]
2026-06-02,11:29:10.643026,[]
2026-06-02,11:29:10.676393,[]
2026-06-02,11:29:10.709760,[]
2026-06-02,11:29:10.743127,[]
2026-06-02,11:29:10.776494,[]
2026-06-02,11:29:10.809861,[]
2026-06-02,11:29:10.843228,[]
2026-06-02,11:29:10.876595,[]
2026-06-02,11:29:10.909962,[]
2026-06-02,11:29:10.943329,[]
2026-06-02,11:29:10.976696,[]
2026-06-02,11:29:11.010063,[]
2026-06-02,11:29:11.043430,[]
2026-06-02,11:29:11.076797,[]
2026-06-02,11:29:11.110164,[]
2026-06-02,11:29:11.143531,[]
2026-06-02,11:29:11.176898,[]
2026-06-02,11:29:11.210265,[]
2026-06-02,11:29:11.243632,[]
2026-06-02,11:29:11.276999,[]
2026-06-02,11:29:11.310366,[]
2026-06-02,11:29:11.343733,[]
2026-06-02,11:29:11.377100,[]
2026-06-02,11:29:11.410467,[]
2026-06-02,11:29:11.443834,[]
2026-06-02,11:29:11.477201,[]
2026-06-02,11:29:11.510568,[]
2026-06-02,11:29:11.543935,[]
2026-06-02,11:29:11.577302,[]
2026-06-02,11:29:11.610669,[]
2026-06-02,11:29:11.644036,[]
2026-06-02,11:29:11.677403,[]
2026-06-02,11:29:11.710770,[]
2026-06-02,11:29:11.744137,[]
2026-06-02,11:29:11.777504,[]
2026-06-02,11:29:11.810871,[]
2026-06-02,11:29:11.844238,[]
2026-06-02,11:29:11.877605,[]
2026-06-02,11:29:11.910972,[]
2026-06-02,11:29:11.944339,[]
2026-06-02,11:29:11.977706,[]
2026-06-02,11:29:12.011073,[]
2026-06-02,11:29:12.044440,[]
2026-06-02,11:29:12.077807,[]
2026-06-02,11:29:12.111174,[]
2026-06-02,11:29:12.144541,[]
2026-06-02,11:29:12.177908,[]
2026-06-02,11:29:12.211275,[]
2026-06-02,11:29:12.244642,[]
2026-06-02,11:29:12.278009,[]
2026-06-02,11:29:12.311376,[]
2026-06-02,11:29:12.344743,[]
2026-06-02,11:29:12.378110,[]
2026-06-02,11:29:12.411477,[]
2026-06-02,11:29:12.444844,[]
2026-06-02,11:29:12.478211,[]
2026-06-02,11:29:12.511578,[]
2026-06-02,11:29:12.544945,[]
2026-06-02,11:29:12.578312,[]
2026-06-02,11:29:12.611679,[]
2026-06-02,11:29:12.645046,[]
2026-06-02,11:29:12.678413,[]
2026-06-02,11:29:12.711780,[]
2026-06-02,11:29:12.745147,[]
2026-06-02,11:29:12.778514,[]
2026-06-02,11:29:12.811881,[]
2026-06-02,11:29:12.845248,[]
2026-06-02,11:29:12.878615,[]
2026-06-02,11:29:12.911982,[]
2026-06-02,11:29:12.945349,[]
2026-06-02,11:29:12.978716,[]
2026-06-02,11:29:13.012083,[]
2026-06-02,11:29:13.045450,[]
2026-06-02,11:29:13.078817,[]
2026-06-02,11:29:13.112184,[]
2026-06-02,11:29:13.145551,[]
2026-06-02,11:29:13.178918,[]
2026-06-02,11:29:13.212285,[]
2026-06-02,11:29:13.245652,[]
2026-06-02,11:29:13.279019,[]
2026-06-02,11:29:13.312386,[]
2026-06-02,11:29:13.345753,[]
2026-06-02,11:29:13.379120,[]
2026-06-02,11:29:13.412487,[]
2026-06-02,11:29:13.445854,[]
2026-06-02,11:29:13.479221,[]
2026-06-02,11:29:13.512588,[]
2026-06-02,11:29:13.545955,[]
2026-06-02,11:29:13.579322,[]
2026-06-02,11:29:13.612689,[]
2026-06-02,11:29:13.646056,[]
2026-06-02,11:29:13.679423,[]
2026-06-02,11:29:13.712790,[]
2026-06-02,11:29:13.746157,[]
2026-06-02,11:29:13.779524,[]
2026-06-02,11:29:13.812891,[]
2026-06-02,11:29:13.846258,[]
2026-06-02,11:29:13.879625,[]
2026-06-02,11:29:13.912992,[]
2026-06-02,11:29:13.946359,[]
2026-06-02,11:29:13.979726,[]
2026-06-02,11:29:14.013093,[]
2026-06-02,11:29:14.046460,[]
2026-06-02,11:29:14.079827,[]
2026-06-02,11:29:14.113194,[]
2026-06-02,11:29:14.146561,[]
2026-06-02,11:29:14.179928,[]
2026-06-02,11:29:14.213295,[]
2026-06-02,11:29:14.246662,[]
2026-06-02,11:29:14.280029,[]
2026-06-02,11:29:14.313396,[]
2026-06-02,11:29:14.346763,[]
2026-06-02,11:29:14.380130,[]
2026-06-02,11:29:14.413497,[]
2026-06-02,11:29:14.446864,[]
2026-06-02,11:29:14.480231,[]
2026-06-02,11:29:14.513598,[]
2026-06-02,11:29:14.546965,[]
2026-06-02,11:29:14.580332,[]
2026-06-02,11:29:14.613699,[]
2026-06-02,11:29:14.647066,[]
2026-06-02,11:29:14.680433,[]
2026-06-02,11:29:14.713800,[]
2026-06-02,11:29:14.747167,[]
2026-06-02,11:29:14.780534,[]
2026-06-02,11:29:14.813901,[]
2026-06-02,11:29:14.847268,[]
2026-06-02,11:29:14.880635,[]
2026-06-02,11:29:14.914002,[]
2026-06-02,11:29:14.947369,[]
2026-06-02,11:29:14.980736,[]
2026-06-02,11:29:15.014103,[]
2026-06-02,11:29:15.047470,[]
2026-06-02,11:29:15.080837,[]
2026-06-02,11:29:15.114204,[]
2026-06-02,11:29:15.147571,[]
2026-06-02,11:29:15.180938,[]
2026-06-02,11:29:15.214305,[]
2026-06-02,11:29:15.247672,[]
2026-06-02,11:29:15.281039,[]
2026-06-02,11:29:15.314406,[]
2026-06-02,11:29:15.347773,[]
2026-06-02,11:29:15.381140,[]
2026-06-02,11:29:15.414507,[]
2026-06-02,11:29:15.447874,[]
2026-06-02,11:29:15.481241,[]
2026-06-02,11:29:15.514608,[]
2026-06-02,11:29:15.547975,[]
2026-06-02,11:29:15.581342,[]
2026-06-02,11:29:15.614709,[]
2026-06-02,11:29:15.648076,[]
2026-06-02,11:29:15.681443,[]
2026-06-02,11:29:15.714810,[]
2026-06-02,11:29:15.748177,[]
2026-06-02,11:29:15.781544,['EL64950']
2026-06-02,11:29:15.814911,['EL64950']
2026-06-02,11:29:15.848278,['EL64950']
2026-06-02,11:29:15.881645,[]
2026-06-02,11:29:15.915012,[]
2026-06-02,11:29:15.948379,[]
2026-06-02,11:29:15.981746,[]
2026-06-02,11:29:16.015113,[]
2026-06-02,11:29:16.048480,[]
2026-06-02,11:29:16.081847,[]
2026-06-02,11:29:16.115214,[]
2026-06-02,11:29:16.148581,[]
2026-06-02,11:29:16.181948,[]
2026-06-02,11:29:16.215315,[]
2026-06-02,11:29:16.248682,[]
2026-06-02,11:29:16.282049,[]
2026-06-02,11:29:16.315416,[]
2026-06-02,11:29:16.348783,[]
2026-06-02,11:29:16.382150,[]
2026-06-02,11:29:16.415517,[]
2026-06-02,11:29:16.448884,[]
2026-06-02,11:29:16.482251,[]
2026-06-02,11:29:16.515618,[]
2026-06-02,11:29:16.548985,[]
2026-06-02,11:29:16.582352,[]
2026-06-02,11:29:16.615719,[]
2026-06-02,11:29:16.649086,[]
2026-06-02,11:29:16.682453,[]
2026-06-02,11:29:16.715820,[]
2026-06-02,11:29:16.749187,[]
2026-06-02,11:29:16.782554,[]
2026-06-02,11:29:16.815921,[]
2026-06-02,11:29:16.849288,[]
2026-06-02,11:29:16.882655,[]
2026-06-02,11:29:16.916022,[]
2026-06-02,11:29:16.949389,[]
2026-06-02,11:29:16.982756,[]
2026-06-02,11:29:17.016123,[]
2026-06-02,11:29:17.049490,[]
2026-06-02,11:29:17.082857,[]
2026-06-02,11:29:17.116224,[]
2026-06-02,11:29:17.149591,[]
2026-06-02,11:29:17.182958,[]
2026-06-02,11:29:17.216325,[]
2026-06-02,11:29:17.249692,[]
2026-06-02,11:29:17.283059,[]
2026-06-02,11:29:17.316426,[]
2026-06-02,11:29:17.349793,[]
2026-06-02,11:29:17.383160,[]
2026-06-02,11:29:17.416527,[]
2026-06-02,11:29:17.449894,[]
2026-06-02,11:29:17.483261,[]
2026-06-02,11:29:17.516628,[]
2026-06-02,11:29:17.549995,[]
2026-06-02,11:29:17.583362,[]
2026-06-02,11:29:17.616729,[]
2026-06-02,11:29:17.650096,[]
2026-06-02,11:29:17.683463,[]
2026-06-02,11:29:17.716830,[]
2026-06-02,11:29:17.750197,[]
2026-06-02,11:29:17.783564,[]
2026-06-02,11:29:17.816931,[]
2026-06-02,11:29:17.850298,[]
2026-06-02,11:29:17.883665,[]
2026-06-02,11:29:17.917032,[]
2026-06-02,11:29:17.950399,[]
2026-06-02,11:29:17.983766,[]
2026-06-02,11:29:18.017133,[]
2026-06-02,11:29:18.050500,[]
2026-06-02,11:29:18.083867,[]
2026-06-02,11:29:18.117234,[]
2026-06-02,11:29:18.150601,[]
2026-06-02,11:29:18.183968,[]
2026-06-02,11:29:18.217335,[]
2026-06-02,11:29:18.250702,[]
2026-06-02,11:29:18.284069,[]
2026-06-02,11:29:18.317436,[]
2026-06-02,11:29:18.350803,[]
2026-06-02,11:29:18.384170,[]
2026-06-02,11:29:18.417537,[]
2026-06-02,11:29:18.450904,[]
2026-06-02,11:29:18.484271,[]
2026-06-02,11:29:18.517638,[]
2026-06-02,11:29:18.551005,[]
2026-06-02,11:29:18.584372,[]
2026-06-02,11:29:18.617739,[]
2026-06-02,11:29:18.651106,[]
2026-06-02,11:29:18.684473,[]
2026-06-02,11:29:18.717840,[]
2026-06-02,11:29:18.751207,[]
2026-06-02,11:29:18.784574,[]
2026-06-02,11:29:18.817941,[]
2026-06-02,11:29:18.851308,[]
2026-06-02,11:29:18.884675,[]
2026-06-02,11:29:18.918042,[]
2026-06-02,11:29:18.951409,[]
2026-06-02,11:29:18.984776,[]
2026-06-02,11:29:19.018143,[]
2026-06-02,11:29:19.051510,[]
2026-06-02,11:29:19.084877,[]
2026-06-02,11:29:19.118244,[]
2026-06-02,11:29:19.151611,[]
2026-06-02,11:29:19.184978,[]
2026-06-02,11:29:19.218345,[]
2026-06-02,11:29:19.251712,[]
2026-06-02,11:29:19.285079,[]
2026-06-02,11:29:19.318446,[]
2026-06-02,11:29:19.351813,[]
2026-06-02,11:29:19.385180,[]
2026-06-02,11:29:19.418547,[]
2026-06-02,11:29:19.451914,[]
2026-06-02,11:29:19.485281,[]
2026-06-02,11:29:19.518648,[]
2026-06-02,11:29:19.552015,[]
2026-06-02,11:29:19.585382,[]
2026-06-02,11:29:19.618749,[]
2026-06-02,11:29:19.652116,[]
2026-06-02,11:29:19.685483,['EC33026']
2026-06-02,11:29:19.718850,['EC33026']
2026-06-02,11:29:19.752217,['EC33026']
2026-06-02,11:29:19.785584,[]
2026-06-02,11:29:19.818951,[]
2026-06-02,11:29:19.852318,[]
2026-06-02,11:29:19.885685,[]
2026-06-02,11:29:19.919052,[]
2026-06-02,11:29:19.952419,[]
2026-06-02,11:29:19.985786,[]
2026-06-02,11:29:20.019153,[]
2026-06-02,11:29:20.052520,[]
2026-06-02,11:29:20.085887,[]
2026-06-02,11:29:20.119254,[]
2026-06-02,11:29:20.152621,[]
2026-06-02,11:29:20.185988,[]
2026-06-02,11:29:20.219355,[]
2026-06-02,11:29:20.252722,[]
2026-06-02,11:29:20.286089,[]
2026-06-02,11:29:20.319456,[]
2026-06-02,11:29:20.352823,[]
2026-06-02,11:29:20.386190,[]
2026-06-02,11:29:20.419557,[]
2026-06-02,11:29:20.452924,[]
2026-06-02,11:29:20.486291,[]
2026-06-02,11:29:20.519658,[]
2026-06-02,11:29:20.553025,[]
2026-06-02,11:29:20.586392,[]
2026-06-02,11:29:20.619759,[]
2026-06-02,11:29:20.653126,[]
2026-06-02,11:29:20.686493,[]
2026-06-02,11:29:20.719860,[]
2026-06-02,11:29:20.753227,[]
2026-06-02,11:29:20.786594,[]
2026-06-02,11:29:20.819961,[]
2026-06-02,11:29:20.853328,[]
2026-06-02,11:29:20.886695,[]
2026-06-02,11:29:20.920062,[]
2026-06-02,11:29:20.953429,[]
2026-06-02,11:29:20.986796,[]
2026-06-02,11:29:21.020163,[]
2026-06-02,11:29:21.053530,[]
2026-06-02,11:29:21.086897,[]
2026-06-02,11:29:21.120264,[]
2026-06-02,11:29:21.153631,[]
2026-06-02,11:29:21.186998,[]
2026-06-02,11:29:21.220365,[]
2026-06-02,11:29:21.253732,[]
2026-06-02,11:29:21.287099,[]
2026-06-02,11:29:21.320466,[]
2026-06-02,11:29:21.353833,[]
2026-06-02,11:29:21.387200,[]
2026-06-02,11:29:21.420567,[]
2026-06-02,11:29:21.453934,[]
2026-06-02,11:29:21.487301,[]
2026-06-02,11:29:21.520668,[]
2026-06-02,11:29:21.554035,[]
2026-06-02,11:29:21.587402,[]
2026-06-02,11:29:21.620769,[]
2026-06-02,11:29:21.654136,[]
2026-06-02,11:29:21.687503,[]
2026-06-02,11:29:21.720870,[]
2026-06-02,11:29:21.754237,[]
2026-06-02,11:29:21.787604,[]
2026-06-02,11:29:21.820971,[]
2026-06-02,11:29:21.854338,[]
2026-06-02,11:29:21.887705,[]
2026-06-02,11:29:21.921072,[]
2026-06-02,11:29:21.954439,[]
2026-06-02,11:29:21.987806,[]
2026-06-02,11:29:22.021173,[]
2026-06-02,11:29:22.054540,[]
2026-06-02,11:29:22.087907,[]
2026-06-02,11:29:22.121274,[]
2026-06-02,11:29:22.154641,[]
2026-06-02,11:29:22.188008,[]
2026-06-02,11:29:22.221375,[]
2026-06-02,11:29:22.254742,[]
2026-06-02,11:29:22.288109,[]
2026-06-02,11:29:22.321476,[]
2026-06-02,11:29:22.354843,[]
2026-06-02,11:29:22.388210,[]
2026-06-02,11:29:22.421577,[]
2026-06-02,11:29:22.454944,[]
2026-06-02,11:29:22.488311,[]
2026-06-02,11:29:22.521678,[]
2026-06-02,11:29:22.555045,[]
2026-06-02,11:29:22.588412,[]
2026-06-02,11:29:22.621779,[]
2026-06-02,11:29:22.655146,[]
2026-06-02,11:29:22.688513,[]
2026-06-02,11:29:22.721880,[]
2026-06-02,11:29:22.755247,[]
2026-06-02,11:29:22.788614,[]
2026-06-02,11:29:22.821981,[]
2026-06-02,11:29:22.855348,[]
2026-06-02,11:29:22.888715,[]
2026-06-02,11:29:22.922082,[]
2026-06-02,11:29:22.955449,[]
2026-06-02,11:29:22.988816,[]
2026-06-02,11:29:23.022183,[]
2026-06-02,11:29:23.055550,[]
2026-06-02,11:29:23.088917,[]
2026-06-02,11:29:23.122284,[]
2026-06-02,11:29:23.155651,[]
2026-06-02,11:29:23.189018,[]
2026-06-02,11:29:23.222385,[]
2026-06-02,11:29:23.255752,['BL99065']
2026-06-02,11:29:23.289119,['BL99065']
2026-06-02,11:29:23.322486,['BL99065']
2026-06-02,11:29:23.355853,['BL99065']
2026-06-02,11:29:23.389220,[]
2026-06-02,11:29:23.422587,[]
2026-06-02,11:29:23.455954,[]
2026-06-02,11:29:23.489321,[]
2026-06-02,11:29:23.522688,[]
2026-06-02,11:29:23.556055,[]
2026-06-02,11:29:23.589422,[]
2026-06-02,11:29:23.622789,[]
2026-06-02,11:29:23.656156,[]
2026-06-02,11:29:23.689523,[]
2026-06-02,11:29:23.722890,[]
2026-06-02,11:29:23.756257,[]
2026-06-02,11:29:23.789624,[]
2026-06-02,11:29:23.822991,[]
2026-06-02,11:29:23.856358,[]
2026-06-02,11:29:23.889725,[]
2026-06-02,11:29:23.923092,[]
2026-06-02,11:29:23.956459,[]
2026-06-02,11:29:23.989826,[]
2026-06-02,11:29:24.023193,[]
2026-06-02,11:29:24.056560,[]
2026-06-02,11:29:24.089927,[]
2026-06-02,11:29:24.123294,[]
2026-06-02,11:29:24.156661,[]
2026-06-02,11:29:24.190028,[]
2026-06-02,11:29:24.223395,[]
2026-06-02,11:29:24.256762,[]
2026-06-02,11:29:24.290129,[]
2026-06-02,11:29:24.323496,[]
2026-06-02,11:29:24.356863,[]
2026-06-02,11:29:24.390230,[]
2026-06-02,11:29:24.423597,[]
2026-06-02,11:29:24.456964,[]
2026-06-02,11:29:24.490331,[]
2026-06-02,11:29:24.523698,[]
2026-06-02,11:29:24.557065,[]
2026-06-02,11:29:24.590432,[]
2026-06-02,11:29:24.623799,[]
2026-06-02,11:29:24.657166,[]
2026-06-02,11:29:24.690533,[]
2026-06-02,11:29:24.723900,[]
2026-06-02,11:29:24.757267,[]
2026-06-02,11:29:24.790634,[]
2026-06-02,11:29:24.824001,[]
2026-06-02,11:29:24.857368,[]
2026-06-02,11:29:24.890735,[]
2026-06-02,11:29:24.924102,[]
2026-06-02,11:29:24.957469,[]
2026-06-02,11:29:24.990836,[]
2026-06-02,11:29:25.024203,[]
2026-06-02,11:29:25.057570,[]
2026-06-02,11:29:25.090937,[]
2026-06-02,11:29:25.124304,[]
2026-06-02,11:29:25.157671,[]
2026-06-02,11:29:25.191038,[]
2026-06-02,11:29:25.224405,[]
2026-06-02,11:29:25.257772,[]
2026-06-02,11:29:25.291139,[]
2026-06-02,11:29:25.324506,[]
2026-06-02,11:29:25.357873,[]
2026-06-02,11:29:25.391240,[]
2026-06-02,11:29:25.424607,[]
2026-06-02,11:29:25.457974,[]
2026-06-02,11:29:25.491341,[]
2026-06-02,11:29:25.524708,[]
2026-06-02,11:29:25.558075,[]
2026-06-02,11:29:25.591442,[]
2026-06-02,11:29:25.624809,[]
2026-06-02,11:29:25.658176,[]
2026-06-02,11:29:25.691543,[]
2026-06-02,11:29:25.724910,[]
2026-06-02,11:29:25.758277,[]
2026-06-02,11:29:25.791644,[]
2026-06-02,11:29:25.825011,[]
2026-06-02,11:29:25.858378,[]
2026-06-02,11:29:25.891745,[]
2026-06-02,11:29:25.925112,[]
2026-06-02,11:29:25.958479,[]
2026-06-02,11:29:25.991846,[]
2026-06-02,11:29:26.025213,[]
2026-06-02,11:29:26.058580,[]
2026-06-02,11:29:26.091947,[]
2026-06-02,11:29:26.125314,[]
2026-06-02,11:29:26.158681,[]
2026-06-02,11:29:26.192048,[]
2026-06-02,11:29:26.225415,[]
2026-06-02,11:29:26.258782,[]
2026-06-02,11:29:26.292149,[]
2026-06-02,11:29:26.325516,[]
2026-06-02,11:29:26.358883,[]
2026-06-02,11:29:26.392250,[]
2026-06-02,11:29:26.425617,[]
2026-06-02,11:29:26.458984,[]
2026-06-02,11:29:26.492351,[]
2026-06-02,11:29:26.525718,[]
2026-06-02,11:29:26.559085,[]
2026-06-02,11:29:26.592452,[]
2026-06-02,11:29:26.625819,[]
2026-06-02,11:29:26.659186,[]
2026-06-02,11:29:26.692553,[]
2026-06-02,11:29:26.725920,[]
2026-06-02,11:29:26.759287,[]
2026-06-02,11:29:26.792654,[]
2026-06-02,11:29:26.826021,[]
2026-06-02,11:29:26.859388,[]
2026-06-02,11:29:26.892755,[]
2026-06-02,11:29:26.926122,[]
2026-06-02,11:29:26.959489,[]
2026-06-02,11:29:26.992856,[]
2026-06-02,11:29:27.026223,[]
2026-06-02,11:29:27.059590,[]
2026-06-02,11:29:27.092957,[]
2026-06-02,11:29:27.126324,[]
2026-06-02,11:29:27.159691,[]
2026-06-02,11:29:27.193058,[]
2026-06-02,11:29:27.226425,[]
2026-06-02,11:29:27.259792,[]
2026-06-02,11:29:27.293159,[]
2026-06-02,11:29:27.326526,[]
2026-06-02,11:29:27.359893,[]
2026-06-02,11:29:27.393260,[]
2026-06-02,11:29:27.426627,[]
2026-06-02,11:29:27.459994,[]
2026-06-02,11:29:27.493361,[]
2026-06-02,11:29:27.526728,[]
2026-06-02,11:29:27.560095,[]
2026-06-02,11:29:27.593462,[]
2026-06-02,11:29:27.626829,[]
2026-06-02,11:29:27.660196,[]
2026-06-02,11:29:27.693563,[]
2026-06-02,11:29:27.726930,[]
2026-06-02,11:29:27.760297,[]
2026-06-02,11:29:27.793664,[]
2026-06-02,11:29:27.827031,[]
2026-06-02,11:29:27.860398,[]
2026-06-02,11:29:27.893765,[]
2026-06-02,11:29:27.927132,[]
2026-06-02,11:29:27.960499,[]
2026-06-02,11:29:27.993866,[]
2026-06-02,11:29:28.027233,[]
2026-06-02,11:29:28.060600,[]
2026-06-02,11:29:28.093967,[]
2026-06-02,11:29:28.127334,[]
2026-06-02,11:29:28.160701,[]
2026-06-02,11:29:28.194068,[]
2026-06-02,11:29:28.227435,[]
2026-06-02,11:29:28.260802,[]
2026-06-02,11:29:28.294169,[]
2026-06-02,11:29:28.327536,[]
2026-06-02,11:29:28.360903,[]
2026-06-02,11:29:28.394270,[]
2026-06-02,11:29:28.427637,[]
2026-06-02,11:29:28.461004,[]
2026-06-02,11:29:28.494371,[]
2026-06-02,11:29:28.527738,[]
2026-06-02,11:29:28.561105,[]
2026-06-02,11:29:28.594472,[]
2026-06-02,11:29:28.627839,[]
2026-06-02,11:29:28.661206,[]
2026-06-02,11:29:28.694573,[]
2026-06-02,11:29:28.727940,[]
2026-06-02,11:29:28.761307,[]
2026-06-02,11:29:28.794674,[]
2026-06-02,11:29:28.828041,[]
2026-06-02,11:29:28.861408,[]
2026-06-02,11:29:28.894775,[]
2026-06-02,11:29:28.928142,[]
2026-06-02,11:29:28.961509,[]
2026-06-02,11:29:28.994876,[]
2026-06-02,11:29:29.028243,[]
2026-06-02,11:29:29.061610,[]
2026-06-02,11:29:29.094977,[]
2026-06-02,11:29:29.128344,[]
2026-06-02,11:29:29.161711,[]
2026-06-02,11:29:29.195078,[]
2026-06-02,11:29:29.228445,[]
2026-06-02,11:29:29.261812,[]
2026-06-02,11:29:29.295179,[]
2026-06-02,11:29:29.328546,[]
2026-06-02,11:29:29.361913,['BB99418']
2026-06-02,11:29:29.395280,['BB99418']
2026-06-02,11:29:29.428647,['BB99418']
2026-06-02,11:29:29.462014,['BB99418']
2026-06-02,11:29:29.495381,['BB99418']
2026-06-02,11:29:29.528748,['BB99418']
2026-06-02,11:29:29.562115,['BB99418']
2026-06-02,11:29:29.595482,['BB99418']
2026-06-02,11:29:29.628849,['BB99418']
2026-06-02,11:29:29.662216,[]
2026-06-02,11:29:29.695583,[]
2026-06-02,11:29:29.728950,[]
2026-06-02,11:29:29.762317,[]
2026-06-02,11:29:29.795684,[]
2026-06-02,11:29:29.829051,[]
2026-06-02,11:29:29.862418,[]
2026-06-02,11:29:29.895785,[]
2026-06-02,11:29:29.929152,[]
2026-06-02,11:29:29.962519,[]
2026-06-02,11:29:29.995886,[]
2026-06-02,11:29:30.029253,[]
2026-06-02,11:29:30.062620,[]
2026-06-02,11:29:30.095987,[]
2026-06-02,11:29:30.129354,[]
2026-06-02,11:29:30.162721,[]
2026-06-02,11:29:30.196088,[]
2026-06-02,11:29:30.229455,[]
2026-06-02,11:29:30.262822,[]
2026-06-02,11:29:30.296189,[]
2026-06-02,11:29:30.329556,[]
2026-06-02,11:29:30.362923,[]
2026-06-02,11:29:30.396290,[]
2026-06-02,11:29:30.429657,[]
2026-06-02,11:29:30.463024,[]
2026-06-02,11:29:30.496391,[]
2026-06-02,11:29:30.529758,[]
2026-06-02,11:29:30.563125,[]
2026-06-02,11:29:30.596492,[]
2026-06-02,11:29:30.629859,[]
2026-06-02,11:29:30.663226,[]
2026-06-02,11:29:30.696593,[]
2026-06-02,11:29:30.729960,[]
2026-06-02,11:29:30.763327,[]
2026-06-02,11:29:30.796694,[]
2026-06-02,11:29:30.830061,[]
2026-06-02,11:29:30.863428,[]
2026-06-02,11:29:30.896795,[]
2026-06-02,11:29:30.930162,[]
2026-06-02,11:29:30.963529,[]
2026-06-02,11:29:30.996896,[]
2026-06-02,11:29:31.030263,[]
2026-06-02,11:29:31.063630,[]
2026-06-02,11:29:31.096997,[]
2026-06-02,11:29:31.130364,[]
2026-06-02,11:29:31.163731,[]
2026-06-02,11:29:31.197098,[]
2026-06-02,11:29:31.230465,[]
2026-06-02,11:29:31.263832,[]
2026-06-02,11:29:31.297199,[]
2026-06-02,11:29:31.330566,[]
2026-06-02,11:29:31.363933,[]
2026-06-02,11:29:31.397300,[]
2026-06-02,11:29:31.430667,[]
2026-06-02,11:29:31.464034,[]
2026-06-02,11:29:31.497401,[]
2026-06-02,11:29:31.530768,[]
2026-06-02,11:29:31.564135,[]
2026-06-02,11:29:31.597502,[]
2026-06-02,11:29:31.630869,[]
2026-06-02,11:29:31.664236,[]
2026-06-02,11:29:31.697603,[]
2026-06-02,11:29:31.730970,[]
2026-06-02,11:29:31.764337,[]
2026-06-02,11:29:31.797704,[]
2026-06-02,11:29:31.831071,[]
2026-06-02,11:29:31.864438,[]
2026-06-02,11:29:31.897805,[]
2026-06-02,11:29:31.931172,[]
2026-06-02,11:29:31.964539,[]
2026-06-02,11:29:31.997906,[]
2026-06-02,11:29:32.031273,[]
2026-06-02,11:29:32.064640,[]
2026-06-02,11:29:32.098007,[]
2026-06-02,11:29:32.131374,[]
2026-06-02,11:29:32.164741,[]
2026-06-02,11:29:32.198108,[]
2026-06-02,11:29:32.231475,[]
2026-06-02,11:29:32.264842,[]
2026-06-02,11:29:32.298209,[]
2026-06-02,11:29:32.331576,[]
2026-06-02,11:29:32.364943,[]
2026-06-02,11:29:32.398310,[]
2026-06-02,11:29:32.431677,[]
2026-06-02,11:29:32.465044,[]
2026-06-02,11:29:32.498411,[]
2026-06-02,11:29:32.531778,[]
2026-06-02,11:29:32.565145,[]
2026-06-02,11:29:32.598512,[]
2026-06-02,11:29:32.631879,[]
2026-06-02,11:29:32.665246,[]
2026-06-02,11:29:32.698613,[]
2026-06-02,11:29:32.731980,[]
2026-06-02,11:29:32.765347,[]
2026-06-02,11:29:32.798714,[]
2026-06-02,11:29:32.832081,[]
2026-06-02,11:29:32.865448,[]
2026-06-02,11:29:32.898815,[]
2026-06-02,11:29:32.932182,[]
2026-06-02,11:29:32.965549,[]
2026-06-02,11:29:32.998916,[]
2026-06-02,11:29:33.032283,[]
2026-06-02,11:29:33.065650,[]
2026-06-02,11:29:33.099017,[]
2026-06-02,11:29:33.132384,[]
2026-06-02,11:29:33.165751,[]
2026-06-02,11:29:33.199118,[]
2026-06-02,11:29:33.232485,[]
2026-06-02,11:29:33.265852,[]
2026-06-02,11:29:33.299219,[]
2026-06-02,11:29:33.332586,[]
2026-06-02,11:29:33.365953,[]
2026-06-02,11:29:33.399320,[]
2026-06-02,11:29:33.432687,[]
2026-06-02,11:29:33.466054,[]
2026-06-02,11:29:33.499421,[]
2026-06-02,11:29:33.532788,[]
2026-06-02,11:29:33.566155,[]
2026-06-02,11:29:33.599522,[]
2026-06-02,11:29:33.632889,[]
2026-06-02,11:29:33.666256,[]
2026-06-02,11:29:33.699623,[]
2026-06-02,11:29:33.732990,[]
2026-06-02,11:29:33.766357,[]
2026-06-02,11:29:33.799724,[]
2026-06-02,11:29:33.833091,[]
2026-06-02,11:29:33.866458,[]
2026-06-02,11:29:33.899825,[]
2026-06-02,11:29:33.933192,[]
2026-06-02,11:29:33.966559,[]
2026-06-02,11:29:33.999926,[]
2026-06-02,11:29:34.033293,[]
2026-06-02,11:29:34.066660,['DH56045']
2026-06-02,11:29:34.100027,['DH56045']
2026-06-02,11:29:34.133394,['DH56045']
2026-06-02,11:29:34.166761,['DH56045']
2026-06-02,11:29:34.200128,['DH56045']
2026-06-02,11:29:34.233495,['DH56045']
2026-06-02,11:29:34.266862,['DH56045']
2026-06-02,11:29:34.300229,['DH56045']
2026-06-02,11:29:34.333596,['DH56045']
2026-06-02,11:29:34.366963,['DH56045']
2026-06-02,11:29:34.400330,['DH56045']
2026-06-02,11:29:34.433697,['DH56045']
2026-06-02,11:29:34.467064,['DH56045']
2026-06-02,11:29:34.500431,['DH56045']
2026-06-02,11:29:34.533798,['DH56045']
2026-06-02,11:29:34.567165,['DH56045']
2026-06-02,11:29:34.600532,['DH56045']
2026-06-02,11:29:34.633899,[]
2026-06-02,11:29:34.667266,[]
2026-06-02,11:29:34.700633,[]
2026-06-02,11:29:34.734000,[]
2026-06-02,11:29:34.767367,[]
2026-06-02,11:29:34.800734,[]
2026-06-02,11:29:34.834101,[]
2026-06-02,11:29:34.867468,[]
2026-06-02,11:29:34.900835,[]
2026-06-02,11:29:34.934202,[]
2026-06-02,11:29:34.967569,[]
2026-06-02,11:29:35.000936,[]
2026-06-02,11:29:35.034303,[]
2026-06-02,11:29:35.067670,[]
2026-06-02,11:29:35.101037,[]
2026-06-02,11:29:35.134404,[]
2026-06-02,11:29:35.167771,[]
2026-06-02,11:29:35.201138,[]
2026-06-02,11:29:35.234505,[]
2026-06-02,11:29:35.267872,[]
2026-06-02,11:29:35.301239,[]
2026-06-02,11:29:35.334606,[]
2026-06-02,11:29:35.367973,[]
2026-06-02,11:29:35.401340,[]
2026-06-02,11:29:35.434707,[]
2026-06-02,11:29:35.468074,[]
2026-06-02,11:29:35.501441,[]
2026-06-02,11:29:35.534808,[]
2026-06-02,11:29:35.568175,[]
2026-06-02,11:29:35.601542,[]
2026-06-02,11:29:35.634909,[]
2026-06-02,11:29:35.668276,[]
2026-06-02,11:29:35.701643,[]
2026-06-02,11:29:35.735010,[]
2026-06-02,11:29:35.768377,[]
2026-06-02,11:29:35.801744,[]
2026-06-02,11:29:35.835111,[]
2026-06-02,11:29:35.868478,[]
2026-06-02,11:29:35.901845,[]
2026-06-02,11:29:35.935212,[]
2026-06-02,11:29:35.968579,[]
2026-06-02,11:29:36.001946,[]
2026-06-02,11:29:36.035313,[]
2026-06-02,11:29:36.068680,[]
2026-06-02,11:29:36.102047,[]
2026-06-02,11:29:36.135414,[]
2026-06-02,11:29:36.168781,[]
2026-06-02,11:29:36.202148,[]
2026-06-02,11:29:36.235515,[]
2026-06-02,11:29:36.268882,[]
2026-06-02,11:29:36.302249,[]
2026-06-02,11:29:36.335616,[]
2026-06-02,11:29:36.368983,[]
2026-06-02,11:29:36.402350,[]
2026-06-02,11:29:36.435717,[]
2026-06-02,11:29:36.469084,[]
2026-06-02,11:29:36.502451,[]
2026-06-02,11:29:36.535818,[]
2026-06-02,11:29:36.569185,[]
2026-06-02,11:29:36.602552,[]
2026-06-02,11:29:36.635919,[]
2026-06-02,11:29:36.669286,[]
2026-06-02,11:29:36.702653,[]
2026-06-02,11:29:36.736020,[]
2026-06-02,11:29:36.769387,[]
2026-06-02,11:29:36.802754,[]
2026-06-02,11:29:36.836121,[]
2026-06-02,11:29:36.869488,[]
2026-06-02,11:29:36.902855,[]
2026-06-02,11:29:36.936222,[]
2026-06-02,11:29:36.969589,[]
2026-06-02,11:29:37.002956,[]
2026-06-02,11:29:37.036323,[]
2026-06-02,11:29:37.069690,[]
2026-06-02,11:29:37.103057,[]
2026-06-02,11:29:37.136424,[]
2026-06-02,11:29:37.169791,[]
2026-06-02,11:29:37.203158,[]
2026-06-02,11:29:37.236525,[]
2026-06-02,11:29:37.269892,[]
2026-06-02,11:29:37.303259,[]
2026-06-02,11:29:37.336626,[]
2026-06-02,11:29:37.369993,[]
2026-06-02,11:29:37.403360,[]
2026-06-02,11:29:37.436727,[]
2026-06-02,11:29:37.470094,[]
2026-06-02,11:29:37.503461,[]
2026-06-02,11:29:37.536828,[]
2026-06-02,11:29:37.570195,[]
2026-06-02,11:29:37.603562,[]
2026-06-02,11:29:37.636929,[]
2026-06-02,11:29:37.670296,[]
2026-06-02,11:29:37.703663,[]
2026-06-02,11:29:37.737030,[]
2026-06-02,11:29:37.770397,[]
2026-06-02,11:29:37.803764,[]
2026-06-02,11:29:37.837131,[]
2026-06-02,11:29:37.870498,[]
2026-06-02,11:29:37.903865,[]
2026-06-02,11:29:37.937232,[]
2026-06-02,11:29:37.970599,[]
2026-06-02,11:29:38.003966,[]
2026-06-02,11:29:38.037333,[]
2026-06-02,11:29:38.070700,[]
2026-06-02,11:29:38.104067,[]
2026-06-02,11:29:38.137434,[]
2026-06-02,11:29:38.170801,[]
2026-06-02,11:29:38.204168,[]
2026-06-02,11:29:38.237535,[]
2026-06-02,11:29:38.270902,[]
2026-06-02,11:29:38.304269,[]
2026-06-02,11:29:38.337636,[]
2026-06-02,11:29:38.371003,[]
2026-06-02,11:29:38.404370,[]
2026-06-02,11:29:38.437737,[]
2026-06-02,11:29:38.471104,[]
2026-06-02,11:29:38.504471,[]
2026-06-02,11:29:38.537838,[]
2026-06-02,11:29:38.571205,[]
2026-06-02,11:29:38.604572,[]
2026-06-02,11:29:38.637939,[]
2026-06-02,11:29:38.671306,[]
2026-06-02,11:29:38.704673,[]
2026-06-02,11:29:38.738040,[]
2026-06-02,11:29:38.771407,[]
2026-06-02,11:29:38.804774,[]
2026-06-02,11:29:38.838141,[]
2026-06-02,11:29:38.871508,[]
2026-06-02,11:29:38.904875,[]
2026-06-02,11:29:38.938242,[]
2026-06-02,11:29:38.971609,[]
2026-06-02,11:29:39.004976,[]
2026-06-02,11:29:39.038343,[]
2026-06-02,11:29:39.071710,[]
2026-06-02,11:29:39.105077,[]
2026-06-02,11:29:39.138444,[]
2026-06-02,11:29:39.171811,[]
2026-06-02,11:29:39.205178,[]
2026-06-02,11:29:39.238545,[]
2026-06-02,11:29:39.271912,['EN42943']
2026-06-02,11:29:39.305279,[]
2026-06-02,11:29:39.338646,['EN42943']
2026-06-02,11:29:39.372013,['EN42943']
2026-06-02,11:29:39.405380,['EN42943']
2026-06-02,11:29:39.438747,[]
2026-06-02,11:29:39.472114,[]
2026-06-02,11:29:39.505481,[]
2026-06-02,11:29:39.538848,['EN42943']
2026-06-02,11:29:39.572215,[]
2026-06-02,11:29:39.605582,[]
2026-06-02,11:29:39.638949,['EN42943']
2026-06-02,11:29:39.672316,[]
2026-06-02,11:29:39.705683,['EN42943']
2026-06-02,11:29:39.739050,['EN42943']
2026-06-02,11:29:39.772417,[]
2026-06-02,11:29:39.805784,['EN42943']
2026-06-02,11:29:39.839151,['EN42943']
2026-06-02,11:29:39.872518,['EN42943']
2026-06-02,11:29:39.905885,['EN42943']
2026-06-02,11:29:39.939252,['EN42943']
2026-06-02,11:29:39.972619,[]
2026-06-02,11:29:40.005986,[]
2026-06-02,11:29:40.039353,['EN42943']
2026-06-02,11:29:40.072720,['EN42943']
2026-06-02,11:29:40.106087,['EN42943']
2026-06-02,11:29:40.139454,['EN42943']
2026-06-02,11:29:40.172821,['EN42943']
2026-06-02,11:29:40.206188,['EN42943']
2026-06-02,11:29:40.239555,['EN42943']
2026-06-02,11:29:40.272922,[]
2026-06-02,11:29:40.306289,[]
2026-06-02,11:29:40.339656,[]
2026-06-02,11:29:40.373023,[]
2026-06-02,11:29:40.406390,[]
2026-06-02,11:29:40.439757,[]
2026-06-02,11:29:40.473124,[]
2026-06-02,11:29:40.506491,[]
2026-06-02,11:29:40.539858,[]
2026-06-02,11:29:40.573225,[]
2026-06-02,11:29:40.606592,[]
2026-06-02,11:29:40.639959,[]
2026-06-02,11:29:40.673326,[]
2026-06-02,11:29:40.706693,[]
2026-06-02,11:29:40.740060,[]
2026-06-02,11:29:40.773427,[]
2026-06-02,11:29:40.806794,[]
2026-06-02,11:29:40.840161,[]
2026-06-02,11:29:40.873528,[]
2026-06-02,11:29:40.906895,[]
2026-06-02,11:29:40.940262,[]
2026-06-02,11:29:40.973629,[]
2026-06-02,11:29:41.006996,[]
2026-06-02,11:29:41.040363,[]
2026-06-02,11:29:41.073730,[]
2026-06-02,11:29:41.107097,[]
2026-06-02,11:29:41.140464,[]
2026-06-02,11:29:41.173831,[]
2026-06-02,11:29:41.207198,[]
2026-06-02,11:29:41.240565,[]
2026-06-02,11:29:41.273932,[]
2026-06-02,11:29:41.307299,[]
2026-06-02,11:29:41.340666,[]
2026-06-02,11:29:41.374033,[]
2026-06-02,11:29:41.407400,[]
2026-06-02,11:29:41.440767,[]
2026-06-02,11:29:41.474134,[]
2026-06-02,11:29:41.507501,[]
2026-06-02,11:29:41.540868,[]
2026-06-02,11:29:41.574235,[]
2026-06-02,11:29:41.607602,[]
2026-06-02,11:29:41.640969,[]
2026-06-02,11:29:41.674336,[]
2026-06-02,11:29:41.707703,[]
2026-06-02,11:29:41.741070,[]
2026-06-02,11:29:41.774437,[]
2026-06-02,11:29:41.807804,[]
2026-06-02,11:29:41.841171,[]
2026-06-02,11:29:41.874538,[]
2026-06-02,11:29:41.907905,[]
2026-06-02,11:29:41.941272,[]
2026-06-02,11:29:41.974639,[]
2026-06-02,11:29:42.008006,[]
2026-06-02,11:29:42.041373,[]
2026-06-02,11:29:42.074740,[]
2026-06-02,11:29:42.108107,[]
2026-06-02,11:29:42.141474,[]
2026-06-02,11:29:42.174841,[]
2026-06-02,11:29:42.208208,[]
2026-06-02,11:29:42.241575,[]
2026-06-02,11:29:42.274942,[]
2026-06-02,11:29:42.308309,[]
2026-06-02,11:29:42.341676,[]
2026-06-02,11:29:42.375043,[]
2026-06-02,11:29:42.408410,[]
2026-06-02,11:29:42.441777,[]
2026-06-02,11:29:42.475144,[]
2026-06-02,11:29:42.508511,[]
2026-06-02,11:29:42.541878,[]
2026-06-02,11:29:42.575245,[]
2026-06-02,11:29:42.608612,[]
2026-06-02,11:29:42.641979,[]
2026-06-02,11:29:42.675346,[]
2026-06-02,11:29:42.708713,[]
2026-06-02,11:29:42.742080,[]
2026-06-02,11:29:42.775447,[]
2026-06-02,11:29:42.808814,[]
2026-06-02,11:29:42.842181,[]
2026-06-02,11:29:42.875548,[]
2026-06-02,11:29:42.908915,[]
2026-06-02,11:29:42.942282,[]
2026-06-02,11:29:42.975649,[]
2026-06-02,11:29:43.009016,[]
2026-06-02,11:29:43.042383,[]
2026-06-02,11:29:43.075750,[]
2026-06-02,11:29:43.109117,[]
2026-06-02,11:29:43.142484,[]
2026-06-02,11:29:43.175851,[]
2026-06-02,11:29:43.209218,[]
2026-06-02,11:29:43.242585,[]
2026-06-02,11:29:43.275952,[]
2026-06-02,11:29:43.309319,[]
2026-06-02,11:29:43.342686,[]
2026-06-02,11:29:43.376053,[]
2026-06-02,11:29:43.409420,[]
2026-06-02,11:29:43.442787,[]
2026-06-02,11:29:43.476154,[]
2026-06-02,11:29:43.509521,[]
2026-06-02,11:29:43.542888,[]
2026-06-02,11:29:43.576255,[]
2026-06-02,11:29:43.609622,[]
2026-06-02,11:29:43.642989,[]
2026-06-02,11:29:43.676356,[]
2026-06-02,11:29:43.709723,[]
2026-06-02,11:29:43.743090,[]
2026-06-02,11:29:43.776457,[]
2026-06-02,11:29:43.809824,[]
2026-06-02,11:29:43.843191,[]
2026-06-02,11:29:43.876558,[]
2026-06-02,11:29:43.909925,[]
2026-06-02,11:29:43.943292,[]
2026-06-02,11:29:43.976659,[]
2026-06-02,11:29:44.010026,[]
2026-06-02,11:29:44.043393,[]
2026-06-02,11:29:44.076760,[]
2026-06-02,11:29:44.110127,[]
2026-06-02,11:29:44.143494,[]
2026-06-02,11:29:44.176861,[]
2026-06-02,11:29:44.210228,[]
2026-06-02,11:29:44.243595,[]
2026-06-02,11:29:44.276962,[]
2026-06-02,11:29:44.310329,[]
2026-06-02,11:29:44.343696,[]
2026-06-02,11:29:44.377063,[]
2026-06-02,11:29:44.410430,[]
2026-06-02,11:29:44.443797,[]
2026-06-02,11:29:44.477164,[]
2026-06-02,11:29:44.510531,[]
2026-06-02,11:29:44.543898,[]
2026-06-02,11:29:44.577265,[]
2026-06-02,11:29:44.610632,[]
2026-06-02,11:29:44.643999,[]
2026-06-02,11:29:44.677366,[]
2026-06-02,11:29:44.710733,[]
2026-06-02,11:29:44.744100,[]
2026-06-02,11:29:44.777467,[]
2026-06-02,11:29:44.810834,[]
2026-06-02,11:29:44.844201,[]
2026-06-02,11:29:44.877568,[]
2026-06-02,11:29:44.910935,[]
2026-06-02,11:29:44.944302,[]
2026-06-02,11:29:44.977669,[]
2026-06-02,11:29:45.011036,[]
2026-06-02,11:29:45.044403,[]
2026-06-02,11:29:45.077770,[]
2026-06-02,11:29:45.111137,[]
2026-06-02,11:29:45.144504,[]
2026-06-02,11:29:45.177871,[]
2026-06-02,11:29:45.211238,[]
2026-06-02,11:29:45.244605,[]
2026-06-02,11:29:45.277972,[]
2026-06-02,11:29:45.311339,[]
2026-06-02,11:29:45.344706,[]
2026-06-02,11:29:45.378073,[]
2026-06-02,11:29:45.411440,[]
2026-06-02,11:29:45.444807,[]
2026-06-02,11:29:45.478174,[]
2026-06-02,11:29:45.511541,[]
2026-06-02,11:29:45.544908,[]
2026-06-02,11:29:45.578275,[]
2026-06-02,11:29:45.611642,[]
2026-06-02,11:29:45.645009,[]
2026-06-02,11:29:45.678376,[]
2026-06-02,11:29:45.711743,[]
2026-06-02,11:29:45.745110,[]
2026-06-02,11:29:45.778477,[]
2026-06-02,11:29:45.811844,[]
2026-06-02,11:29:45.845211,[]
2026-06-02,11:29:45.878578,[]
2026-06-02,11:29:45.911945,[]
2026-06-02,11:29:45.945312,[]
2026-06-02,11:29:45.978679,[]
2026-06-02,11:29:46.012046,[]
2026-06-02,11:29:46.045413,[]
2026-06-02,11:29:46.078780,[]
2026-06-02,11:29:46.112147,[]
2026-06-02,11:29:46.145514,[]
2026-06-02,11:29:46.178881,[]
2026-06-02,11:29:46.212248,[]
2026-06-02,11:29:46.245615,[]
2026-06-02,11:29:46.278982,[]
2026-06-02,11:29:46.312349,[]
2026-06-02,11:29:46.345716,[]
2026-06-02,11:29:46.379083,[]
2026-06-02,11:29:46.412450,[]
2026-06-02,11:29:46.445817,[]
2026-06-02,11:29:46.479184,[]
2026-06-02,11:29:46.512551,[]
2026-06-02,11:29:46.545918,[]
2026-06-02,11:29:46.579285,[]
2026-06-02,11:29:46.612652,[]
2026-06-02,11:29:46.646019,[]
2026-06-02,11:29:46.679386,[]
2026-06-02,11:29:46.712753,[]
2026-06-02,11:29:46.746120,[]
2026-06-02,11:29:46.779487,[]
2026-06-02,11:29:46.812854,[]
2026-06-02,11:29:46.846221,[]
2026-06-02,11:29:46.879588,[]
2026-06-02,11:29:46.912955,[]
2026-06-02,11:29:46.946322,[]
2026-06-02,11:29:46.979689,[]
2026-06-02,11:29:47.013056,[]
2026-06-02,11:29:47.046423,[]
2026-06-02,11:29:47.079790,[]
2026-06-02,11:29:47.113157,[]
2026-06-02,11:29:47.146524,[]
2026-06-02,11:29:47.179891,[]
2026-06-02,11:29:47.213258,[]
2026-06-02,11:29:47.246625,[]
2026-06-02,11:29:47.279992,[]
2026-06-02,11:29:47.313359,[]
2026-06-02,11:29:47.346726,[]
2026-06-02,11:29:47.380093,[]
2026-06-02,11:29:47.413460,[]
2026-06-02,11:29:47.446827,[]
2026-06-02,11:29:47.480194,[]
2026-06-02,11:29:47.513561,[]
2026-06-02,11:29:47.546928,[]
2026-06-02,11:29:47.580295,[]
2026-06-02,11:29:47.613662,[]
2026-06-02,11:29:47.647029,[]
2026-06-02,11:29:47.680396,[]
2026-06-02,11:29:47.713763,[]
2026-06-02,11:29:47.747130,[]
2026-06-02,11:29:47.780497,[]
2026-06-02,11:29:47.813864,[]
2026-06-02,11:29:47.847231,[]
2026-06-02,11:29:47.880598,[]
2026-06-02,11:29:47.913965,[]
2026-06-02,11:29:47.947332,[]
2026-06-02,11:29:47.980699,[]
2026-06-02,11:29:48.014066,[]
2026-06-02,11:29:48.047433,[]
2026-06-02,11:29:48.080800,[]
2026-06-02,11:29:48.114167,[]
2026-06-02,11:29:48.147534,[]
2026-06-02,11:29:48.180901,[]
2026-06-02,11:29:48.214268,[]
2026-06-02,11:29:48.247635,[]
2026-06-02,11:29:48.281002,[]
2026-06-02,11:29:48.314369,[]
2026-06-02,11:29:48.347736,[]
2026-06-02,11:29:48.381103,[]
2026-06-02,11:29:48.414470,[]
2026-06-02,11:29:48.447837,[]
2026-06-02,11:29:48.481204,[]
2026-06-02,11:29:48.514571,[]
2026-06-02,11:29:48.547938,[]
2026-06-02,11:29:48.581305,[]
2026-06-02,11:29:48.614672,[]
2026-06-02,11:29:48.648039,[]
2026-06-02,11:29:48.681406,[]
2026-06-02,11:29:48.714773,[]
2026-06-02,11:29:48.748140,[]
2026-06-02,11:29:48.781507,[]
2026-06-02,11:29:48.814874,[]
2026-06-02,11:29:48.848241,[]
2026-06-02,11:29:48.881608,[]
2026-06-02,11:29:48.914975,[]
2026-06-02,11:29:48.948342,[]
2026-06-02,11:29:48.981709,[]
2026-06-02,11:29:49.015076,[]
2026-06-02,11:29:49.048443,[]
2026-06-02,11:29:49.081810,[]
2026-06-02,11:29:49.115177,[]
2026-06-02,11:29:49.148544,[]
2026-06-02,11:29:49.181911,[]
2026-06-02,11:29:49.215278,[]
2026-06-02,11:29:49.248645,[]
2026-06-02,11:29:49.282012,[]
2026-06-02,11:29:49.315379,[]
2026-06-02,11:29:49.348746,[]
2026-06-02,11:29:49.382113,[]
2026-06-02,11:29:49.415480,[]
2026-06-02,11:29:49.448847,[]
2026-06-02,11:29:49.482214,[]
2026-06-02,11:29:49.515581,[]
2026-06-02,11:29:49.548948,[]
2026-06-02,11:29:49.582315,[]
2026-06-02,11:29:49.615682,[]
2026-06-02,11:29:49.649049,[]
2026-06-02,11:29:49.682416,[]
2026-06-02,11:29:49.715783,[]
2026-06-02,11:29:49.749150,[]
2026-06-02,11:29:49.782517,[]
2026-06-02,11:29:49.815884,[]
2026-06-02,11:29:49.849251,[]
2026-06-02,11:29:49.882618,[]
2026-06-02,11:29:49.915985,[]
2026-06-02,11:29:49.949352,[]
2026-06-02,11:29:49.982719,[]
2026-06-02,11:29:50.016086,[]
2026-06-02,11:29:50.049453,[]
2026-06-02,11:29:50.082820,[]
2026-06-02,11:29:50.116187,[]
2026-06-02,11:29:50.149554,[]
2026-06-02,11:29:50.182921,[]
2026-06-02,11:29:50.216288,[]
2026-06-02,11:29:50.249655,[]
2026-06-02,11:29:50.283022,[]
2026-06-02,11:29:50.316389,[]
2026-06-02,11:29:50.349756,[]
2026-06-02,11:29:50.383123,[]
2026-06-02,11:29:50.416490,[]
2026-06-02,11:29:50.449857,[]
2026-06-02,11:29:50.483224,[]
2026-06-02,11:29:50.516591,[]
2026-06-02,11:29:50.549958,[]
2026-06-02,11:29:50.583325,[]
2026-06-02,11:29:50.616692,[]
2026-06-02,11:29:50.650059,[]
2026-06-02,11:29:50.683426,[]
2026-06-02,11:29:50.716793,[]
2026-06-02,11:29:50.750160,[]
2026-06-02,11:29:50.783527,[]
2026-06-02,11:29:50.816894,[]
2026-06-02,11:29:50.850261,[]
2026-06-02,11:29:50.883628,[]
2026-06-02,11:29:50.916995,[]
2026-06-02,11:29:50.950362,[]
2026-06-02,11:29:50.983729,[]
2026-06-02,11:29:51.017096,[]
2026-06-02,11:29:51.050463,[]
2026-06-02,11:29:51.083830,[]
2026-06-02,11:29:51.117197,[]
2026-06-02,11:29:51.150564,[]
2026-06-02,11:29:51.183931,[]
2026-06-02,11:29:51.217298,[]
2026-06-02,11:29:51.250665,[]
2026-06-02,11:29:51.284032,[]
2026-06-02,11:29:51.317399,[]
2026-06-02,11:29:51.350766,[]
2026-06-02,11:29:51.384133,[]
2026-06-02,11:29:51.417500,[]
2026-06-02,11:29:51.450867,[]
2026-06-02,11:29:51.484234,[]
2026-06-02,11:29:51.517601,[]
2026-06-02,11:29:51.550968,[]
2026-06-02,11:29:51.584335,[]
2026-06-02,11:29:51.617702,[]
2026-06-02,11:29:51.651069,[]
2026-06-02,11:29:51.684436,[]
2026-06-02,11:29:51.717803,[]
2026-06-02,11:29:51.751170,[]
2026-06-02,11:29:51.784537,[]
2026-06-02,11:29:51.817904,[]
2026-06-02,11:29:51.851271,[]
2026-06-02,11:29:51.884638,[]
2026-06-02,11:29:51.918005,[]
2026-06-02,11:29:51.951372,[]
2026-06-02,11:29:51.984739,[]
2026-06-02,11:29:52.018106,[]
2026-06-02,11:29:52.051473,[]
2026-06-02,11:29:52.084840,[]
2026-06-02,11:29:52.118207,[]
2026-06-02,11:29:52.151574,[]
2026-06-02,11:29:52.184941,[]
2026-06-02,11:29:52.218308,[]
2026-06-02,11:29:52.251675,[]
2026-06-02,11:29:52.285042,[]
2026-06-02,11:29:52.318409,[]
2026-06-02,11:29:52.351776,[]
2026-06-02,11:29:52.385143,[]
2026-06-02,11:29:52.418510,[]
2026-06-02,11:29:52.451877,[]
2026-06-02,11:29:52.485244,[]
2026-06-02,11:29:52.518611,[]
2026-06-02,11:29:52.551978,[]
2026-06-02,11:29:52.585345,[]
2026-06-02,11:29:52.618712,[]
2026-06-02,11:29:52.652079,[]
2026-06-02,11:29:52.685446,[]
2026-06-02,11:29:52.718813,[]
2026-06-02,11:29:52.752180,[]
2026-06-02,11:29:52.785547,[]
2026-06-02,11:29:52.818914,[]
2026-06-02,11:29:52.852281,[]
2026-06-02,11:29:52.885648,[]
2026-06-02,11:29:52.919015,[]
2026-06-02,11:29:52.952382,[]
2026-06-02,11:29:52.985749,[]
2026-06-02,11:29:53.019116,[]
2026-06-02,11:29:53.052483,[]
2026-06-02,11:29:53.085850,[]
2026-06-02,11:29:53.119217,[]
2026-06-02,11:29:53.152584,[]
2026-06-02,11:29:53.185951,[]
2026-06-02,11:29:53.219318,[]
2026-06-02,11:29:53.252685,[]
2026-06-02,11:29:53.286052,[]
2026-06-02,11:29:53.319419,[]
2026-06-02,11:29:53.352786,[]
2026-06-02,11:29:53.386153,[]
2026-06-02,11:29:53.419520,[]
2026-06-02,11:29:53.452887,[]
2026-06-02,11:29:53.486254,[]
2026-06-02,11:29:53.519621,[]
2026-06-02,11:29:53.552988,[]
2026-06-02,11:29:53.586355,[]
2026-06-02,11:29:53.619722,[]
2026-06-02,11:29:53.653089,[]
2026-06-02,11:29:53.686456,[]
2026-06-02,11:29:53.719823,[]
2026-06-02,11:29:53.753190,[]
2026-06-02,11:29:53.786557,[]
2026-06-02,11:29:53.819924,[]
2026-06-02,11:29:53.853291,[]
2026-06-02,11:29:53.886658,[]
2026-06-02,11:29:53.920025,[]
2026-06-02,11:29:53.953392,[]
2026-06-02,11:29:53.986759,[]
2026-06-02,11:29:54.020126,[]
2026-06-02,11:29:54.053493,[]
2026-06-02,11:29:54.086860,[]
2026-06-02,11:29:54.120227,[]
2026-06-02,11:29:54.153594,[]
2026-06-02,11:29:54.186961,[]
2026-06-02,11:29:54.220328,[]
2026-06-02,11:29:54.253695,[]
2026-06-02,11:29:54.287062,[]
2026-06-02,11:29:54.320429,[]
2026-06-02,11:29:54.353796,[]
2026-06-02,11:29:54.387163,[]
2026-06-02,11:29:54.420530,[]
2026-06-02,11:29:54.453897,[]
2026-06-02,11:29:54.487264,[]
2026-06-02,11:29:54.520631,[]
2026-06-02,11:29:54.553998,[]
2026-06-02,11:29:54.587365,[]
2026-06-02,11:29:54.620732,[]
2026-06-02,11:29:54.654099,[]
2026-06-02,11:29:54.687466,[]
2026-06-02,11:29:54.720833,[]
2026-06-02,11:29:54.754200,[]
2026-06-02,11:29:54.787567,[]
2026-06-02,11:29:54.820934,[]
2026-06-02,11:29:54.854301,[]
2026-06-02,11:29:54.887668,[]
2026-06-02,11:29:54.921035,[]
2026-06-02,11:29:54.954402,[]
2026-06-02,11:29:54.987769,[]
2026-06-02,11:29:55.021136,[]
2026-06-02,11:29:55.054503,[]
2026-06-02,11:29:55.087870,[]
2026-06-02,11:29:55.121237,[]
2026-06-02,11:29:55.154604,[]
2026-06-02,11:29:55.187971,[]
2026-06-02,11:29:55.221338,[]
2026-06-02,11:29:55.254705,[]
2026-06-02,11:29:55.288072,[]
2026-06-02,11:29:55.321439,[]
2026-06-02,11:29:55.354806,[]
2026-06-02,11:29:55.388173,[]
2026-06-02,11:29:55.421540,[]
2026-06-02,11:29:55.454907,[]
2026-06-02,11:29:55.488274,[]
2026-06-02,11:29:55.521641,[]
2026-06-02,11:29:55.555008,[]
2026-06-02,11:29:55.588375,[]
2026-06-02,11:29:55.621742,[]
2026-06-02,11:29:55.655109,[]
2026-06-02,11:29:55.688476,[]
2026-06-02,11:29:55.721843,[]
2026-06-02,11:29:55.755210,[]
2026-06-02,11:29:55.788577,[]
2026-06-02,11:29:55.821944,[]
2026-06-02,11:29:55.855311,[]
2026-06-02,11:29:55.888678,[]
2026-06-02,11:29:55.922045,[]
2026-06-02,11:29:55.955412,[]
2026-06-02,11:29:55.988779,[]
2026-06-02,11:29:56.022146,[]
2026-06-02,11:29:56.055513,[]
2026-06-02,11:29:56.088880,[]
2026-06-02,11:29:56.122247,[]
2026-06-02,11:29:56.155614,[]
2026-06-02,11:29:56.188981,[]
2026-06-02,11:29:56.222348,[]
2026-06-02,11:29:56.255715,[]
2026-06-02,11:29:56.289082,[]
2026-06-02,11:29:56.322449,[]
2026-06-02,11:29:56.355816,[]
2026-06-02,11:29:56.389183,[]
2026-06-02,11:29:56.422550,[]
2026-06-02,11:29:56.455917,[]
2026-06-02,11:29:56.489284,[]
2026-06-02,11:29:56.522651,[]
2026-06-02,11:29:56.556018,[]
2026-06-02,11:29:56.589385,[]
2026-06-02,11:29:56.622752,[]
2026-06-02,11:29:56.656119,[]
2026-06-02,11:29:56.689486,[]
2026-06-02,11:29:56.722853,[]
2026-06-02,11:29:56.756220,[]
2026-06-02,11:29:56.789587,[]
2026-06-02,11:29:56.822954,[]
2026-06-02,11:29:56.856321,[]
2026-06-02,11:29:56.889688,[]
2026-06-02,11:29:56.923055,[]
2026-06-02,11:29:56.956422,[]
2026-06-02,11:29:56.989789,[]
2026-06-02,11:29:57.023156,[]
2026-06-02,11:29:57.056523,[]
2026-06-02,11:29:57.089890,[]
2026-06-02,11:29:57.123257,[]
2026-06-02,11:29:57.156624,[]
2026-06-02,11:29:57.189991,[]
2026-06-02,11:29:57.223358,[]
2026-06-02,11:29:57.256725,[]
2026-06-02,11:29:57.290092,[]
2026-06-02,11:29:57.323459,[]
2026-06-02,11:29:57.356826,[]
2026-06-02,11:29:57.390193,[]
2026-06-02,11:29:57.423560,[]
2026-06-02,11:29:57.456927,[]
2026-06-02,11:29:57.490294,[]
2026-06-02,11:29:57.523661,[]
2026-06-02,11:29:57.557028,[]
2026-06-02,11:29:57.590395,[]
2026-06-02,11:29:57.623762,[]
2026-06-02,11:29:57.657129,[]
2026-06-02,11:29:57.690496,[]
2026-06-02,11:29:57.723863,[]
2026-06-02,11:29:57.757230,[]
2026-06-02,11:29:57.790597,[]
2026-06-02,11:29:57.823964,[]
2026-06-02,11:29:57.857331,[]
2026-06-02,11:29:57.890698,[]
2026-06-02,11:29:57.924065,[]
2026-06-02,11:29:57.957432,[]
2026-06-02,11:29:57.990799,[]
2026-06-02,11:29:58.024166,[]
2026-06-02,11:29:58.057533,[]
2026-06-02,11:29:58.090900,[]
2026-06-02,11:29:58.124267,[]
2026-06-02,11:29:58.157634,[]
2026-06-02,11:29:58.191001,[]
2026-06-02,11:29:58.224368,[]
2026-06-02,11:29:58.257735,[]
2026-06-02,11:29:58.291102,[]
2026-06-02,11:29:58.324469,[]
2026-06-02,11:29:58.357836,[]
2026-06-02,11:29:58.391203,[]
2026-06-02,11:29:58.424570,[]
2026-06-02,11:29:58.457937,[]
2026-06-02,11:29:58.491304,[]
2026-06-02,11:29:58.524671,[]
2026-06-02,11:29:58.558038,[]
2026-06-02,11:29:58.591405,[]
2026-06-02,11:29:58.624772,[]
2026-06-02,11:29:58.658139,[]
2026-06-02,11:29:58.691506,[]
2026-06-02,11:29:58.724873,[]
2026-06-02,11:29:58.758240,[]
2026-06-02,11:29:58.791607,[]
2026-06-02,11:29:58.824974,[]
2026-06-02,11:29:58.858341,[]
2026-06-02,11:29:58.891708,[]
2026-06-02,11:29:58.925075,[]
2026-06-02,11:29:58.958442,[]
2026-06-02,11:29:58.991809,[]
2026-06-02,11:29:59.025176,[]
2026-06-02,11:29:59.058543,[]
2026-06-02,11:29:59.091910,[]
2026-06-02,11:29:59.125277,[]
2026-06-02,11:29:59.158644,[]
2026-06-02,11:29:59.192011,[]
2026-06-02,11:29:59.225378,[]
2026-06-02,11:29:59.258745,[]
2026-06-02,11:29:59.292112,[]
2026-06-02,11:29:59.325479,[]
2026-06-02,11:29:59.358846,[]
2026-06-02,11:29:59.392213,[]
2026-06-02,11:29:59.425580,[]
2026-06-02,11:29:59.458947,[]
2026-06-02,11:29:59.492314,[]
2026-06-02,11:29:59.525681,[]
2026-06-02,11:29:59.559048,[]
2026-06-02,11:29:59.592415,[]
2026-06-02,11:29:59.625782,[]
2026-06-02,11:29:59.659149,[]
2026-06-02,11:29:59.692516,[]
2026-06-02,11:29:59.725883,[]
2026-06-02,11:29:59.759250,[]
2026-06-02,11:29:59.792617,[]
2026-06-02,11:29:59.825984,[]
2026-06-02,11:29:59.859351,[]
2026-06-02,11:29:59.892718,[]
2026-06-02,11:29:59.926085,[]
2026-06-02,11:29:59.959452,[]
2026-06-02,11:29:59.992819,[]
2026-06-02,11:30:00.026186,[]
2026-06-02,11:30:00.059553,[]
2026-06-02,11:30:00.092920,[]
2026-06-02,11:30:00.126287,[]
2026-06-02,11:30:00.159654,[]
2026-06-02,11:30:00.193021,[]
2026-06-02,11:30:00.226388,[]
2026-06-02,11:30:00.259755,[]
2026-06-02,11:30:00.293122,[]
2026-06-02,11:30:00.326489,[]
2026-06-02,11:30:00.359856,[]
2026-06-02,11:30:00.393223,[]
2026-06-02,11:30:00.426590,[]
2026-06-02,11:30:00.459957,[]
2026-06-02,11:30:00.493324,[]
2026-06-02,11:30:00.526691,[]
2026-06-02,11:30:00.560058,[]
2026-06-02,11:30:00.593425,[]
2026-06-02,11:30:00.626792,[]
2026-06-02,11:30:00.660159,[]
2026-06-02,11:30:00.693526,[]
2026-06-02,11:30:00.726893,[]
2026-06-02,11:30:00.760260,[]
2026-06-02,11:30:00.793627,[]
2026-06-02,11:30:00.826994,[]
2026-06-02,11:30:00.860361,[]
2026-06-02,11:30:00.893728,[]
2026-06-02,11:30:00.927095,[]
2026-06-02,11:30:00.960462,[]
2026-06-02,11:30:00.993829,[]
2026-06-02,11:30:01.027196,[]
2026-06-02,11:30:01.060563,[]
2026-06-02,11:30:01.093930,[]
2026-06-02,11:30:01.127297,[]
2026-06-02,11:30:01.160664,[]
2026-06-02,11:30:01.194031,[]
2026-06-02,11:30:01.227398,[]
2026-06-02,11:30:01.260765,[]
2026-06-02,11:30:01.294132,[]
2026-06-02,11:30:01.327499,[]
2026-06-02,11:30:01.360866,[]
2026-06-02,11:30:01.394233,[]
2026-06-02,11:30:01.427600,[]
2026-06-02,11:30:01.460967,[]
2026-06-02,11:30:01.494334,[]
2026-06-02,11:30:01.527701,[]
2026-06-02,11:30:01.561068,[]
2026-06-02,11:30:01.594435,[]
2026-06-02,11:30:01.627802,[]
2026-06-02,11:30:01.661169,[]
2026-06-02,11:30:01.694536,[]
2026-06-02,11:30:01.727903,[]
2026-06-02,11:30:01.761270,[]
2026-06-02,11:30:01.794637,[]
2026-06-02,11:30:01.828004,[]
2026-06-02,11:30:01.861371,[]
2026-06-02,11:30:01.894738,[]
2026-06-02,11:30:01.928105,[]
2026-06-02,11:30:01.961472,[]
2026-06-02,11:30:01.994839,[]
2026-06-02,11:30:02.028206,[]
2026-06-02,11:30:02.061573,[]
2026-06-02,11:30:02.094940,[]
2026-06-02,11:30:02.128307,[]
2026-06-02,11:30:02.161674,[]
2026-06-02,11:30:02.195041,[]
2026-06-02,11:30:02.228408,[]
2026-06-02,11:30:02.261775,[]
2026-06-02,11:30:02.295142,[]
2026-06-02,11:30:02.328509,[]
2026-06-02,11:30:02.361876,[]
2026-06-02,11:30:02.395243,[]
2026-06-02,11:30:02.428610,[]
2026-06-02,11:30:02.461977,[]
2026-06-02,11:30:02.495344,[]
2026-06-02,11:30:02.528711,[]
2026-06-02,11:30:02.562078,[]
2026-06-02,11:30:02.595445,[]
2026-06-02,11:30:02.628812,[]
2026-06-02,11:30:02.662179,[]
2026-06-02,11:30:02.695546,[]
2026-06-02,11:30:02.728913,[]
2026-06-02,11:30:02.762280,[]
2026-06-02,11:30:02.795647,[]
2026-06-02,11:30:02.829014,[]
2026-06-02,11:30:02.862381,[]
2026-06-02,11:30:02.895748,[]
2026-06-02,11:30:02.929115,[]
2026-06-02,11:30:02.962482,[]
2026-06-02,11:30:02.995849,[]
2026-06-02,11:30:03.029216,[]
2026-06-02,11:30:03.062583,[]
2026-06-02,11:30:03.095950,[]
2026-06-02,11:30:03.129317,[]
2026-06-02,11:30:03.162684,[]
2026-06-02,11:30:03.196051,[]
2026-06-02,11:30:03.229418,[]
2026-06-02,11:30:03.262785,[]
2026-06-02,11:30:03.296152,[]
2026-06-02,11:30:03.329519,[]
2026-06-02,11:30:03.362886,[]
2026-06-02,11:30:03.396253,[]
2026-06-02,11:30:03.429620,[]
2026-06-02,11:30:03.462987,[]
2026-06-02,11:30:03.496354,[]
2026-06-02,11:30:03.529721,[]
2026-06-02,11:30:03.563088,[]
2026-06-02,11:30:03.596455,[]
2026-06-02,11:30:03.629822,[]
2026-06-02,11:30:03.663189,[]
2026-06-02,11:30:03.696556,[]
2026-06-02,11:30:03.729923,[]
2026-06-02,11:30:03.763290,[]
2026-06-02,11:30:03.796657,[]
2026-06-02,11:30:03.830024,[]
2026-06-02,11:30:03.863391,[]
2026-06-02,11:30:03.896758,[]
2026-06-02,11:30:03.930125,[]
2026-06-02,11:30:03.963492,[]
2026-06-02,11:30:03.996859,[]
2026-06-02,11:30:04.030226,[]
2026-06-02,11:30:04.063593,[]
2026-06-02,11:30:04.096960,[]
2026-06-02,11:30:04.130327,[]
2026-06-02,11:30:04.163694,[]
2026-06-02,11:30:04.197061,[]
2026-06-02,11:30:04.230428,[]
2026-06-02,11:30:04.263795,[]
2026-06-02,11:30:04.297162,[]
2026-06-02,11:30:04.330529,[]
2026-06-02,11:30:04.363896,[]
2026-06-02,11:30:04.397263,[]
2026-06-02,11:30:04.430630,[]
2026-06-02,11:30:04.463997,[]
2026-06-02,11:30:04.497364,[]
2026-06-02,11:30:04.530731,[]
2026-06-02,11:30:04.564098,[]
2026-06-02,11:30:04.597465,[]
2026-06-02,11:30:04.630832,[]
2026-06-02,11:30:04.664199,[]
2026-06-02,11:30:04.697566,[]
2026-06-02,11:30:04.730933,[]
2026-06-02,11:30:04.764300,['EN32285']
2026-06-02,11:30:04.797667,[]
2026-06-02,11:30:04.831034,[]
2026-06-02,11:30:04.864401,['EN32285']
2026-06-02,11:30:04.897768,['EN32285']
2026-06-02,11:30:04.931135,[]
2026-06-02,11:30:04.964502,['EN32285']
2026-06-02,11:30:04.997869,['EN32285']
2026-06-02,11:30:05.031236,[]
2026-06-02,11:30:05.064603,['EN32285']
2026-06-02,11:30:05.097970,['EN32285']
2026-06-02,11:30:05.131337,['EN32285']
2026-06-02,11:30:05.164704,[]
2026-06-02,11:30:05.198071,[]
2026-06-02,11:30:05.231438,[]
2026-06-02,11:30:05.264805,[]
2026-06-02,11:30:05.298172,[]
2026-06-02,11:30:05.331539,[]
2026-06-02,11:30:05.364906,[]
2026-06-02,11:30:05.398273,[]
2026-06-02,11:30:05.431640,[]
2026-06-02,11:30:05.465007,[]
2026-06-02,11:30:05.498374,[]
2026-06-02,11:30:05.531741,[]
2026-06-02,11:30:05.565108,[]
2026-06-02,11:30:05.598475,[]
2026-06-02,11:30:05.631842,[]
2026-06-02,11:30:05.665209,[]
2026-06-02,11:30:05.698576,[]
2026-06-02,11:30:05.731943,[]
2026-06-02,11:30:05.765310,[]
2026-06-02,11:30:05.798677,[]
2026-06-02,11:30:05.832044,[]
2026-06-02,11:30:05.865411,[]
2026-06-02,11:30:05.898778,[]
2026-06-02,11:30:05.932145,[]
2026-06-02,11:30:05.965512,[]
2026-06-02,11:30:05.998879,[]
2026-06-02,11:30:06.032246,[]
2026-06-02,11:30:06.065613,[]
2026-06-02,11:30:06.098980,[]
2026-06-02,11:30:06.132347,[]
2026-06-02,11:30:06.165714,[]
2026-06-02,11:30:06.199081,[]
2026-06-02,11:30:06.232448,[]
2026-06-02,11:30:06.265815,[]
2026-06-02,11:30:06.299182,[]
2026-06-02,11:30:06.332549,[]
2026-06-02,11:30:06.365916,[]
2026-06-02,11:30:06.399283,[]
2026-06-02,11:30:06.432650,[]
2026-06-02,11:30:06.466017,[]
2026-06-02,11:30:06.499384,[]
2026-06-02,11:30:06.532751,[]
2026-06-02,11:30:06.566118,[]
2026-06-02,11:30:06.599485,[]
2026-06-02,11:30:06.632852,[]
2026-06-02,11:30:06.666219,[]
2026-06-02,11:30:06.699586,[]
2026-06-02,11:30:06.732953,[]
2026-06-02,11:30:06.766320,[]
2026-06-02,11:30:06.799687,[]
2026-06-02,11:30:06.833054,[]
2026-06-02,11:30:06.866421,[]
2026-06-02,11:30:06.899788,[]
2026-06-02,11:30:06.933155,[]
2026-06-02,11:30:06.966522,[]
2026-06-02,11:30:06.999889,[]
2026-06-02,11:30:07.033256,[]
2026-06-02,11:30:07.066623,[]
2026-06-02,11:30:07.099990,[]
2026-06-02,11:30:07.133357,[]
2026-06-02,11:30:07.166724,[]
2026-06-02,11:30:07.200091,[]
2026-06-02,11:30:07.233458,[]
2026-06-02,11:30:07.266825,[]
2026-06-02,11:30:07.300192,[]
2026-06-02,11:30:07.333559,[]
2026-06-02,11:30:07.366926,[]
2026-06-02,11:30:07.400293,[]
2026-06-02,11:30:07.433660,[]
2026-06-02,11:30:07.467027,[]
2026-06-02,11:30:07.500394,[]
2026-06-02,11:30:07.533761,[]
2026-06-02,11:30:07.567128,[]
2026-06-02,11:30:07.600495,[]
2026-06-02,11:30:07.633862,[]
2026-06-02,11:30:07.667229,[]
2026-06-02,11:30:07.700596,[]
2026-06-02,11:30:07.733963,[]
2026-06-02,11:30:07.767330,[]
2026-06-02,11:30:07.800697,[]
2026-06-02,11:30:07.834064,[]
2026-06-02,11:30:07.867431,[]
2026-06-02,11:30:07.900798,[]
2026-06-02,11:30:07.934165,[]
2026-06-02,11:30:07.967532,[]
2026-06-02,11:30:08.000899,[]
2026-06-02,11:30:08.034266,[]
2026-06-02,11:30:08.067633,[]
2026-06-02,11:30:08.101000,[]
2026-06-02,11:30:08.134367,[]
2026-06-02,11:30:08.167734,[]
2026-06-02,11:30:08.201101,[]
2026-06-02,11:30:08.234468,[]
2026-06-02,11:30:08.267835,[]
2026-06-02,11:30:08.301202,[]
2026-06-02,11:30:08.334569,[]
2026-06-02,11:30:08.367936,[]
2026-06-02,11:30:08.401303,[]
2026-06-02,11:30:08.434670,[]
2026-06-02,11:30:08.468037,[]
2026-06-02,11:30:08.501404,[]
2026-06-02,11:30:08.534771,[]
2026-06-02,11:30:08.568138,[]
2026-06-02,11:30:08.601505,[]
2026-06-02,11:30:08.634872,[]
2026-06-02,11:30:08.668239,[]
2026-06-02,11:30:08.701606,[]
2026-06-02,11:30:08.734973,[]
2026-06-02,11:30:08.768340,[]
2026-06-02,11:30:08.801707,[]
2026-06-02,11:30:08.835074,[]
2026-06-02,11:30:08.868441,[]
2026-06-02,11:30:08.901808,[]
2026-06-02,11:30:08.935175,[]
2026-06-02,11:30:08.968542,[]
2026-06-02,11:30:09.001909,[]
2026-06-02,11:30:09.035276,[]
2026-06-02,11:30:09.068643,[]
2026-06-02,11:30:09.102010,[]
2026-06-02,11:30:09.135377,[]
2026-06-02,11:30:09.168744,[]
2026-06-02,11:30:09.202111,[]
2026-06-02,11:30:09.235478,[]
2026-06-02,11:30:09.268845,[]
2026-06-02,11:30:09.302212,[]
2026-06-02,11:30:09.335579,[]
2026-06-02,11:30:09.368946,[]
2026-06-02,11:30:09.402313,[]
2026-06-02,11:30:09.435680,[]
2026-06-02,11:30:09.469047,[]
2026-06-02,11:30:09.502414,[]
2026-06-02,11:30:09.535781,[]
2026-06-02,11:30:09.569148,[]
2026-06-02,11:30:09.602515,[]
2026-06-02,11:30:09.635882,[]
2026-06-02,11:30:09.669249,[]
2026-06-02,11:30:09.702616,[]
2026-06-02,11:30:09.735983,[]
2026-06-02,11:30:09.769350,[]
2026-06-02,11:30:09.802717,[]
2026-06-02,11:30:09.836084,[]
2026-06-02,11:30:09.869451,[]
2026-06-02,11:30:09.902818,[]
2026-06-02,11:30:09.936185,['AX55446']
2026-06-02,11:30:09.969552,['AX55446']
2026-06-02,11:30:10.002919,['AX55446']
2026-06-02,11:30:10.036286,['AX55446']
2026-06-02,11:30:10.069653,['AX55446']
2026-06-02,11:30:10.103020,['AX55446']
2026-06-02,11:30:10.136387,['AX55446']
2026-06-02,11:30:10.169754,['AX55446']
2026-06-02,11:30:10.203121,['AX55446']
2026-06-02,11:30:10.236488,['AX55446']
2026-06-02,11:30:10.269855,[]
2026-06-02,11:30:10.303222,[]
2026-06-02,11:30:10.336589,[]
2026-06-02,11:30:10.369956,[]
2026-06-02,11:30:10.403323,[]
2026-06-02,11:30:10.436690,[]
2026-06-02,11:30:10.470057,[]
2026-06-02,11:30:10.503424,[]
2026-06-02,11:30:10.536791,[]
2026-06-02,11:30:10.570158,[]
2026-06-02,11:30:10.603525,[]
2026-06-02,11:30:10.636892,[]
2026-06-02,11:30:10.670259,[]
2026-06-02,11:30:10.703626,[]
2026-06-02,11:30:10.736993,[]
2026-06-02,11:30:10.770360,[]
2026-06-02,11:30:10.803727,[]
2026-06-02,11:30:10.837094,[]
2026-06-02,11:30:10.870461,[]
2026-06-02,11:30:10.903828,[]
2026-06-02,11:30:10.937195,[]
2026-06-02,11:30:10.970562,[]
2026-06-02,11:30:11.003929,[]
2026-06-02,11:30:11.037296,[]
2026-06-02,11:30:11.070663,[]
2026-06-02,11:30:11.104030,[]
2026-06-02,11:30:11.137397,[]
2026-06-02,11:30:11.170764,[]
2026-06-02,11:30:11.204131,[]
2026-06-02,11:30:11.237498,[]
2026-06-02,11:30:11.270865,[]
2026-06-02,11:30:11.304232,[]
2026-06-02,11:30:11.337599,[]
2026-06-02,11:30:11.370966,[]
2026-06-02,11:30:11.404333,[]
2026-06-02,11:30:11.437700,[]
2026-06-02,11:30:11.471067,[]
2026-06-02,11:30:11.504434,[]
2026-06-02,11:30:11.537801,[]
2026-06-02,11:30:11.571168,[]
2026-06-02,11:30:11.604535,[]
2026-06-02,11:30:11.637902,[]
2026-06-02,11:30:11.671269,[]
2026-06-02,11:30:11.704636,[]
2026-06-02,11:30:11.738003,[]
2026-06-02,11:30:11.771370,[]
2026-06-02,11:30:11.804737,[]
2026-06-02,11:30:11.838104,[]
2026-06-02,11:30:11.871471,[]
2026-06-02,11:30:11.904838,[]
2026-06-02,11:30:11.938205,[]
2026-06-02,11:30:11.971572,[]
2026-06-02,11:30:12.004939,[]
2026-06-02,11:30:12.038306,[]
2026-06-02,11:30:12.071673,[]
2026-06-02,11:30:12.105040,[]
2026-06-02,11:30:12.138407,[]
2026-06-02,11:30:12.171774,[]
2026-06-02,11:30:12.205141,[]
2026-06-02,11:30:12.238508,[]
2026-06-02,11:30:12.271875,[]
2026-06-02,11:30:12.305242,[]
2026-06-02,11:30:12.338609,[]
2026-06-02,11:30:12.371976,[]
2026-06-02,11:30:12.405343,[]
2026-06-02,11:30:12.438710,[]
2026-06-02,11:30:12.472077,[]
2026-06-02,11:30:12.505444,[]
2026-06-02,11:30:12.538811,[]
2026-06-02,11:30:12.572178,[]
2026-06-02,11:30:12.605545,[]
2026-06-02,11:30:12.638912,[]
2026-06-02,11:30:12.672279,[]
2026-06-02,11:30:12.705646,[]
2026-06-02,11:30:12.739013,[]
2026-06-02,11:30:12.772380,[]
2026-06-02,11:30:12.805747,[]
2026-06-02,11:30:12.839114,[]
2026-06-02,11:30:12.872481,[]
2026-06-02,11:30:12.905848,[]
2026-06-02,11:30:12.939215,[]
2026-06-02,11:30:12.972582,[]
2026-06-02,11:30:13.005949,[]
2026-06-02,11:30:13.039316,[]
2026-06-02,11:30:13.072683,[]
2026-06-02,11:30:13.106050,[]
2026-06-02,11:30:13.139417,[]
2026-06-02,11:30:13.172784,[]
2026-06-02,11:30:13.206151,[]
2026-06-02,11:30:13.239518,[]
2026-06-02,11:30:13.272885,[]
2026-06-02,11:30:13.306252,[]
2026-06-02,11:30:13.339619,[]
2026-06-02,11:30:13.372986,[]
2026-06-02,11:30:13.406353,[]
2026-06-02,11:30:13.439720,[]
2026-06-02,11:30:13.473087,[]
2026-06-02,11:30:13.506454,[]
2026-06-02,11:30:13.539821,[]
2026-06-02,11:30:13.573188,[]
2026-06-02,11:30:13.606555,[]
2026-06-02,11:30:13.639922,[]
2026-06-02,11:30:13.673289,[]
2026-06-02,11:30:13.706656,[]
2026-06-02,11:30:13.740023,[]
2026-06-02,11:30:13.773390,[]
2026-06-02,11:30:13.806757,[]
2026-06-02,11:30:13.840124,[]
2026-06-02,11:30:13.873491,[]
2026-06-02,11:30:13.906858,[]
2026-06-02,11:30:13.940225,[]
2026-06-02,11:30:13.973592,[]
2026-06-02,11:30:14.006959,[]
2026-06-02,11:30:14.040326,[]
2026-06-02,11:30:14.073693,[]
2026-06-02,11:30:14.107060,[]
2026-06-02,11:30:14.140427,[]
2026-06-02,11:30:14.173794,[]
2026-06-02,11:30:14.207161,[]
2026-06-02,11:30:14.240528,[]
2026-06-02,11:30:14.273895,[]
2026-06-02,11:30:14.307262,[]
2026-06-02,11:30:14.340629,[]
2026-06-02,11:30:14.373996,[]
2026-06-02,11:30:14.407363,[]
2026-06-02,11:30:14.440730,[]
2026-06-02,11:30:14.474097,[]
2026-06-02,11:30:14.507464,[]
2026-06-02,11:30:14.540831,[]
2026-06-02,11:30:14.574198,[]
2026-06-02,11:30:14.607565,[]
2026-06-02,11:30:14.640932,[]
2026-06-02,11:30:14.674299,['EP24107']
2026-06-02,11:30:14.707666,['EP24107']
2026-06-02,11:30:14.741033,['EP24107']
2026-06-02,11:30:14.774400,['EP24107']
2026-06-02,11:30:14.807767,['EP24107']
2026-06-02,11:30:14.841134,['EP24107']
2026-06-02,11:30:14.874501,['EP24107']
2026-06-02,11:30:14.907868,[]
2026-06-02,11:30:14.941235,['EP24107']
2026-06-02,11:30:14.974602,['EP24107']
2026-06-02,11:30:15.007969,['EP24107']
2026-06-02,11:30:15.041336,['EP24107']
2026-06-02,11:30:15.074703,['EP24107']
2026-06-02,11:30:15.108070,['EP24107']
2026-06-02,11:30:15.141437,['EP24107']
2026-06-02,11:30:15.174804,['EP24107']
2026-06-02,11:30:15.208171,[]
2026-06-02,11:30:15.241538,[]
2026-06-02,11:30:15.274905,[]
2026-06-02,11:30:15.308272,[]
2026-06-02,11:30:15.341639,[]
2026-06-02,11:30:15.375006,[]
2026-06-02,11:30:15.408373,[]
2026-06-02,11:30:15.441740,[]
2026-06-02,11:30:15.475107,[]
2026-06-02,11:30:15.508474,[]
2026-06-02,11:30:15.541841,[]
2026-06-02,11:30:15.575208,[]
2026-06-02,11:30:15.608575,[]
2026-06-02,11:30:15.641942,[]
2026-06-02,11:30:15.675309,[]
2026-06-02,11:30:15.708676,[]
2026-06-02,11:30:15.742043,[]
2026-06-02,11:30:15.775410,[]
2026-06-02,11:30:15.808777,[]
2026-06-02,11:30:15.842144,[]
2026-06-02,11:30:15.875511,[]
2026-06-02,11:30:15.908878,[]
2026-06-02,11:30:15.942245,[]
2026-06-02,11:30:15.975612,[]
2026-06-02,11:30:16.008979,[]
2026-06-02,11:30:16.042346,[]
2026-06-02,11:30:16.075713,[]
2026-06-02,11:30:16.109080,[]
2026-06-02,11:30:16.142447,[]
2026-06-02,11:30:16.175814,[]
2026-06-02,11:30:16.209181,[]
2026-06-02,11:30:16.242548,[]
2026-06-02,11:30:16.275915,[]
2026-06-02,11:30:16.309282,[]
2026-06-02,11:30:16.342649,[]
2026-06-02,11:30:16.376016,[]
2026-06-02,11:30:16.409383,[]
2026-06-02,11:30:16.442750,[]
2026-06-02,11:30:16.476117,[]
2026-06-02,11:30:16.509484,[]
2026-06-02,11:30:16.542851,[]
2026-06-02,11:30:16.576218,[]
2026-06-02,11:30:16.609585,[]
2026-06-02,11:30:16.642952,[]
2026-06-02,11:30:16.676319,[]
2026-06-02,11:30:16.709686,[]
2026-06-02,11:30:16.743053,[]
2026-06-02,11:30:16.776420,[]
2026-06-02,11:30:16.809787,[]
2026-06-02,11:30:16.843154,[]
2026-06-02,11:30:16.876521,[]
2026-06-02,11:30:16.909888,[]
2026-06-02,11:30:16.943255,[]
2026-06-02,11:30:16.976622,[]
2026-06-02,11:30:17.009989,[]
2026-06-02,11:30:17.043356,[]
2026-06-02,11:30:17.076723,[]
2026-06-02,11:30:17.110090,[]
2026-06-02,11:30:17.143457,[]
2026-06-02,11:30:17.176824,[]
2026-06-02,11:30:17.210191,[]
2026-06-02,11:30:17.243558,[]
2026-06-02,11:30:17.276925,[]
2026-06-02,11:30:17.310292,[]
2026-06-02,11:30:17.343659,[]
2026-06-02,11:30:17.377026,[]
2026-06-02,11:30:17.410393,[]
2026-06-02,11:30:17.443760,[]
2026-06-02,11:30:17.477127,[]
2026-06-02,11:30:17.510494,[]
2026-06-02,11:30:17.543861,[]
2026-06-02,11:30:17.577228,[]
2026-06-02,11:30:17.610595,[]
2026-06-02,11:30:17.643962,[]
2026-06-02,11:30:17.677329,[]
2026-06-02,11:30:17.710696,[]
2026-06-02,11:30:17.744063,[]
2026-06-02,11:30:17.777430,[]
2026-06-02,11:30:17.810797,[]
2026-06-02,11:30:17.844164,[]
2026-06-02,11:30:17.877531,[]
2026-06-02,11:30:17.910898,[]
2026-06-02,11:30:17.944265,[]
2026-06-02,11:30:17.977632,[]
2026-06-02,11:30:18.010999,[]
2026-06-02,11:30:18.044366,[]
2026-06-02,11:30:18.077733,[]
2026-06-02,11:30:18.111100,[]
2026-06-02,11:30:18.144467,[]
2026-06-02,11:30:18.177834,[]
2026-06-02,11:30:18.211201,[]
2026-06-02,11:30:18.244568,[]
2026-06-02,11:30:18.277935,[]
2026-06-02,11:30:18.311302,[]
2026-06-02,11:30:18.344669,[]
2026-06-02,11:30:18.378036,[]
2026-06-02,11:30:18.411403,[]
2026-06-02,11:30:18.444770,[]
2026-06-02,11:30:18.478137,[]
2026-06-02,11:30:18.511504,[]
2026-06-02,11:30:18.544871,[]
2026-06-02,11:30:18.578238,[]
2026-06-02,11:30:18.611605,[]
2026-06-02,11:30:18.644972,[]
2026-06-02,11:30:18.678339,[]
2026-06-02,11:30:18.711706,[]
2026-06-02,11:30:18.745073,[]
2026-06-02,11:30:18.778440,[]
2026-06-02,11:30:18.811807,[]
2026-06-02,11:30:18.845174,[]
2026-06-02,11:30:18.878541,[]
2026-06-02,11:30:18.911908,[]
2026-06-02,11:30:18.945275,[]
2026-06-02,11:30:18.978642,[]
2026-06-02,11:30:19.012009,[]
2026-06-02,11:30:19.045376,[]
2026-06-02,11:30:19.078743,[]
2026-06-02,11:30:19.112110,[]
2026-06-02,11:30:19.145477,[]
2026-06-02,11:30:19.178844,[]
2026-06-02,11:30:19.212211,[]
2026-06-02,11:30:19.245578,[]
2026-06-02,11:30:19.278945,[]
2026-06-02,11:30:19.312312,[]
2026-06-02,11:30:19.345679,[]
2026-06-02,11:30:19.379046,[]
2026-06-02,11:30:19.412413,[]
2026-06-02,11:30:19.445780,[]
2026-06-02,11:30:19.479147,[]
2026-06-02,11:30:19.512514,[]
2026-06-02,11:30:19.545881,[]
2026-06-02,11:30:19.579248,[]
2026-06-02,11:30:19.612615,[]
2026-06-02,11:30:19.645982,[]
2026-06-02,11:30:19.679349,[]
2026-06-02,11:30:19.712716,[]
2026-06-02,11:30:19.746083,[]
2026-06-02,11:30:19.779450,[]
2026-06-02,11:30:19.812817,[]
2026-06-02,11:30:19.846184,[]
2026-06-02,11:30:19.879551,[]
2026-06-02,11:30:19.912918,[]
2026-06-02,11:30:19.946285,[]
2026-06-02,11:30:19.979652,[]
2026-06-02,11:30:20.013019,[]
2026-06-02,11:30:20.046386,[]
2026-06-02,11:30:20.079753,[]
2026-06-02,11:30:20.113120,[]
2026-06-02,11:30:20.146487,[]
2026-06-02,11:30:20.179854,[]
2026-06-02,11:30:20.213221,[]
2026-06-02,11:30:20.246588,[]
2026-06-02,11:30:20.279955,[]
2026-06-02,11:30:20.313322,[]
2026-06-02,11:30:20.346689,[]
2026-06-02,11:30:20.380056,[]
2026-06-02,11:30:20.413423,[]
2026-06-02,11:30:20.446790,[]
2026-06-02,11:30:20.480157,[]
2026-06-02,11:30:20.513524,[]
2026-06-02,11:30:20.546891,[]
2026-06-02,11:30:20.580258,[]
2026-06-02,11:30:20.613625,[]
2026-06-02,11:30:20.646992,[]
2026-06-02,11:30:20.680359,[]
2026-06-02,11:30:20.713726,[]
2026-06-02,11:30:20.747093,[]
2026-06-02,11:30:20.780460,[]
2026-06-02,11:30:20.813827,[]
2026-06-02,11:30:20.847194,[]
2026-06-02,11:30:20.880561,[]
2026-06-02,11:30:20.913928,[]
2026-06-02,11:30:20.947295,[]
2026-06-02,11:30:20.980662,[]
2026-06-02,11:30:21.014029,[]
2026-06-02,11:30:21.047396,[]
2026-06-02,11:30:21.080763,[]
2026-06-02,11:30:21.114130,[]
2026-06-02,11:30:21.147497,[]
2026-06-02,11:30:21.180864,[]
2026-06-02,11:30:21.214231,[]
2026-06-02,11:30:21.247598,[]
2026-06-02,11:30:21.280965,[]
2026-06-02,11:30:21.314332,[]
2026-06-02,11:30:21.347699,[]
2026-06-02,11:30:21.381066,[]
2026-06-02,11:30:21.414433,[]
2026-06-02,11:30:21.447800,[]
2026-06-02,11:30:21.481167,[]
2026-06-02,11:30:21.514534,[]
2026-06-02,11:30:21.547901,[]
2026-06-02,11:30:21.581268,[]
2026-06-02,11:30:21.614635,[]
2026-06-02,11:30:21.648002,[]
2026-06-02,11:30:21.681369,[]
2026-06-02,11:30:21.714736,[]
2026-06-02,11:30:21.748103,[]
2026-06-02,11:30:21.781470,[]
2026-06-02,11:30:21.814837,[]
2026-06-02,11:30:21.848204,[]
2026-06-02,11:30:21.881571,[]
2026-06-02,11:30:21.914938,[]
2026-06-02,11:30:21.948305,[]
2026-06-02,11:30:21.981672,[]
2026-06-02,11:30:22.015039,[]
2026-06-02,11:30:22.048406,[]
2026-06-02,11:30:22.081773,[]
2026-06-02,11:30:22.115140,[]
2026-06-02,11:30:22.148507,[]
2026-06-02,11:30:22.181874,[]
2026-06-02,11:30:22.215241,[]
2026-06-02,11:30:22.248608,[]
2026-06-02,11:30:22.281975,[]
2026-06-02,11:30:22.315342,[]
2026-06-02,11:30:22.348709,[]
2026-06-02,11:30:22.382076,[]
2026-06-02,11:30:22.415443,[]
2026-06-02,11:30:22.448810,[]
2026-06-02,11:30:22.482177,[]
2026-06-02,11:30:22.515544,[]
2026-06-02,11:30:22.548911,[]
2026-06-02,11:30:22.582278,[]
2026-06-02,11:30:22.615645,[]
2026-06-02,11:30:22.649012,[]
2026-06-02,11:30:22.682379,[]
2026-06-02,11:30:22.715746,[]
2026-06-02,11:30:22.749113,[]
2026-06-02,11:30:22.782480,[]
2026-06-02,11:30:22.815847,[]
2026-06-02,11:30:22.849214,[]
2026-06-02,11:30:22.882581,[]
2026-06-02,11:30:22.915948,[]
2026-06-02,11:30:22.949315,[]
2026-06-02,11:30:22.982682,[]
2026-06-02,11:30:23.016049,[]
2026-06-02,11:30:23.049416,[]
2026-06-02,11:30:23.082783,[]
2026-06-02,11:30:23.116150,[]
2026-06-02,11:30:23.149517,[]
2026-06-02,11:30:23.182884,[]
2026-06-02,11:30:23.216251,[]
2026-06-02,11:30:23.249618,[]
2026-06-02,11:30:23.282985,[]
2026-06-02,11:30:23.316352,[]
2026-06-02,11:30:23.349719,[]
2026-06-02,11:30:23.383086,[]
2026-06-02,11:30:23.416453,[]
2026-06-02,11:30:23.449820,[]
2026-06-02,11:30:23.483187,[]
2026-06-02,11:30:23.516554,[]
2026-06-02,11:30:23.549921,[]
2026-06-02,11:30:23.583288,[]
2026-06-02,11:30:23.616655,[]
2026-06-02,11:30:23.650022,[]
2026-06-02,11:30:23.683389,[]
2026-06-02,11:30:23.716756,[]
2026-06-02,11:30:23.750123,[]
2026-06-02,11:30:23.783490,[]
2026-06-02,11:30:23.816857,[]
2026-06-02,11:30:23.850224,[]
2026-06-02,11:30:23.883591,[]
2026-06-02,11:30:23.916958,[]
2026-06-02,11:30:23.950325,[]
2026-06-02,11:30:23.983692,[]
2026-06-02,11:30:24.017059,[]
2026-06-02,11:30:24.050426,[]
2026-06-02,11:30:24.083793,[]
2026-06-02,11:30:24.117160,[]
2026-06-02,11:30:24.150527,[]
2026-06-02,11:30:24.183894,[]
2026-06-02,11:30:24.217261,[]
2026-06-02,11:30:24.250628,[]
2026-06-02,11:30:24.283995,[]
2026-06-02,11:30:24.317362,[]
2026-06-02,11:30:24.350729,[]
2026-06-02,11:30:24.384096,[]
2026-06-02,11:30:24.417463,[]
2026-06-02,11:30:24.450830,[]
2026-06-02,11:30:24.484197,[]
2026-06-02,11:30:24.517564,[]
2026-06-02,11:30:24.550931,[]
2026-06-02,11:30:24.584298,[]
2026-06-02,11:30:24.617665,[]
2026-06-02,11:30:24.651032,[]
2026-06-02,11:30:24.684399,[]
2026-06-02,11:30:24.717766,[]
2026-06-02,11:30:24.751133,[]
2026-06-02,11:30:24.784500,[]
2026-06-02,11:30:24.817867,[]
2026-06-02,11:30:24.851234,[]
2026-06-02,11:30:24.884601,[]
2026-06-02,11:30:24.917968,[]
2026-06-02,11:30:24.951335,[]
2026-06-02,11:30:24.984702,[]
2026-06-02,11:30:25.018069,[]
2026-06-02,11:30:25.051436,[]
2026-06-02,11:30:25.084803,[]
2026-06-02,11:30:25.118170,[]
2026-06-02,11:30:25.151537,[]
2026-06-02,11:30:25.184904,[]
2026-06-02,11:30:25.218271,[]
2026-06-02,11:30:25.251638,[]
2026-06-02,11:30:25.285005,[]
2026-06-02,11:30:25.318372,[]
2026-06-02,11:30:25.351739,[]
2026-06-02,11:30:25.385106,[]
2026-06-02,11:30:25.418473,[]
2026-06-02,11:30:25.451840,[]
2026-06-02,11:30:25.485207,['DZ26005']
2026-06-02,11:30:25.518574,['DZ26005']
2026-06-02,11:30:25.551941,['DZ26005']
2026-06-02,11:30:25.585308,['DZ26005']
2026-06-02,11:30:25.618675,['DZ26005']
2026-06-02,11:30:25.652042,['DZ26005']
2026-06-02,11:30:25.685409,['DZ26005']
2026-06-02,11:30:25.718776,[]
2026-06-02,11:30:25.752143,[]
2026-06-02,11:30:25.785510,[]
2026-06-02,11:30:25.818877,[]
2026-06-02,11:30:25.852244,[]
2026-06-02,11:30:25.885611,[]
2026-06-02,11:30:25.918978,[]
2026-06-02,11:30:25.952345,[]
2026-06-02,11:30:25.985712,[]
2026-06-02,11:30:26.019079,[]
2026-06-02,11:30:26.052446,[]
2026-06-02,11:30:26.085813,[]
2026-06-02,11:30:26.119180,[]
2026-06-02,11:30:26.152547,[]
2026-06-02,11:30:26.185914,[]
2026-06-02,11:30:26.219281,[]
2026-06-02,11:30:26.252648,[]
2026-06-02,11:30:26.286015,[]
2026-06-02,11:30:26.319382,[]
2026-06-02,11:30:26.352749,[]
2026-06-02,11:30:26.386116,[]
2026-06-02,11:30:26.419483,[]
2026-06-02,11:30:26.452850,[]
2026-06-02,11:30:26.486217,[]
2026-06-02,11:30:26.519584,[]
2026-06-02,11:30:26.552951,[]
2026-06-02,11:30:26.586318,[]
2026-06-02,11:30:26.619685,[]
2026-06-02,11:30:26.653052,[]
2026-06-02,11:30:26.686419,[]
2026-06-02,11:30:26.719786,[]
2026-06-02,11:30:26.753153,[]
2026-06-02,11:30:26.786520,[]
2026-06-02,11:30:26.819887,[]
2026-06-02,11:30:26.853254,[]
2026-06-02,11:30:26.886621,[]
2026-06-02,11:30:26.919988,[]
2026-06-02,11:30:26.953355,[]
2026-06-02,11:30:26.986722,[]
2026-06-02,11:30:27.020089,[]
2026-06-02,11:30:27.053456,[]
2026-06-02,11:30:27.086823,[]
2026-06-02,11:30:27.120190,[]
2026-06-02,11:30:27.153557,[]
2026-06-02,11:30:27.186924,[]
2026-06-02,11:30:27.220291,[]
2026-06-02,11:30:27.253658,[]
2026-06-02,11:30:27.287025,[]
2026-06-02,11:30:27.320392,[]
2026-06-02,11:30:27.353759,[]
2026-06-02,11:30:27.387126,[]
2026-06-02,11:30:27.420493,[]
2026-06-02,11:30:27.453860,[]
2026-06-02,11:30:27.487227,[]
2026-06-02,11:30:27.520594,[]
2026-06-02,11:30:27.553961,[]
2026-06-02,11:30:27.587328,[]
2026-06-02,11:30:27.620695,[]
2026-06-02,11:30:27.654062,[]
2026-06-02,11:30:27.687429,[]
2026-06-02,11:30:27.720796,[]
2026-06-02,11:30:27.754163,[]
2026-06-02,11:30:27.787530,[]
2026-06-02,11:30:27.820897,[]
2026-06-02,11:30:27.854264,[]
2026-06-02,11:30:27.887631,[]
2026-06-02,11:30:27.920998,[]
2026-06-02,11:30:27.954365,[]
2026-06-02,11:30:27.987732,[]
2026-06-02,11:30:28.021099,[]
2026-06-02,11:30:28.054466,[]
2026-06-02,11:30:28.087833,[]
2026-06-02,11:30:28.121200,[]
2026-06-02,11:30:28.154567,[]
2026-06-02,11:30:28.187934,[]
2026-06-02,11:30:28.221301,[]
2026-06-02,11:30:28.254668,[]
2026-06-02,11:30:28.288035,[]
2026-06-02,11:30:28.321402,[]
2026-06-02,11:30:28.354769,[]
2026-06-02,11:30:28.388136,[]
2026-06-02,11:30:28.421503,[]
2026-06-02,11:30:28.454870,[]
2026-06-02,11:30:28.488237,[]
2026-06-02,11:30:28.521604,[]
2026-06-02,11:30:28.554971,[]
2026-06-02,11:30:28.588338,[]
2026-06-02,11:30:28.621705,[]
2026-06-02,11:30:28.655072,[]
2026-06-02,11:30:28.688439,[]
2026-06-02,11:30:28.721806,[]
2026-06-02,11:30:28.755173,[]
2026-06-02,11:30:28.788540,[]
2026-06-02,11:30:28.821907,[]
2026-06-02,11:30:28.855274,[]
2026-06-02,11:30:28.888641,[]
2026-06-02,11:30:28.922008,[]
2026-06-02,11:30:28.955375,[]
2026-06-02,11:30:28.988742,[]
2026-06-02,11:30:29.022109,[]
2026-06-02,11:30:29.055476,[]
2026-06-02,11:30:29.088843,[]
2026-06-02,11:30:29.122210,[]
2026-06-02,11:30:29.155577,[]
2026-06-02,11:30:29.188944,[]
2026-06-02,11:30:29.222311,[]
2026-06-02,11:30:29.255678,[]
2026-06-02,11:30:29.289045,[]
2026-06-02,11:30:29.322412,[]
2026-06-02,11:30:29.355779,[]
2026-06-02,11:30:29.389146,[]
2026-06-02,11:30:29.422513,[]
2026-06-02,11:30:29.455880,[]
2026-06-02,11:30:29.489247,[]
2026-06-02,11:30:29.522614,[]
2026-06-02,11:30:29.555981,[]
2026-06-02,11:30:29.589348,[]
2026-06-02,11:30:29.622715,[]
2026-06-02,11:30:29.656082,[]
2026-06-02,11:30:29.689449,[]
2026-06-02,11:30:29.722816,[]
2026-06-02,11:30:29.756183,[]
2026-06-02,11:30:29.789550,[]
2026-06-02,11:30:29.822917,[]
2026-06-02,11:30:29.856284,[]
2026-06-02,11:30:29.889651,[]
2026-06-02,11:30:29.923018,[]
2026-06-02,11:30:29.956385,[]
2026-06-02,11:30:29.989752,[]
2026-06-02,11:30:30.023119,[]
2026-06-02,11:30:30.056486,[]
2026-06-02,11:30:30.089853,[]
2026-06-02,11:30:30.123220,[]
2026-06-02,11:30:30.156587,[]
2026-06-02,11:30:30.189954,[]
2026-06-02,11:30:30.223321,[]
2026-06-02,11:30:30.256688,[]
2026-06-02,11:30:30.290055,[]
2026-06-02,11:30:30.323422,[]
2026-06-02,11:30:30.356789,[]
2026-06-02,11:30:30.390156,[]
2026-06-02,11:30:30.423523,[]
2026-06-02,11:30:30.456890,[]
2026-06-02,11:30:30.490257,[]
2026-06-02,11:30:30.523624,[]
2026-06-02,11:30:30.556991,[]
2026-06-02,11:30:30.590358,[]
2026-06-02,11:30:30.623725,[]
2026-06-02,11:30:30.657092,[]
2026-06-02,11:30:30.690459,[]
2026-06-02,11:30:30.723826,[]
2026-06-02,11:30:30.757193,[]
2026-06-02,11:30:30.790560,[]
2026-06-02,11:30:30.823927,[]
2026-06-02,11:30:30.857294,[]
2026-06-02,11:30:30.890661,[]
2026-06-02,11:30:30.924028,[]
2026-06-02,11:30:30.957395,[]
2026-06-02,11:30:30.990762,['EP20189']
2026-06-02,11:30:31.024129,[]
2026-06-02,11:30:31.057496,[]
2026-06-02,11:30:31.090863,[]
2026-06-02,11:30:31.124230,[]
2026-06-02,11:30:31.157597,[]
2026-06-02,11:30:31.190964,[]
2026-06-02,11:30:31.224331,[]
2026-06-02,11:30:31.257698,[]
2026-06-02,11:30:31.291065,[]
2026-06-02,11:30:31.324432,[]
2026-06-02,11:30:31.357799,[]
2026-06-02,11:30:31.391166,[]
2026-06-02,11:30:31.424533,[]
2026-06-02,11:30:31.457900,[]
2026-06-02,11:30:31.491267,[]
2026-06-02,11:30:31.524634,[]
2026-06-02,11:30:31.558001,[]
2026-06-02,11:30:31.591368,[]
2026-06-02,11:30:31.624735,[]
2026-06-02,11:30:31.658102,[]
2026-06-02,11:30:31.691469,[]
2026-06-02,11:30:31.724836,[]
2026-06-02,11:30:31.758203,[]
2026-06-02,11:30:31.791570,[]
2026-06-02,11:30:31.824937,[]
2026-06-02,11:30:31.858304,[]
2026-06-02,11:30:31.891671,[]
2026-06-02,11:30:31.925038,[]
2026-06-02,11:30:31.958405,[]
2026-06-02,11:30:31.991772,[]
2026-06-02,11:30:32.025139,[]
2026-06-02,11:30:32.058506,[]
2026-06-02,11:30:32.091873,[]
2026-06-02,11:30:32.125240,[]
2026-06-02,11:30:32.158607,[]
2026-06-02,11:30:32.191974,[]
2026-06-02,11:30:32.225341,[]
2026-06-02,11:30:32.258708,[]
2026-06-02,11:30:32.292075,[]
2026-06-02,11:30:32.325442,[]
2026-06-02,11:30:32.358809,[]
2026-06-02,11:30:32.392176,[]
2026-06-02,11:30:32.425543,[]
2026-06-02,11:30:32.458910,[]
2026-06-02,11:30:32.492277,[]
2026-06-02,11:30:32.525644,[]
2026-06-02,11:30:32.559011,[]
2026-06-02,11:30:32.592378,[]
2026-06-02,11:30:32.625745,[]
2026-06-02,11:30:32.659112,[]
2026-06-02,11:30:32.692479,[]
2026-06-02,11:30:32.725846,[]
2026-06-02,11:30:32.759213,[]
2026-06-02,11:30:32.792580,[]
2026-06-02,11:30:32.825947,[]
2026-06-02,11:30:32.859314,[]
2026-06-02,11:30:32.892681,[]
2026-06-02,11:30:32.926048,[]
2026-06-02,11:30:32.959415,[]
2026-06-02,11:30:32.992782,[]
2026-06-02,11:30:33.026149,[]
2026-06-02,11:30:33.059516,[]
2026-06-02,11:30:33.092883,[]
2026-06-02,11:30:33.126250,[]
2026-06-02,11:30:33.159617,[]
2026-06-02,11:30:33.192984,[]
2026-06-02,11:30:33.226351,[]
2026-06-02,11:30:33.259718,[]
2026-06-02,11:30:33.293085,[]
2026-06-02,11:30:33.326452,[]
2026-06-02,11:30:33.359819,[]
2026-06-02,11:30:33.393186,[]
2026-06-02,11:30:33.426553,[]
2026-06-02,11:30:33.459920,[]
2026-06-02,11:30:33.493287,[]
2026-06-02,11:30:33.526654,[]
2026-06-02,11:30:33.560021,[]
2026-06-02,11:30:33.593388,[]
2026-06-02,11:30:33.626755,[]
2026-06-02,11:30:33.660122,[]
2026-06-02,11:30:33.693489,[]
2026-06-02,11:30:33.726856,[]
2026-06-02,11:30:33.760223,[]
2026-06-02,11:30:33.793590,[]
2026-06-02,11:30:33.826957,[]
2026-06-02,11:30:33.860324,[]
2026-06-02,11:30:33.893691,[]
2026-06-02,11:30:33.927058,[]
2026-06-02,11:30:33.960425,[]
2026-06-02,11:30:33.993792,[]
2026-06-02,11:30:34.027159,[]
2026-06-02,11:30:34.060526,[]
2026-06-02,11:30:34.093893,[]
2026-06-02,11:30:34.127260,[]
2026-06-02,11:30:34.160627,[]
2026-06-02,11:30:34.193994,[]
2026-06-02,11:30:34.227361,[]
2026-06-02,11:30:34.260728,[]
2026-06-02,11:30:34.294095,[]
2026-06-02,11:30:34.327462,[]
2026-06-02,11:30:34.360829,[]
2026-06-02,11:30:34.394196,[]
2026-06-02,11:30:34.427563,[]
2026-06-02,11:30:34.460930,[]
2026-06-02,11:30:34.494297,[]
2026-06-02,11:30:34.527664,[]
2026-06-02,11:30:34.561031,[]
2026-06-02,11:30:34.594398,[]
2026-06-02,11:30:34.627765,[]
2026-06-02,11:30:34.661132,[]
2026-06-02,11:30:34.694499,[]
2026-06-02,11:30:34.727866,[]
2026-06-02,11:30:34.761233,[]
2026-06-02,11:30:34.794600,[]
2026-06-02,11:30:34.827967,[]
2026-06-02,11:30:34.861334,[]
2026-06-02,11:30:34.894701,[]
2026-06-02,11:30:34.928068,[]
2026-06-02,11:30:34.961435,[]
2026-06-02,11:30:34.994802,[]
2026-06-02,11:30:35.028169,[]
2026-06-02,11:30:35.061536,[]
2026-06-02,11:30:35.094903,[]
2026-06-02,11:30:35.128270,[]
2026-06-02,11:30:35.161637,[]
2026-06-02,11:30:35.195004,[]
2026-06-02,11:30:35.228371,[]
2026-06-02,11:30:35.261738,[]
2026-06-02,11:30:35.295105,[]
2026-06-02,11:30:35.328472,[]
2026-06-02,11:30:35.361839,[]
2026-06-02,11:30:35.395206,[]
2026-06-02,11:30:35.428573,[]
2026-06-02,11:30:35.461940,[]
2026-06-02,11:30:35.495307,[]
2026-06-02,11:30:35.528674,[]
2026-06-02,11:30:35.562041,[]
2026-06-02,11:30:35.595408,[]
2026-06-02,11:30:35.628775,[]
2026-06-02,11:30:35.662142,[]
2026-06-02,11:30:35.695509,[]
2026-06-02,11:30:35.728876,['EH16288']
2026-06-02,11:30:35.762243,['EH16288']
2026-06-02,11:30:35.795610,['EH16288']
2026-06-02,11:30:35.828977,['EH16288']
2026-06-02,11:30:35.862344,[]
2026-06-02,11:30:35.895711,[]
2026-06-02,11:30:35.929078,[]
2026-06-02,11:30:35.962445,[]
2026-06-02,11:30:35.995812,[]
2026-06-02,11:30:36.029179,[]
2026-06-02,11:30:36.062546,[]
2026-06-02,11:30:36.095913,[]
2026-06-02,11:30:36.129280,[]
2026-06-02,11:30:36.162647,[]
2026-06-02,11:30:36.196014,[]
2026-06-02,11:30:36.229381,[]
2026-06-02,11:30:36.262748,[]
2026-06-02,11:30:36.296115,[]
2026-06-02,11:30:36.329482,[]
2026-06-02,11:30:36.362849,[]
2026-06-02,11:30:36.396216,[]
2026-06-02,11:30:36.429583,[]
2026-06-02,11:30:36.462950,[]
2026-06-02,11:30:36.496317,[]
2026-06-02,11:30:36.529684,[]
2026-06-02,11:30:36.563051,[]
2026-06-02,11:30:36.596418,[]
2026-06-02,11:30:36.629785,[]
2026-06-02,11:30:36.663152,[]
2026-06-02,11:30:36.696519,[]
2026-06-02,11:30:36.729886,[]
2026-06-02,11:30:36.763253,[]
2026-06-02,11:30:36.796620,[]
2026-06-02,11:30:36.829987,[]
2026-06-02,11:30:36.863354,[]
2026-06-02,11:30:36.896721,[]
2026-06-02,11:30:36.930088,[]
2026-06-02,11:30:36.963455,[]
2026-06-02,11:30:36.996822,[]
2026-06-02,11:30:37.030189,[]
2026-06-02,11:30:37.063556,[]
2026-06-02,11:30:37.096923,[]
2026-06-02,11:30:37.130290,[]
2026-06-02,11:30:37.163657,[]
2026-06-02,11:30:37.197024,[]
2026-06-02,11:30:37.230391,[]
2026-06-02,11:30:37.263758,[]
2026-06-02,11:30:37.297125,[]
2026-06-02,11:30:37.330492,[]
2026-06-02,11:30:37.363859,[]
2026-06-02,11:30:37.397226,[]
2026-06-02,11:30:37.430593,[]
2026-06-02,11:30:37.463960,[]
2026-06-02,11:30:37.497327,[]
2026-06-02,11:30:37.530694,[]
2026-06-02,11:30:37.564061,[]
2026-06-02,11:30:37.597428,[]
2026-06-02,11:30:37.630795,[]
2026-06-02,11:30:37.664162,[]
2026-06-02,11:30:37.697529,[]
2026-06-02,11:30:37.730896,[]
2026-06-02,11:30:37.764263,[]
2026-06-02,11:30:37.797630,[]
2026-06-02,11:30:37.830997,[]
2026-06-02,11:30:37.864364,[]
2026-06-02,11:30:37.897731,[]
2026-06-02,11:30:37.931098,[]
2026-06-02,11:30:37.964465,[]
2026-06-02,11:30:37.997832,[]
2026-06-02,11:30:38.031199,[]
2026-06-02,11:30:38.064566,[]
2026-06-02,11:30:38.097933,[]
2026-06-02,11:30:38.131300,['CS23961']
2026-06-02,11:30:38.164667,['CS23961']
2026-06-02,11:30:38.198034,['CS23961']
2026-06-02,11:30:38.231401,[]
2026-06-02,11:30:38.264768,['CS23961']
2026-06-02,11:30:38.298135,['CS23961']
2026-06-02,11:30:38.331502,[]
2026-06-02,11:30:38.364869,[]
2026-06-02,11:30:38.398236,[]
2026-06-02,11:30:38.431603,[]
2026-06-02,11:30:38.464970,[]
2026-06-02,11:30:38.498337,[]
2026-06-02,11:30:38.531704,[]
2026-06-02,11:30:38.565071,[]
2026-06-02,11:30:38.598438,[]
2026-06-02,11:30:38.631805,[]
2026-06-02,11:30:38.665172,[]
2026-06-02,11:30:38.698539,[]
2026-06-02,11:30:38.731906,[]
2026-06-02,11:30:38.765273,[]
2026-06-02,11:30:38.798640,[]
2026-06-02,11:30:38.832007,[]
2026-06-02,11:30:38.865374,[]
2026-06-02,11:30:38.898741,[]
2026-06-02,11:30:38.932108,[]
2026-06-02,11:30:38.965475,[]
2026-06-02,11:30:38.998842,[]
2026-06-02,11:30:39.032209,[]
2026-06-02,11:30:39.065576,[]
2026-06-02,11:30:39.098943,[]
2026-06-02,11:30:39.132310,[]
2026-06-02,11:30:39.165677,[]
2026-06-02,11:30:39.199044,[]
2026-06-02,11:30:39.232411,[]
2026-06-02,11:30:39.265778,[]
2026-06-02,11:30:39.299145,[]
2026-06-02,11:30:39.332512,[]
2026-06-02,11:30:39.365879,[]
2026-06-02,11:30:39.399246,[]
2026-06-02,11:30:39.432613,[]
2026-06-02,11:30:39.465980,[]
2026-06-02,11:30:39.499347,[]
2026-06-02,11:30:39.532714,[]
2026-06-02,11:30:39.566081,[]
2026-06-02,11:30:39.599448,[]
2026-06-02,11:30:39.632815,[]
2026-06-02,11:30:39.666182,[]
2026-06-02,11:30:39.699549,[]
2026-06-02,11:30:39.732916,[]
2026-06-02,11:30:39.766283,[]
2026-06-02,11:30:39.799650,[]
2026-06-02,11:30:39.833017,[]
2026-06-02,11:30:39.866384,[]
2026-06-02,11:30:39.899751,[]
2026-06-02,11:30:39.933118,[]
2026-06-02,11:30:39.966485,[]
2026-06-02,11:30:39.999852,[]
2026-06-02,11:30:40.033219,[]
2026-06-02,11:30:40.066586,[]
2026-06-02,11:30:40.099953,[]
2026-06-02,11:30:40.133320,[]
2026-06-02,11:30:40.166687,[]
2026-06-02,11:30:40.200054,[]
2026-06-02,11:30:40.233421,[]
2026-06-02,11:30:40.266788,[]
2026-06-02,11:30:40.300155,[]
2026-06-02,11:30:40.333522,[]
2026-06-02,11:30:40.366889,[]
2026-06-02,11:30:40.400256,[]
2026-06-02,11:30:40.433623,[]
2026-06-02,11:30:40.466990,[]
2026-06-02,11:30:40.500357,[]
2026-06-02,11:30:40.533724,[]
2026-06-02,11:30:40.567091,[]
2026-06-02,11:30:40.600458,[]
2026-06-02,11:30:40.633825,[]
2026-06-02,11:30:40.667192,[]
2026-06-02,11:30:40.700559,[]
2026-06-02,11:30:40.733926,[]
2026-06-02,11:30:40.767293,[]
2026-06-02,11:30:40.800660,[]
2026-06-02,11:30:40.834027,[]
2026-06-02,11:30:40.867394,[]
2026-06-02,11:30:40.900761,[]
2026-06-02,11:30:40.934128,[]
2026-06-02,11:30:40.967495,[]
2026-06-02,11:30:41.000862,[]
2026-06-02,11:30:41.034229,[]
2026-06-02,11:30:41.067596,[]
2026-06-02,11:30:41.100963,[]
2026-06-02,11:30:41.134330,[]
2026-06-02,11:30:41.167697,[]
2026-06-02,11:30:41.201064,[]
2026-06-02,11:30:41.234431,[]
2026-06-02,11:30:41.267798,[]
2026-06-02,11:30:41.301165,[]
2026-06-02,11:30:41.334532,[]
2026-06-02,11:30:41.367899,[]
2026-06-02,11:30:41.401266,[]
2026-06-02,11:30:41.434633,[]
2026-06-02,11:30:41.468000,[]
2026-06-02,11:30:41.501367,[]
2026-06-02,11:30:41.534734,[]
2026-06-02,11:30:41.568101,[]
2026-06-02,11:30:41.601468,[]
2026-06-02,11:30:41.634835,[]
2026-06-02,11:30:41.668202,[]
2026-06-02,11:30:41.701569,[]
2026-06-02,11:30:41.734936,[]
2026-06-02,11:30:41.768303,[]
2026-06-02,11:30:41.801670,[]
2026-06-02,11:30:41.835037,[]
2026-06-02,11:30:41.868404,[]
2026-06-02,11:30:41.901771,[]
2026-06-02,11:30:41.935138,[]
2026-06-02,11:30:41.968505,[]
2026-06-02,11:30:42.001872,[]
2026-06-02,11:30:42.035239,[]
2026-06-02,11:30:42.068606,[]
2026-06-02,11:30:42.101973,[]
2026-06-02,11:30:42.135340,[]
2026-06-02,11:30:42.168707,[]
2026-06-02,11:30:42.202074,[]
2026-06-02,11:30:42.235441,[]
2026-06-02,11:30:42.268808,[]
2026-06-02,11:30:42.302175,[]
2026-06-02,11:30:42.335542,[]
2026-06-02,11:30:42.368909,[]
2026-06-02,11:30:42.402276,[]
2026-06-02,11:30:42.435643,[]
2026-06-02,11:30:42.469010,[]
2026-06-02,11:30:42.502377,[]
2026-06-02,11:30:42.535744,[]
2026-06-02,11:30:42.569111,[]
2026-06-02,11:30:42.602478,[]
2026-06-02,11:30:42.635845,[]
2026-06-02,11:30:42.669212,[]
2026-06-02,11:30:42.702579,[]
2026-06-02,11:30:42.735946,[]
2026-06-02,11:30:42.769313,[]
2026-06-02,11:30:42.802680,[]
2026-06-02,11:30:42.836047,[]
2026-06-02,11:30:42.869414,[]
2026-06-02,11:30:42.902781,[]
2026-06-02,11:30:42.936148,[]
2026-06-02,11:30:42.969515,[]
2026-06-02,11:30:43.002882,[]
2026-06-02,11:30:43.036249,[]
2026-06-02,11:30:43.069616,[]
2026-06-02,11:30:43.102983,['EE31803']
2026-06-02,11:30:43.136350,['EE31803']
2026-06-02,11:30:43.169717,['EE31803']
2026-06-02,11:30:43.203084,['EE31803']
2026-06-02,11:30:43.236451,['EE31803']
2026-06-02,11:30:43.269818,['EE31803']
2026-06-02,11:30:43.303185,[]
2026-06-02,11:30:43.336552,[]
2026-06-02,11:30:43.369919,[]
2026-06-02,11:30:43.403286,[]
2026-06-02,11:30:43.436653,[]
2026-06-02,11:30:43.470020,[]
2026-06-02,11:30:43.503387,[]
2026-06-02,11:30:43.536754,[]
2026-06-02,11:30:43.570121,[]
2026-06-02,11:30:43.603488,[]
2026-06-02,11:30:43.636855,[]
2026-06-02,11:30:43.670222,[]
2026-06-02,11:30:43.703589,[]
2026-06-02,11:30:43.736956,[]
2026-06-02,11:30:43.770323,[]
2026-06-02,11:30:43.803690,[]
2026-06-02,11:30:43.837057,[]
2026-06-02,11:30:43.870424,[]
2026-06-02,11:30:43.903791,[]
2026-06-02,11:30:43.937158,[]
2026-06-02,11:30:43.970525,[]
2026-06-02,11:30:44.003892,[]
2026-06-02,11:30:44.037259,[]
2026-06-02,11:30:44.070626,[]
2026-06-02,11:30:44.103993,[]
2026-06-02,11:30:44.137360,[]
2026-06-02,11:30:44.170727,[]
2026-06-02,11:30:44.204094,[]
2026-06-02,11:30:44.237461,[]
2026-06-02,11:30:44.270828,[]
2026-06-02,11:30:44.304195,[]
2026-06-02,11:30:44.337562,[]
2026-06-02,11:30:44.370929,[]
2026-06-02,11:30:44.404296,[]
2026-06-02,11:30:44.437663,[]
2026-06-02,11:30:44.471030,[]
2026-06-02,11:30:44.504397,[]
2026-06-02,11:30:44.537764,[]
2026-06-02,11:30:44.571131,[]
2026-06-02,11:30:44.604498,[]
2026-06-02,11:30:44.637865,[]
2026-06-02,11:30:44.671232,[]
2026-06-02,11:30:44.704599,[]
2026-06-02,11:30:44.737966,[]
2026-06-02,11:30:44.771333,[]
2026-06-02,11:30:44.804700,[]
2026-06-02,11:30:44.838067,[]
2026-06-02,11:30:44.871434,[]
2026-06-02,11:30:44.904801,[]
2026-06-02,11:30:44.938168,[]
2026-06-02,11:30:44.971535,[]
2026-06-02,11:30:45.004902,[]
2026-06-02,11:30:45.038269,[]
2026-06-02,11:30:45.071636,[]
2026-06-02,11:30:45.105003,[]
2026-06-02,11:30:45.138370,[]
2026-06-02,11:30:45.171737,[]
2026-06-02,11:30:45.205104,[]
2026-06-02,11:30:45.238471,[]
2026-06-02,11:30:45.271838,[]
2026-06-02,11:30:45.305205,[]
2026-06-02,11:30:45.338572,[]
2026-06-02,11:30:45.371939,[]
2026-06-02,11:30:45.405306,[]
2026-06-02,11:30:45.438673,[]
2026-06-02,11:30:45.472040,[]
2026-06-02,11:30:45.505407,[]
2026-06-02,11:30:45.538774,[]
2026-06-02,11:30:45.572141,[]
2026-06-02,11:30:45.605508,[]
2026-06-02,11:30:45.638875,[]
2026-06-02,11:30:45.672242,[]
2026-06-02,11:30:45.705609,[]
2026-06-02,11:30:45.738976,[]
2026-06-02,11:30:45.772343,[]
2026-06-02,11:30:45.805710,[]
2026-06-02,11:30:45.839077,[]
2026-06-02,11:30:45.872444,[]
2026-06-02,11:30:45.905811,[]
2026-06-02,11:30:45.939178,[]
2026-06-02,11:30:45.972545,[]
2026-06-02,11:30:46.005912,['DE26679']
2026-06-02,11:30:46.039279,['DE26679']
2026-06-02,11:30:46.072646,['DE26679']
2026-06-02,11:30:46.106013,['DE26679']
2026-06-02,11:30:46.139380,['DE26679']
2026-06-02,11:30:46.172747,[]
2026-06-02,11:30:46.206114,[]
2026-06-02,11:30:46.239481,[]
2026-06-02,11:30:46.272848,[]
2026-06-02,11:30:46.306215,[]
2026-06-02,11:30:46.339582,[]
2026-06-02,11:30:46.372949,[]
2026-06-02,11:30:46.406316,[]
2026-06-02,11:30:46.439683,[]
2026-06-02,11:30:46.473050,[]
2026-06-02,11:30:46.506417,[]
2026-06-02,11:30:46.539784,[]
2026-06-02,11:30:46.573151,[]
2026-06-02,11:30:46.606518,[]
2026-06-02,11:30:46.639885,[]
2026-06-02,11:30:46.673252,[]
2026-06-02,11:30:46.706619,[]
2026-06-02,11:30:46.739986,[]
2026-06-02,11:30:46.773353,[]
2026-06-02,11:30:46.806720,[]
2026-06-02,11:30:46.840087,[]
2026-06-02,11:30:46.873454,[]
2026-06-02,11:30:46.906821,[]
2026-06-02,11:30:46.940188,[]
2026-06-02,11:30:46.973555,[]
2026-06-02,11:30:47.006922,[]
2026-06-02,11:30:47.040289,[]
2026-06-02,11:30:47.073656,[]
2026-06-02,11:30:47.107023,[]
2026-06-02,11:30:47.140390,[]
2026-06-02,11:30:47.173757,[]
2026-06-02,11:30:47.207124,[]
2026-06-02,11:30:47.240491,[]
2026-06-02,11:30:47.273858,[]
2026-06-02,11:30:47.307225,[]
2026-06-02,11:30:47.340592,[]
2026-06-02,11:30:47.373959,[]
2026-06-02,11:30:47.407326,[]
2026-06-02,11:30:47.440693,[]
2026-06-02,11:30:47.474060,[]
2026-06-02,11:30:47.507427,[]
2026-06-02,11:30:47.540794,[]
2026-06-02,11:30:47.574161,[]
2026-06-02,11:30:47.607528,[]
2026-06-02,11:30:47.640895,[]
2026-06-02,11:30:47.674262,[]
2026-06-02,11:30:47.707629,[]
2026-06-02,11:30:47.740996,[]
2026-06-02,11:30:47.774363,[]
2026-06-02,11:30:47.807730,[]
2026-06-02,11:30:47.841097,[]
2026-06-02,11:30:47.874464,[]
2026-06-02,11:30:47.907831,[]
2026-06-02,11:30:47.941198,[]
2026-06-02,11:30:47.974565,[]
2026-06-02,11:30:48.007932,[]
2026-06-02,11:30:48.041299,[]
2026-06-02,11:30:48.074666,[]
2026-06-02,11:30:48.108033,[]
2026-06-02,11:30:48.141400,[]
2026-06-02,11:30:48.174767,[]
2026-06-02,11:30:48.208134,[]
2026-06-02,11:30:48.241501,[]
2026-06-02,11:30:48.274868,[]
2026-06-02,11:30:48.308235,[]
2026-06-02,11:30:48.341602,[]
2026-06-02,11:30:48.374969,[]
2026-06-02,11:30:48.408336,[]
2026-06-02,11:30:48.441703,[]
2026-06-02,11:30:48.475070,[]
2026-06-02,11:30:48.508437,[]
2026-06-02,11:30:48.541804,[]
2026-06-02,11:30:48.575171,[]
2026-06-02,11:30:48.608538,[]
2026-06-02,11:30:48.641905,[]
2026-06-02,11:30:48.675272,[]
2026-06-02,11:30:48.708639,[]
2026-06-02,11:30:48.742006,[]
2026-06-02,11:30:48.775373,[]
2026-06-02,11:30:48.808740,[]
2026-06-02,11:30:48.842107,[]
2026-06-02,11:30:48.875474,[]
2026-06-02,11:30:48.908841,[]
2026-06-02,11:30:48.942208,[]
2026-06-02,11:30:48.975575,[]
2026-06-02,11:30:49.008942,[]
2026-06-02,11:30:49.042309,[]
2026-06-02,11:30:49.075676,[]
2026-06-02,11:30:49.109043,[]
2026-06-02,11:30:49.142410,[]
2026-06-02,11:30:49.175777,[]
2026-06-02,11:30:49.209144,[]
2026-06-02,11:30:49.242511,[]
2026-06-02,11:30:49.275878,[]
2026-06-02,11:30:49.309245,[]
2026-06-02,11:30:49.342612,[]
2026-06-02,11:30:49.375979,[]
2026-06-02,11:30:49.409346,[]
2026-06-02,11:30:49.442713,[]
2026-06-02,11:30:49.476080,[]
2026-06-02,11:30:49.509447,[]
2026-06-02,11:30:49.542814,[]
2026-06-02,11:30:49.576181,[]
2026-06-02,11:30:49.609548,[]
2026-06-02,11:30:49.642915,[]
2026-06-02,11:30:49.676282,[]
2026-06-02,11:30:49.709649,[]
2026-06-02,11:30:49.743016,[]
2026-06-02,11:30:49.776383,[]
2026-06-02,11:30:49.809750,[]
2026-06-02,11:30:49.843117,[]
2026-06-02,11:30:49.876484,[]
2026-06-02,11:30:49.909851,[]
2026-06-02,11:30:49.943218,[]
2026-06-02,11:30:49.976585,[]
2026-06-02,11:30:50.009952,[]
2026-06-02,11:30:50.043319,[]
2026-06-02,11:30:50.076686,[]
2026-06-02,11:30:50.110053,[]
2026-06-02,11:30:50.143420,[]
2026-06-02,11:30:50.176787,[]
2026-06-02,11:30:50.210154,[]
2026-06-02,11:30:50.243521,[]
2026-06-02,11:30:50.276888,[]
2026-06-02,11:30:50.310255,[]
2026-06-02,11:30:50.343622,[]
2026-06-02,11:30:50.376989,[]
2026-06-02,11:30:50.410356,[]
2026-06-02,11:30:50.443723,[]
2026-06-02,11:30:50.477090,[]
2026-06-02,11:30:50.510457,[]
2026-06-02,11:30:50.543824,[]
2026-06-02,11:30:50.577191,[]
2026-06-02,11:30:50.610558,[]
2026-06-02,11:30:50.643925,[]
2026-06-02,11:30:50.677292,[]
2026-06-02,11:30:50.710659,[]
2026-06-02,11:30:50.744026,[]
2026-06-02,11:30:50.777393,[]
2026-06-02,11:30:50.810760,[]
2026-06-02,11:30:50.844127,[]
2026-06-02,11:30:50.877494,[]
2026-06-02,11:30:50.910861,[]
2026-06-02,11:30:50.944228,[]
2026-06-02,11:30:50.977595,[]
2026-06-02,11:30:51.010962,[]
2026-06-02,11:30:51.044329,[]
2026-06-02,11:30:51.077696,[]
2026-06-02,11:30:51.111063,[]
2026-06-02,11:30:51.144430,[]
2026-06-02,11:30:51.177797,[]
2026-06-02,11:30:51.211164,[]
2026-06-02,11:30:51.244531,[]
2026-06-02,11:30:51.277898,[]
2026-06-02,11:30:51.311265,[]
2026-06-02,11:30:51.344632,[]
2026-06-02,11:30:51.377999,[]
2026-06-02,11:30:51.411366,[]
2026-06-02,11:30:51.444733,[]
2026-06-02,11:30:51.478100,[]
2026-06-02,11:30:51.511467,[]
2026-06-02,11:30:51.544834,[]
2026-06-02,11:30:51.578201,[]
2026-06-02,11:30:51.611568,[]
2026-06-02,11:30:51.644935,[]
2026-06-02,11:30:51.678302,[]
2026-06-02,11:30:51.711669,[]
2026-06-02,11:30:51.745036,[]
2026-06-02,11:30:51.778403,[]
2026-06-02,11:30:51.811770,[]
2026-06-02,11:30:51.845137,[]
2026-06-02,11:30:51.878504,[]
2026-06-02,11:30:51.911871,[]
2026-06-02,11:30:51.945238,[]
2026-06-02,11:30:51.978605,[]
2026-06-02,11:30:52.011972,[]
2026-06-02,11:30:52.045339,[]
2026-06-02,11:30:52.078706,[]
2026-06-02,11:30:52.112073,[]
2026-06-02,11:30:52.145440,[]
2026-06-02,11:30:52.178807,[]
2026-06-02,11:30:52.212174,[]
2026-06-02,11:30:52.245541,[]
2026-06-02,11:30:52.278908,[]
2026-06-02,11:30:52.312275,[]
2026-06-02,11:30:52.345642,[]
2026-06-02,11:30:52.379009,[]
2026-06-02,11:30:52.412376,[]
2026-06-02,11:30:52.445743,[]
2026-06-02,11:30:52.479110,['DH78910']
2026-06-02,11:30:52.512477,['DH78910']
2026-06-02,11:30:52.545844,[]
2026-06-02,11:30:52.579211,[]
2026-06-02,11:30:52.612578,[]
2026-06-02,11:30:52.645945,[]
2026-06-02,11:30:52.679312,[]
2026-06-02,11:30:52.712679,[]
2026-06-02,11:30:52.746046,[]
2026-06-02,11:30:52.779413,[]
2026-06-02,11:30:52.812780,[]
2026-06-02,11:30:52.846147,[]
2026-06-02,11:30:52.879514,[]
2026-06-02,11:30:52.912881,[]
2026-06-02,11:30:52.946248,[]
2026-06-02,11:30:52.979615,[]
2026-06-02,11:30:53.012982,[]
2026-06-02,11:30:53.046349,[]
2026-06-02,11:30:53.079716,[]
2026-06-02,11:30:53.113083,[]
2026-06-02,11:30:53.146450,[]
2026-06-02,11:30:53.179817,[]
2026-06-02,11:30:53.213184,[]
2026-06-02,11:30:53.246551,[]
2026-06-02,11:30:53.279918,[]
2026-06-02,11:30:53.313285,[]
2026-06-02,11:30:53.346652,[]
2026-06-02,11:30:53.380019,[]
2026-06-02,11:30:53.413386,[]
2026-06-02,11:30:53.446753,[]
2026-06-02,11:30:53.480120,[]
2026-06-02,11:30:53.513487,[]
2026-06-02,11:30:53.546854,[]
2026-06-02,11:30:53.580221,[]
2026-06-02,11:30:53.613588,[]
2026-06-02,11:30:53.646955,[]
2026-06-02,11:30:53.680322,[]
2026-06-02,11:30:53.713689,[]
2026-06-02,11:30:53.747056,[]
2026-06-02,11:30:53.780423,[]
2026-06-02,11:30:53.813790,[]
2026-06-02,11:30:53.847157,[]
2026-06-02,11:30:53.880524,[]
2026-06-02,11:30:53.913891,[]
2026-06-02,11:30:53.947258,[]
2026-06-02,11:30:53.980625,[]
2026-06-02,11:30:54.013992,[]
2026-06-02,11:30:54.047359,[]
2026-06-02,11:30:54.080726,[]
2026-06-02,11:30:54.114093,[]
2026-06-02,11:30:54.147460,[]
2026-06-02,11:30:54.180827,[]
2026-06-02,11:30:54.214194,[]
2026-06-02,11:30:54.247561,[]
2026-06-02,11:30:54.280928,[]
2026-06-02,11:30:54.314295,[]
2026-06-02,11:30:54.347662,[]
2026-06-02,11:30:54.381029,[]
2026-06-02,11:30:54.414396,[]
2026-06-02,11:30:54.447763,[]
2026-06-02,11:30:54.481130,[]
2026-06-02,11:30:54.514497,[]
2026-06-02,11:30:54.547864,[]
2026-06-02,11:30:54.581231,[]
2026-06-02,11:30:54.614598,[]
2026-06-02,11:30:54.647965,[]
2026-06-02,11:30:54.681332,[]
2026-06-02,11:30:54.714699,[]
2026-06-02,11:30:54.748066,[]
2026-06-02,11:30:54.781433,[]
2026-06-02,11:30:54.814800,[]
2026-06-02,11:30:54.848167,[]
2026-06-02,11:30:54.881534,[]
2026-06-02,11:30:54.914901,[]
2026-06-02,11:30:54.948268,[]
2026-06-02,11:30:54.981635,[]
2026-06-02,11:30:55.015002,[]
2026-06-02,11:30:55.048369,[]
2026-06-02,11:30:55.081736,[]
2026-06-02,11:30:55.115103,[]
2026-06-02,11:30:55.148470,[]
2026-06-02,11:30:55.181837,[]
2026-06-02,11:30:55.215204,[]
2026-06-02,11:30:55.248571,[]
2026-06-02,11:30:55.281938,[]
2026-06-02,11:30:55.315305,[]
2026-06-02,11:30:55.348672,[]
2026-06-02,11:30:55.382039,[]
2026-06-02,11:30:55.415406,[]
2026-06-02,11:30:55.448773,[]
2026-06-02,11:30:55.482140,[]
2026-06-02,11:30:55.515507,[]
2026-06-02,11:30:55.548874,[]
2026-06-02,11:30:55.582241,[]
2026-06-02,11:30:55.615608,[]
2026-06-02,11:30:55.648975,[]
2026-06-02,11:30:55.682342,[]
2026-06-02,11:30:55.715709,[]
2026-06-02,11:30:55.749076,[]
2026-06-02,11:30:55.782443,[]
2026-06-02,11:30:55.815810,[]
2026-06-02,11:30:55.849177,[]
2026-06-02,11:30:55.882544,[]
2026-06-02,11:30:55.915911,[]
2026-06-02,11:30:55.949278,[]
2026-06-02,11:30:55.982645,[]
2026-06-02,11:30:56.016012,[]
2026-06-02,11:30:56.049379,[]
2026-06-02,11:30:56.082746,[]
2026-06-02,11:30:56.116113,[]
2026-06-02,11:30:56.149480,[]
2026-06-02,11:30:56.182847,[]
2026-06-02,11:30:56.216214,[]
2026-06-02,11:30:56.249581,[]
2026-06-02,11:30:56.282948,[]
2026-06-02,11:30:56.316315,[]
2026-06-02,11:30:56.349682,[]
2026-06-02,11:30:56.383049,[]
2026-06-02,11:30:56.416416,[]
2026-06-02,11:30:56.449783,[]
2026-06-02,11:30:56.483150,[]
2026-06-02,11:30:56.516517,[]
2026-06-02,11:30:56.549884,[]
2026-06-02,11:30:56.583251,[]
2026-06-02,11:30:56.616618,[]
2026-06-02,11:30:56.649985,[]
2026-06-02,11:30:56.683352,[]
2026-06-02,11:30:56.716719,[]
2026-06-02,11:30:56.750086,[]
2026-06-02,11:30:56.783453,[]
2026-06-02,11:30:56.816820,[]
2026-06-02,11:30:56.850187,[]
2026-06-02,11:30:56.883554,[]
2026-06-02,11:30:56.916921,[]
2026-06-02,11:30:56.950288,[]
2026-06-02,11:30:56.983655,[]
2026-06-02,11:30:57.017022,[]
2026-06-02,11:30:57.050389,[]
2026-06-02,11:30:57.083756,[]
2026-06-02,11:30:57.117123,[]
2026-06-02,11:30:57.150490,[]
2026-06-02,11:30:57.183857,[]
2026-06-02,11:30:57.217224,[]
2026-06-02,11:30:57.250591,[]
2026-06-02,11:30:57.283958,[]
2026-06-02,11:30:57.317325,[]
2026-06-02,11:30:57.350692,[]
2026-06-02,11:30:57.384059,[]
2026-06-02,11:30:57.417426,[]
2026-06-02,11:30:57.450793,[]
2026-06-02,11:30:57.484160,[]
2026-06-02,11:30:57.517527,[]
2026-06-02,11:30:57.550894,[]
2026-06-02,11:30:57.584261,[]
2026-06-02,11:30:57.617628,[]
2026-06-02,11:30:57.650995,[]
2026-06-02,11:30:57.684362,[]
2026-06-02,11:30:57.717729,[]
2026-06-02,11:30:57.751096,[]
2026-06-02,11:30:57.784463,[]
2026-06-02,11:30:57.817830,[]
2026-06-02,11:30:57.851197,[]
2026-06-02,11:30:57.884564,[]
2026-06-02,11:30:57.917931,[]
2026-06-02,11:30:57.951298,[]
2026-06-02,11:30:57.984665,[]
2026-06-02,11:30:58.018032,[]
2026-06-02,11:30:58.051399,[]
2026-06-02,11:30:58.084766,['BJ99845']
2026-06-02,11:30:58.118133,[]
2026-06-02,11:30:58.151500,['BJ99845']
2026-06-02,11:30:58.184867,[]
2026-06-02,11:30:58.218234,[]
2026-06-02,11:30:58.251601,[]
2026-06-02,11:30:58.284968,[]
2026-06-02,11:30:58.318335,[]
2026-06-02,11:30:58.351702,[]
2026-06-02,11:30:58.385069,[]
2026-06-02,11:30:58.418436,[]
2026-06-02,11:30:58.451803,[]
2026-06-02,11:30:58.485170,[]
2026-06-02,11:30:58.518537,[]
2026-06-02,11:30:58.551904,[]
2026-06-02,11:30:58.585271,[]
2026-06-02,11:30:58.618638,[]
2026-06-02,11:30:58.652005,[]
2026-06-02,11:30:58.685372,[]
2026-06-02,11:30:58.718739,[]
2026-06-02,11:30:58.752106,[]
2026-06-02,11:30:58.785473,[]
2026-06-02,11:30:58.818840,[]
2026-06-02,11:30:58.852207,[]
2026-06-02,11:30:58.885574,[]
2026-06-02,11:30:58.918941,[]
2026-06-02,11:30:58.952308,[]
2026-06-02,11:30:58.985675,[]
2026-06-02,11:30:59.019042,[]
2026-06-02,11:30:59.052409,[]
2026-06-02,11:30:59.085776,[]
2026-06-02,11:30:59.119143,[]
2026-06-02,11:30:59.152510,[]
2026-06-02,11:30:59.185877,[]
2026-06-02,11:30:59.219244,[]
2026-06-02,11:30:59.252611,[]
2026-06-02,11:30:59.285978,[]
2026-06-02,11:30:59.319345,[]
2026-06-02,11:30:59.352712,[]
2026-06-02,11:30:59.386079,[]
2026-06-02,11:30:59.419446,[]
2026-06-02,11:30:59.452813,[]
2026-06-02,11:30:59.486180,[]
2026-06-02,11:30:59.519547,[]
2026-06-02,11:30:59.552914,[]
2026-06-02,11:30:59.586281,[]
2026-06-02,11:30:59.619648,[]
2026-06-02,11:30:59.653015,[]
2026-06-02,11:30:59.686382,[]
2026-06-02,11:30:59.719749,[]
2026-06-02,11:30:59.753116,[]
2026-06-02,11:30:59.786483,[]
2026-06-02,11:30:59.819850,[]
2026-06-02,11:30:59.853217,[]
2026-06-02,11:30:59.886584,[]
2026-06-02,11:30:59.919951,[]
2026-06-02,11:30:59.953318,[]
2026-06-02,11:30:59.986685,[]
2026-06-02,11:31:00.020052,[]
2026-06-02,11:31:00.053419,[]
2026-06-02,11:31:00.086786,[]
2026-06-02,11:31:00.120153,[]
2026-06-02,11:31:00.153520,[]
2026-06-02,11:31:00.186887,[]
2026-06-02,11:31:00.220254,[]
2026-06-02,11:31:00.253621,[]
2026-06-02,11:31:00.286988,[]
2026-06-02,11:31:00.320355,[]
2026-06-02,11:31:00.353722,[]
2026-06-02,11:31:00.387089,[]
2026-06-02,11:31:00.420456,[]
2026-06-02,11:31:00.453823,[]
2026-06-02,11:31:00.487190,[]
2026-06-02,11:31:00.520557,[]
2026-06-02,11:31:00.553924,[]
2026-06-02,11:31:00.587291,[]
2026-06-02,11:31:00.620658,[]
2026-06-02,11:31:00.654025,[]
2026-06-02,11:31:00.687392,[]
2026-06-02,11:31:00.720759,[]
2026-06-02,11:31:00.754126,[]
2026-06-02,11:31:00.787493,[]
2026-06-02,11:31:00.820860,[]
2026-06-02,11:31:00.854227,[]
2026-06-02,11:31:00.887594,[]
2026-06-02,11:31:00.920961,[]
2026-06-02,11:31:00.954328,[]
2026-06-02,11:31:00.987695,[]
2026-06-02,11:31:01.021062,[]
2026-06-02,11:31:01.054429,[]
2026-06-02,11:31:01.087796,['EA43396']
2026-06-02,11:31:01.121163,['EA43396']
2026-06-02,11:31:01.154530,['EA43396']
2026-06-02,11:31:01.187897,[]
2026-06-02,11:31:01.221264,[]
2026-06-02,11:31:01.254631,[]
2026-06-02,11:31:01.287998,[]
2026-06-02,11:31:01.321365,[]
2026-06-02,11:31:01.354732,[]
2026-06-02,11:31:01.388099,[]
2026-06-02,11:31:01.421466,[]
2026-06-02,11:31:01.454833,[]
2026-06-02,11:31:01.488200,[]
2026-06-02,11:31:01.521567,[]
2026-06-02,11:31:01.554934,[]
2026-06-02,11:31:01.588301,[]
2026-06-02,11:31:01.621668,[]
2026-06-02,11:31:01.655035,[]
2026-06-02,11:31:01.688402,[]
2026-06-02,11:31:01.721769,[]
2026-06-02,11:31:01.755136,[]
2026-06-02,11:31:01.788503,[]
2026-06-02,11:31:01.821870,[]
2026-06-02,11:31:01.855237,[]
2026-06-02,11:31:01.888604,[]
2026-06-02,11:31:01.921971,[]
2026-06-02,11:31:01.955338,[]
2026-06-02,11:31:01.988705,[]
2026-06-02,11:31:02.022072,[]
2026-06-02,11:31:02.055439,[]
2026-06-02,11:31:02.088806,[]
2026-06-02,11:31:02.122173,[]
2026-06-02,11:31:02.155540,[]
2026-06-02,11:31:02.188907,[]
2026-06-02,11:31:02.222274,[]
2026-06-02,11:31:02.255641,[]
2026-06-02,11:31:02.289008,[]
2026-06-02,11:31:02.322375,[]
2026-06-02,11:31:02.355742,[]
2026-06-02,11:31:02.389109,[]
2026-06-02,11:31:02.422476,[]
2026-06-02,11:31:02.455843,[]
2026-06-02,11:31:02.489210,[]
2026-06-02,11:31:02.522577,[]
2026-06-02,11:31:02.555944,[]
2026-06-02,11:31:02.589311,[]
2026-06-02,11:31:02.622678,[]
2026-06-02,11:31:02.656045,[]
2026-06-02,11:31:02.689412,[]
2026-06-02,11:31:02.722779,[]
2026-06-02,11:31:02.756146,[]
2026-06-02,11:31:02.789513,[]
2026-06-02,11:31:02.822880,[]
2026-06-02,11:31:02.856247,[]
2026-06-02,11:31:02.889614,[]
2026-06-02,11:31:02.922981,[]
2026-06-02,11:31:02.956348,[]
2026-06-02,11:31:02.989715,[]
2026-06-02,11:31:03.023082,[]
2026-06-02,11:31:03.056449,[]
2026-06-02,11:31:03.089816,[]
2026-06-02,11:31:03.123183,[]
2026-06-02,11:31:03.156550,[]
2026-06-02,11:31:03.189917,[]
2026-06-02,11:31:03.223284,[]
2026-06-02,11:31:03.256651,[]
2026-06-02,11:31:03.290018,[]
2026-06-02,11:31:03.323385,[]
2026-06-02,11:31:03.356752,[]
2026-06-02,11:31:03.390119,[]
2026-06-02,11:31:03.423486,[]
2026-06-02,11:31:03.456853,[]
2026-06-02,11:31:03.490220,[]
2026-06-02,11:31:03.523587,[]
2026-06-02,11:31:03.556954,[]
2026-06-02,11:31:03.590321,[]
2026-06-02,11:31:03.623688,[]
2026-06-02,11:31:03.657055,[]
2026-06-02,11:31:03.690422,[]
2026-06-02,11:31:03.723789,[]
2026-06-02,11:31:03.757156,[]
2026-06-02,11:31:03.790523,[]
2026-06-02,11:31:03.823890,[]
2026-06-02,11:31:03.857257,[]
2026-06-02,11:31:03.890624,[]
2026-06-02,11:31:03.923991,[]
2026-06-02,11:31:03.957358,[]
2026-06-02,11:31:03.990725,[]
2026-06-02,11:31:04.024092,[]
2026-06-02,11:31:04.057459,[]
2026-06-02,11:31:04.090826,[]
2026-06-02,11:31:04.124193,[]
2026-06-02,11:31:04.157560,[]
2026-06-02,11:31:04.190927,[]
2026-06-02,11:31:04.224294,[]
2026-06-02,11:31:04.257661,[]
2026-06-02,11:31:04.291028,[]
2026-06-02,11:31:04.324395,[]
2026-06-02,11:31:04.357762,[]
2026-06-02,11:31:04.391129,[]
2026-06-02,11:31:04.424496,[]
2026-06-02,11:31:04.457863,[]
2026-06-02,11:31:04.491230,[]
2026-06-02,11:31:04.524597,[]
2026-06-02,11:31:04.557964,[]
2026-06-02,11:31:04.591331,[]
2026-06-02,11:31:04.624698,[]
2026-06-02,11:31:04.658065,[]
2026-06-02,11:31:04.691432,[]
2026-06-02,11:31:04.724799,[]
2026-06-02,11:31:04.758166,[]
2026-06-02,11:31:04.791533,[]
2026-06-02,11:31:04.824900,[]
2026-06-02,11:31:04.858267,[]
2026-06-02,11:31:04.891634,[]
2026-06-02,11:31:04.925001,[]
2026-06-02,11:31:04.958368,[]
2026-06-02,11:31:04.991735,[]
2026-06-02,11:31:05.025102,[]
2026-06-02,11:31:05.058469,[]
2026-06-02,11:31:05.091836,[]
2026-06-02,11:31:05.125203,[]
2026-06-02,11:31:05.158570,[]
2026-06-02,11:31:05.191937,[]
2026-06-02,11:31:05.225304,[]
2026-06-02,11:31:05.258671,[]
2026-06-02,11:31:05.292038,[]
2026-06-02,11:31:05.325405,[]
2026-06-02,11:31:05.358772,[]
2026-06-02,11:31:05.392139,[]
2026-06-02,11:31:05.425506,[]
2026-06-02,11:31:05.458873,[]
2026-06-02,11:31:05.492240,[]
2026-06-02,11:31:05.525607,[]
2026-06-02,11:31:05.558974,[]
2026-06-02,11:31:05.592341,[]
2026-06-02,11:31:05.625708,[]
2026-06-02,11:31:05.659075,[]
2026-06-02,11:31:05.692442,[]
2026-06-02,11:31:05.725809,[]
2026-06-02,11:31:05.759176,[]
2026-06-02,11:31:05.792543,[]
2026-06-02,11:31:05.825910,[]
2026-06-02,11:31:05.859277,[]
2026-06-02,11:31:05.892644,[]
2026-06-02,11:31:05.926011,[]
2026-06-02,11:31:05.959378,[]
2026-06-02,11:31:05.992745,[]
2026-06-02,11:31:06.026112,[]
2026-06-02,11:31:06.059479,[]
2026-06-02,11:31:06.092846,[]
2026-06-02,11:31:06.126213,[]
2026-06-02,11:31:06.159580,[]
2026-06-02,11:31:06.192947,[]
2026-06-02,11:31:06.226314,[]
2026-06-02,11:31:06.259681,[]
2026-06-02,11:31:06.293048,[]
2026-06-02,11:31:06.326415,[]
2026-06-02,11:31:06.359782,[]
2026-06-02,11:31:06.393149,[]
2026-06-02,11:31:06.426516,[]
2026-06-02,11:31:06.459883,[]
2026-06-02,11:31:06.493250,[]
2026-06-02,11:31:06.526617,[]
2026-06-02,11:31:06.559984,[]
2026-06-02,11:31:06.593351,[]
2026-06-02,11:31:06.626718,[]
2026-06-02,11:31:06.660085,[]
2026-06-02,11:31:06.693452,[]
2026-06-02,11:31:06.726819,[]
2026-06-02,11:31:06.760186,[]
2026-06-02,11:31:06.793553,[]
2026-06-02,11:31:06.826920,[]
2026-06-02,11:31:06.860287,[]
2026-06-02,11:31:06.893654,[]
2026-06-02,11:31:06.927021,[]
2026-06-02,11:31:06.960388,[]
2026-06-02,11:31:06.993755,[]
2026-06-02,11:31:07.027122,[]
2026-06-02,11:31:07.060489,[]
2026-06-02,11:31:07.093856,[]
2026-06-02,11:31:07.127223,[]
2026-06-02,11:31:07.160590,[]
2026-06-02,11:31:07.193957,[]
2026-06-02,11:31:07.227324,[]
2026-06-02,11:31:07.260691,[]
2026-06-02,11:31:07.294058,[]
2026-06-02,11:31:07.327425,[]
2026-06-02,11:31:07.360792,[]
2026-06-02,11:31:07.394159,[]
2026-06-02,11:31:07.427526,[]
2026-06-02,11:31:07.460893,[]
2026-06-02,11:31:07.494260,[]
2026-06-02,11:31:07.527627,[]
2026-06-02,11:31:07.560994,[]
2026-06-02,11:31:07.594361,[]
2026-06-02,11:31:07.627728,[]
2026-06-02,11:31:07.661095,[]
2026-06-02,11:31:07.694462,[]
2026-06-02,11:31:07.727829,[]
2026-06-02,11:31:07.761196,[]
2026-06-02,11:31:07.794563,[]
2026-06-02,11:31:07.827930,[]
2026-06-02,11:31:07.861297,[]
2026-06-02,11:31:07.894664,[]
2026-06-02,11:31:07.928031,[]
2026-06-02,11:31:07.961398,[]
2026-06-02,11:31:07.994765,[]
2026-06-02,11:31:08.028132,[]
2026-06-02,11:31:08.061499,[]
2026-06-02,11:31:08.094866,[]
2026-06-02,11:31:08.128233,[]
2026-06-02,11:31:08.161600,[]
2026-06-02,11:31:08.194967,[]
2026-06-02,11:31:08.228334,[]
2026-06-02,11:31:08.261701,[]
2026-06-02,11:31:08.295068,[]
2026-06-02,11:31:08.328435,[]
2026-06-02,11:31:08.361802,[]
2026-06-02,11:31:08.395169,[]
2026-06-02,11:31:08.428536,[]
2026-06-02,11:31:08.461903,[]
2026-06-02,11:31:08.495270,[]
2026-06-02,11:31:08.528637,[]
2026-06-02,11:31:08.562004,[]
2026-06-02,11:31:08.595371,[]
2026-06-02,11:31:08.628738,[]
2026-06-02,11:31:08.662105,[]
2026-06-02,11:31:08.695472,[]
2026-06-02,11:31:08.728839,[]
2026-06-02,11:31:08.762206,[]
2026-06-02,11:31:08.795573,[]
2026-06-02,11:31:08.828940,[]
2026-06-02,11:31:08.862307,[]
2026-06-02,11:31:08.895674,[]
2026-06-02,11:31:08.929041,[]
2026-06-02,11:31:08.962408,[]
2026-06-02,11:31:08.995775,[]
2026-06-02,11:31:09.029142,[]
2026-06-02,11:31:09.062509,[]
2026-06-02,11:31:09.095876,[]
2026-06-02,11:31:09.129243,[]
2026-06-02,11:31:09.162610,[]
2026-06-02,11:31:09.195977,[]
2026-06-02,11:31:09.229344,[]
2026-06-02,11:31:09.262711,[]
2026-06-02,11:31:09.296078,[]
2026-06-02,11:31:09.329445,[]
2026-06-02,11:31:09.362812,[]
2026-06-02,11:31:09.396179,[]
2026-06-02,11:31:09.429546,[]
2026-06-02,11:31:09.462913,[]
2026-06-02,11:31:09.496280,[]
2026-06-02,11:31:09.529647,[]
2026-06-02,11:31:09.563014,[]
2026-06-02,11:31:09.596381,[]
2026-06-02,11:31:09.629748,[]
2026-06-02,11:31:09.663115,[]
2026-06-02,11:31:09.696482,[]
2026-06-02,11:31:09.729849,[]
2026-06-02,11:31:09.763216,[]
2026-06-02,11:31:09.796583,[]
2026-06-02,11:31:09.829950,[]
2026-06-02,11:31:09.863317,[]
2026-06-02,11:31:09.896684,[]
2026-06-02,11:31:09.930051,[]
2026-06-02,11:31:09.963418,[]
2026-06-02,11:31:09.996785,[]
2026-06-02,11:31:10.030152,[]
2026-06-02,11:31:10.063519,[]
2026-06-02,11:31:10.096886,[]
2026-06-02,11:31:10.130253,[]
2026-06-02,11:31:10.163620,[]
2026-06-02,11:31:10.196987,[]
2026-06-02,11:31:10.230354,[]
2026-06-02,11:31:10.263721,[]
2026-06-02,11:31:10.297088,[]
2026-06-02,11:31:10.330455,[]
2026-06-02,11:31:10.363822,[]
2026-06-02,11:31:10.397189,[]
2026-06-02,11:31:10.430556,[]
2026-06-02,11:31:10.463923,[]
2026-06-02,11:31:10.497290,[]
2026-06-02,11:31:10.530657,[]
2026-06-02,11:31:10.564024,[]
2026-06-02,11:31:10.597391,[]
2026-06-02,11:31:10.630758,[]
2026-06-02,11:31:10.664125,[]
2026-06-02,11:31:10.697492,[]
2026-06-02,11:31:10.730859,[]
2026-06-02,11:31:10.764226,[]
2026-06-02,11:31:10.797593,[]
2026-06-02,11:31:10.830960,[]
2026-06-02,11:31:10.864327,[]
2026-06-02,11:31:10.897694,[]
2026-06-02,11:31:10.931061,[]
2026-06-02,11:31:10.964428,[]
2026-06-02,11:31:10.997795,[]
2026-06-02,11:31:11.031162,[]
2026-06-02,11:31:11.064529,[]
2026-06-02,11:31:11.097896,[]
2026-06-02,11:31:11.131263,[]
2026-06-02,11:31:11.164630,[]
2026-06-02,11:31:11.197997,[]
2026-06-02,11:31:11.231364,[]
2026-06-02,11:31:11.264731,[]
2026-06-02,11:31:11.298098,[]
2026-06-02,11:31:11.331465,[]
2026-06-02,11:31:11.364832,[]
2026-06-02,11:31:11.398199,[]
2026-06-02,11:31:11.431566,[]
2026-06-02,11:31:11.464933,[]
2026-06-02,11:31:11.498300,[]
2026-06-02,11:31:11.531667,[]
2026-06-02,11:31:11.565034,[]
2026-06-02,11:31:11.598401,[]
2026-06-02,11:31:11.631768,[]
2026-06-02,11:31:11.665135,[]
2026-06-02,11:31:11.698502,[]
2026-06-02,11:31:11.731869,[]
2026-06-02,11:31:11.765236,[]
2026-06-02,11:31:11.798603,[]
2026-06-02,11:31:11.831970,[]
2026-06-02,11:31:11.865337,[]
2026-06-02,11:31:11.898704,[]
2026-06-02,11:31:11.932071,[]
2026-06-02,11:31:11.965438,[]
2026-06-02,11:31:11.998805,[]
2026-06-02,11:31:12.032172,[]
2026-06-02,11:31:12.065539,[]
2026-06-02,11:31:12.098906,[]
2026-06-02,11:31:12.132273,[]
2026-06-02,11:31:12.165640,[]
2026-06-02,11:31:12.199007,[]
2026-06-02,11:31:12.232374,[]
2026-06-02,11:31:12.265741,[]
2026-06-02,11:31:12.299108,[]
2026-06-02,11:31:12.332475,[]
2026-06-02,11:31:12.365842,[]
2026-06-02,11:31:12.399209,[]
2026-06-02,11:31:12.432576,[]
2026-06-02,11:31:12.465943,[]
2026-06-02,11:31:12.499310,[]
2026-06-02,11:31:12.532677,[]
2026-06-02,11:31:12.566044,[]
2026-06-02,11:31:12.599411,[]
2026-06-02,11:31:12.632778,[]
2026-06-02,11:31:12.666145,[]
2026-06-02,11:31:12.699512,[]
2026-06-02,11:31:12.732879,[]
2026-06-02,11:31:12.766246,[]
2026-06-02,11:31:12.799613,[]
2026-06-02,11:31:12.832980,[]
2026-06-02,11:31:12.866347,[]
2026-06-02,11:31:12.899714,[]
2026-06-02,11:31:12.933081,[]
2026-06-02,11:31:12.966448,[]
2026-06-02,11:31:12.999815,[]
2026-06-02,11:31:13.033182,[]
2026-06-02,11:31:13.066549,[]
2026-06-02,11:31:13.099916,[]
2026-06-02,11:31:13.133283,[]
2026-06-02,11:31:13.166650,[]
2026-06-02,11:31:13.200017,[]
2026-06-02,11:31:13.233384,[]
2026-06-02,11:31:13.266751,[]
2026-06-02,11:31:13.300118,[]
2026-06-02,11:31:13.333485,[]
2026-06-02,11:31:13.366852,[]
2026-06-02,11:31:13.400219,[]
2026-06-02,11:31:13.433586,[]
2026-06-02,11:31:13.466953,[]
2026-06-02,11:31:13.500320,[]
2026-06-02,11:31:13.533687,[]
2026-06-02,11:31:13.567054,[]
2026-06-02,11:31:13.600421,[]
2026-06-02,11:31:13.633788,[]
2026-06-02,11:31:13.667155,[]
2026-06-02,11:31:13.700522,[]
2026-06-02,11:31:13.733889,[]
2026-06-02,11:31:13.767256,[]
2026-06-02,11:31:13.800623,[]
2026-06-02,11:31:13.833990,[]
2026-06-02,11:31:13.867357,[]
2026-06-02,11:31:13.900724,[]
2026-06-02,11:31:13.934091,[]
2026-06-02,11:31:13.967458,[]
2026-06-02,11:31:14.000825,[]
2026-06-02,11:31:14.034192,[]
2026-06-02,11:31:14.067559,[]
2026-06-02,11:31:14.100926,[]
2026-06-02,11:31:14.134293,[]
2026-06-02,11:31:14.167660,[]
2026-06-02,11:31:14.201027,[]
2026-06-02,11:31:14.234394,[]
2026-06-02,11:31:14.267761,[]
2026-06-02,11:31:14.301128,[]
2026-06-02,11:31:14.334495,[]
2026-06-02,11:31:14.367862,[]
2026-06-02,11:31:14.401229,[]
2026-06-02,11:31:14.434596,[]
2026-06-02,11:31:14.467963,[]
2026-06-02,11:31:14.501330,[]
2026-06-02,11:31:14.534697,[]
2026-06-02,11:31:14.568064,[]
2026-06-02,11:31:14.601431,[]
2026-06-02,11:31:14.634798,[]
2026-06-02,11:31:14.668165,[]
2026-06-02,11:31:14.701532,[]
2026-06-02,11:31:14.734899,[]
2026-06-02,11:31:14.768266,[]
2026-06-02,11:31:14.801633,[]
2026-06-02,11:31:14.835000,[]
2026-06-02,11:31:14.868367,[]
2026-06-02,11:31:14.901734,[]
2026-06-02,11:31:14.935101,[]
2026-06-02,11:31:14.968468,[]
2026-06-02,11:31:15.001835,[]
2026-06-02,11:31:15.035202,[]
2026-06-02,11:31:15.068569,[]
2026-06-02,11:31:15.101936,[]
2026-06-02,11:31:15.135303,[]
2026-06-02,11:31:15.168670,[]
2026-06-02,11:31:15.202037,[]
2026-06-02,11:31:15.235404,[]
2026-06-02,11:31:15.268771,[]
2026-06-02,11:31:15.302138,[]
2026-06-02,11:31:15.335505,[]
2026-06-02,11:31:15.368872,[]
2026-06-02,11:31:15.402239,[]
2026-06-02,11:31:15.435606,[]
2026-06-02,11:31:15.468973,[]
2026-06-02,11:31:15.502340,[]
2026-06-02,11:31:15.535707,[]
2026-06-02,11:31:15.569074,[]
2026-06-02,11:31:15.602441,[]
2026-06-02,11:31:15.635808,[]
2026-06-02,11:31:15.669175,[]
2026-06-02,11:31:15.702542,[]
2026-06-02,11:31:15.735909,[]
2026-06-02,11:31:15.769276,[]
2026-06-02,11:31:15.802643,[]
2026-06-02,11:31:15.836010,[]
2026-06-02,11:31:15.869377,[]
2026-06-02,11:31:15.902744,[]
2026-06-02,11:31:15.936111,[]
2026-06-02,11:31:15.969478,[]
2026-06-02,11:31:16.002845,[]
2026-06-02,11:31:16.036212,[]
2026-06-02,11:31:16.069579,[]
2026-06-02,11:31:16.102946,[]
2026-06-02,11:31:16.136313,[]
2026-06-02,11:31:16.169680,[]
2026-06-02,11:31:16.203047,[]
2026-06-02,11:31:16.236414,[]
2026-06-02,11:31:16.269781,[]
2026-06-02,11:31:16.303148,[]
2026-06-02,11:31:16.336515,[]
2026-06-02,11:31:16.369882,[]
2026-06-02,11:31:16.403249,[]
2026-06-02,11:31:16.436616,[]
2026-06-02,11:31:16.469983,[]
2026-06-02,11:31:16.503350,[]
2026-06-02,11:31:16.536717,[]
2026-06-02,11:31:16.570084,[]
2026-06-02,11:31:16.603451,[]
2026-06-02,11:31:16.636818,[]
2026-06-02,11:31:16.670185,[]
2026-06-02,11:31:16.703552,[]
2026-06-02,11:31:16.736919,[]
2026-06-02,11:31:16.770286,[]
2026-06-02,11:31:16.803653,[]
2026-06-02,11:31:16.837020,[]
2026-06-02,11:31:16.870387,[]
2026-06-02,11:31:16.903754,[]
2026-06-02,11:31:16.937121,[]
2026-06-02,11:31:16.970488,[]
2026-06-02,11:31:17.003855,[]
2026-06-02,11:31:17.037222,[]
2026-06-02,11:31:17.070589,[]
2026-06-02,11:31:17.103956,[]
2026-06-02,11:31:17.137323,[]
2026-06-02,11:31:17.170690,[]
2026-06-02,11:31:17.204057,[]
2026-06-02,11:31:17.237424,[]
2026-06-02,11:31:17.270791,[]
2026-06-02,11:31:17.304158,[]
2026-06-02,11:31:17.337525,[]
2026-06-02,11:31:17.370892,[]
2026-06-02,11:31:17.404259,[]
2026-06-02,11:31:17.437626,[]
2026-06-02,11:31:17.470993,[]
2026-06-02,11:31:17.504360,[]
2026-06-02,11:31:17.537727,[]
2026-06-02,11:31:17.571094,[]
2026-06-02,11:31:17.604461,[]
2026-06-02,11:31:17.637828,[]
2026-06-02,11:31:17.671195,[]
2026-06-02,11:31:17.704562,[]
2026-06-02,11:31:17.737929,[]
2026-06-02,11:31:17.771296,[]
2026-06-02,11:31:17.804663,[]
2026-06-02,11:31:17.838030,[]
2026-06-02,11:31:17.871397,[]
2026-06-02,11:31:17.904764,[]
2026-06-02,11:31:17.938131,[]
2026-06-02,11:31:17.971498,[]
2026-06-02,11:31:18.004865,[]
2026-06-02,11:31:18.038232,[]
2026-06-02,11:31:18.071599,[]
2026-06-02,11:31:18.104966,[]
2026-06-02,11:31:18.138333,[]
2026-06-02,11:31:18.171700,[]
2026-06-02,11:31:18.205067,[]
2026-06-02,11:31:18.238434,[]
2026-06-02,11:31:18.271801,[]
2026-06-02,11:31:18.305168,[]
2026-06-02,11:31:18.338535,[]
2026-06-02,11:31:18.371902,[]
2026-06-02,11:31:18.405269,[]
2026-06-02,11:31:18.438636,[]
2026-06-02,11:31:18.472003,[]
2026-06-02,11:31:18.505370,[]
2026-06-02,11:31:18.538737,[]
2026-06-02,11:31:18.572104,[]
2026-06-02,11:31:18.605471,[]
2026-06-02,11:31:18.638838,[]
2026-06-02,11:31:18.672205,[]
2026-06-02,11:31:18.705572,[]
2026-06-02,11:31:18.738939,[]
2026-06-02,11:31:18.772306,[]
2026-06-02,11:31:18.805673,[]
2026-06-02,11:31:18.839040,[]
2026-06-02,11:31:18.872407,[]
2026-06-02,11:31:18.905774,[]
2026-06-02,11:31:18.939141,[]
2026-06-02,11:31:18.972508,[]
2026-06-02,11:31:19.005875,[]
2026-06-02,11:31:19.039242,[]
2026-06-02,11:31:19.072609,[]
2026-06-02,11:31:19.105976,[]
2026-06-02,11:31:19.139343,[]
2026-06-02,11:31:19.172710,[]
2026-06-02,11:31:19.206077,[]
2026-06-02,11:31:19.239444,[]
2026-06-02,11:31:19.272811,[]
2026-06-02,11:31:19.306178,[]
2026-06-02,11:31:19.339545,[]
2026-06-02,11:31:19.372912,[]
2026-06-02,11:31:19.406279,[]
2026-06-02,11:31:19.439646,[]
2026-06-02,11:31:19.473013,[]
2026-06-02,11:31:19.506380,[]
2026-06-02,11:31:19.539747,[]
2026-06-02,11:31:19.573114,[]
2026-06-02,11:31:19.606481,[]
2026-06-02,11:31:19.639848,[]
2026-06-02,11:31:19.673215,[]
2026-06-02,11:31:19.706582,[]
2026-06-02,11:31:19.739949,[]
2026-06-02,11:31:19.773316,[]
2026-06-02,11:31:19.806683,[]
2026-06-02,11:31:19.840050,[]
2026-06-02,11:31:19.873417,[]
2026-06-02,11:31:19.906784,[]
2026-06-02,11:31:19.940151,[]
2026-06-02,11:31:19.973518,[]
2026-06-02,11:31:20.006885,[]
2026-06-02,11:31:20.040252,[]
2026-06-02,11:31:20.073619,[]
2026-06-02,11:31:20.106986,[]
2026-06-02,11:31:20.140353,[]
2026-06-02,11:31:20.173720,[]
2026-06-02,11:31:20.207087,[]
2026-06-02,11:31:20.240454,[]
2026-06-02,11:31:20.273821,[]
2026-06-02,11:31:20.307188,[]
2026-06-02,11:31:20.340555,[]
2026-06-02,11:31:20.373922,[]
2026-06-02,11:31:20.407289,[]
2026-06-02,11:31:20.440656,[]
2026-06-02,11:31:20.474023,[]
2026-06-02,11:31:20.507390,[]
2026-06-02,11:31:20.540757,[]
2026-06-02,11:31:20.574124,[]
2026-06-02,11:31:20.607491,[]
2026-06-02,11:31:20.640858,[]
2026-06-02,11:31:20.674225,[]
2026-06-02,11:31:20.707592,[]
2026-06-02,11:31:20.740959,[]
2026-06-02,11:31:20.774326,[]
2026-06-02,11:31:20.807693,[]
2026-06-02,11:31:20.841060,[]
2026-06-02,11:31:20.874427,[]
2026-06-02,11:31:20.907794,[]
2026-06-02,11:31:20.941161,[]
2026-06-02,11:31:20.974528,[]
2026-06-02,11:31:21.007895,[]
2026-06-02,11:31:21.041262,[]
2026-06-02,11:31:21.074629,[]
2026-06-02,11:31:21.107996,[]
2026-06-02,11:31:21.141363,[]
2026-06-02,11:31:21.174730,[]
2026-06-02,11:31:21.208097,[]
2026-06-02,11:31:21.241464,[]
2026-06-02,11:31:21.274831,[]
2026-06-02,11:31:21.308198,[]
2026-06-02,11:31:21.341565,[]
2026-06-02,11:31:21.374932,[]
2026-06-02,11:31:21.408299,[]
2026-06-02,11:31:21.441666,[]
2026-06-02,11:31:21.475033,[]
2026-06-02,11:31:21.508400,[]
2026-06-02,11:31:21.541767,[]
2026-06-02,11:31:21.575134,[]
2026-06-02,11:31:21.608501,[]
2026-06-02,11:31:21.641868,[]
2026-06-02,11:31:21.675235,[]
2026-06-02,11:31:21.708602,[]
2026-06-02,11:31:21.741969,[]
2026-06-02,11:31:21.775336,[]
2026-06-02,11:31:21.808703,[]
2026-06-02,11:31:21.842070,[]
2026-06-02,11:31:21.875437,[]
2026-06-02,11:31:21.908804,[]
2026-06-02,11:31:21.942171,[]
2026-06-02,11:31:21.975538,[]
2026-06-02,11:31:22.008905,[]
2026-06-02,11:31:22.042272,[]
2026-06-02,11:31:22.075639,[]
2026-06-02,11:31:22.109006,[]
2026-06-02,11:31:22.142373,[]
2026-06-02,11:31:22.175740,[]
2026-06-02,11:31:22.209107,[]
2026-06-02,11:31:22.242474,[]
2026-06-02,11:31:22.275841,[]
2026-06-02,11:31:22.309208,[]
2026-06-02,11:31:22.342575,[]
2026-06-02,11:31:22.375942,[]
2026-06-02,11:31:22.409309,[]
2026-06-02,11:31:22.442676,[]
2026-06-02,11:31:22.476043,[]
2026-06-02,11:31:22.509410,[]
2026-06-02,11:31:22.542777,[]
2026-06-02,11:31:22.576144,[]
2026-06-02,11:31:22.609511,[]
2026-06-02,11:31:22.642878,[]
2026-06-02,11:31:22.676245,[]
2026-06-02,11:31:22.709612,[]
2026-06-02,11:31:22.742979,[]
2026-06-02,11:31:22.776346,[]
2026-06-02,11:31:22.809713,[]
2026-06-02,11:31:22.843080,[]
2026-06-02,11:31:22.876447,[]
2026-06-02,11:31:22.909814,[]
2026-06-02,11:31:22.943181,[]
2026-06-02,11:31:22.976548,[]
2026-06-02,11:31:23.009915,[]
2026-06-02,11:31:23.043282,[]
2026-06-02,11:31:23.076649,[]
2026-06-02,11:31:23.110016,[]
2026-06-02,11:31:23.143383,[]
2026-06-02,11:31:23.176750,[]
2026-06-02,11:31:23.210117,[]
2026-06-02,11:31:23.243484,[]
2026-06-02,11:31:23.276851,[]
2026-06-02,11:31:23.310218,[]
2026-06-02,11:31:23.343585,[]
2026-06-02,11:31:23.376952,[]
2026-06-02,11:31:23.410319,[]
2026-06-02,11:31:23.443686,[]
2026-06-02,11:31:23.477053,[]
2026-06-02,11:31:23.510420,[]
2026-06-02,11:31:23.543787,[]
2026-06-02,11:31:23.577154,[]
2026-06-02,11:31:23.610521,[]
2026-06-02,11:31:23.643888,[]
2026-06-02,11:31:23.677255,[]
2026-06-02,11:31:23.710622,[]
2026-06-02,11:31:23.743989,[]
2026-06-02,11:31:23.777356,[]
2026-06-02,11:31:23.810723,[]
2026-06-02,11:31:23.844090,[]
2026-06-02,11:31:23.877457,[]
2026-06-02,11:31:23.910824,[]
2026-06-02,11:31:23.944191,[]
2026-06-02,11:31:23.977558,[]
2026-06-02,11:31:24.010925,[]
2026-06-02,11:31:24.044292,[]
2026-06-02,11:31:24.077659,[]
2026-06-02,11:31:24.111026,[]
2026-06-02,11:31:24.144393,[]
2026-06-02,11:31:24.177760,[]
2026-06-02,11:31:24.211127,[]
2026-06-02,11:31:24.244494,[]
2026-06-02,11:31:24.277861,[]
2026-06-02,11:31:24.311228,[]
2026-06-02,11:31:24.344595,[]
2026-06-02,11:31:24.377962,[]
2026-06-02,11:31:24.411329,[]
2026-06-02,11:31:24.444696,[]
2026-06-02,11:31:24.478063,[]
2026-06-02,11:31:24.511430,[]
2026-06-02,11:31:24.544797,[]
2026-06-02,11:31:24.578164,[]
2026-06-02,11:31:24.611531,[]
2026-06-02,11:31:24.644898,[]
2026-06-02,11:31:24.678265,[]
2026-06-02,11:31:24.711632,[]
2026-06-02,11:31:24.744999,[]
2026-06-02,11:31:24.778366,[]
2026-06-02,11:31:24.811733,[]
2026-06-02,11:31:24.845100,[]
2026-06-02,11:31:24.878467,[]
2026-06-02,11:31:24.911834,[]
2026-06-02,11:31:24.945201,[]
2026-06-02,11:31:24.978568,[]
2026-06-02,11:31:25.011935,[]
2026-06-02,11:31:25.045302,[]
2026-06-02,11:31:25.078669,[]
2026-06-02,11:31:25.112036,[]
2026-06-02,11:31:25.145403,[]
2026-06-02,11:31:25.178770,[]
2026-06-02,11:31:25.212137,[]
2026-06-02,11:31:25.245504,[]
2026-06-02,11:31:25.278871,[]
2026-06-02,11:31:25.312238,[]
2026-06-02,11:31:25.345605,[]
2026-06-02,11:31:25.378972,[]
2026-06-02,11:31:25.412339,[]
2026-06-02,11:31:25.445706,[]
2026-06-02,11:31:25.479073,[]
2026-06-02,11:31:25.512440,[]
2026-06-02,11:31:25.545807,[]
2026-06-02,11:31:25.579174,[]
2026-06-02,11:31:25.612541,[]
2026-06-02,11:31:25.645908,[]
2026-06-02,11:31:25.679275,[]
2026-06-02,11:31:25.712642,[]
2026-06-02,11:31:25.746009,[]
2026-06-02,11:31:25.779376,[]
2026-06-02,11:31:25.812743,[]
2026-06-02,11:31:25.846110,[]
2026-06-02,11:31:25.879477,[]
2026-06-02,11:31:25.912844,[]
2026-06-02,11:31:25.946211,[]
2026-06-02,11:31:25.979578,[]
2026-06-02,11:31:26.012945,[]
2026-06-02,11:31:26.046312,[]
2026-06-02,11:31:26.079679,[]
2026-06-02,11:31:26.113046,[]
2026-06-02,11:31:26.146413,[]
2026-06-02,11:31:26.179780,[]
2026-06-02,11:31:26.213147,[]
2026-06-02,11:31:26.246514,[]
2026-06-02,11:31:26.279881,[]
2026-06-02,11:31:26.313248,[]
2026-06-02,11:31:26.346615,[]
2026-06-02,11:31:26.379982,[]
2026-06-02,11:31:26.413349,[]
2026-06-02,11:31:26.446716,[]
2026-06-02,11:31:26.480083,[]
2026-06-02,11:31:26.513450,[]
2026-06-02,11:31:26.546817,[]
2026-06-02,11:31:26.580184,[]
2026-06-02,11:31:26.613551,[]
2026-06-02,11:31:26.646918,[]
2026-06-02,11:31:26.680285,[]
2026-06-02,11:31:26.713652,[]
2026-06-02,11:31:26.747019,[]
2026-06-02,11:31:26.780386,[]
2026-06-02,11:31:26.813753,[]
2026-06-02,11:31:26.847120,[]
2026-06-02,11:31:26.880487,[]
2026-06-02,11:31:26.913854,[]
2026-06-02,11:31:26.947221,[]
2026-06-02,11:31:26.980588,[]
2026-06-02,11:31:27.013955,[]
2026-06-02,11:31:27.047322,[]
2026-06-02,11:31:27.080689,[]
2026-06-02,11:31:27.114056,[]
2026-06-02,11:31:27.147423,[]
2026-06-02,11:31:27.180790,[]
2026-06-02,11:31:27.214157,[]
2026-06-02,11:31:27.247524,[]
2026-06-02,11:31:27.280891,[]
2026-06-02,11:31:27.314258,[]
2026-06-02,11:31:27.347625,[]
2026-06-02,11:31:27.380992,[]
2026-06-02,11:31:27.414359,[]
2026-06-02,11:31:27.447726,[]
2026-06-02,11:31:27.481093,[]
2026-06-02,11:31:27.514460,[]
2026-06-02,11:31:27.547827,[]
2026-06-02,11:31:27.581194,[]
2026-06-02,11:31:27.614561,[]
2026-06-02,11:31:27.647928,[]
2026-06-02,11:31:27.681295,[]
2026-06-02,11:31:27.714662,[]
2026-06-02,11:31:27.748029,[]
2026-06-02,11:31:27.781396,[]
2026-06-02,11:31:27.814763,[]
2026-06-02,11:31:27.848130,[]
2026-06-02,11:31:27.881497,[]
2026-06-02,11:31:27.914864,[]
2026-06-02,11:31:27.948231,[]
2026-06-02,11:31:27.981598,[]
2026-06-02,11:31:28.014965,[]
2026-06-02,11:31:28.048332,[]
2026-06-02,11:31:28.081699,[]
2026-06-02,11:31:28.115066,[]
2026-06-02,11:31:28.148433,[]
2026-06-02,11:31:28.181800,[]
2026-06-02,11:31:28.215167,[]
2026-06-02,11:31:28.248534,[]
2026-06-02,11:31:28.281901,[]
2026-06-02,11:31:28.315268,[]
2026-06-02,11:31:28.348635,[]
2026-06-02,11:31:28.382002,[]
2026-06-02,11:31:28.415369,[]
2026-06-02,11:31:28.448736,[]
2026-06-02,11:31:28.482103,[]
2026-06-02,11:31:28.515470,[]
2026-06-02,11:31:28.548837,[]
2026-06-02,11:31:28.582204,[]
2026-06-02,11:31:28.615571,[]
2026-06-02,11:31:28.648938,[]
2026-06-02,11:31:28.682305,[]
2026-06-02,11:31:28.715672,[]
2026-06-02,11:31:28.749039,[]
2026-06-02,11:31:28.782406,[]
2026-06-02,11:31:28.815773,[]
2026-06-02,11:31:28.849140,[]
2026-06-02,11:31:28.882507,[]
2026-06-02,11:31:28.915874,[]
2026-06-02,11:31:28.949241,[]
2026-06-02,11:31:28.982608,[]
2026-06-02,11:31:29.015975,[]
2026-06-02,11:31:29.049342,[]
2026-06-02,11:31:29.082709,[]
2026-06-02,11:31:29.116076,[]
2026-06-02,11:31:29.149443,[]
2026-06-02,11:31:29.182810,[]
2026-06-02,11:31:29.216177,[]
2026-06-02,11:31:29.249544,[]
2026-06-02,11:31:29.282911,[]
2026-06-02,11:31:29.316278,[]
2026-06-02,11:31:29.349645,[]
2026-06-02,11:31:29.383012,[]
2026-06-02,11:31:29.416379,[]
2026-06-02,11:31:29.449746,[]
2026-06-02,11:31:29.483113,[]
2026-06-02,11:31:29.516480,[]
2026-06-02,11:31:29.549847,[]
2026-06-02,11:31:29.583214,[]
2026-06-02,11:31:29.616581,[]
2026-06-02,11:31:29.649948,[]
2026-06-02,11:31:29.683315,[]
2026-06-02,11:31:29.716682,[]
2026-06-02,11:31:29.750049,[]
2026-06-02,11:31:29.783416,[]
2026-06-02,11:31:29.816783,[]
2026-06-02,11:31:29.850150,[]
2026-06-02,11:31:29.883517,[]
2026-06-02,11:31:29.916884,[]
2026-06-02,11:31:29.950251,[]
2026-06-02,11:31:29.983618,[]
2026-06-02,11:31:30.016985,[]
2026-06-02,11:31:30.050352,[]
2026-06-02,11:31:30.083719,[]
2026-06-02,11:31:30.117086,[]
2026-06-02,11:31:30.150453,[]
2026-06-02,11:31:30.183820,[]
2026-06-02,11:31:30.217187,[]
2026-06-02,11:31:30.250554,[]
2026-06-02,11:31:30.283921,[]
2026-06-02,11:31:30.317288,[]
2026-06-02,11:31:30.350655,[]
2026-06-02,11:31:30.384022,[]
2026-06-02,11:31:30.417389,[]
2026-06-02,11:31:30.450756,[]
2026-06-02,11:31:30.484123,[]
2026-06-02,11:31:30.517490,[]
2026-06-02,11:31:30.550857,[]
2026-06-02,11:31:30.584224,[]
2026-06-02,11:31:30.617591,[]
2026-06-02,11:31:30.650958,[]
2026-06-02,11:31:30.684325,[]
2026-06-02,11:31:30.717692,[]
2026-06-02,11:31:30.751059,[]
2026-06-02,11:31:30.784426,[]
2026-06-02,11:31:30.817793,[]
2026-06-02,11:31:30.851160,[]
2026-06-02,11:31:30.884527,[]
2026-06-02,11:31:30.917894,[]
2026-06-02,11:31:30.951261,[]
2026-06-02,11:31:30.984628,[]
2026-06-02,11:31:31.017995,[]
2026-06-02,11:31:31.051362,[]
2026-06-02,11:31:31.084729,[]
2026-06-02,11:31:31.118096,[]
2026-06-02,11:31:31.151463,[]
2026-06-02,11:31:31.184830,[]
2026-06-02,11:31:31.218197,[]
2026-06-02,11:31:31.251564,[]
2026-06-02,11:31:31.284931,[]
2026-06-02,11:31:31.318298,[]
2026-06-02,11:31:31.351665,[]
2026-06-02,11:31:31.385032,[]
2026-06-02,11:31:31.418399,[]
2026-06-02,11:31:31.451766,[]
2026-06-02,11:31:31.485133,[]
2026-06-02,11:31:31.518500,[]
2026-06-02,11:31:31.551867,[]
2026-06-02,11:31:31.585234,[]
2026-06-02,11:31:31.618601,[]
2026-06-02,11:31:31.651968,[]
2026-06-02,11:31:31.685335,[]
2026-06-02,11:31:31.718702,[]
2026-06-02,11:31:31.752069,[]
2026-06-02,11:31:31.785436,[]
2026-06-02,11:31:31.818803,[]
2026-06-02,11:31:31.852170,[]
2026-06-02,11:31:31.885537,[]
2026-06-02,11:31:31.918904,[]
2026-06-02,11:31:31.952271,[]
2026-06-02,11:31:31.985638,[]
2026-06-02,11:31:32.019005,[]
2026-06-02,11:31:32.052372,[]
2026-06-02,11:31:32.085739,[]
2026-06-02,11:31:32.119106,[]
2026-06-02,11:31:32.152473,[]
2026-06-02,11:31:32.185840,[]
2026-06-02,11:31:32.219207,[]
2026-06-02,11:31:32.252574,[]
2026-06-02,11:31:32.285941,[]
2026-06-02,11:31:32.319308,[]
2026-06-02,11:31:32.352675,[]
2026-06-02,11:31:32.386042,[]
2026-06-02,11:31:32.419409,[]
2026-06-02,11:31:32.452776,[]
2026-06-02,11:31:32.486143,[]
2026-06-02,11:31:32.519510,[]
2026-06-02,11:31:32.552877,[]
2026-06-02,11:31:32.586244,[]
2026-06-02,11:31:32.619611,[]
2026-06-02,11:31:32.652978,[]
2026-06-02,11:31:32.686345,[]
2026-06-02,11:31:32.719712,[]
2026-06-02,11:31:32.753079,[]
2026-06-02,11:31:32.786446,[]
2026-06-02,11:31:32.819813,[]
2026-06-02,11:31:32.853180,[]
2026-06-02,11:31:32.886547,[]
2026-06-02,11:31:32.919914,[]
2026-06-02,11:31:32.953281,[]
2026-06-02,11:31:32.986648,[]
2026-06-02,11:31:33.020015,[]
2026-06-02,11:31:33.053382,[]
2026-06-02,11:31:33.086749,[]
2026-06-02,11:31:33.120116,[]
2026-06-02,11:31:33.153483,[]
2026-06-02,11:31:33.186850,[]
2026-06-02,11:31:33.220217,[]
2026-06-02,11:31:33.253584,[]
2026-06-02,11:31:33.286951,[]
2026-06-02,11:31:33.320318,[]
2026-06-02,11:31:33.353685,[]
2026-06-02,11:31:33.387052,[]
2026-06-02,11:31:33.420419,[]
2026-06-02,11:31:33.453786,[]
2026-06-02,11:31:33.487153,[]
2026-06-02,11:31:33.520520,[]
2026-06-02,11:31:33.553887,[]
2026-06-02,11:31:33.587254,[]
2026-06-02,11:31:33.620621,[]
2026-06-02,11:31:33.653988,[]
2026-06-02,11:31:33.687355,[]
2026-06-02,11:31:33.720722,[]
2026-06-02,11:31:33.754089,[]
2026-06-02,11:31:33.787456,[]
2026-06-02,11:31:33.820823,[]
2026-06-02,11:31:33.854190,[]
2026-06-02,11:31:33.887557,[]
2026-06-02,11:31:33.920924,[]
2026-06-02,11:31:33.954291,[]
2026-06-02,11:31:33.987658,[]
2026-06-02,11:31:34.021025,[]
2026-06-02,11:31:34.054392,[]
2026-06-02,11:31:34.087759,[]
2026-06-02,11:31:34.121126,[]
2026-06-02,11:31:34.154493,[]
2026-06-02,11:31:34.187860,[]
2026-06-02,11:31:34.221227,[]
2026-06-02,11:31:34.254594,[]
2026-06-02,11:31:34.287961,[]
2026-06-02,11:31:34.321328,[]
2026-06-02,11:31:34.354695,[]
2026-06-02,11:31:34.388062,[]
2026-06-02,11:31:34.421429,[]
2026-06-02,11:31:34.454796,[]
2026-06-02,11:31:34.488163,[]
2026-06-02,11:31:34.521530,[]
2026-06-02,11:31:34.554897,[]
2026-06-02,11:31:34.588264,[]
2026-06-02,11:31:34.621631,[]
2026-06-02,11:31:34.654998,[]
2026-06-02,11:31:34.688365,[]
2026-06-02,11:31:34.721732,[]
2026-06-02,11:31:34.755099,[]
2026-06-02,11:31:34.788466,[]
2026-06-02,11:31:34.821833,[]
2026-06-02,11:31:34.855200,[]
2026-06-02,11:31:34.888567,[]
2026-06-02,11:31:34.921934,[]
2026-06-02,11:31:34.955301,[]
2026-06-02,11:31:34.988668,[]
2026-06-02,11:31:35.022035,[]
2026-06-02,11:31:35.055402,[]
2026-06-02,11:31:35.088769,[]
2026-06-02,11:31:35.122136,[]
2026-06-02,11:31:35.155503,[]
2026-06-02,11:31:35.188870,[]
2026-06-02,11:31:35.222237,[]
2026-06-02,11:31:35.255604,[]
2026-06-02,11:31:35.288971,[]
2026-06-02,11:31:35.322338,[]
2026-06-02,11:31:35.355705,[]
2026-06-02,11:31:35.389072,[]
2026-06-02,11:31:35.422439,[]
2026-06-02,11:31:35.455806,[]
2026-06-02,11:31:35.489173,[]
2026-06-02,11:31:35.522540,[]
2026-06-02,11:31:35.555907,[]
2026-06-02,11:31:35.589274,[]
2026-06-02,11:31:35.622641,[]
2026-06-02,11:31:35.656008,[]
2026-06-02,11:31:35.689375,[]
2026-06-02,11:31:35.722742,[]
2026-06-02,11:31:35.756109,[]
2026-06-02,11:31:35.789476,[]
2026-06-02,11:31:35.822843,[]
2026-06-02,11:31:35.856210,[]
2026-06-02,11:31:35.889577,[]
2026-06-02,11:31:35.922944,[]
2026-06-02,11:31:35.956311,[]
2026-06-02,11:31:35.989678,[]
2026-06-02,11:31:36.023045,[]
2026-06-02,11:31:36.056412,[]
2026-06-02,11:31:36.089779,[]
2026-06-02,11:31:36.123146,[]
2026-06-02,11:31:36.156513,[]
2026-06-02,11:31:36.189880,[]
2026-06-02,11:31:36.223247,[]
2026-06-02,11:31:36.256614,[]
2026-06-02,11:31:36.289981,[]
2026-06-02,11:31:36.323348,[]
2026-06-02,11:31:36.356715,[]
2026-06-02,11:31:36.390082,[]
2026-06-02,11:31:36.423449,[]
2026-06-02,11:31:36.456816,[]
2026-06-02,11:31:36.490183,[]
2026-06-02,11:31:36.523550,[]
2026-06-02,11:31:36.556917,[]
2026-06-02,11:31:36.590284,[]
2026-06-02,11:31:36.623651,[]
2026-06-02,11:31:36.657018,[]
2026-06-02,11:31:36.690385,[]
2026-06-02,11:31:36.723752,[]
2026-06-02,11:31:36.757119,[]
2026-06-02,11:31:36.790486,[]
2026-06-02,11:31:36.823853,[]
2026-06-02,11:31:36.857220,[]
2026-06-02,11:31:36.890587,[]
2026-06-02,11:31:36.923954,[]
2026-06-02,11:31:36.957321,[]
2026-06-02,11:31:36.990688,[]
2026-06-02,11:31:37.024055,[]
2026-06-02,11:31:37.057422,[]
2026-06-02,11:31:37.090789,[]
2026-06-02,11:31:37.124156,[]
2026-06-02,11:31:37.157523,[]
2026-06-02,11:31:37.190890,[]
2026-06-02,11:31:37.224257,[]
2026-06-02,11:31:37.257624,[]
2026-06-02,11:31:37.290991,[]
2026-06-02,11:31:37.324358,[]
2026-06-02,11:31:37.357725,[]
2026-06-02,11:31:37.391092,[]
2026-06-02,11:31:37.424459,[]
2026-06-02,11:31:37.457826,[]
2026-06-02,11:31:37.491193,[]
2026-06-02,11:31:37.524560,[]
2026-06-02,11:31:37.557927,[]
2026-06-02,11:31:37.591294,[]
2026-06-02,11:31:37.624661,[]
2026-06-02,11:31:37.658028,[]
2026-06-02,11:31:37.691395,[]
2026-06-02,11:31:37.724762,[]
2026-06-02,11:31:37.758129,[]
2026-06-02,11:31:37.791496,[]
2026-06-02,11:31:37.824863,[]
2026-06-02,11:31:37.858230,[]
2026-06-02,11:31:37.891597,[]
2026-06-02,11:31:37.924964,[]
2026-06-02,11:31:37.958331,[]
2026-06-02,11:31:37.991698,[]
2026-06-02,11:31:38.025065,[]
2026-06-02,11:31:38.058432,[]
2026-06-02,11:31:38.091799,[]
2026-06-02,11:31:38.125166,[]
2026-06-02,11:31:38.158533,[]
2026-06-02,11:31:38.191900,[]
2026-06-02,11:31:38.225267,[]
2026-06-02,11:31:38.258634,[]
2026-06-02,11:31:38.292001,[]
2026-06-02,11:31:38.325368,[]
2026-06-02,11:31:38.358735,[]
2026-06-02,11:31:38.392102,[]
2026-06-02,11:31:38.425469,[]
2026-06-02,11:31:38.458836,[]
2026-06-02,11:31:38.492203,[]
2026-06-02,11:31:38.525570,[]
2026-06-02,11:31:38.558937,[]
2026-06-02,11:31:38.592304,[]
2026-06-02,11:31:38.625671,[]
2026-06-02,11:31:38.659038,[]
2026-06-02,11:31:38.692405,[]
2026-06-02,11:31:38.725772,[]
2026-06-02,11:31:38.759139,[]
2026-06-02,11:31:38.792506,[]
2026-06-02,11:31:38.825873,[]
2026-06-02,11:31:38.859240,[]
2026-06-02,11:31:38.892607,[]
2026-06-02,11:31:38.925974,[]
2026-06-02,11:31:38.959341,[]
2026-06-02,11:31:38.992708,[]
2026-06-02,11:31:39.026075,[]
2026-06-02,11:31:39.059442,[]
2026-06-02,11:31:39.092809,[]
2026-06-02,11:31:39.126176,[]
2026-06-02,11:31:39.159543,[]
2026-06-02,11:31:39.192910,[]
2026-06-02,11:31:39.226277,[]
2026-06-02,11:31:39.259644,[]
2026-06-02,11:31:39.293011,[]
2026-06-02,11:31:39.326378,[]
2026-06-02,11:31:39.359745,[]
2026-06-02,11:31:39.393112,[]
2026-06-02,11:31:39.426479,[]
2026-06-02,11:31:39.459846,[]
2026-06-02,11:31:39.493213,[]
2026-06-02,11:31:39.526580,[]
2026-06-02,11:31:39.559947,[]
2026-06-02,11:31:39.593314,[]
2026-06-02,11:31:39.626681,[]
2026-06-02,11:31:39.660048,[]
2026-06-02,11:31:39.693415,[]
2026-06-02,11:31:39.726782,[]
2026-06-02,11:31:39.760149,[]
2026-06-02,11:31:39.793516,[]
2026-06-02,11:31:39.826883,[]
2026-06-02,11:31:39.860250,[]
2026-06-02,11:31:39.893617,[]
2026-06-02,11:31:39.926984,[]
2026-06-02,11:31:39.960351,[]
2026-06-02,11:31:39.993718,[]
2026-06-02,11:31:40.027085,[]
2026-06-02,11:31:40.060452,[]
2026-06-02,11:31:40.093819,[]
2026-06-02,11:31:40.127186,[]
2026-06-02,11:31:40.160553,[]
2026-06-02,11:31:40.193920,[]
2026-06-02,11:31:40.227287,[]
2026-06-02,11:31:40.260654,[]
2026-06-02,11:31:40.294021,[]
2026-06-02,11:31:40.327388,[]
2026-06-02,11:31:40.360755,[]
2026-06-02,11:31:40.394122,[]
2026-06-02,11:31:40.427489,[]
2026-06-02,11:31:40.460856,[]
2026-06-02,11:31:40.494223,[]
2026-06-02,11:31:40.527590,[]
2026-06-02,11:31:40.560957,[]
2026-06-02,11:31:40.594324,[]
2026-06-02,11:31:40.627691,[]
2026-06-02,11:31:40.661058,[]
2026-06-02,11:31:40.694425,[]
2026-06-02,11:31:40.727792,[]
2026-06-02,11:31:40.761159,[]
2026-06-02,11:31:40.794526,[]
2026-06-02,11:31:40.827893,[]
2026-06-02,11:31:40.861260,[]
2026-06-02,11:31:40.894627,[]
2026-06-02,11:31:40.927994,[]
2026-06-02,11:31:40.961361,[]
2026-06-02,11:31:40.994728,[]
2026-06-02,11:31:41.028095,[]
2026-06-02,11:31:41.061462,[]
2026-06-02,11:31:41.094829,[]
2026-06-02,11:31:41.128196,[]
2026-06-02,11:31:41.161563,[]
2026-06-02,11:31:41.194930,[]
2026-06-02,11:31:41.228297,[]
2026-06-02,11:31:41.261664,[]
2026-06-02,11:31:41.295031,[]
2026-06-02,11:31:41.328398,[]
2026-06-02,11:31:41.361765,[]
2026-06-02,11:31:41.395132,[]
2026-06-02,11:31:41.428499,[]
2026-06-02,11:31:41.461866,[]
2026-06-02,11:31:41.495233,[]
2026-06-02,11:31:41.528600,[]
2026-06-02,11:31:41.561967,[]
2026-06-02,11:31:41.595334,[]
2026-06-02,11:31:41.628701,[]
2026-06-02,11:31:41.662068,[]
2026-06-02,11:31:41.695435,[]
2026-06-02,11:31:41.728802,[]
2026-06-02,11:31:41.762169,[]
2026-06-02,11:31:41.795536,[]
2026-06-02,11:31:41.828903,[]
2026-06-02,11:31:41.862270,[]
2026-06-02,11:31:41.895637,[]
2026-06-02,11:31:41.929004,[]
2026-06-02,11:31:41.962371,[]
2026-06-02,11:31:41.995738,[]
2026-06-02,11:31:42.029105,[]
2026-06-02,11:31:42.062472,[]
2026-06-02,11:31:42.095839,[]
2026-06-02,11:31:42.129206,[]
2026-06-02,11:31:42.162573,[]
2026-06-02,11:31:42.195940,[]
2026-06-02,11:31:42.229307,[]
2026-06-02,11:31:42.262674,[]
2026-06-02,11:31:42.296041,[]
2026-06-02,11:31:42.329408,[]
2026-06-02,11:31:42.362775,[]
2026-06-02,11:31:42.396142,[]
2026-06-02,11:31:42.429509,[]
2026-06-02,11:31:42.462876,[]
2026-06-02,11:31:42.496243,[]
2026-06-02,11:31:42.529610,[]
2026-06-02,11:31:42.562977,[]
2026-06-02,11:31:42.596344,[]
2026-06-02,11:31:42.629711,[]
2026-06-02,11:31:42.663078,[]
2026-06-02,11:31:42.696445,[]
2026-06-02,11:31:42.729812,[]
2026-06-02,11:31:42.763179,[]
2026-06-02,11:31:42.796546,[]
2026-06-02,11:31:42.829913,[]
2026-06-02,11:31:42.863280,[]
2026-06-02,11:31:42.896647,[]
2026-06-02,11:31:42.930014,[]
2026-06-02,11:31:42.963381,[]
2026-06-02,11:31:42.996748,[]
2026-06-02,11:31:43.030115,[]
2026-06-02,11:31:43.063482,[]
2026-06-02,11:31:43.096849,[]
2026-06-02,11:31:43.130216,[]
2026-06-02,11:31:43.163583,[]
2026-06-02,11:31:43.196950,[]
2026-06-02,11:31:43.230317,[]
2026-06-02,11:31:43.263684,[]
2026-06-02,11:31:43.297051,[]
2026-06-02,11:31:43.330418,[]
2026-06-02,11:31:43.363785,[]
2026-06-02,11:31:43.397152,[]
2026-06-02,11:31:43.430519,[]
2026-06-02,11:31:43.463886,[]
2026-06-02,11:31:43.497253,[]
2026-06-02,11:31:43.530620,[]
2026-06-02,11:31:43.563987,[]
2026-06-02,11:31:43.597354,[]
2026-06-02,11:31:43.630721,[]
2026-06-02,11:31:43.664088,[]
2026-06-02,11:31:43.697455,[]
2026-06-02,11:31:43.730822,[]
2026-06-02,11:31:43.764189,[]
2026-06-02,11:31:43.797556,[]
2026-06-02,11:31:43.830923,[]
2026-06-02,11:31:43.864290,[]
2026-06-02,11:31:43.897657,[]
2026-06-02,11:31:43.931024,[]
2026-06-02,11:31:43.964391,[]
2026-06-02,11:31:43.997758,[]
2026-06-02,11:31:44.031125,[]
2026-06-02,11:31:44.064492,[]
2026-06-02,11:31:44.097859,[]
2026-06-02,11:31:44.131226,[]
2026-06-02,11:31:44.164593,[]
2026-06-02,11:31:44.197960,[]
2026-06-02,11:31:44.231327,[]
2026-06-02,11:31:44.264694,[]
2026-06-02,11:31:44.298061,[]
2026-06-02,11:31:44.331428,[]
2026-06-02,11:31:44.364795,[]
2026-06-02,11:31:44.398162,[]
2026-06-02,11:31:44.431529,[]
2026-06-02,11:31:44.464896,[]
2026-06-02,11:31:44.498263,[]
2026-06-02,11:31:44.531630,[]
2026-06-02,11:31:44.564997,[]
2026-06-02,11:31:44.598364,[]
2026-06-02,11:31:44.631731,[]
2026-06-02,11:31:44.665098,[]
2026-06-02,11:31:44.698465,[]
2026-06-02,11:31:44.731832,[]
2026-06-02,11:31:44.765199,[]
2026-06-02,11:31:44.798566,[]
2026-06-02,11:31:44.831933,[]
2026-06-02,11:31:44.865300,[]
2026-06-02,11:31:44.898667,[]
2026-06-02,11:31:44.932034,[]
2026-06-02,11:31:44.965401,[]
2026-06-02,11:31:44.998768,[]
2026-06-02,11:31:45.032135,[]
2026-06-02,11:31:45.065502,[]
2026-06-02,11:31:45.098869,[]
2026-06-02,11:31:45.132236,[]
2026-06-02,11:31:45.165603,[]
2026-06-02,11:31:45.198970,[]
2026-06-02,11:31:45.232337,[]
2026-06-02,11:31:45.265704,[]
2026-06-02,11:31:45.299071,[]
2026-06-02,11:31:45.332438,[]
2026-06-02,11:31:45.365805,[]
2026-06-02,11:31:45.399172,[]
2026-06-02,11:31:45.432539,[]
2026-06-02,11:31:45.465906,[]
2026-06-02,11:31:45.499273,[]
2026-06-02,11:31:45.532640,[]
2026-06-02,11:31:45.566007,[]
2026-06-02,11:31:45.599374,[]
2026-06-02,11:31:45.632741,[]
2026-06-02,11:31:45.666108,[]
2026-06-02,11:31:45.699475,[]
2026-06-02,11:31:45.732842,[]
2026-06-02,11:31:45.766209,[]
2026-06-02,11:31:45.799576,[]
2026-06-02,11:31:45.832943,[]
2026-06-02,11:31:45.866310,[]
2026-06-02,11:31:45.899677,[]
2026-06-02,11:31:45.933044,[]
2026-06-02,11:31:45.966411,[]
2026-06-02,11:31:45.999778,[]
2026-06-02,11:31:46.033145,[]
2026-06-02,11:31:46.066512,[]
2026-06-02,11:31:46.099879,[]
2026-06-02,11:31:46.133246,[]
2026-06-02,11:31:46.166613,[]
2026-06-02,11:31:46.199980,[]
2026-06-02,11:31:46.233347,[]
2026-06-02,11:31:46.266714,[]
2026-06-02,11:31:46.300081,[]
2026-06-02,11:31:46.333448,[]
2026-06-02,11:31:46.366815,[]
2026-06-02,11:31:46.400182,[]
2026-06-02,11:31:46.433549,[]
2026-06-02,11:31:46.466916,[]
2026-06-02,11:31:46.500283,[]
2026-06-02,11:31:46.533650,[]
2026-06-02,11:31:46.567017,[]
2026-06-02,11:31:46.600384,[]
2026-06-02,11:31:46.633751,[]
2026-06-02,11:31:46.667118,[]
2026-06-02,11:31:46.700485,[]
2026-06-02,11:31:46.733852,[]
2026-06-02,11:31:46.767219,[]
2026-06-02,11:31:46.800586,[]
2026-06-02,11:31:46.833953,[]
2026-06-02,11:31:46.867320,[]
2026-06-02,11:31:46.900687,[]
2026-06-02,11:31:46.934054,[]
2026-06-02,11:31:46.967421,[]
2026-06-02,11:31:47.000788,[]
2026-06-02,11:31:47.034155,[]
2026-06-02,11:31:47.067522,[]
2026-06-02,11:31:47.100889,[]
2026-06-02,11:31:47.134256,[]
2026-06-02,11:31:47.167623,[]
2026-06-02,11:31:47.200990,[]
2026-06-02,11:31:47.234357,[]
2026-06-02,11:31:47.267724,[]
2026-06-02,11:31:47.301091,[]
2026-06-02,11:31:47.334458,[]
2026-06-02,11:31:47.367825,[]
2026-06-02,11:31:47.401192,[]
2026-06-02,11:31:47.434559,[]
2026-06-02,11:31:47.467926,[]
2026-06-02,11:31:47.501293,[]
2026-06-02,11:31:47.534660,[]
2026-06-02,11:31:47.568027,[]
2026-06-02,11:31:47.601394,[]
2026-06-02,11:31:47.634761,[]
2026-06-02,11:31:47.668128,[]
2026-06-02,11:31:47.701495,[]
2026-06-02,11:31:47.734862,[]
2026-06-02,11:31:47.768229,[]
2026-06-02,11:31:47.801596,[]
2026-06-02,11:31:47.834963,[]
2026-06-02,11:31:47.868330,[]
2026-06-02,11:31:47.901697,[]
2026-06-02,11:31:47.935064,[]
2026-06-02,11:31:47.968431,[]
2026-06-02,11:31:48.001798,[]
2026-06-02,11:31:48.035165,[]
2026-06-02,11:31:48.068532,[]
2026-06-02,11:31:48.101899,[]
2026-06-02,11:31:48.135266,[]
2026-06-02,11:31:48.168633,[]
2026-06-02,11:31:48.202000,[]
2026-06-02,11:31:48.235367,[]
2026-06-02,11:31:48.268734,[]
2026-06-02,11:31:48.302101,[]
2026-06-02,11:31:48.335468,[]
2026-06-02,11:31:48.368835,[]
2026-06-02,11:31:48.402202,[]
2026-06-02,11:31:48.435569,[]
2026-06-02,11:31:48.468936,[]
2026-06-02,11:31:48.502303,[]
2026-06-02,11:31:48.535670,[]
2026-06-02,11:31:48.569037,[]
2026-06-02,11:31:48.602404,[]
2026-06-02,11:31:48.635771,[]
2026-06-02,11:31:48.669138,[]
2026-06-02,11:31:48.702505,[]
2026-06-02,11:31:48.735872,[]
2026-06-02,11:31:48.769239,[]
2026-06-02,11:31:48.802606,[]
2026-06-02,11:31:48.835973,[]
2026-06-02,11:31:48.869340,[]
2026-06-02,11:31:48.902707,[]
2026-06-02,11:31:48.936074,[]
2026-06-02,11:31:48.969441,[]
2026-06-02,11:31:49.002808,[]
2026-06-02,11:31:49.036175,[]
2026-06-02,11:31:49.069542,[]
2026-06-02,11:31:49.102909,[]
2026-06-02,11:31:49.136276,[]
2026-06-02,11:31:49.169643,[]
2026-06-02,11:31:49.203010,[]
2026-06-02,11:31:49.236377,[]
2026-06-02,11:31:49.269744,[]
2026-06-02,11:31:49.303111,[]
2026-06-02,11:31:49.336478,[]
2026-06-02,11:31:49.369845,[]
2026-06-02,11:31:49.403212,[]
2026-06-02,11:31:49.436579,[]
2026-06-02,11:31:49.469946,[]
2026-06-02,11:31:49.503313,[]
2026-06-02,11:31:49.536680,[]
2026-06-02,11:31:49.570047,[]
2026-06-02,11:31:49.603414,[]
2026-06-02,11:31:49.636781,[]
2026-06-02,11:31:49.670148,[]
2026-06-02,11:31:49.703515,[]
2026-06-02,11:31:49.736882,[]
2026-06-02,11:31:49.770249,[]
2026-06-02,11:31:49.803616,[]
2026-06-02,11:31:49.836983,[]
2026-06-02,11:31:49.870350,[]
2026-06-02,11:31:49.903717,[]
2026-06-02,11:31:49.937084,[]
2026-06-02,11:31:49.970451,[]
2026-06-02,11:31:50.003818,[]
2026-06-02,11:31:50.037185,[]
2026-06-02,11:31:50.070552,[]
2026-06-02,11:31:50.103919,[]
2026-06-02,11:31:50.137286,[]
2026-06-02,11:31:50.170653,[]
2026-06-02,11:31:50.204020,[]
2026-06-02,11:31:50.237387,[]
2026-06-02,11:31:50.270754,[]
2026-06-02,11:31:50.304121,[]
2026-06-02,11:31:50.337488,[]
2026-06-02,11:31:50.370855,[]
2026-06-02,11:31:50.404222,[]
2026-06-02,11:31:50.437589,[]
2026-06-02,11:31:50.470956,[]
2026-06-02,11:31:50.504323,[]
2026-06-02,11:31:50.537690,[]
2026-06-02,11:31:50.571057,[]
2026-06-02,11:31:50.604424,[]
2026-06-02,11:31:50.637791,[]
2026-06-02,11:31:50.671158,['EC52415']
2026-06-02,11:31:50.704525,['EC52415']
2026-06-02,11:31:50.737892,['EC52415']
2026-06-02,11:31:50.771259,[]
2026-06-02,11:31:50.804626,[]
2026-06-02,11:31:50.837993,[]
2026-06-02,11:31:50.871360,[]
2026-06-02,11:31:50.904727,[]
2026-06-02,11:31:50.938094,[]
2026-06-02,11:31:50.971461,[]
2026-06-02,11:31:51.004828,[]
2026-06-02,11:31:51.038195,[]
2026-06-02,11:31:51.071562,[]
2026-06-02,11:31:51.104929,[]
2026-06-02,11:31:51.138296,[]
2026-06-02,11:31:51.171663,[]
2026-06-02,11:31:51.205030,[]
2026-06-02,11:31:51.238397,[]
2026-06-02,11:31:51.271764,[]
2026-06-02,11:31:51.305131,[]
2026-06-02,11:31:51.338498,[]
2026-06-02,11:31:51.371865,[]
2026-06-02,11:31:51.405232,[]
2026-06-02,11:31:51.438599,[]
2026-06-02,11:31:51.471966,[]
2026-06-02,11:31:51.505333,[]
2026-06-02,11:31:51.538700,[]
2026-06-02,11:31:51.572067,[]
2026-06-02,11:31:51.605434,[]
2026-06-02,11:31:51.638801,[]
2026-06-02,11:31:51.672168,[]
2026-06-02,11:31:51.705535,[]
2026-06-02,11:31:51.738902,[]
2026-06-02,11:31:51.772269,[]
2026-06-02,11:31:51.805636,[]
2026-06-02,11:31:51.839003,[]
2026-06-02,11:31:51.872370,[]
2026-06-02,11:31:51.905737,[]
2026-06-02,11:31:51.939104,[]
2026-06-02,11:31:51.972471,[]
2026-06-02,11:31:52.005838,[]
2026-06-02,11:31:52.039205,[]
2026-06-02,11:31:52.072572,[]
2026-06-02,11:31:52.105939,[]
2026-06-02,11:31:52.139306,[]
2026-06-02,11:31:52.172673,[]
2026-06-02,11:31:52.206040,[]
2026-06-02,11:31:52.239407,[]
2026-06-02,11:31:52.272774,[]
2026-06-02,11:31:52.306141,[]
2026-06-02,11:31:52.339508,[]
2026-06-02,11:31:52.372875,[]
2026-06-02,11:31:52.406242,[]
2026-06-02,11:31:52.439609,[]
2026-06-02,11:31:52.472976,[]
2026-06-02,11:31:52.506343,[]
2026-06-02,11:31:52.539710,[]
2026-06-02,11:31:52.573077,[]
2026-06-02,11:31:52.606444,[]
2026-06-02,11:31:52.639811,[]
2026-06-02,11:31:52.673178,[]
2026-06-02,11:31:52.706545,[]
2026-06-02,11:31:52.739912,[]
2026-06-02,11:31:52.773279,[]
2026-06-02,11:31:52.806646,[]
2026-06-02,11:31:52.840013,[]
2026-06-02,11:31:52.873380,[]
2026-06-02,11:31:52.906747,[]
2026-06-02,11:31:52.940114,[]
2026-06-02,11:31:52.973481,[]
2026-06-02,11:31:53.006848,[]
2026-06-02,11:31:53.040215,[]
2026-06-02,11:31:53.073582,[]
2026-06-02,11:31:53.106949,[]
2026-06-02,11:31:53.140316,[]
2026-06-02,11:31:53.173683,[]
2026-06-02,11:31:53.207050,[]
2026-06-02,11:31:53.240417,[]
2026-06-02,11:31:53.273784,[]
2026-06-02,11:31:53.307151,[]
2026-06-02,11:31:53.340518,[]
2026-06-02,11:31:53.373885,[]
2026-06-02,11:31:53.407252,[]
2026-06-02,11:31:53.440619,[]
2026-06-02,11:31:53.473986,[]
2026-06-02,11:31:53.507353,[]
2026-06-02,11:31:53.540720,[]
2026-06-02,11:31:53.574087,[]
2026-06-02,11:31:53.607454,[]
2026-06-02,11:31:53.640821,[]
2026-06-02,11:31:53.674188,[]
2026-06-02,11:31:53.707555,[]
2026-06-02,11:31:53.740922,[]
2026-06-02,11:31:53.774289,[]
2026-06-02,11:31:53.807656,[]
2026-06-02,11:31:53.841023,[]
2026-06-02,11:31:53.874390,[]
2026-06-02,11:31:53.907757,[]
2026-06-02,11:31:53.941124,[]
2026-06-02,11:31:53.974491,[]
2026-06-02,11:31:54.007858,[]
2026-06-02,11:31:54.041225,[]
2026-06-02,11:31:54.074592,[]
2026-06-02,11:31:54.107959,[]
2026-06-02,11:31:54.141326,[]
2026-06-02,11:31:54.174693,[]
2026-06-02,11:31:54.208060,[]
2026-06-02,11:31:54.241427,[]
2026-06-02,11:31:54.274794,[]
2026-06-02,11:31:54.308161,[]
2026-06-02,11:31:54.341528,[]
2026-06-02,11:31:54.374895,[]
2026-06-02,11:31:54.408262,[]
2026-06-02,11:31:54.441629,[]
2026-06-02,11:31:54.474996,[]
2026-06-02,11:31:54.508363,[]
2026-06-02,11:31:54.541730,[]
2026-06-02,11:31:54.575097,['CG71748']
2026-06-02,11:31:54.608464,[]
2026-06-02,11:31:54.641831,['CG71748']
2026-06-02,11:31:54.675198,['CG71748']
2026-06-02,11:31:54.708565,[]
2026-06-02,11:31:54.741932,[]
2026-06-02,11:31:54.775299,[]
2026-06-02,11:31:54.808666,[]
2026-06-02,11:31:54.842033,[]
2026-06-02,11:31:54.875400,[]
2026-06-02,11:31:54.908767,[]
2026-06-02,11:31:54.942134,[]
2026-06-02,11:31:54.975501,[]
2026-06-02,11:31:55.008868,[]
2026-06-02,11:31:55.042235,[]
2026-06-02,11:31:55.075602,[]
2026-06-02,11:31:55.108969,[]
2026-06-02,11:31:55.142336,[]
2026-06-02,11:31:55.175703,[]
2026-06-02,11:31:55.209070,[]
2026-06-02,11:31:55.242437,[]
2026-06-02,11:31:55.275804,[]
2026-06-02,11:31:55.309171,[]
2026-06-02,11:31:55.342538,[]
2026-06-02,11:31:55.375905,[]
2026-06-02,11:31:55.409272,[]
2026-06-02,11:31:55.442639,[]
2026-06-02,11:31:55.476006,[]
2026-06-02,11:31:55.509373,[]
2026-06-02,11:31:55.542740,[]
2026-06-02,11:31:55.576107,[]
2026-06-02,11:31:55.609474,[]
2026-06-02,11:31:55.642841,[]
2026-06-02,11:31:55.676208,[]
2026-06-02,11:31:55.709575,[]
2026-06-02,11:31:55.742942,[]
2026-06-02,11:31:55.776309,[]
2026-06-02,11:31:55.809676,[]
2026-06-02,11:31:55.843043,[]
2026-06-02,11:31:55.876410,[]
2026-06-02,11:31:55.909777,[]
2026-06-02,11:31:55.943144,[]
2026-06-02,11:31:55.976511,[]
2026-06-02,11:31:56.009878,[]
2026-06-02,11:31:56.043245,[]
2026-06-02,11:31:56.076612,[]
2026-06-02,11:31:56.109979,[]
2026-06-02,11:31:56.143346,[]
2026-06-02,11:31:56.176713,[]
2026-06-02,11:31:56.210080,[]
2026-06-02,11:31:56.243447,[]
2026-06-02,11:31:56.276814,[]
2026-06-02,11:31:56.310181,[]
2026-06-02,11:31:56.343548,[]
2026-06-02,11:31:56.376915,[]
2026-06-02,11:31:56.410282,[]
2026-06-02,11:31:56.443649,[]
2026-06-02,11:31:56.477016,[]
2026-06-02,11:31:56.510383,[]
2026-06-02,11:31:56.543750,[]
2026-06-02,11:31:56.577117,[]
2026-06-02,11:31:56.610484,[]
2026-06-02,11:31:56.643851,[]
2026-06-02,11:31:56.677218,[]
2026-06-02,11:31:56.710585,[]
2026-06-02,11:31:56.743952,[]
2026-06-02,11:31:56.777319,[]
2026-06-02,11:31:56.810686,[]
2026-06-02,11:31:56.844053,[]
2026-06-02,11:31:56.877420,[]
2026-06-02,11:31:56.910787,[]
2026-06-02,11:31:56.944154,[]
2026-06-02,11:31:56.977521,[]
2026-06-02,11:31:57.010888,[]
2026-06-02,11:31:57.044255,[]
2026-06-02,11:31:57.077622,[]
2026-06-02,11:31:57.110989,[]
2026-06-02,11:31:57.144356,[]
2026-06-02,11:31:57.177723,[]
2026-06-02,11:31:57.211090,[]
2026-06-02,11:31:57.244457,[]
2026-06-02,11:31:57.277824,[]
2026-06-02,11:31:57.311191,[]
2026-06-02,11:31:57.344558,[]
2026-06-02,11:31:57.377925,[]
2026-06-02,11:31:57.411292,[]
2026-06-02,11:31:57.444659,[]
2026-06-02,11:31:57.478026,[]
2026-06-02,11:31:57.511393,[]
2026-06-02,11:31:57.544760,[]
2026-06-02,11:31:57.578127,[]
2026-06-02,11:31:57.611494,[]
2026-06-02,11:31:57.644861,[]
2026-06-02,11:31:57.678228,[]
2026-06-02,11:31:57.711595,[]
2026-06-02,11:31:57.744962,[]
2026-06-02,11:31:57.778329,[]
2026-06-02,11:31:57.811696,[]
2026-06-02,11:31:57.845063,[]
2026-06-02,11:31:57.878430,[]
2026-06-02,11:31:57.911797,[]
2026-06-02,11:31:57.945164,[]
2026-06-02,11:31:57.978531,[]
2026-06-02,11:31:58.011898,[]
2026-06-02,11:31:58.045265,[]
2026-06-02,11:31:58.078632,[]
2026-06-02,11:31:58.111999,[]
2026-06-02,11:31:58.145366,[]
2026-06-02,11:31:58.178733,[]
2026-06-02,11:31:58.212100,[]
2026-06-02,11:31:58.245467,[]
2026-06-02,11:31:58.278834,[]
2026-06-02,11:31:58.312201,[]
2026-06-02,11:31:58.345568,[]
2026-06-02,11:31:58.378935,[]
2026-06-02,11:31:58.412302,[]
2026-06-02,11:31:58.445669,[]
2026-06-02,11:31:58.479036,[]
2026-06-02,11:31:58.512403,[]
2026-06-02,11:31:58.545770,[]
2026-06-02,11:31:58.579137,[]
2026-06-02,11:31:58.612504,[]
2026-06-02,11:31:58.645871,[]
2026-06-02,11:31:58.679238,[]
2026-06-02,11:31:58.712605,[]
2026-06-02,11:31:58.745972,[]
2026-06-02,11:31:58.779339,[]
2026-06-02,11:31:58.812706,[]
2026-06-02,11:31:58.846073,[]
2026-06-02,11:31:58.879440,[]
2026-06-02,11:31:58.912807,[]
2026-06-02,11:31:58.946174,['DN51504']
2026-06-02,11:31:58.979541,['DN51504']
2026-06-02,11:31:59.012908,['DN51504']
2026-06-02,11:31:59.046275,['DN51504']
2026-06-02,11:31:59.079642,['DN51504']
2026-06-02,11:31:59.113009,[]
2026-06-02,11:31:59.146376,[]
2026-06-02,11:31:59.179743,[]
2026-06-02,11:31:59.213110,[]
2026-06-02,11:31:59.246477,[]
2026-06-02,11:31:59.279844,[]
2026-06-02,11:31:59.313211,[]
2026-06-02,11:31:59.346578,[]
2026-06-02,11:31:59.379945,[]
2026-06-02,11:31:59.413312,[]
2026-06-02,11:31:59.446679,[]
2026-06-02,11:31:59.480046,[]
2026-06-02,11:31:59.513413,[]
2026-06-02,11:31:59.546780,[]
2026-06-02,11:31:59.580147,[]
2026-06-02,11:31:59.613514,[]
2026-06-02,11:31:59.646881,[]
2026-06-02,11:31:59.680248,[]
2026-06-02,11:31:59.713615,[]
2026-06-02,11:31:59.746982,[]
2026-06-02,11:31:59.780349,[]
2026-06-02,11:31:59.813716,[]
2026-06-02,11:31:59.847083,[]
2026-06-02,11:31:59.880450,[]
2026-06-02,11:31:59.913817,[]
2026-06-02,11:31:59.947184,[]
2026-06-02,11:31:59.980551,[]
2026-06-02,11:32:00.013918,[]
2026-06-02,11:32:00.047285,[]
2026-06-02,11:32:00.080652,[]
2026-06-02,11:32:00.114019,[]
2026-06-02,11:32:00.147386,[]
2026-06-02,11:32:00.180753,[]
2026-06-02,11:32:00.214120,[]
2026-06-02,11:32:00.247487,[]
2026-06-02,11:32:00.280854,[]
2026-06-02,11:32:00.314221,[]
2026-06-02,11:32:00.347588,[]
2026-06-02,11:32:00.380955,[]
2026-06-02,11:32:00.414322,[]
2026-06-02,11:32:00.447689,[]
2026-06-02,11:32:00.481056,[]
2026-06-02,11:32:00.514423,[]
2026-06-02,11:32:00.547790,[]
2026-06-02,11:32:00.581157,[]
2026-06-02,11:32:00.614524,['EP20196']
2026-06-02,11:32:00.647891,[]
2026-06-02,11:32:00.681258,[]
2026-06-02,11:32:00.714625,[]
2026-06-02,11:32:00.747992,[]
2026-06-02,11:32:00.781359,[]
2026-06-02,11:32:00.814726,[]
2026-06-02,11:32:00.848093,[]
2026-06-02,11:32:00.881460,[]
2026-06-02,11:32:00.914827,[]
2026-06-02,11:32:00.948194,[]
2026-06-02,11:32:00.981561,[]
2026-06-02,11:32:01.014928,[]
2026-06-02,11:32:01.048295,[]
2026-06-02,11:32:01.081662,[]
2026-06-02,11:32:01.115029,[]
2026-06-02,11:32:01.148396,[]
2026-06-02,11:32:01.181763,[]
2026-06-02,11:32:01.215130,[]
2026-06-02,11:32:01.248497,[]
2026-06-02,11:32:01.281864,[]
2026-06-02,11:32:01.315231,[]
2026-06-02,11:32:01.348598,[]
2026-06-02,11:32:01.381965,[]
2026-06-02,11:32:01.415332,[]
2026-06-02,11:32:01.448699,[]
2026-06-02,11:32:01.482066,[]
2026-06-02,11:32:01.515433,[]
2026-06-02,11:32:01.548800,[]
2026-06-02,11:32:01.582167,[]
2026-06-02,11:32:01.615534,[]
2026-06-02,11:32:01.648901,[]
2026-06-02,11:32:01.682268,[]
2026-06-02,11:32:01.715635,[]
2026-06-02,11:32:01.749002,[]
2026-06-02,11:32:01.782369,[]
2026-06-02,11:32:01.815736,[]
2026-06-02,11:32:01.849103,[]
2026-06-02,11:32:01.882470,[]
2026-06-02,11:32:01.915837,[]
2026-06-02,11:32:01.949204,[]
2026-06-02,11:32:01.982571,[]
2026-06-02,11:32:02.015938,[]
2026-06-02,11:32:02.049305,[]
2026-06-02,11:32:02.082672,[]
2026-06-02,11:32:02.116039,[]
2026-06-02,11:32:02.149406,[]
2026-06-02,11:32:02.182773,[]
2026-06-02,11:32:02.216140,[]
2026-06-02,11:32:02.249507,[]
2026-06-02,11:32:02.282874,[]
2026-06-02,11:32:02.316241,[]
2026-06-02,11:32:02.349608,[]
2026-06-02,11:32:02.382975,[]
2026-06-02,11:32:02.416342,[]
2026-06-02,11:32:02.449709,[]
2026-06-02,11:32:02.483076,[]
2026-06-02,11:32:02.516443,[]
2026-06-02,11:32:02.549810,[]
2026-06-02,11:32:02.583177,[]
2026-06-02,11:32:02.616544,[]
2026-06-02,11:32:02.649911,[]
2026-06-02,11:32:02.683278,[]
2026-06-02,11:32:02.716645,[]
2026-06-02,11:32:02.750012,[]
2026-06-02,11:32:02.783379,[]
2026-06-02,11:32:02.816746,[]
2026-06-02,11:32:02.850113,[]
2026-06-02,11:32:02.883480,[]
2026-06-02,11:32:02.916847,[]
2026-06-02,11:32:02.950214,[]
2026-06-02,11:32:02.983581,[]
2026-06-02,11:32:03.016948,[]
2026-06-02,11:32:03.050315,[]
2026-06-02,11:32:03.083682,[]
2026-06-02,11:32:03.117049,[]
2026-06-02,11:32:03.150416,[]
2026-06-02,11:32:03.183783,[]
2026-06-02,11:32:03.217150,[]
2026-06-02,11:32:03.250517,[]
2026-06-02,11:32:03.283884,[]
2026-06-02,11:32:03.317251,[]
2026-06-02,11:32:03.350618,[]
2026-06-02,11:32:03.383985,[]
2026-06-02,11:32:03.417352,[]
2026-06-02,11:32:03.450719,[]
2026-06-02,11:32:03.484086,[]
2026-06-02,11:32:03.517453,[]
2026-06-02,11:32:03.550820,[]
2026-06-02,11:32:03.584187,[]
2026-06-02,11:32:03.617554,[]
2026-06-02,11:32:03.650921,[]
2026-06-02,11:32:03.684288,[]
2026-06-02,11:32:03.717655,[]
2026-06-02,11:32:03.751022,[]
2026-06-02,11:32:03.784389,[]
2026-06-02,11:32:03.817756,[]
2026-06-02,11:32:03.851123,[]
2026-06-02,11:32:03.884490,[]
2026-06-02,11:32:03.917857,[]
2026-06-02,11:32:03.951224,[]
2026-06-02,11:32:03.984591,[]
2026-06-02,11:32:04.017958,[]
2026-06-02,11:32:04.051325,[]
2026-06-02,11:32:04.084692,[]
2026-06-02,11:32:04.118059,[]
2026-06-02,11:32:04.151426,[]
2026-06-02,11:32:04.184793,[]
2026-06-02,11:32:04.218160,[]
2026-06-02,11:32:04.251527,[]
2026-06-02,11:32:04.284894,[]
2026-06-02,11:32:04.318261,[]
2026-06-02,11:32:04.351628,[]
2026-06-02,11:32:04.384995,[]
2026-06-02,11:32:04.418362,[]
2026-06-02,11:32:04.451729,[]
2026-06-02,11:32:04.485096,[]
2026-06-02,11:32:04.518463,[]
2026-06-02,11:32:04.551830,[]
2026-06-02,11:32:04.585197,[]
2026-06-02,11:32:04.618564,[]
2026-06-02,11:32:04.651931,[]
2026-06-02,11:32:04.685298,[]
2026-06-02,11:32:04.718665,[]
2026-06-02,11:32:04.752032,[]
2026-06-02,11:32:04.785399,[]
2026-06-02,11:32:04.818766,[]
2026-06-02,11:32:04.852133,[]
2026-06-02,11:32:04.885500,[]
2026-06-02,11:32:04.918867,[]
2026-06-02,11:32:04.952234,[]
2026-06-02,11:32:04.985601,[]
2026-06-02,11:32:05.018968,[]
2026-06-02,11:32:05.052335,[]
2026-06-02,11:32:05.085702,[]
2026-06-02,11:32:05.119069,[]
2026-06-02,11:32:05.152436,[]
2026-06-02,11:32:05.185803,[]
2026-06-02,11:32:05.219170,[]
2026-06-02,11:32:05.252537,[]
2026-06-02,11:32:05.285904,[]
2026-06-02,11:32:05.319271,[]
2026-06-02,11:32:05.352638,[]
2026-06-02,11:32:05.386005,[]
2026-06-02,11:32:05.419372,[]
2026-06-02,11:32:05.452739,[]
2026-06-02,11:32:05.486106,[]
2026-06-02,11:32:05.519473,[]
2026-06-02,11:32:05.552840,[]
2026-06-02,11:32:05.586207,[]
2026-06-02,11:32:05.619574,[]
2026-06-02,11:32:05.652941,[]
2026-06-02,11:32:05.686308,[]
2026-06-02,11:32:05.719675,[]
2026-06-02,11:32:05.753042,[]
2026-06-02,11:32:05.786409,[]
2026-06-02,11:32:05.819776,[]
2026-06-02,11:32:05.853143,[]
2026-06-02,11:32:05.886510,[]
2026-06-02,11:32:05.919877,[]
2026-06-02,11:32:05.953244,[]
2026-06-02,11:32:05.986611,[]
2026-06-02,11:32:06.019978,[]
2026-06-02,11:32:06.053345,[]
2026-06-02,11:32:06.086712,[]
2026-06-02,11:32:06.120079,[]
2026-06-02,11:32:06.153446,[]
2026-06-02,11:32:06.186813,[]
2026-06-02,11:32:06.220180,[]
2026-06-02,11:32:06.253547,[]
2026-06-02,11:32:06.286914,[]
2026-06-02,11:32:06.320281,[]
2026-06-02,11:32:06.353648,[]
2026-06-02,11:32:06.387015,[]
2026-06-02,11:32:06.420382,[]
2026-06-02,11:32:06.453749,[]
2026-06-02,11:32:06.487116,[]
2026-06-02,11:32:06.520483,[]
2026-06-02,11:32:06.553850,[]
2026-06-02,11:32:06.587217,['EE87386']
2026-06-02,11:32:06.620584,['EE87386']
2026-06-02,11:32:06.653951,['EE87386']
2026-06-02,11:32:06.687318,['EE87386']
2026-06-02,11:32:06.720685,['EE87386']
2026-06-02,11:32:06.754052,['EE87386']
2026-06-02,11:32:06.787419,['EE87386']
2026-06-02,11:32:06.820786,['EE87386']
2026-06-02,11:32:06.854153,['EE87386']
2026-06-02,11:32:06.887520,[]
2026-06-02,11:32:06.920887,[]
2026-06-02,11:32:06.954254,[]
2026-06-02,11:32:06.987621,[]
2026-06-02,11:32:07.020988,[]
2026-06-02,11:32:07.054355,[]
2026-06-02,11:32:07.087722,[]
2026-06-02,11:32:07.121089,[]
2026-06-02,11:32:07.154456,[]
2026-06-02,11:32:07.187823,[]
2026-06-02,11:32:07.221190,[]
2026-06-02,11:32:07.254557,[]
2026-06-02,11:32:07.287924,[]
2026-06-02,11:32:07.321291,[]
2026-06-02,11:32:07.354658,[]
2026-06-02,11:32:07.388025,[]
2026-06-02,11:32:07.421392,[]
2026-06-02,11:32:07.454759,[]
2026-06-02,11:32:07.488126,[]
2026-06-02,11:32:07.521493,[]
2026-06-02,11:32:07.554860,[]
2026-06-02,11:32:07.588227,[]
2026-06-02,11:32:07.621594,[]
2026-06-02,11:32:07.654961,[]
2026-06-02,11:32:07.688328,[]
2026-06-02,11:32:07.721695,[]
2026-06-02,11:32:07.755062,[]
2026-06-02,11:32:07.788429,[]
2026-06-02,11:32:07.821796,[]
2026-06-02,11:32:07.855163,[]
2026-06-02,11:32:07.888530,[]
2026-06-02,11:32:07.921897,[]
2026-06-02,11:32:07.955264,[]
2026-06-02,11:32:07.988631,[]
2026-06-02,11:32:08.021998,[]
2026-06-02,11:32:08.055365,[]
2026-06-02,11:32:08.088732,[]
2026-06-02,11:32:08.122099,[]
2026-06-02,11:32:08.155466,[]
2026-06-02,11:32:08.188833,[]
2026-06-02,11:32:08.222200,[]
2026-06-02,11:32:08.255567,[]
2026-06-02,11:32:08.288934,[]
2026-06-02,11:32:08.322301,[]
2026-06-02,11:32:08.355668,[]
2026-06-02,11:32:08.389035,[]
2026-06-02,11:32:08.422402,[]
2026-06-02,11:32:08.455769,[]
2026-06-02,11:32:08.489136,[]
2026-06-02,11:32:08.522503,[]
2026-06-02,11:32:08.555870,[]
2026-06-02,11:32:08.589237,[]
2026-06-02,11:32:08.622604,[]
2026-06-02,11:32:08.655971,[]
2026-06-02,11:32:08.689338,[]
2026-06-02,11:32:08.722705,[]
2026-06-02,11:32:08.756072,[]
2026-06-02,11:32:08.789439,[]
2026-06-02,11:32:08.822806,[]
2026-06-02,11:32:08.856173,[]
2026-06-02,11:32:08.889540,[]
2026-06-02,11:32:08.922907,[]
2026-06-02,11:32:08.956274,[]
2026-06-02,11:32:08.989641,[]
2026-06-02,11:32:09.023008,[]
2026-06-02,11:32:09.056375,[]
2026-06-02,11:32:09.089742,[]
2026-06-02,11:32:09.123109,[]
2026-06-02,11:32:09.156476,[]
2026-06-02,11:32:09.189843,[]
2026-06-02,11:32:09.223210,[]
2026-06-02,11:32:09.256577,[]
2026-06-02,11:32:09.289944,[]
2026-06-02,11:32:09.323311,[]
2026-06-02,11:32:09.356678,[]
2026-06-02,11:32:09.390045,[]
2026-06-02,11:32:09.423412,[]
2026-06-02,11:32:09.456779,[]
2026-06-02,11:32:09.490146,[]
2026-06-02,11:32:09.523513,[]
2026-06-02,11:32:09.556880,[]
2026-06-02,11:32:09.590247,[]
2026-06-02,11:32:09.623614,[]
2026-06-02,11:32:09.656981,[]
2026-06-02,11:32:09.690348,[]
2026-06-02,11:32:09.723715,[]
2026-06-02,11:32:09.757082,[]
2026-06-02,11:32:09.790449,[]
2026-06-02,11:32:09.823816,[]
2026-06-02,11:32:09.857183,[]
2026-06-02,11:32:09.890550,[]
2026-06-02,11:32:09.923917,[]
2026-06-02,11:32:09.957284,[]
2026-06-02,11:32:09.990651,[]
2026-06-02,11:32:10.024018,[]
2026-06-02,11:32:10.057385,[]
2026-06-02,11:32:10.090752,[]
2026-06-02,11:32:10.124119,[]
2026-06-02,11:32:10.157486,[]
2026-06-02,11:32:10.190853,[]
2026-06-02,11:32:10.224220,[]
2026-06-02,11:32:10.257587,[]
2026-06-02,11:32:10.290954,[]
2026-06-02,11:32:10.324321,[]
2026-06-02,11:32:10.357688,[]
2026-06-02,11:32:10.391055,[]
2026-06-02,11:32:10.424422,[]
2026-06-02,11:32:10.457789,[]
2026-06-02,11:32:10.491156,[]
2026-06-02,11:32:10.524523,[]
2026-06-02,11:32:10.557890,[]
2026-06-02,11:32:10.591257,[]
2026-06-02,11:32:10.624624,[]
2026-06-02,11:32:10.657991,[]
2026-06-02,11:32:10.691358,[]
2026-06-02,11:32:10.724725,[]
2026-06-02,11:32:10.758092,[]
2026-06-02,11:32:10.791459,[]
2026-06-02,11:32:10.824826,[]
2026-06-02,11:32:10.858193,[]
2026-06-02,11:32:10.891560,[]
2026-06-02,11:32:10.924927,[]
2026-06-02,11:32:10.958294,[]
2026-06-02,11:32:10.991661,[]
2026-06-02,11:32:11.025028,[]
2026-06-02,11:32:11.058395,[]
2026-06-02,11:32:11.091762,[]
2026-06-02,11:32:11.125129,[]
2026-06-02,11:32:11.158496,[]
2026-06-02,11:32:11.191863,[]
2026-06-02,11:32:11.225230,[]
2026-06-02,11:32:11.258597,[]
2026-06-02,11:32:11.291964,[]
2026-06-02,11:32:11.325331,[]
2026-06-02,11:32:11.358698,[]
2026-06-02,11:32:11.392065,[]
2026-06-02,11:32:11.425432,[]
2026-06-02,11:32:11.458799,[]
2026-06-02,11:32:11.492166,[]
2026-06-02,11:32:11.525533,[]
2026-06-02,11:32:11.558900,[]
2026-06-02,11:32:11.592267,[]
2026-06-02,11:32:11.625634,[]
2026-06-02,11:32:11.659001,[]
2026-06-02,11:32:11.692368,[]
2026-06-02,11:32:11.725735,[]
2026-06-02,11:32:11.759102,[]
2026-06-02,11:32:11.792469,[]
2026-06-02,11:32:11.825836,[]
2026-06-02,11:32:11.859203,[]
2026-06-02,11:32:11.892570,[]
2026-06-02,11:32:11.925937,[]
2026-06-02,11:32:11.959304,[]
2026-06-02,11:32:11.992671,[]
2026-06-02,11:32:12.026038,[]
2026-06-02,11:32:12.059405,[]
2026-06-02,11:32:12.092772,[]
2026-06-02,11:32:12.126139,[]
2026-06-02,11:32:12.159506,[]
2026-06-02,11:32:12.192873,[]
2026-06-02,11:32:12.226240,[]
2026-06-02,11:32:12.259607,[]
2026-06-02,11:32:12.292974,[]
2026-06-02,11:32:12.326341,[]
2026-06-02,11:32:12.359708,[]
2026-06-02,11:32:12.393075,[]
2026-06-02,11:32:12.426442,[]
2026-06-02,11:32:12.459809,[]
2026-06-02,11:32:12.493176,[]
2026-06-02,11:32:12.526543,[]
2026-06-02,11:32:12.559910,[]
2026-06-02,11:32:12.593277,[]
2026-06-02,11:32:12.626644,[]
2026-06-02,11:32:12.660011,[]
2026-06-02,11:32:12.693378,[]
2026-06-02,11:32:12.726745,[]
2026-06-02,11:32:12.760112,[]
2026-06-02,11:32:12.793479,[]
2026-06-02,11:32:12.826846,[]
2026-06-02,11:32:12.860213,[]
2026-06-02,11:32:12.893580,[]
2026-06-02,11:32:12.926947,[]
2026-06-02,11:32:12.960314,[]
2026-06-02,11:32:12.993681,[]
2026-06-02,11:32:13.027048,[]
2026-06-02,11:32:13.060415,[]
2026-06-02,11:32:13.093782,[]
2026-06-02,11:32:13.127149,[]
2026-06-02,11:32:13.160516,[]
2026-06-02,11:32:13.193883,[]
2026-06-02,11:32:13.227250,[]
2026-06-02,11:32:13.260617,[]
2026-06-02,11:32:13.293984,[]
2026-06-02,11:32:13.327351,[]
2026-06-02,11:32:13.360718,[]
2026-06-02,11:32:13.394085,[]
2026-06-02,11:32:13.427452,[]
2026-06-02,11:32:13.460819,[]
2026-06-02,11:32:13.494186,[]
2026-06-02,11:32:13.527553,[]
2026-06-02,11:32:13.560920,[]
2026-06-02,11:32:13.594287,[]
2026-06-02,11:32:13.627654,[]
2026-06-02,11:32:13.661021,[]
2026-06-02,11:32:13.694388,[]
2026-06-02,11:32:13.727755,[]
2026-06-02,11:32:13.761122,[]
2026-06-02,11:32:13.794489,[]
2026-06-02,11:32:13.827856,[]
2026-06-02,11:32:13.861223,[]
2026-06-02,11:32:13.894590,[]
2026-06-02,11:32:13.927957,[]
2026-06-02,11:32:13.961324,[]
2026-06-02,11:32:13.994691,[]
2026-06-02,11:32:14.028058,[]
2026-06-02,11:32:14.061425,[]
2026-06-02,11:32:14.094792,[]
2026-06-02,11:32:14.128159,[]
2026-06-02,11:32:14.161526,[]
2026-06-02,11:32:14.194893,['BX69855']
2026-06-02,11:32:14.228260,['BX69855']
2026-06-02,11:32:14.261627,['BX69855']
2026-06-02,11:32:14.294994,['BX69855']
2026-06-02,11:32:14.328361,['BX69855']
2026-06-02,11:32:14.361728,[]
2026-06-02,11:32:14.395095,[]
2026-06-02,11:32:14.428462,[]
2026-06-02,11:32:14.461829,[]
2026-06-02,11:32:14.495196,[]
2026-06-02,11:32:14.528563,[]
2026-06-02,11:32:14.561930,[]
2026-06-02,11:32:14.595297,[]
2026-06-02,11:32:14.628664,[]
2026-06-02,11:32:14.662031,[]
2026-06-02,11:32:14.695398,[]
2026-06-02,11:32:14.728765,[]
2026-06-02,11:32:14.762132,[]
2026-06-02,11:32:14.795499,[]
2026-06-02,11:32:14.828866,[]
2026-06-02,11:32:14.862233,[]
2026-06-02,11:32:14.895600,[]
2026-06-02,11:32:14.928967,[]
2026-06-02,11:32:14.962334,[]
2026-06-02,11:32:14.995701,[]
2026-06-02,11:32:15.029068,[]
2026-06-02,11:32:15.062435,[]
2026-06-02,11:32:15.095802,[]
2026-06-02,11:32:15.129169,[]
2026-06-02,11:32:15.162536,[]
2026-06-02,11:32:15.195903,[]
2026-06-02,11:32:15.229270,[]
2026-06-02,11:32:15.262637,[]
2026-06-02,11:32:15.296004,[]
2026-06-02,11:32:15.329371,[]
2026-06-02,11:32:15.362738,[]
2026-06-02,11:32:15.396105,[]
2026-06-02,11:32:15.429472,[]
2026-06-02,11:32:15.462839,[]
2026-06-02,11:32:15.496206,[]
2026-06-02,11:32:15.529573,[]
2026-06-02,11:32:15.562940,[]
2026-06-02,11:32:15.596307,[]
2026-06-02,11:32:15.629674,[]
2026-06-02,11:32:15.663041,[]
2026-06-02,11:32:15.696408,[]
2026-06-02,11:32:15.729775,[]
2026-06-02,11:32:15.763142,[]
2026-06-02,11:32:15.796509,[]
2026-06-02,11:32:15.829876,[]
2026-06-02,11:32:15.863243,[]
2026-06-02,11:32:15.896610,[]
2026-06-02,11:32:15.929977,[]
2026-06-02,11:32:15.963344,[]
2026-06-02,11:32:15.996711,[]
2026-06-02,11:32:16.030078,[]
2026-06-02,11:32:16.063445,[]
2026-06-02,11:32:16.096812,[]
2026-06-02,11:32:16.130179,[]
2026-06-02,11:32:16.163546,[]
2026-06-02,11:32:16.196913,[]
2026-06-02,11:32:16.230280,[]
2026-06-02,11:32:16.263647,[]
2026-06-02,11:32:16.297014,[]
2026-06-02,11:32:16.330381,[]
2026-06-02,11:32:16.363748,[]
2026-06-02,11:32:16.397115,[]
2026-06-02,11:32:16.430482,[]
2026-06-02,11:32:16.463849,[]
2026-06-02,11:32:16.497216,[]
2026-06-02,11:32:16.530583,[]
2026-06-02,11:32:16.563950,[]
2026-06-02,11:32:16.597317,[]
2026-06-02,11:32:16.630684,[]
2026-06-02,11:32:16.664051,[]
2026-06-02,11:32:16.697418,[]
2026-06-02,11:32:16.730785,[]
2026-06-02,11:32:16.764152,[]
2026-06-02,11:32:16.797519,[]
2026-06-02,11:32:16.830886,[]
2026-06-02,11:32:16.864253,[]
2026-06-02,11:32:16.897620,[]
2026-06-02,11:32:16.930987,[]
2026-06-02,11:32:16.964354,[]
2026-06-02,11:32:16.997721,[]
2026-06-02,11:32:17.031088,[]
2026-06-02,11:32:17.064455,[]
2026-06-02,11:32:17.097822,[]
2026-06-02,11:32:17.131189,[]
2026-06-02,11:32:17.164556,[]
2026-06-02,11:32:17.197923,[]
2026-06-02,11:32:17.231290,[]
2026-06-02,11:32:17.264657,[]
2026-06-02,11:32:17.298024,[]
2026-06-02,11:32:17.331391,[]
2026-06-02,11:32:17.364758,[]
2026-06-02,11:32:17.398125,[]
2026-06-02,11:32:17.431492,[]
2026-06-02,11:32:17.464859,[]
2026-06-02,11:32:17.498226,[]
2026-06-02,11:32:17.531593,[]
2026-06-02,11:32:17.564960,[]
2026-06-02,11:32:17.598327,[]
2026-06-02,11:32:17.631694,[]
2026-06-02,11:32:17.665061,[]
2026-06-02,11:32:17.698428,[]
2026-06-02,11:32:17.731795,[]
2026-06-02,11:32:17.765162,[]
2026-06-02,11:32:17.798529,[]
2026-06-02,11:32:17.831896,[]
2026-06-02,11:32:17.865263,[]
2026-06-02,11:32:17.898630,[]
2026-06-02,11:32:17.931997,[]
2026-06-02,11:32:17.965364,[]
2026-06-02,11:32:17.998731,[]
2026-06-02,11:32:18.032098,[]
2026-06-02,11:32:18.065465,[]
2026-06-02,11:32:18.098832,[]
2026-06-02,11:32:18.132199,[]
2026-06-02,11:32:18.165566,[]
2026-06-02,11:32:18.198933,[]
2026-06-02,11:32:18.232300,[]
2026-06-02,11:32:18.265667,[]
2026-06-02,11:32:18.299034,[]
2026-06-02,11:32:18.332401,[]
2026-06-02,11:32:18.365768,[]
2026-06-02,11:32:18.399135,[]
2026-06-02,11:32:18.432502,[]
2026-06-02,11:32:18.465869,[]
2026-06-02,11:32:18.499236,[]
2026-06-02,11:32:18.532603,[]
2026-06-02,11:32:18.565970,[]
2026-06-02,11:32:18.599337,[]
2026-06-02,11:32:18.632704,[]
2026-06-02,11:32:18.666071,[]
2026-06-02,11:32:18.699438,[]
2026-06-02,11:32:18.732805,['ER30303']
2026-06-02,11:32:18.766172,['ER30303']
2026-06-02,11:32:18.799539,['ER30303']
2026-06-02,11:32:18.832906,['ER30303']
2026-06-02,11:32:18.866273,['ER30303']
2026-06-02,11:32:18.899640,['ER30303']
2026-06-02,11:32:18.933007,['ER30303']
2026-06-02,11:32:18.966374,[]
2026-06-02,11:32:18.999741,[]
2026-06-02,11:32:19.033108,[]
2026-06-02,11:32:19.066475,[]
2026-06-02,11:32:19.099842,[]
2026-06-02,11:32:19.133209,[]
2026-06-02,11:32:19.166576,[]
2026-06-02,11:32:19.199943,[]
2026-06-02,11:32:19.233310,[]
2026-06-02,11:32:19.266677,[]
2026-06-02,11:32:19.300044,[]
2026-06-02,11:32:19.333411,[]
2026-06-02,11:32:19.366778,[]
2026-06-02,11:32:19.400145,[]
2026-06-02,11:32:19.433512,[]
2026-06-02,11:32:19.466879,[]
2026-06-02,11:32:19.500246,[]
2026-06-02,11:32:19.533613,[]
2026-06-02,11:32:19.566980,[]
2026-06-02,11:32:19.600347,[]
2026-06-02,11:32:19.633714,[]
2026-06-02,11:32:19.667081,[]
2026-06-02,11:32:19.700448,[]
2026-06-02,11:32:19.733815,[]
2026-06-02,11:32:19.767182,[]
2026-06-02,11:32:19.800549,[]
2026-06-02,11:32:19.833916,[]
2026-06-02,11:32:19.867283,[]
2026-06-02,11:32:19.900650,[]
2026-06-02,11:32:19.934017,[]
2026-06-02,11:32:19.967384,[]
2026-06-02,11:32:20.000751,[]
2026-06-02,11:32:20.034118,[]
2026-06-02,11:32:20.067485,[]
2026-06-02,11:32:20.100852,[]
2026-06-02,11:32:20.134219,[]
2026-06-02,11:32:20.167586,[]
2026-06-02,11:32:20.200953,[]
2026-06-02,11:32:20.234320,[]
2026-06-02,11:32:20.267687,[]
2026-06-02,11:32:20.301054,[]
2026-06-02,11:32:20.334421,[]
2026-06-02,11:32:20.367788,[]
2026-06-02,11:32:20.401155,[]
2026-06-02,11:32:20.434522,[]
2026-06-02,11:32:20.467889,[]
2026-06-02,11:32:20.501256,[]
2026-06-02,11:32:20.534623,[]
2026-06-02,11:32:20.567990,[]
2026-06-02,11:32:20.601357,[]
2026-06-02,11:32:20.634724,[]
2026-06-02,11:32:20.668091,[]
2026-06-02,11:32:20.701458,[]
2026-06-02,11:32:20.734825,[]
2026-06-02,11:32:20.768192,[]
2026-06-02,11:32:20.801559,[]
2026-06-02,11:32:20.834926,[]
2026-06-02,11:32:20.868293,[]
2026-06-02,11:32:20.901660,[]
2026-06-02,11:32:20.935027,[]
2026-06-02,11:32:20.968394,[]
2026-06-02,11:32:21.001761,[]
2026-06-02,11:32:21.035128,[]
2026-06-02,11:32:21.068495,[]
2026-06-02,11:32:21.101862,[]
2026-06-02,11:32:21.135229,[]
2026-06-02,11:32:21.168596,[]
2026-06-02,11:32:21.201963,[]
2026-06-02,11:32:21.235330,[]
2026-06-02,11:32:21.268697,[]
2026-06-02,11:32:21.302064,[]
2026-06-02,11:32:21.335431,[]
2026-06-02,11:32:21.368798,[]
2026-06-02,11:32:21.402165,[]
2026-06-02,11:32:21.435532,[]
2026-06-02,11:32:21.468899,[]
2026-06-02,11:32:21.502266,[]
2026-06-02,11:32:21.535633,[]
2026-06-02,11:32:21.569000,[]
2026-06-02,11:32:21.602367,[]
2026-06-02,11:32:21.635734,[]
2026-06-02,11:32:21.669101,[]
2026-06-02,11:32:21.702468,[]
2026-06-02,11:32:21.735835,[]
2026-06-02,11:32:21.769202,[]
2026-06-02,11:32:21.802569,[]
2026-06-02,11:32:21.835936,[]
2026-06-02,11:32:21.869303,[]
2026-06-02,11:32:21.902670,[]
2026-06-02,11:32:21.936037,[]
2026-06-02,11:32:21.969404,[]
2026-06-02,11:32:22.002771,[]
2026-06-02,11:32:22.036138,[]
2026-06-02,11:32:22.069505,[]
2026-06-02,11:32:22.102872,[]
2026-06-02,11:32:22.136239,[]
2026-06-02,11:32:22.169606,[]
2026-06-02,11:32:22.202973,[]
2026-06-02,11:32:22.236340,[]
2026-06-02,11:32:22.269707,[]
2026-06-02,11:32:22.303074,[]
2026-06-02,11:32:22.336441,[]
2026-06-02,11:32:22.369808,[]
2026-06-02,11:32:22.403175,[]
2026-06-02,11:32:22.436542,[]
2026-06-02,11:32:22.469909,[]
2026-06-02,11:32:22.503276,[]
2026-06-02,11:32:22.536643,[]
2026-06-02,11:32:22.570010,[]
2026-06-02,11:32:22.603377,[]
2026-06-02,11:32:22.636744,[]
2026-06-02,11:32:22.670111,[]
2026-06-02,11:32:22.703478,[]
2026-06-02,11:32:22.736845,[]
2026-06-02,11:32:22.770212,[]
2026-06-02,11:32:22.803579,[]
2026-06-02,11:32:22.836946,[]
2026-06-02,11:32:22.870313,[]
2026-06-02,11:32:22.903680,[]
2026-06-02,11:32:22.937047,[]
2026-06-02,11:32:22.970414,[]
2026-06-02,11:32:23.003781,[]
2026-06-02,11:32:23.037148,[]
2026-06-02,11:32:23.070515,[]
2026-06-02,11:32:23.103882,[]
2026-06-02,11:32:23.137249,[]
2026-06-02,11:32:23.170616,[]
2026-06-02,11:32:23.203983,[]
2026-06-02,11:32:23.237350,[]
2026-06-02,11:32:23.270717,[]
2026-06-02,11:32:23.304084,[]
2026-06-02,11:32:23.337451,[]
2026-06-02,11:32:23.370818,[]
2026-06-02,11:32:23.404185,[]
2026-06-02,11:32:23.437552,[]
2026-06-02,11:32:23.470919,[]
2026-06-02,11:32:23.504286,[]
2026-06-02,11:32:23.537653,[]
2026-06-02,11:32:23.571020,[]
2026-06-02,11:32:23.604387,[]
2026-06-02,11:32:23.637754,[]
2026-06-02,11:32:23.671121,[]
2026-06-02,11:32:23.704488,[]
2026-06-02,11:32:23.737855,[]
2026-06-02,11:32:23.771222,[]
2026-06-02,11:32:23.804589,[]
2026-06-02,11:32:23.837956,[]
2026-06-02,11:32:23.871323,[]
2026-06-02,11:32:23.904690,[]
2026-06-02,11:32:23.938057,[]
2026-06-02,11:32:23.971424,[]
2026-06-02,11:32:24.004791,[]
2026-06-02,11:32:24.038158,[]
2026-06-02,11:32:24.071525,[]
2026-06-02,11:32:24.104892,[]
2026-06-02,11:32:24.138259,[]
2026-06-02,11:32:24.171626,['BV81103']
2026-06-02,11:32:24.204993,['BV81103']
2026-06-02,11:32:24.238360,['BV81103']
2026-06-02,11:32:24.271727,['BV81103']
2026-06-02,11:32:24.305094,['BV81103']
2026-06-02,11:32:24.338461,['BV81103']
2026-06-02,11:32:24.371828,['BV81103']
2026-06-02,11:32:24.405195,['BV81103']
2026-06-02,11:32:24.438562,['BV81103']
2026-06-02,11:32:24.471929,['BV81103']
2026-06-02,11:32:24.505296,['BV81103']
2026-06-02,11:32:24.538663,['BV81103']
2026-06-02,11:32:24.572030,['BV81103']
2026-06-02,11:32:24.605397,['BV81103']
2026-06-02,11:32:24.638764,['BV81103']
2026-06-02,11:32:24.672131,[]
2026-06-02,11:32:24.705498,[]
2026-06-02,11:32:24.738865,[]
2026-06-02,11:32:24.772232,[]
2026-06-02,11:32:24.805599,[]
2026-06-02,11:32:24.838966,[]
2026-06-02,11:32:24.872333,[]
2026-06-02,11:32:24.905700,[]
2026-06-02,11:32:24.939067,[]
2026-06-02,11:32:24.972434,[]
2026-06-02,11:32:25.005801,[]
2026-06-02,11:32:25.039168,[]
2026-06-02,11:32:25.072535,[]
2026-06-02,11:32:25.105902,[]
2026-06-02,11:32:25.139269,[]
2026-06-02,11:32:25.172636,[]
2026-06-02,11:32:25.206003,[]
2026-06-02,11:32:25.239370,[]
2026-06-02,11:32:25.272737,[]
2026-06-02,11:32:25.306104,[]
2026-06-02,11:32:25.339471,[]
2026-06-02,11:32:25.372838,[]
2026-06-02,11:32:25.406205,[]
2026-06-02,11:32:25.439572,[]
2026-06-02,11:32:25.472939,[]
2026-06-02,11:32:25.506306,[]
2026-06-02,11:32:25.539673,[]
2026-06-02,11:32:25.573040,[]
2026-06-02,11:32:25.606407,[]
2026-06-02,11:32:25.639774,[]
2026-06-02,11:32:25.673141,[]
2026-06-02,11:32:25.706508,[]
2026-06-02,11:32:25.739875,[]
2026-06-02,11:32:25.773242,[]
2026-06-02,11:32:25.806609,[]
2026-06-02,11:32:25.839976,[]
2026-06-02,11:32:25.873343,[]
2026-06-02,11:32:25.906710,[]
2026-06-02,11:32:25.940077,[]
2026-06-02,11:32:25.973444,[]
2026-06-02,11:32:26.006811,[]
2026-06-02,11:32:26.040178,[]
2026-06-02,11:32:26.073545,[]
2026-06-02,11:32:26.106912,[]
2026-06-02,11:32:26.140279,[]
2026-06-02,11:32:26.173646,[]
2026-06-02,11:32:26.207013,[]
2026-06-02,11:32:26.240380,[]
2026-06-02,11:32:26.273747,[]
2026-06-02,11:32:26.307114,[]
2026-06-02,11:32:26.340481,[]
2026-06-02,11:32:26.373848,[]
2026-06-02,11:32:26.407215,[]
2026-06-02,11:32:26.440582,[]
2026-06-02,11:32:26.473949,[]
2026-06-02,11:32:26.507316,[]
2026-06-02,11:32:26.540683,[]
2026-06-02,11:32:26.574050,[]
2026-06-02,11:32:26.607417,[]
2026-06-02,11:32:26.640784,[]
2026-06-02,11:32:26.674151,[]
2026-06-02,11:32:26.707518,[]
2026-06-02,11:32:26.740885,[]
2026-06-02,11:32:26.774252,[]
2026-06-02,11:32:26.807619,[]
2026-06-02,11:32:26.840986,[]
2026-06-02,11:32:26.874353,[]
2026-06-02,11:32:26.907720,[]
2026-06-02,11:32:26.941087,[]
2026-06-02,11:32:26.974454,[]
2026-06-02,11:32:27.007821,[]
2026-06-02,11:32:27.041188,[]
2026-06-02,11:32:27.074555,[]
2026-06-02,11:32:27.107922,[]
2026-06-02,11:32:27.141289,[]
2026-06-02,11:32:27.174656,[]
2026-06-02,11:32:27.208023,[]
2026-06-02,11:32:27.241390,[]
2026-06-02,11:32:27.274757,[]
2026-06-02,11:32:27.308124,[]
2026-06-02,11:32:27.341491,[]
2026-06-02,11:32:27.374858,[]
2026-06-02,11:32:27.408225,[]
2026-06-02,11:32:27.441592,[]
2026-06-02,11:32:27.474959,[]
2026-06-02,11:32:27.508326,[]
2026-06-02,11:32:27.541693,[]
2026-06-02,11:32:27.575060,[]
2026-06-02,11:32:27.608427,[]
2026-06-02,11:32:27.641794,[]
2026-06-02,11:32:27.675161,[]
2026-06-02,11:32:27.708528,[]
2026-06-02,11:32:27.741895,[]
2026-06-02,11:32:27.775262,[]
2026-06-02,11:32:27.808629,[]
2026-06-02,11:32:27.841996,[]
2026-06-02,11:32:27.875363,[]
2026-06-02,11:32:27.908730,[]
2026-06-02,11:32:27.942097,[]
2026-06-02,11:32:27.975464,[]
2026-06-02,11:32:28.008831,[]
2026-06-02,11:32:28.042198,[]
2026-06-02,11:32:28.075565,[]
2026-06-02,11:32:28.108932,[]
2026-06-02,11:32:28.142299,[]
2026-06-02,11:32:28.175666,[]
2026-06-02,11:32:28.209033,[]
2026-06-02,11:32:28.242400,[]
2026-06-02,11:32:28.275767,[]
2026-06-02,11:32:28.309134,[]
2026-06-02,11:32:28.342501,[]
2026-06-02,11:32:28.375868,[]
2026-06-02,11:32:28.409235,[]
2026-06-02,11:32:28.442602,[]
2026-06-02,11:32:28.475969,[]
2026-06-02,11:32:28.509336,[]
2026-06-02,11:32:28.542703,[]
2026-06-02,11:32:28.576070,[]
2026-06-02,11:32:28.609437,[]
2026-06-02,11:32:28.642804,[]
2026-06-02,11:32:28.676171,[]
2026-06-02,11:32:28.709538,[]
2026-06-02,11:32:28.742905,[]
2026-06-02,11:32:28.776272,[]
2026-06-02,11:32:28.809639,[]
2026-06-02,11:32:28.843006,[]
2026-06-02,11:32:28.876373,[]
2026-06-02,11:32:28.909740,[]
2026-06-02,11:32:28.943107,[]
2026-06-02,11:32:28.976474,[]
2026-06-02,11:32:29.009841,[]
2026-06-02,11:32:29.043208,[]
2026-06-02,11:32:29.076575,[]
2026-06-02,11:32:29.109942,[]
2026-06-02,11:32:29.143309,[]
2026-06-02,11:32:29.176676,[]
2026-06-02,11:32:29.210043,[]
2026-06-02,11:32:29.243410,[]
2026-06-02,11:32:29.276777,[]
2026-06-02,11:32:29.310144,[]
2026-06-02,11:32:29.343511,[]
2026-06-02,11:32:29.376878,[]
2026-06-02,11:32:29.410245,[]
2026-06-02,11:32:29.443612,[]
2026-06-02,11:32:29.476979,[]
2026-06-02,11:32:29.510346,[]
2026-06-02,11:32:29.543713,[]
2026-06-02,11:32:29.577080,[]
2026-06-02,11:32:29.610447,[]
2026-06-02,11:32:29.643814,[]
2026-06-02,11:32:29.677181,[]
2026-06-02,11:32:29.710548,[]
2026-06-02,11:32:29.743915,[]
2026-06-02,11:32:29.777282,[]
2026-06-02,11:32:29.810649,[]
2026-06-02,11:32:29.844016,[]
2026-06-02,11:32:29.877383,[]
2026-06-02,11:32:29.910750,[]
2026-06-02,11:32:29.944117,[]
2026-06-02,11:32:29.977484,[]
2026-06-02,11:32:30.010851,[]
2026-06-02,11:32:30.044218,[]
2026-06-02,11:32:30.077585,[]
2026-06-02,11:32:30.110952,[]
2026-06-02,11:32:30.144319,[]
2026-06-02,11:32:30.177686,[]
2026-06-02,11:32:30.211053,[]
2026-06-02,11:32:30.244420,[]
2026-06-02,11:32:30.277787,[]
2026-06-02,11:32:30.311154,[]
2026-06-02,11:32:30.344521,[]
2026-06-02,11:32:30.377888,[]
2026-06-02,11:32:30.411255,[]
2026-06-02,11:32:30.444622,[]
2026-06-02,11:32:30.477989,[]
2026-06-02,11:32:30.511356,[]
2026-06-02,11:32:30.544723,[]
2026-06-02,11:32:30.578090,[]
2026-06-02,11:32:30.611457,[]
2026-06-02,11:32:30.644824,[]
2026-06-02,11:32:30.678191,[]
2026-06-02,11:32:30.711558,[]
2026-06-02,11:32:30.744925,['EL88956']
2026-06-02,11:32:30.778292,['EL88956']
2026-06-02,11:32:30.811659,['EL88956']
2026-06-02,11:32:30.845026,['EL88956']
2026-06-02,11:32:30.878393,['EL88956']
2026-06-02,11:32:30.911760,['EL88956']
2026-06-02,11:32:30.945127,['EL88956']
2026-06-02,11:32:30.978494,['EL88956']
2026-06-02,11:32:31.011861,[]
2026-06-02,11:32:31.045228,[]
2026-06-02,11:32:31.078595,[]
2026-06-02,11:32:31.111962,[]
2026-06-02,11:32:31.145329,[]
2026-06-02,11:32:31.178696,[]
2026-06-02,11:32:31.212063,[]
2026-06-02,11:32:31.245430,[]
2026-06-02,11:32:31.278797,[]
2026-06-02,11:32:31.312164,[]
2026-06-02,11:32:31.345531,[]
2026-06-02,11:32:31.378898,[]
2026-06-02,11:32:31.412265,[]
2026-06-02,11:32:31.445632,[]
2026-06-02,11:32:31.478999,[]
2026-06-02,11:32:31.512366,[]
2026-06-02,11:32:31.545733,[]
2026-06-02,11:32:31.579100,[]
2026-06-02,11:32:31.612467,[]
2026-06-02,11:32:31.645834,[]
2026-06-02,11:32:31.679201,[]
2026-06-02,11:32:31.712568,[]
2026-06-02,11:32:31.745935,[]
2026-06-02,11:32:31.779302,[]
2026-06-02,11:32:31.812669,[]
2026-06-02,11:32:31.846036,[]
2026-06-02,11:32:31.879403,[]
2026-06-02,11:32:31.912770,[]
2026-06-02,11:32:31.946137,[]
2026-06-02,11:32:31.979504,[]
2026-06-02,11:32:32.012871,[]
2026-06-02,11:32:32.046238,[]
2026-06-02,11:32:32.079605,[]
2026-06-02,11:32:32.112972,[]
2026-06-02,11:32:32.146339,[]
2026-06-02,11:32:32.179706,[]
2026-06-02,11:32:32.213073,[]
2026-06-02,11:32:32.246440,[]
2026-06-02,11:32:32.279807,[]
2026-06-02,11:32:32.313174,[]
2026-06-02,11:32:32.346541,[]
2026-06-02,11:32:32.379908,[]
2026-06-02,11:32:32.413275,[]
2026-06-02,11:32:32.446642,[]
2026-06-02,11:32:32.480009,[]
2026-06-02,11:32:32.513376,[]
2026-06-02,11:32:32.546743,[]
2026-06-02,11:32:32.580110,[]
2026-06-02,11:32:32.613477,[]
2026-06-02,11:32:32.646844,[]
2026-06-02,11:32:32.680211,[]
2026-06-02,11:32:32.713578,[]
2026-06-02,11:32:32.746945,[]
2026-06-02,11:32:32.780312,[]
2026-06-02,11:32:32.813679,[]
2026-06-02,11:32:32.847046,[]
2026-06-02,11:32:32.880413,[]
2026-06-02,11:32:32.913780,[]
2026-06-02,11:32:32.947147,[]
2026-06-02,11:32:32.980514,[]
2026-06-02,11:32:33.013881,[]
2026-06-02,11:32:33.047248,[]
2026-06-02,11:32:33.080615,[]
2026-06-02,11:32:33.113982,[]
2026-06-02,11:32:33.147349,[]
2026-06-02,11:32:33.180716,[]
2026-06-02,11:32:33.214083,[]
2026-06-02,11:32:33.247450,[]
2026-06-02,11:32:33.280817,[]
2026-06-02,11:32:33.314184,[]
2026-06-02,11:32:33.347551,[]
2026-06-02,11:32:33.380918,[]
2026-06-02,11:32:33.414285,[]
2026-06-02,11:32:33.447652,[]
2026-06-02,11:32:33.481019,[]
2026-06-02,11:32:33.514386,[]
2026-06-02,11:32:33.547753,[]
2026-06-02,11:32:33.581120,[]
2026-06-02,11:32:33.614487,[]
2026-06-02,11:32:33.647854,[]
2026-06-02,11:32:33.681221,[]
2026-06-02,11:32:33.714588,[]
2026-06-02,11:32:33.747955,[]
2026-06-02,11:32:33.781322,[]
2026-06-02,11:32:33.814689,[]
2026-06-02,11:32:33.848056,[]
2026-06-02,11:32:33.881423,[]
2026-06-02,11:32:33.914790,[]
2026-06-02,11:32:33.948157,[]
2026-06-02,11:32:33.981524,[]
2026-06-02,11:32:34.014891,[]
2026-06-02,11:32:34.048258,[]
2026-06-02,11:32:34.081625,[]
2026-06-02,11:32:34.114992,[]
2026-06-02,11:32:34.148359,[]
2026-06-02,11:32:34.181726,[]
2026-06-02,11:32:34.215093,[]
2026-06-02,11:32:34.248460,[]
2026-06-02,11:32:34.281827,[]
2026-06-02,11:32:34.315194,[]
2026-06-02,11:32:34.348561,[]
2026-06-02,11:32:34.381928,['EL84532']
2026-06-02,11:32:34.415295,['EL84532']
2026-06-02,11:32:34.448662,['EL84532']
2026-06-02,11:32:34.482029,['EL84532']
2026-06-02,11:32:34.515396,['EL84532']
2026-06-02,11:32:34.548763,['EL84532']
2026-06-02,11:32:34.582130,['EL84532']
2026-06-02,11:32:34.615497,[]
2026-06-02,11:32:34.648864,[]
2026-06-02,11:32:34.682231,[]
2026-06-02,11:32:34.715598,[]
2026-06-02,11:32:34.748965,[]
2026-06-02,11:32:34.782332,[]
2026-06-02,11:32:34.815699,[]
2026-06-02,11:32:34.849066,[]
2026-06-02,11:32:34.882433,[]
2026-06-02,11:32:34.915800,[]
2026-06-02,11:32:34.949167,[]
2026-06-02,11:32:34.982534,[]
2026-06-02,11:32:35.015901,[]
2026-06-02,11:32:35.049268,[]
2026-06-02,11:32:35.082635,[]
2026-06-02,11:32:35.116002,[]
2026-06-02,11:32:35.149369,[]
2026-06-02,11:32:35.182736,[]
2026-06-02,11:32:35.216103,[]
2026-06-02,11:32:35.249470,[]
2026-06-02,11:32:35.282837,[]
2026-06-02,11:32:35.316204,[]
2026-06-02,11:32:35.349571,[]
2026-06-02,11:32:35.382938,[]
2026-06-02,11:32:35.416305,[]
2026-06-02,11:32:35.449672,[]
2026-06-02,11:32:35.483039,[]
2026-06-02,11:32:35.516406,[]
2026-06-02,11:32:35.549773,[]
2026-06-02,11:32:35.583140,[]
2026-06-02,11:32:35.616507,[]
2026-06-02,11:32:35.649874,[]
2026-06-02,11:32:35.683241,[]
2026-06-02,11:32:35.716608,[]
2026-06-02,11:32:35.749975,[]
2026-06-02,11:32:35.783342,[]
2026-06-02,11:32:35.816709,[]
2026-06-02,11:32:35.850076,[]
2026-06-02,11:32:35.883443,[]
2026-06-02,11:32:35.916810,[]
2026-06-02,11:32:35.950177,[]
2026-06-02,11:32:35.983544,[]
2026-06-02,11:32:36.016911,[]
2026-06-02,11:32:36.050278,[]
2026-06-02,11:32:36.083645,[]
2026-06-02,11:32:36.117012,[]
2026-06-02,11:32:36.150379,[]
2026-06-02,11:32:36.183746,[]
2026-06-02,11:32:36.217113,[]
2026-06-02,11:32:36.250480,[]
2026-06-02,11:32:36.283847,[]
2026-06-02,11:32:36.317214,[]
2026-06-02,11:32:36.350581,[]
2026-06-02,11:32:36.383948,[]
2026-06-02,11:32:36.417315,[]
2026-06-02,11:32:36.450682,[]
2026-06-02,11:32:36.484049,[]
2026-06-02,11:32:36.517416,[]
2026-06-02,11:32:36.550783,[]
2026-06-02,11:32:36.584150,[]
2026-06-02,11:32:36.617517,[]
2026-06-02,11:32:36.650884,[]
2026-06-02,11:32:36.684251,[]
2026-06-02,11:32:36.717618,[]
2026-06-02,11:32:36.750985,[]
2026-06-02,11:32:36.784352,[]
2026-06-02,11:32:36.817719,[]
2026-06-02,11:32:36.851086,[]
2026-06-02,11:32:36.884453,[]
2026-06-02,11:32:36.917820,[]
2026-06-02,11:32:36.951187,[]
2026-06-02,11:32:36.984554,[]
2026-06-02,11:32:37.017921,[]
2026-06-02,11:32:37.051288,[]
2026-06-02,11:32:37.084655,[]
2026-06-02,11:32:37.118022,[]
2026-06-02,11:32:37.151389,[]
2026-06-02,11:32:37.184756,[]
2026-06-02,11:32:37.218123,[]
2026-06-02,11:32:37.251490,[]
2026-06-02,11:32:37.284857,[]
2026-06-02,11:32:37.318224,[]
2026-06-02,11:32:37.351591,[]
2026-06-02,11:32:37.384958,[]
2026-06-02,11:32:37.418325,[]
2026-06-02,11:32:37.451692,[]
2026-06-02,11:32:37.485059,[]
2026-06-02,11:32:37.518426,[]
2026-06-02,11:32:37.551793,[]
2026-06-02,11:32:37.585160,[]
2026-06-02,11:32:37.618527,[]
2026-06-02,11:32:37.651894,[]
2026-06-02,11:32:37.685261,[]
2026-06-02,11:32:37.718628,[]
2026-06-02,11:32:37.751995,[]
2026-06-02,11:32:37.785362,[]
2026-06-02,11:32:37.818729,[]
2026-06-02,11:32:37.852096,[]
2026-06-02,11:32:37.885463,[]
2026-06-02,11:32:37.918830,[]
2026-06-02,11:32:37.952197,[]
2026-06-02,11:32:37.985564,[]
2026-06-02,11:32:38.018931,[]
2026-06-02,11:32:38.052298,[]
2026-06-02,11:32:38.085665,[]
2026-06-02,11:32:38.119032,[]
2026-06-02,11:32:38.152399,[]
2026-06-02,11:32:38.185766,[]
2026-06-02,11:32:38.219133,[]
2026-06-02,11:32:38.252500,[]
2026-06-02,11:32:38.285867,[]
2026-06-02,11:32:38.319234,[]
2026-06-02,11:32:38.352601,[]
2026-06-02,11:32:38.385968,[]
2026-06-02,11:32:38.419335,[]
2026-06-02,11:32:38.452702,[]
2026-06-02,11:32:38.486069,[]
2026-06-02,11:32:38.519436,[]
2026-06-02,11:32:38.552803,[]
2026-06-02,11:32:38.586170,[]
2026-06-02,11:32:38.619537,[]
2026-06-02,11:32:38.652904,[]
2026-06-02,11:32:38.686271,[]
2026-06-02,11:32:38.719638,[]
2026-06-02,11:32:38.753005,[]
2026-06-02,11:32:38.786372,[]
2026-06-02,11:32:38.819739,[]
2026-06-02,11:32:38.853106,[]
2026-06-02,11:32:38.886473,[]
2026-06-02,11:32:38.919840,[]
2026-06-02,11:32:38.953207,[]
2026-06-02,11:32:38.986574,[]
2026-06-02,11:32:39.019941,[]
2026-06-02,11:32:39.053308,[]
2026-06-02,11:32:39.086675,[]
2026-06-02,11:32:39.120042,[]
2026-06-02,11:32:39.153409,[]
2026-06-02,11:32:39.186776,[]
2026-06-02,11:32:39.220143,[]
2026-06-02,11:32:39.253510,[]
2026-06-02,11:32:39.286877,[]
2026-06-02,11:32:39.320244,[]
2026-06-02,11:32:39.353611,[]
2026-06-02,11:32:39.386978,[]
2026-06-02,11:32:39.420345,[]
2026-06-02,11:32:39.453712,[]
2026-06-02,11:32:39.487079,[]
2026-06-02,11:32:39.520446,[]
2026-06-02,11:32:39.553813,[]
2026-06-02,11:32:39.587180,[]
2026-06-02,11:32:39.620547,[]
2026-06-02,11:32:39.653914,[]
2026-06-02,11:32:39.687281,[]
2026-06-02,11:32:39.720648,[]
2026-06-02,11:32:39.754015,[]
2026-06-02,11:32:39.787382,[]
2026-06-02,11:32:39.820749,[]
2026-06-02,11:32:39.854116,[]
2026-06-02,11:32:39.887483,[]
2026-06-02,11:32:39.920850,[]
2026-06-02,11:32:39.954217,[]
2026-06-02,11:32:39.987584,[]
2026-06-02,11:32:40.020951,[]
2026-06-02,11:32:40.054318,[]
2026-06-02,11:32:40.087685,[]
2026-06-02,11:32:40.121052,[]
2026-06-02,11:32:40.154419,[]
2026-06-02,11:32:40.187786,[]
2026-06-02,11:32:40.221153,[]
2026-06-02,11:32:40.254520,[]
2026-06-02,11:32:40.287887,[]
2026-06-02,11:32:40.321254,[]
2026-06-02,11:32:40.354621,[]
2026-06-02,11:32:40.387988,[]
2026-06-02,11:32:40.421355,[]
2026-06-02,11:32:40.454722,[]
2026-06-02,11:32:40.488089,[]
2026-06-02,11:32:40.521456,[]
2026-06-02,11:32:40.554823,[]
2026-06-02,11:32:40.588190,[]
2026-06-02,11:32:40.621557,[]
2026-06-02,11:32:40.654924,[]
2026-06-02,11:32:40.688291,[]
2026-06-02,11:32:40.721658,[]
2026-06-02,11:32:40.755025,[]
2026-06-02,11:32:40.788392,[]
2026-06-02,11:32:40.821759,[]
2026-06-02,11:32:40.855126,[]
2026-06-02,11:32:40.888493,[]
2026-06-02,11:32:40.921860,[]
2026-06-02,11:32:40.955227,[]
2026-06-02,11:32:40.988594,[]
2026-06-02,11:32:41.021961,[]
2026-06-02,11:32:41.055328,[]
2026-06-02,11:32:41.088695,[]
2026-06-02,11:32:41.122062,[]
2026-06-02,11:32:41.155429,[]
2026-06-02,11:32:41.188796,[]
2026-06-02,11:32:41.222163,[]
2026-06-02,11:32:41.255530,[]
2026-06-02,11:32:41.288897,[]
2026-06-02,11:32:41.322264,[]
2026-06-02,11:32:41.355631,[]
2026-06-02,11:32:41.388998,[]
2026-06-02,11:32:41.422365,[]
2026-06-02,11:32:41.455732,[]
2026-06-02,11:32:41.489099,[]
2026-06-02,11:32:41.522466,[]
2026-06-02,11:32:41.555833,[]
2026-06-02,11:32:41.589200,[]
2026-06-02,11:32:41.622567,[]
2026-06-02,11:32:41.655934,[]
2026-06-02,11:32:41.689301,[]
2026-06-02,11:32:41.722668,[]
2026-06-02,11:32:41.756035,[]
2026-06-02,11:32:41.789402,[]
2026-06-02,11:32:41.822769,[]
2026-06-02,11:32:41.856136,[]
2026-06-02,11:32:41.889503,[]
2026-06-02,11:32:41.922870,[]
2026-06-02,11:32:41.956237,[]
2026-06-02,11:32:41.989604,[]
2026-06-02,11:32:42.022971,[]
2026-06-02,11:32:42.056338,[]
2026-06-02,11:32:42.089705,[]
2026-06-02,11:32:42.123072,[]
2026-06-02,11:32:42.156439,[]
2026-06-02,11:32:42.189806,[]
2026-06-02,11:32:42.223173,[]
2026-06-02,11:32:42.256540,[]
2026-06-02,11:32:42.289907,[]
2026-06-02,11:32:42.323274,[]
2026-06-02,11:32:42.356641,[]
2026-06-02,11:32:42.390008,[]
2026-06-02,11:32:42.423375,[]
2026-06-02,11:32:42.456742,[]
2026-06-02,11:32:42.490109,[]
2026-06-02,11:32:42.523476,[]
2026-06-02,11:32:42.556843,[]
2026-06-02,11:32:42.590210,[]
2026-06-02,11:32:42.623577,[]
2026-06-02,11:32:42.656944,[]
2026-06-02,11:32:42.690311,[]
2026-06-02,11:32:42.723678,[]
2026-06-02,11:32:42.757045,[]
2026-06-02,11:32:42.790412,[]
2026-06-02,11:32:42.823779,[]
2026-06-02,11:32:42.857146,[]
2026-06-02,11:32:42.890513,[]
2026-06-02,11:32:42.923880,[]
2026-06-02,11:32:42.957247,[]
2026-06-02,11:32:42.990614,[]
2026-06-02,11:32:43.023981,[]
2026-06-02,11:32:43.057348,[]
2026-06-02,11:32:43.090715,[]
2026-06-02,11:32:43.124082,[]
2026-06-02,11:32:43.157449,[]
2026-06-02,11:32:43.190816,[]
2026-06-02,11:32:43.224183,[]
2026-06-02,11:32:43.257550,[]
2026-06-02,11:32:43.290917,[]
2026-06-02,11:32:43.324284,[]
2026-06-02,11:32:43.357651,[]
2026-06-02,11:32:43.391018,[]
2026-06-02,11:32:43.424385,[]
2026-06-02,11:32:43.457752,[]
2026-06-02,11:32:43.491119,[]
2026-06-02,11:32:43.524486,[]
2026-06-02,11:32:43.557853,[]
2026-06-02,11:32:43.591220,[]
2026-06-02,11:32:43.624587,[]
2026-06-02,11:32:43.657954,[]
2026-06-02,11:32:43.691321,[]
2026-06-02,11:32:43.724688,[]
2026-06-02,11:32:43.758055,[]
2026-06-02,11:32:43.791422,[]
2026-06-02,11:32:43.824789,[]
2026-06-02,11:32:43.858156,[]
2026-06-02,11:32:43.891523,[]
2026-06-02,11:32:43.924890,[]
2026-06-02,11:32:43.958257,[]
2026-06-02,11:32:43.991624,[]
2026-06-02,11:32:44.024991,[]
2026-06-02,11:32:44.058358,[]
2026-06-02,11:32:44.091725,[]
2026-06-02,11:32:44.125092,[]
2026-06-02,11:32:44.158459,[]
2026-06-02,11:32:44.191826,[]
2026-06-02,11:32:44.225193,[]
2026-06-02,11:32:44.258560,[]
2026-06-02,11:32:44.291927,[]
2026-06-02,11:32:44.325294,[]
2026-06-02,11:32:44.358661,[]
2026-06-02,11:32:44.392028,[]
2026-06-02,11:32:44.425395,[]
2026-06-02,11:32:44.458762,[]
2026-06-02,11:32:44.492129,[]
2026-06-02,11:32:44.525496,[]
2026-06-02,11:32:44.558863,[]
2026-06-02,11:32:44.592230,[]
2026-06-02,11:32:44.625597,[]
2026-06-02,11:32:44.658964,[]
2026-06-02,11:32:44.692331,[]
2026-06-02,11:32:44.725698,[]
2026-06-02,11:32:44.759065,[]
2026-06-02,11:32:44.792432,[]
2026-06-02,11:32:44.825799,[]
2026-06-02,11:32:44.859166,[]
2026-06-02,11:32:44.892533,[]
2026-06-02,11:32:44.925900,[]
2026-06-02,11:32:44.959267,[]
2026-06-02,11:32:44.992634,[]
2026-06-02,11:32:45.026001,[]
2026-06-02,11:32:45.059368,[]
2026-06-02,11:32:45.092735,[]
2026-06-02,11:32:45.126102,[]
2026-06-02,11:32:45.159469,[]
2026-06-02,11:32:45.192836,[]
2026-06-02,11:32:45.226203,[]
2026-06-02,11:32:45.259570,[]
2026-06-02,11:32:45.292937,[]
2026-06-02,11:32:45.326304,[]
2026-06-02,11:32:45.359671,[]
2026-06-02,11:32:45.393038,[]
2026-06-02,11:32:45.426405,[]
2026-06-02,11:32:45.459772,[]
2026-06-02,11:32:45.493139,[]
2026-06-02,11:32:45.526506,[]
2026-06-02,11:32:45.559873,[]
2026-06-02,11:32:45.593240,[]
2026-06-02,11:32:45.626607,[]
2026-06-02,11:32:45.659974,[]
2026-06-02,11:32:45.693341,[]
2026-06-02,11:32:45.726708,[]
2026-06-02,11:32:45.760075,[]
2026-06-02,11:32:45.793442,[]
2026-06-02,11:32:45.826809,[]
2026-06-02,11:32:45.860176,[]
2026-06-02,11:32:45.893543,[]
2026-06-02,11:32:45.926910,[]
2026-06-02,11:32:45.960277,[]
2026-06-02,11:32:45.993644,[]
2026-06-02,11:32:46.027011,[]
2026-06-02,11:32:46.060378,[]
2026-06-02,11:32:46.093745,[]
2026-06-02,11:32:46.127112,[]
2026-06-02,11:32:46.160479,[]
2026-06-02,11:32:46.193846,[]
2026-06-02,11:32:46.227213,[]
2026-06-02,11:32:46.260580,[]
2026-06-02,11:32:46.293947,[]
2026-06-02,11:32:46.327314,[]
2026-06-02,11:32:46.360681,[]
2026-06-02,11:32:46.394048,[]
2026-06-02,11:32:46.427415,[]
2026-06-02,11:32:46.460782,[]
2026-06-02,11:32:46.494149,[]
2026-06-02,11:32:46.527516,[]
2026-06-02,11:32:46.560883,[]
2026-06-02,11:32:46.594250,[]
2026-06-02,11:32:46.627617,[]
2026-06-02,11:32:46.660984,[]
2026-06-02,11:32:46.694351,[]
2026-06-02,11:32:46.727718,[]
2026-06-02,11:32:46.761085,[]
2026-06-02,11:32:46.794452,[]
2026-06-02,11:32:46.827819,[]
2026-06-02,11:32:46.861186,[]
2026-06-02,11:32:46.894553,[]
2026-06-02,11:32:46.927920,[]
2026-06-02,11:32:46.961287,[]
2026-06-02,11:32:46.994654,[]
2026-06-02,11:32:47.028021,[]
2026-06-02,11:32:47.061388,[]
2026-06-02,11:32:47.094755,[]
2026-06-02,11:32:47.128122,[]
2026-06-02,11:32:47.161489,[]
2026-06-02,11:32:47.194856,[]
2026-06-02,11:32:47.228223,[]
2026-06-02,11:32:47.261590,[]
2026-06-02,11:32:47.294957,[]
2026-06-02,11:32:47.328324,[]
2026-06-02,11:32:47.361691,[]
2026-06-02,11:32:47.395058,[]
2026-06-02,11:32:47.428425,[]
2026-06-02,11:32:47.461792,[]
2026-06-02,11:32:47.495159,[]
2026-06-02,11:32:47.528526,[]
2026-06-02,11:32:47.561893,[]
2026-06-02,11:32:47.595260,[]
2026-06-02,11:32:47.628627,[]
2026-06-02,11:32:47.661994,[]
2026-06-02,11:32:47.695361,[]
2026-06-02,11:32:47.728728,[]
2026-06-02,11:32:47.762095,[]
2026-06-02,11:32:47.795462,[]
2026-06-02,11:32:47.828829,[]
2026-06-02,11:32:47.862196,[]
2026-06-02,11:32:47.895563,[]
2026-06-02,11:32:47.928930,[]
2026-06-02,11:32:47.962297,[]
2026-06-02,11:32:47.995664,[]
2026-06-02,11:32:48.029031,[]
2026-06-02,11:32:48.062398,[]
2026-06-02,11:32:48.095765,[]
2026-06-02,11:32:48.129132,[]
2026-06-02,11:32:48.162499,[]
2026-06-02,11:32:48.195866,[]
2026-06-02,11:32:48.229233,[]
2026-06-02,11:32:48.262600,[]
2026-06-02,11:32:48.295967,[]
2026-06-02,11:32:48.329334,[]
2026-06-02,11:32:48.362701,[]
2026-06-02,11:32:48.396068,[]
2026-06-02,11:32:48.429435,[]
2026-06-02,11:32:48.462802,[]
2026-06-02,11:32:48.496169,[]
2026-06-02,11:32:48.529536,[]
2026-06-02,11:32:48.562903,[]
2026-06-02,11:32:48.596270,[]
2026-06-02,11:32:48.629637,[]
2026-06-02,11:32:48.663004,[]
2026-06-02,11:32:48.696371,[]
2026-06-02,11:32:48.729738,[]
2026-06-02,11:32:48.763105,[]
2026-06-02,11:32:48.796472,[]
2026-06-02,11:32:48.829839,[]
2026-06-02,11:32:48.863206,[]
2026-06-02,11:32:48.896573,[]
2026-06-02,11:32:48.929940,[]
2026-06-02,11:32:48.963307,[]
2026-06-02,11:32:48.996674,[]
2026-06-02,11:32:49.030041,[]
2026-06-02,11:32:49.063408,[]
2026-06-02,11:32:49.096775,[]
2026-06-02,11:32:49.130142,[]
2026-06-02,11:32:49.163509,[]
2026-06-02,11:32:49.196876,[]
2026-06-02,11:32:49.230243,[]
2026-06-02,11:32:49.263610,[]
2026-06-02,11:32:49.296977,[]
2026-06-02,11:32:49.330344,[]
2026-06-02,11:32:49.363711,[]
2026-06-02,11:32:49.397078,[]
2026-06-02,11:32:49.430445,[]
2026-06-02,11:32:49.463812,[]
2026-06-02,11:32:49.497179,[]
2026-06-02,11:32:49.530546,[]
2026-06-02,11:32:49.563913,[]
2026-06-02,11:32:49.597280,[]
2026-06-02,11:32:49.630647,[]
2026-06-02,11:32:49.664014,[]
2026-06-02,11:32:49.697381,[]
2026-06-02,11:32:49.730748,[]
2026-06-02,11:32:49.764115,[]
2026-06-02,11:32:49.797482,[]
2026-06-02,11:32:49.830849,[]
2026-06-02,11:32:49.864216,[]
2026-06-02,11:32:49.897583,[]
2026-06-02,11:32:49.930950,[]
2026-06-02,11:32:49.964317,[]
2026-06-02,11:32:49.997684,[]
2026-06-02,11:32:50.031051,[]
2026-06-02,11:32:50.064418,[]
2026-06-02,11:32:50.097785,[]
2026-06-02,11:32:50.131152,[]
2026-06-02,11:32:50.164519,[]
2026-06-02,11:32:50.197886,[]
2026-06-02,11:32:50.231253,[]
2026-06-02,11:32:50.264620,[]
2026-06-02,11:32:50.297987,[]
2026-06-02,11:32:50.331354,[]
2026-06-02,11:32:50.364721,[]
2026-06-02,11:32:50.398088,[]
2026-06-02,11:32:50.431455,[]
2026-06-02,11:32:50.464822,[]
2026-06-02,11:32:50.498189,[]
2026-06-02,11:32:50.531556,[]
2026-06-02,11:32:50.564923,[]
2026-06-02,11:32:50.598290,[]
2026-06-02,11:32:50.631657,[]
2026-06-02,11:32:50.665024,[]
2026-06-02,11:32:50.698391,[]
2026-06-02,11:32:50.731758,[]
2026-06-02,11:32:50.765125,[]
2026-06-02,11:32:50.798492,[]
2026-06-02,11:32:50.831859,[]
2026-06-02,11:32:50.865226,[]
2026-06-02,11:32:50.898593,[]
2026-06-02,11:32:50.931960,[]
2026-06-02,11:32:50.965327,[]
2026-06-02,11:32:50.998694,[]
2026-06-02,11:32:51.032061,[]
2026-06-02,11:32:51.065428,[]
2026-06-02,11:32:51.098795,[]
2026-06-02,11:32:51.132162,[]
2026-06-02,11:32:51.165529,[]
2026-06-02,11:32:51.198896,[]
2026-06-02,11:32:51.232263,[]
2026-06-02,11:32:51.265630,[]
2026-06-02,11:32:51.298997,[]
2026-06-02,11:32:51.332364,[]
2026-06-02,11:32:51.365731,[]
2026-06-02,11:32:51.399098,[]
2026-06-02,11:32:51.432465,[]
2026-06-02,11:32:51.465832,[]
2026-06-02,11:32:51.499199,[]
2026-06-02,11:32:51.532566,[]
2026-06-02,11:32:51.565933,[]
2026-06-02,11:32:51.599300,[]
2026-06-02,11:32:51.632667,[]
2026-06-02,11:32:51.666034,[]
2026-06-02,11:32:51.699401,[]
2026-06-02,11:32:51.732768,[]
2026-06-02,11:32:51.766135,[]
2026-06-02,11:32:51.799502,[]
2026-06-02,11:32:51.832869,[]
2026-06-02,11:32:51.866236,[]
2026-06-02,11:32:51.899603,[]
2026-06-02,11:32:51.932970,[]
2026-06-02,11:32:51.966337,[]
2026-06-02,11:32:51.999704,[]
2026-06-02,11:32:52.033071,[]
2026-06-02,11:32:52.066438,[]
2026-06-02,11:32:52.099805,[]
2026-06-02,11:32:52.133172,[]
2026-06-02,11:32:52.166539,[]
2026-06-02,11:32:52.199906,[]
2026-06-02,11:32:52.233273,[]
2026-06-02,11:32:52.266640,[]
2026-06-02,11:32:52.300007,[]
2026-06-02,11:32:52.333374,[]
2026-06-02,11:32:52.366741,[]
2026-06-02,11:32:52.400108,[]
2026-06-02,11:32:52.433475,[]
2026-06-02,11:32:52.466842,[]
2026-06-02,11:32:52.500209,[]
2026-06-02,11:32:52.533576,[]
2026-06-02,11:32:52.566943,[]
2026-06-02,11:32:52.600310,[]
2026-06-02,11:32:52.633677,[]
2026-06-02,11:32:52.667044,[]
2026-06-02,11:32:52.700411,[]
2026-06-02,11:32:52.733778,[]
2026-06-02,11:32:52.767145,[]
2026-06-02,11:32:52.800512,[]
2026-06-02,11:32:52.833879,[]
2026-06-02,11:32:52.867246,[]
2026-06-02,11:32:52.900613,[]
2026-06-02,11:32:52.933980,[]
2026-06-02,11:32:52.967347,[]
2026-06-02,11:32:53.000714,[]
2026-06-02,11:32:53.034081,[]
2026-06-02,11:32:53.067448,[]
2026-06-02,11:32:53.100815,[]
2026-06-02,11:32:53.134182,[]
2026-06-02,11:32:53.167549,[]
2026-06-02,11:32:53.200916,[]
2026-06-02,11:32:53.234283,[]
2026-06-02,11:32:53.267650,[]
2026-06-02,11:32:53.301017,[]
2026-06-02,11:32:53.334384,[]
2026-06-02,11:32:53.367751,[]
2026-06-02,11:32:53.401118,[]
2026-06-02,11:32:53.434485,[]
2026-06-02,11:32:53.467852,[]
2026-06-02,11:32:53.501219,[]
2026-06-02,11:32:53.534586,[]
2026-06-02,11:32:53.567953,[]
2026-06-02,11:32:53.601320,[]
2026-06-02,11:32:53.634687,[]
2026-06-02,11:32:53.668054,[]
2026-06-02,11:32:53.701421,[]
2026-06-02,11:32:53.734788,[]
2026-06-02,11:32:53.768155,[]
2026-06-02,11:32:53.801522,[]
2026-06-02,11:32:53.834889,[]
2026-06-02,11:32:53.868256,[]
2026-06-02,11:32:53.901623,[]
2026-06-02,11:32:53.934990,[]
2026-06-02,11:32:53.968357,[]
2026-06-02,11:32:54.001724,[]
2026-06-02,11:32:54.035091,[]
2026-06-02,11:32:54.068458,[]
2026-06-02,11:32:54.101825,[]
2026-06-02,11:32:54.135192,[]
2026-06-02,11:32:54.168559,[]
2026-06-02,11:32:54.201926,[]
2026-06-02,11:32:54.235293,[]
2026-06-02,11:32:54.268660,[]
2026-06-02,11:32:54.302027,[]
2026-06-02,11:32:54.335394,[]
2026-06-02,11:32:54.368761,[]
2026-06-02,11:32:54.402128,[]
2026-06-02,11:32:54.435495,[]
2026-06-02,11:32:54.468862,[]
2026-06-02,11:32:54.502229,[]
2026-06-02,11:32:54.535596,[]
2026-06-02,11:32:54.568963,[]
2026-06-02,11:32:54.602330,[]
2026-06-02,11:32:54.635697,[]
2026-06-02,11:32:54.669064,[]
2026-06-02,11:32:54.702431,[]
2026-06-02,11:32:54.735798,[]
2026-06-02,11:32:54.769165,[]
2026-06-02,11:32:54.802532,[]
2026-06-02,11:32:54.835899,[]
2026-06-02,11:32:54.869266,[]
2026-06-02,11:32:54.902633,[]
2026-06-02,11:32:54.936000,[]
2026-06-02,11:32:54.969367,[]
2026-06-02,11:32:55.002734,[]
2026-06-02,11:32:55.036101,[]
2026-06-02,11:32:55.069468,[]
2026-06-02,11:32:55.102835,[]
2026-06-02,11:32:55.136202,[]
2026-06-02,11:32:55.169569,[]
2026-06-02,11:32:55.202936,[]
2026-06-02,11:32:55.236303,[]
2026-06-02,11:32:55.269670,[]
2026-06-02,11:32:55.303037,[]
2026-06-02,11:32:55.336404,[]
2026-06-02,11:32:55.369771,[]
2026-06-02,11:32:55.403138,[]
2026-06-02,11:32:55.436505,[]
2026-06-02,11:32:55.469872,[]
2026-06-02,11:32:55.503239,[]
2026-06-02,11:32:55.536606,[]
2026-06-02,11:32:55.569973,[]
2026-06-02,11:32:55.603340,[]
2026-06-02,11:32:55.636707,[]
2026-06-02,11:32:55.670074,[]
2026-06-02,11:32:55.703441,[]
2026-06-02,11:32:55.736808,[]
2026-06-02,11:32:55.770175,[]
2026-06-02,11:32:55.803542,[]
2026-06-02,11:32:55.836909,[]
2026-06-02,11:32:55.870276,[]
2026-06-02,11:32:55.903643,[]
2026-06-02,11:32:55.937010,[]
2026-06-02,11:32:55.970377,[]
2026-06-02,11:32:56.003744,[]
2026-06-02,11:32:56.037111,[]
2026-06-02,11:32:56.070478,[]
2026-06-02,11:32:56.103845,[]
2026-06-02,11:32:56.137212,[]
2026-06-02,11:32:56.170579,[]
2026-06-02,11:32:56.203946,[]
2026-06-02,11:32:56.237313,[]
2026-06-02,11:32:56.270680,[]
2026-06-02,11:32:56.304047,[]
2026-06-02,11:32:56.337414,[]
2026-06-02,11:32:56.370781,[]
2026-06-02,11:32:56.404148,[]
2026-06-02,11:32:56.437515,[]
2026-06-02,11:32:56.470882,[]
2026-06-02,11:32:56.504249,[]
2026-06-02,11:32:56.537616,[]
2026-06-02,11:32:56.570983,[]
2026-06-02,11:32:56.604350,[]
2026-06-02,11:32:56.637717,[]
2026-06-02,11:32:56.671084,[]
2026-06-02,11:32:56.704451,[]
2026-06-02,11:32:56.737818,[]
2026-06-02,11:32:56.771185,[]
2026-06-02,11:32:56.804552,[]
2026-06-02,11:32:56.837919,[]
2026-06-02,11:32:56.871286,[]
2026-06-02,11:32:56.904653,[]
2026-06-02,11:32:56.938020,[]
2026-06-02,11:32:56.971387,[]
2026-06-02,11:32:57.004754,[]
2026-06-02,11:32:57.038121,[]
2026-06-02,11:32:57.071488,[]
2026-06-02,11:32:57.104855,[]
2026-06-02,11:32:57.138222,[]
2026-06-02,11:32:57.171589,[]
2026-06-02,11:32:57.204956,[]
2026-06-02,11:32:57.238323,[]
2026-06-02,11:32:57.271690,[]
2026-06-02,11:32:57.305057,[]
2026-06-02,11:32:57.338424,[]
2026-06-02,11:32:57.371791,[]
2026-06-02,11:32:57.405158,[]
2026-06-02,11:32:57.438525,[]
2026-06-02,11:32:57.471892,[]
2026-06-02,11:32:57.505259,[]
2026-06-02,11:32:57.538626,[]
2026-06-02,11:32:57.571993,[]
2026-06-02,11:32:57.605360,[]
2026-06-02,11:32:57.638727,[]
2026-06-02,11:32:57.672094,[]
2026-06-02,11:32:57.705461,['EL31140']
2026-06-02,11:32:57.738828,['EL31140']
2026-06-02,11:32:57.772195,['EL31140']
2026-06-02,11:32:57.805562,[]
2026-06-02,11:32:57.838929,[]
2026-06-02,11:32:57.872296,[]
2026-06-02,11:32:57.905663,[]
2026-06-02,11:32:57.939030,[]
2026-06-02,11:32:57.972397,[]
2026-06-02,11:32:58.005764,[]
2026-06-02,11:32:58.039131,[]
2026-06-02,11:32:58.072498,[]
2026-06-02,11:32:58.105865,[]
2026-06-02,11:32:58.139232,[]
2026-06-02,11:32:58.172599,[]
2026-06-02,11:32:58.205966,[]
2026-06-02,11:32:58.239333,[]
2026-06-02,11:32:58.272700,[]
2026-06-02,11:32:58.306067,[]
2026-06-02,11:32:58.339434,[]
2026-06-02,11:32:58.372801,[]
2026-06-02,11:32:58.406168,[]
2026-06-02,11:32:58.439535,[]
2026-06-02,11:32:58.472902,[]
2026-06-02,11:32:58.506269,[]
2026-06-02,11:32:58.539636,[]
2026-06-02,11:32:58.573003,[]
2026-06-02,11:32:58.606370,[]
2026-06-02,11:32:58.639737,[]
2026-06-02,11:32:58.673104,[]
2026-06-02,11:32:58.706471,[]
2026-06-02,11:32:58.739838,[]
2026-06-02,11:32:58.773205,[]
2026-06-02,11:32:58.806572,[]
2026-06-02,11:32:58.839939,[]
2026-06-02,11:32:58.873306,[]
2026-06-02,11:32:58.906673,[]
2026-06-02,11:32:58.940040,[]
2026-06-02,11:32:58.973407,[]
2026-06-02,11:32:59.006774,[]
2026-06-02,11:32:59.040141,[]
2026-06-02,11:32:59.073508,[]
2026-06-02,11:32:59.106875,[]
2026-06-02,11:32:59.140242,[]
2026-06-02,11:32:59.173609,[]
2026-06-02,11:32:59.206976,[]
2026-06-02,11:32:59.240343,[]
2026-06-02,11:32:59.273710,[]
2026-06-02,11:32:59.307077,[]
2026-06-02,11:32:59.340444,[]
2026-06-02,11:32:59.373811,[]
2026-06-02,11:32:59.407178,[]
2026-06-02,11:32:59.440545,[]
2026-06-02,11:32:59.473912,[]
2026-06-02,11:32:59.507279,[]
2026-06-02,11:32:59.540646,[]
2026-06-02,11:32:59.574013,[]
2026-06-02,11:32:59.607380,[]
2026-06-02,11:32:59.640747,[]
2026-06-02,11:32:59.674114,[]
2026-06-02,11:32:59.707481,[]
2026-06-02,11:32:59.740848,[]
2026-06-02,11:32:59.774215,[]
2026-06-02,11:32:59.807582,[]
2026-06-02,11:32:59.840949,[]
2026-06-02,11:32:59.874316,[]
2026-06-02,11:32:59.907683,[]
2026-06-02,11:32:59.941050,[]
2026-06-02,11:32:59.974417,[]
2026-06-02,11:33:00.007784,[]
2026-06-02,11:33:00.041151,[]
2026-06-02,11:33:00.074518,[]
2026-06-02,11:33:00.107885,[]
2026-06-02,11:33:00.141252,[]
2026-06-02,11:33:00.174619,[]
2026-06-02,11:33:00.207986,[]
2026-06-02,11:33:00.241353,[]
2026-06-02,11:33:00.274720,[]
2026-06-02,11:33:00.308087,[]
2026-06-02,11:33:00.341454,[]
2026-06-02,11:33:00.374821,[]
2026-06-02,11:33:00.408188,[]
2026-06-02,11:33:00.441555,[]
2026-06-02,11:33:00.474922,[]
2026-06-02,11:33:00.508289,[]
2026-06-02,11:33:00.541656,[]
2026-06-02,11:33:00.575023,[]
2026-06-02,11:33:00.608390,[]
2026-06-02,11:33:00.641757,[]
2026-06-02,11:33:00.675124,[]
2026-06-02,11:33:00.708491,[]
2026-06-02,11:33:00.741858,[]
2026-06-02,11:33:00.775225,[]
2026-06-02,11:33:00.808592,[]
2026-06-02,11:33:00.841959,[]
2026-06-02,11:33:00.875326,[]
2026-06-02,11:33:00.908693,[]
2026-06-02,11:33:00.942060,[]
2026-06-02,11:33:00.975427,[]
2026-06-02,11:33:01.008794,[]
2026-06-02,11:33:01.042161,[]
2026-06-02,11:33:01.075528,[]
2026-06-02,11:33:01.108895,[]
2026-06-02,11:33:01.142262,[]
2026-06-02,11:33:01.175629,[]
2026-06-02,11:33:01.208996,[]
2026-06-02,11:33:01.242363,[]
2026-06-02,11:33:01.275730,[]
2026-06-02,11:33:01.309097,[]
2026-06-02,11:33:01.342464,[]
2026-06-02,11:33:01.375831,[]
2026-06-02,11:33:01.409198,[]
2026-06-02,11:33:01.442565,[]
2026-06-02,11:33:01.475932,[]
2026-06-02,11:33:01.509299,[]
2026-06-02,11:33:01.542666,[]
2026-06-02,11:33:01.576033,[]
2026-06-02,11:33:01.609400,[]
2026-06-02,11:33:01.642767,[]
2026-06-02,11:33:01.676134,[]
2026-06-02,11:33:01.709501,[]
2026-06-02,11:33:01.742868,[]
2026-06-02,11:33:01.776235,[]
2026-06-02,11:33:01.809602,[]
2026-06-02,11:33:01.842969,[]
2026-06-02,11:33:01.876336,[]
2026-06-02,11:33:01.909703,[]
2026-06-02,11:33:01.943070,[]
2026-06-02,11:33:01.976437,[]
2026-06-02,11:33:02.009804,[]
2026-06-02,11:33:02.043171,[]
2026-06-02,11:33:02.076538,[]
2026-06-02,11:33:02.109905,[]
2026-06-02,11:33:02.143272,[]
2026-06-02,11:33:02.176639,[]
2026-06-02,11:33:02.210006,[]
2026-06-02,11:33:02.243373,[]
2026-06-02,11:33:02.276740,[]
2026-06-02,11:33:02.310107,[]
2026-06-02,11:33:02.343474,[]
2026-06-02,11:33:02.376841,[]
2026-06-02,11:33:02.410208,[]
2026-06-02,11:33:02.443575,[]
2026-06-02,11:33:02.476942,[]
2026-06-02,11:33:02.510309,[]
2026-06-02,11:33:02.543676,[]
2026-06-02,11:33:02.577043,[]
2026-06-02,11:33:02.610410,[]
2026-06-02,11:33:02.643777,[]
2026-06-02,11:33:02.677144,[]
2026-06-02,11:33:02.710511,[]
2026-06-02,11:33:02.743878,[]
2026-06-02,11:33:02.777245,[]
2026-06-02,11:33:02.810612,[]
2026-06-02,11:33:02.843979,[]
2026-06-02,11:33:02.877346,[]
2026-06-02,11:33:02.910713,[]
2026-06-02,11:33:02.944080,[]
2026-06-02,11:33:02.977447,[]
2026-06-02,11:33:03.010814,[]
2026-06-02,11:33:03.044181,[]
2026-06-02,11:33:03.077548,[]
2026-06-02,11:33:03.110915,[]
2026-06-02,11:33:03.144282,[]
2026-06-02,11:33:03.177649,[]
2026-06-02,11:33:03.211016,[]
2026-06-02,11:33:03.244383,[]
2026-06-02,11:33:03.277750,[]
2026-06-02,11:33:03.311117,[]
2026-06-02,11:33:03.344484,[]
2026-06-02,11:33:03.377851,[]
2026-06-02,11:33:03.411218,[]
2026-06-02,11:33:03.444585,[]
2026-06-02,11:33:03.477952,[]
2026-06-02,11:33:03.511319,[]
2026-06-02,11:33:03.544686,[]
2026-06-02,11:33:03.578053,[]
2026-06-02,11:33:03.611420,[]
2026-06-02,11:33:03.644787,[]
2026-06-02,11:33:03.678154,[]
2026-06-02,11:33:03.711521,[]
2026-06-02,11:33:03.744888,[]
2026-06-02,11:33:03.778255,[]
2026-06-02,11:33:03.811622,[]
2026-06-02,11:33:03.844989,[]
2026-06-02,11:33:03.878356,['DH34589']
2026-06-02,11:33:03.911723,['DH34589']
2026-06-02,11:33:03.945090,['DH34589']
2026-06-02,11:33:03.978457,[]
2026-06-02,11:33:04.011824,[]
2026-06-02,11:33:04.045191,[]
2026-06-02,11:33:04.078558,[]
2026-06-02,11:33:04.111925,[]
2026-06-02,11:33:04.145292,[]
2026-06-02,11:33:04.178659,[]
2026-06-02,11:33:04.212026,[]
2026-06-02,11:33:04.245393,[]
2026-06-02,11:33:04.278760,[]
2026-06-02,11:33:04.312127,[]
2026-06-02,11:33:04.345494,[]
2026-06-02,11:33:04.378861,[]
2026-06-02,11:33:04.412228,[]
2026-06-02,11:33:04.445595,[]
2026-06-02,11:33:04.478962,[]
2026-06-02,11:33:04.512329,[]
2026-06-02,11:33:04.545696,[]
2026-06-02,11:33:04.579063,[]
2026-06-02,11:33:04.612430,[]
2026-06-02,11:33:04.645797,[]
2026-06-02,11:33:04.679164,[]
2026-06-02,11:33:04.712531,[]
2026-06-02,11:33:04.745898,[]
2026-06-02,11:33:04.779265,[]
2026-06-02,11:33:04.812632,[]
2026-06-02,11:33:04.845999,[]
2026-06-02,11:33:04.879366,[]
2026-06-02,11:33:04.912733,[]
2026-06-02,11:33:04.946100,[]
2026-06-02,11:33:04.979467,[]
2026-06-02,11:33:05.012834,[]
2026-06-02,11:33:05.046201,[]
2026-06-02,11:33:05.079568,[]
2026-06-02,11:33:05.112935,[]
2026-06-02,11:33:05.146302,[]
2026-06-02,11:33:05.179669,[]
2026-06-02,11:33:05.213036,[]
2026-06-02,11:33:05.246403,[]
2026-06-02,11:33:05.279770,[]
2026-06-02,11:33:05.313137,[]
2026-06-02,11:33:05.346504,[]
2026-06-02,11:33:05.379871,[]
2026-06-02,11:33:05.413238,[]
2026-06-02,11:33:05.446605,[]
2026-06-02,11:33:05.479972,[]
2026-06-02,11:33:05.513339,[]
2026-06-02,11:33:05.546706,[]
2026-06-02,11:33:05.580073,[]
2026-06-02,11:33:05.613440,[]
2026-06-02,11:33:05.646807,[]
2026-06-02,11:33:05.680174,[]
2026-06-02,11:33:05.713541,[]
2026-06-02,11:33:05.746908,[]
2026-06-02,11:33:05.780275,[]
2026-06-02,11:33:05.813642,[]
2026-06-02,11:33:05.847009,[]
2026-06-02,11:33:05.880376,[]
2026-06-02,11:33:05.913743,[]
2026-06-02,11:33:05.947110,[]
2026-06-02,11:33:05.980477,[]
2026-06-02,11:33:06.013844,[]
2026-06-02,11:33:06.047211,[]
2026-06-02,11:33:06.080578,[]
2026-06-02,11:33:06.113945,[]
2026-06-02,11:33:06.147312,[]
2026-06-02,11:33:06.180679,[]
2026-06-02,11:33:06.214046,[]
2026-06-02,11:33:06.247413,[]
2026-06-02,11:33:06.280780,[]
2026-06-02,11:33:06.314147,[]
2026-06-02,11:33:06.347514,[]
2026-06-02,11:33:06.380881,[]
2026-06-02,11:33:06.414248,[]
2026-06-02,11:33:06.447615,[]
2026-06-02,11:33:06.480982,[]
2026-06-02,11:33:06.514349,[]
2026-06-02,11:33:06.547716,[]
2026-06-02,11:33:06.581083,[]
2026-06-02,11:33:06.614450,[]
2026-06-02,11:33:06.647817,[]
2026-06-02,11:33:06.681184,[]
2026-06-02,11:33:06.714551,[]
2026-06-02,11:33:06.747918,[]
2026-06-02,11:33:06.781285,[]
2026-06-02,11:33:06.814652,[]
2026-06-02,11:33:06.848019,[]
2026-06-02,11:33:06.881386,[]
2026-06-02,11:33:06.914753,[]
2026-06-02,11:33:06.948120,[]
2026-06-02,11:33:06.981487,[]
2026-06-02,11:33:07.014854,[]
2026-06-02,11:33:07.048221,[]
2026-06-02,11:33:07.081588,[]
2026-06-02,11:33:07.114955,[]
2026-06-02,11:33:07.148322,[]
2026-06-02,11:33:07.181689,[]
2026-06-02,11:33:07.215056,[]
2026-06-02,11:33:07.248423,[]
2026-06-02,11:33:07.281790,[]
2026-06-02,11:33:07.315157,[]
2026-06-02,11:33:07.348524,[]
2026-06-02,11:33:07.381891,[]
2026-06-02,11:33:07.415258,[]
2026-06-02,11:33:07.448625,[]
2026-06-02,11:33:07.481992,[]
2026-06-02,11:33:07.515359,[]
2026-06-02,11:33:07.548726,[]
2026-06-02,11:33:07.582093,[]
2026-06-02,11:33:07.615460,[]
2026-06-02,11:33:07.648827,[]
2026-06-02,11:33:07.682194,[]
2026-06-02,11:33:07.715561,[]
2026-06-02,11:33:07.748928,[]
2026-06-02,11:33:07.782295,[]
2026-06-02,11:33:07.815662,[]
2026-06-02,11:33:07.849029,[]
2026-06-02,11:33:07.882396,[]
2026-06-02,11:33:07.915763,[]
2026-06-02,11:33:07.949130,[]
2026-06-02,11:33:07.982497,[]
2026-06-02,11:33:08.015864,[]
2026-06-02,11:33:08.049231,[]
2026-06-02,11:33:08.082598,[]
2026-06-02,11:33:08.115965,[]
2026-06-02,11:33:08.149332,[]
2026-06-02,11:33:08.182699,[]
2026-06-02,11:33:08.216066,[]
2026-06-02,11:33:08.249433,[]
2026-06-02,11:33:08.282800,[]
2026-06-02,11:33:08.316167,[]
2026-06-02,11:33:08.349534,[]
2026-06-02,11:33:08.382901,[]
2026-06-02,11:33:08.416268,[]
2026-06-02,11:33:08.449635,[]
2026-06-02,11:33:08.483002,[]
2026-06-02,11:33:08.516369,[]
2026-06-02,11:33:08.549736,[]
2026-06-02,11:33:08.583103,[]
2026-06-02,11:33:08.616470,[]
2026-06-02,11:33:08.649837,[]
2026-06-02,11:33:08.683204,[]
2026-06-02,11:33:08.716571,[]
2026-06-02,11:33:08.749938,[]
2026-06-02,11:33:08.783305,[]
2026-06-02,11:33:08.816672,[]
2026-06-02,11:33:08.850039,[]
2026-06-02,11:33:08.883406,[]
2026-06-02,11:33:08.916773,[]
2026-06-02,11:33:08.950140,[]
2026-06-02,11:33:08.983507,[]
2026-06-02,11:33:09.016874,[]
2026-06-02,11:33:09.050241,[]
2026-06-02,11:33:09.083608,[]
2026-06-02,11:33:09.116975,[]
2026-06-02,11:33:09.150342,[]
2026-06-02,11:33:09.183709,[]
2026-06-02,11:33:09.217076,[]
2026-06-02,11:33:09.250443,[]
2026-06-02,11:33:09.283810,[]
2026-06-02,11:33:09.317177,[]
2026-06-02,11:33:09.350544,[]
2026-06-02,11:33:09.383911,[]
2026-06-02,11:33:09.417278,[]
2026-06-02,11:33:09.450645,[]
2026-06-02,11:33:09.484012,[]
2026-06-02,11:33:09.517379,[]
2026-06-02,11:33:09.550746,[]
2026-06-02,11:33:09.584113,[]
2026-06-02,11:33:09.617480,[]
2026-06-02,11:33:09.650847,[]
2026-06-02,11:33:09.684214,[]
2026-06-02,11:33:09.717581,[]
2026-06-02,11:33:09.750948,[]
2026-06-02,11:33:09.784315,[]
2026-06-02,11:33:09.817682,[]
2026-06-02,11:33:09.851049,[]
2026-06-02,11:33:09.884416,[]
2026-06-02,11:33:09.917783,[]
2026-06-02,11:33:09.951150,[]
2026-06-02,11:33:09.984517,[]
2026-06-02,11:33:10.017884,[]
2026-06-02,11:33:10.051251,[]
2026-06-02,11:33:10.084618,[]
2026-06-02,11:33:10.117985,[]
2026-06-02,11:33:10.151352,[]
2026-06-02,11:33:10.184719,[]
2026-06-02,11:33:10.218086,[]
2026-06-02,11:33:10.251453,[]
2026-06-02,11:33:10.284820,[]
2026-06-02,11:33:10.318187,[]
2026-06-02,11:33:10.351554,[]
2026-06-02,11:33:10.384921,[]
2026-06-02,11:33:10.418288,[]
2026-06-02,11:33:10.451655,[]
2026-06-02,11:33:10.485022,[]
2026-06-02,11:33:10.518389,[]
2026-06-02,11:33:10.551756,[]
2026-06-02,11:33:10.585123,[]
2026-06-02,11:33:10.618490,[]
2026-06-02,11:33:10.651857,[]
2026-06-02,11:33:10.685224,[]
2026-06-02,11:33:10.718591,[]
2026-06-02,11:33:10.751958,[]
2026-06-02,11:33:10.785325,[]
2026-06-02,11:33:10.818692,[]
2026-06-02,11:33:10.852059,[]
2026-06-02,11:33:10.885426,[]
2026-06-02,11:33:10.918793,[]
2026-06-02,11:33:10.952160,[]
2026-06-02,11:33:10.985527,[]
2026-06-02,11:33:11.018894,[]
2026-06-02,11:33:11.052261,[]
2026-06-02,11:33:11.085628,[]
2026-06-02,11:33:11.118995,[]
2026-06-02,11:33:11.152362,[]
2026-06-02,11:33:11.185729,[]
2026-06-02,11:33:11.219096,[]
2026-06-02,11:33:11.252463,[]
2026-06-02,11:33:11.285830,[]
2026-06-02,11:33:11.319197,[]
2026-06-02,11:33:11.352564,[]
2026-06-02,11:33:11.385931,[]
2026-06-02,11:33:11.419298,[]
2026-06-02,11:33:11.452665,[]
2026-06-02,11:33:11.486032,[]
2026-06-02,11:33:11.519399,[]
2026-06-02,11:33:11.552766,[]
2026-06-02,11:33:11.586133,[]
2026-06-02,11:33:11.619500,[]
2026-06-02,11:33:11.652867,[]
2026-06-02,11:33:11.686234,[]
2026-06-02,11:33:11.719601,[]
2026-06-02,11:33:11.752968,[]
2026-06-02,11:33:11.786335,[]
2026-06-02,11:33:11.819702,[]
2026-06-02,11:33:11.853069,[]
2026-06-02,11:33:11.886436,[]
2026-06-02,11:33:11.919803,[]
2026-06-02,11:33:11.953170,[]
2026-06-02,11:33:11.986537,[]
2026-06-02,11:33:12.019904,[]
2026-06-02,11:33:12.053271,[]
2026-06-02,11:33:12.086638,[]
2026-06-02,11:33:12.120005,[]
2026-06-02,11:33:12.153372,[]
2026-06-02,11:33:12.186739,[]
2026-06-02,11:33:12.220106,[]
2026-06-02,11:33:12.253473,[]
2026-06-02,11:33:12.286840,[]
2026-06-02,11:33:12.320207,[]
2026-06-02,11:33:12.353574,[]
2026-06-02,11:33:12.386941,[]
2026-06-02,11:33:12.420308,[]
2026-06-02,11:33:12.453675,[]
2026-06-02,11:33:12.487042,[]
2026-06-02,11:33:12.520409,[]
2026-06-02,11:33:12.553776,[]
2026-06-02,11:33:12.587143,[]
2026-06-02,11:33:12.620510,[]
2026-06-02,11:33:12.653877,[]
2026-06-02,11:33:12.687244,[]
2026-06-02,11:33:12.720611,[]
2026-06-02,11:33:12.753978,[]
2026-06-02,11:33:12.787345,[]
2026-06-02,11:33:12.820712,[]
2026-06-02,11:33:12.854079,[]
2026-06-02,11:33:12.887446,[]
2026-06-02,11:33:12.920813,[]
2026-06-02,11:33:12.954180,[]
2026-06-02,11:33:12.987547,[]
2026-06-02,11:33:13.020914,[]
2026-06-02,11:33:13.054281,[]
2026-06-02,11:33:13.087648,[]
2026-06-02,11:33:13.121015,[]
2026-06-02,11:33:13.154382,[]
2026-06-02,11:33:13.187749,[]
2026-06-02,11:33:13.221116,[]
2026-06-02,11:33:13.254483,[]
2026-06-02,11:33:13.287850,[]
2026-06-02,11:33:13.321217,[]
2026-06-02,11:33:13.354584,[]
2026-06-02,11:33:13.387951,[]
2026-06-02,11:33:13.421318,[]
2026-06-02,11:33:13.454685,[]
2026-06-02,11:33:13.488052,[]
2026-06-02,11:33:13.521419,[]
2026-06-02,11:33:13.554786,[]
2026-06-02,11:33:13.588153,[]
2026-06-02,11:33:13.621520,[]
2026-06-02,11:33:13.654887,[]
2026-06-02,11:33:13.688254,[]
2026-06-02,11:33:13.721621,[]
2026-06-02,11:33:13.754988,[]
2026-06-02,11:33:13.788355,[]
2026-06-02,11:33:13.821722,[]
2026-06-02,11:33:13.855089,[]
2026-06-02,11:33:13.888456,[]
2026-06-02,11:33:13.921823,[]
2026-06-02,11:33:13.955190,[]
2026-06-02,11:33:13.988557,[]
2026-06-02,11:33:14.021924,[]
2026-06-02,11:33:14.055291,[]
2026-06-02,11:33:14.088658,[]
2026-06-02,11:33:14.122025,[]
2026-06-02,11:33:14.155392,[]
2026-06-02,11:33:14.188759,[]
2026-06-02,11:33:14.222126,[]
2026-06-02,11:33:14.255493,[]
2026-06-02,11:33:14.288860,[]
2026-06-02,11:33:14.322227,[]
2026-06-02,11:33:14.355594,[]
2026-06-02,11:33:14.388961,[]
2026-06-02,11:33:14.422328,[]
2026-06-02,11:33:14.455695,[]
2026-06-02,11:33:14.489062,[]
2026-06-02,11:33:14.522429,[]
2026-06-02,11:33:14.555796,[]
2026-06-02,11:33:14.589163,[]
2026-06-02,11:33:14.622530,[]
2026-06-02,11:33:14.655897,[]
2026-06-02,11:33:14.689264,[]
2026-06-02,11:33:14.722631,[]
2026-06-02,11:33:14.755998,[]
2026-06-02,11:33:14.789365,[]
2026-06-02,11:33:14.822732,[]
2026-06-02,11:33:14.856099,[]
2026-06-02,11:33:14.889466,[]
2026-06-02,11:33:14.922833,[]
2026-06-02,11:33:14.956200,[]
2026-06-02,11:33:14.989567,[]
2026-06-02,11:33:15.022934,[]
2026-06-02,11:33:15.056301,[]
2026-06-02,11:33:15.089668,[]
2026-06-02,11:33:15.123035,[]
2026-06-02,11:33:15.156402,[]
2026-06-02,11:33:15.189769,[]
2026-06-02,11:33:15.223136,[]
2026-06-02,11:33:15.256503,[]
2026-06-02,11:33:15.289870,[]
2026-06-02,11:33:15.323237,[]
2026-06-02,11:33:15.356604,[]
2026-06-02,11:33:15.389971,[]
2026-06-02,11:33:15.423338,[]
2026-06-02,11:33:15.456705,[]
2026-06-02,11:33:15.490072,[]
2026-06-02,11:33:15.523439,[]
2026-06-02,11:33:15.556806,[]
2026-06-02,11:33:15.590173,[]
2026-06-02,11:33:15.623540,[]
2026-06-02,11:33:15.656907,[]
2026-06-02,11:33:15.690274,[]
2026-06-02,11:33:15.723641,[]
2026-06-02,11:33:15.757008,[]
2026-06-02,11:33:15.790375,[]
2026-06-02,11:33:15.823742,['BL55828']
2026-06-02,11:33:15.857109,['BL55828']
2026-06-02,11:33:15.890476,['BL55828']
2026-06-02,11:33:15.923843,['BL55828']
2026-06-02,11:33:15.957210,['BL55828']
2026-06-02,11:33:15.990577,[]
2026-06-02,11:33:16.023944,[]
2026-06-02,11:33:16.057311,[]
2026-06-02,11:33:16.090678,[]
2026-06-02,11:33:16.124045,[]
2026-06-02,11:33:16.157412,[]
2026-06-02,11:33:16.190779,[]
2026-06-02,11:33:16.224146,[]
2026-06-02,11:33:16.257513,[]
2026-06-02,11:33:16.290880,[]
2026-06-02,11:33:16.324247,[]
2026-06-02,11:33:16.357614,[]
2026-06-02,11:33:16.390981,[]
2026-06-02,11:33:16.424348,[]
2026-06-02,11:33:16.457715,[]
2026-06-02,11:33:16.491082,[]
2026-06-02,11:33:16.524449,[]
2026-06-02,11:33:16.557816,[]
2026-06-02,11:33:16.591183,[]
2026-06-02,11:33:16.624550,[]
2026-06-02,11:33:16.657917,[]
2026-06-02,11:33:16.691284,[]
2026-06-02,11:33:16.724651,[]
2026-06-02,11:33:16.758018,[]
2026-06-02,11:33:16.791385,[]
2026-06-02,11:33:16.824752,[]
2026-06-02,11:33:16.858119,[]
2026-06-02,11:33:16.891486,[]
2026-06-02,11:33:16.924853,[]
2026-06-02,11:33:16.958220,[]
2026-06-02,11:33:16.991587,[]
2026-06-02,11:33:17.024954,[]
2026-06-02,11:33:17.058321,[]
2026-06-02,11:33:17.091688,[]
2026-06-02,11:33:17.125055,[]
2026-06-02,11:33:17.158422,[]
2026-06-02,11:33:17.191789,[]
2026-06-02,11:33:17.225156,[]
2026-06-02,11:33:17.258523,[]
2026-06-02,11:33:17.291890,[]
2026-06-02,11:33:17.325257,[]
2026-06-02,11:33:17.358624,[]
2026-06-02,11:33:17.391991,[]
2026-06-02,11:33:17.425358,[]
2026-06-02,11:33:17.458725,[]
2026-06-02,11:33:17.492092,[]
2026-06-02,11:33:17.525459,[]
2026-06-02,11:33:17.558826,[]
2026-06-02,11:33:17.592193,[]
2026-06-02,11:33:17.625560,[]
2026-06-02,11:33:17.658927,[]
2026-06-02,11:33:17.692294,[]
2026-06-02,11:33:17.725661,[]
2026-06-02,11:33:17.759028,[]
2026-06-02,11:33:17.792395,[]
2026-06-02,11:33:17.825762,[]
2026-06-02,11:33:17.859129,[]
2026-06-02,11:33:17.892496,[]
2026-06-02,11:33:17.925863,[]
2026-06-02,11:33:17.959230,[]
2026-06-02,11:33:17.992597,[]
2026-06-02,11:33:18.025964,[]
2026-06-02,11:33:18.059331,[]
2026-06-02,11:33:18.092698,[]
2026-06-02,11:33:18.126065,[]
2026-06-02,11:33:18.159432,[]
2026-06-02,11:33:18.192799,[]
2026-06-02,11:33:18.226166,[]
2026-06-02,11:33:18.259533,[]
2026-06-02,11:33:18.292900,[]
2026-06-02,11:33:18.326267,[]
2026-06-02,11:33:18.359634,[]
2026-06-02,11:33:18.393001,[]
2026-06-02,11:33:18.426368,[]
2026-06-02,11:33:18.459735,[]
2026-06-02,11:33:18.493102,[]
2026-06-02,11:33:18.526469,[]
2026-06-02,11:33:18.559836,[]
2026-06-02,11:33:18.593203,[]
2026-06-02,11:33:18.626570,[]
2026-06-02,11:33:18.659937,[]
2026-06-02,11:33:18.693304,[]
2026-06-02,11:33:18.726671,[]
2026-06-02,11:33:18.760038,[]
2026-06-02,11:33:18.793405,[]
2026-06-02,11:33:18.826772,[]
2026-06-02,11:33:18.860139,[]
2026-06-02,11:33:18.893506,[]
2026-06-02,11:33:18.926873,[]
2026-06-02,11:33:18.960240,[]
2026-06-02,11:33:18.993607,[]
2026-06-02,11:33:19.026974,[]
2026-06-02,11:33:19.060341,[]
2026-06-02,11:33:19.093708,[]
2026-06-02,11:33:19.127075,[]
2026-06-02,11:33:19.160442,[]
2026-06-02,11:33:19.193809,[]
2026-06-02,11:33:19.227176,[]
2026-06-02,11:33:19.260543,[]
2026-06-02,11:33:19.293910,[]
2026-06-02,11:33:19.327277,[]
2026-06-02,11:33:19.360644,[]
2026-06-02,11:33:19.394011,[]
2026-06-02,11:33:19.427378,[]
2026-06-02,11:33:19.460745,[]
2026-06-02,11:33:19.494112,[]
2026-06-02,11:33:19.527479,[]
2026-06-02,11:33:19.560846,[]
2026-06-02,11:33:19.594213,[]
2026-06-02,11:33:19.627580,[]
2026-06-02,11:33:19.660947,[]
2026-06-02,11:33:19.694314,[]
2026-06-02,11:33:19.727681,[]
2026-06-02,11:33:19.761048,[]
2026-06-02,11:33:19.794415,[]
2026-06-02,11:33:19.827782,[]
2026-06-02,11:33:19.861149,[]
2026-06-02,11:33:19.894516,[]
2026-06-02,11:33:19.927883,[]
2026-06-02,11:33:19.961250,[]
2026-06-02,11:33:19.994617,[]
2026-06-02,11:33:20.027984,[]
2026-06-02,11:33:20.061351,[]
2026-06-02,11:33:20.094718,[]
2026-06-02,11:33:20.128085,[]
2026-06-02,11:33:20.161452,[]
2026-06-02,11:33:20.194819,[]
2026-06-02,11:33:20.228186,[]
2026-06-02,11:33:20.261553,[]
2026-06-02,11:33:20.294920,[]
2026-06-02,11:33:20.328287,[]
2026-06-02,11:33:20.361654,[]
2026-06-02,11:33:20.395021,[]
2026-06-02,11:33:20.428388,[]
2026-06-02,11:33:20.461755,[]
2026-06-02,11:33:20.495122,[]
2026-06-02,11:33:20.528489,[]
2026-06-02,11:33:20.561856,[]
2026-06-02,11:33:20.595223,[]
2026-06-02,11:33:20.628590,[]
2026-06-02,11:33:20.661957,[]
2026-06-02,11:33:20.695324,[]
2026-06-02,11:33:20.728691,[]
2026-06-02,11:33:20.762058,[]
2026-06-02,11:33:20.795425,[]
2026-06-02,11:33:20.828792,[]
2026-06-02,11:33:20.862159,[]
2026-06-02,11:33:20.895526,[]
2026-06-02,11:33:20.928893,[]
2026-06-02,11:33:20.962260,[]
2026-06-02,11:33:20.995627,[]
2026-06-02,11:33:21.028994,[]
2026-06-02,11:33:21.062361,[]
2026-06-02,11:33:21.095728,[]
2026-06-02,11:33:21.129095,[]
2026-06-02,11:33:21.162462,[]
2026-06-02,11:33:21.195829,[]
2026-06-02,11:33:21.229196,[]
2026-06-02,11:33:21.262563,[]
2026-06-02,11:33:21.295930,[]
2026-06-02,11:33:21.329297,[]
2026-06-02,11:33:21.362664,[]
2026-06-02,11:33:21.396031,[]
2026-06-02,11:33:21.429398,[]
2026-06-02,11:33:21.462765,[]
2026-06-02,11:33:21.496132,[]
2026-06-02,11:33:21.529499,[]
2026-06-02,11:33:21.562866,[]
2026-06-02,11:33:21.596233,[]
2026-06-02,11:33:21.629600,[]
2026-06-02,11:33:21.662967,[]
2026-06-02,11:33:21.696334,[]
2026-06-02,11:33:21.729701,[]
2026-06-02,11:33:21.763068,[]
2026-06-02,11:33:21.796435,[]
2026-06-02,11:33:21.829802,[]
2026-06-02,11:33:21.863169,[]
2026-06-02,11:33:21.896536,[]
2026-06-02,11:33:21.929903,[]
2026-06-02,11:33:21.963270,[]
2026-06-02,11:33:21.996637,[]
2026-06-02,11:33:22.030004,[]
2026-06-02,11:33:22.063371,[]
2026-06-02,11:33:22.096738,[]
2026-06-02,11:33:22.130105,[]
2026-06-02,11:33:22.163472,[]
2026-06-02,11:33:22.196839,[]
2026-06-02,11:33:22.230206,[]
2026-06-02,11:33:22.263573,[]
2026-06-02,11:33:22.296940,[]
2026-06-02,11:33:22.330307,[]
2026-06-02,11:33:22.363674,[]
2026-06-02,11:33:22.397041,[]
2026-06-02,11:33:22.430408,[]
2026-06-02,11:33:22.463775,[]
2026-06-02,11:33:22.497142,[]
2026-06-02,11:33:22.530509,[]
2026-06-02,11:33:22.563876,[]
2026-06-02,11:33:22.597243,[]
2026-06-02,11:33:22.630610,[]
2026-06-02,11:33:22.663977,[]
2026-06-02,11:33:22.697344,[]
2026-06-02,11:33:22.730711,[]
2026-06-02,11:33:22.764078,[]
2026-06-02,11:33:22.797445,[]
2026-06-02,11:33:22.830812,[]
2026-06-02,11:33:22.864179,[]
2026-06-02,11:33:22.897546,[]
2026-06-02,11:33:22.930913,[]
2026-06-02,11:33:22.964280,[]
2026-06-02,11:33:22.997647,[]
2026-06-02,11:33:23.031014,[]
2026-06-02,11:33:23.064381,[]
2026-06-02,11:33:23.097748,[]
2026-06-02,11:33:23.131115,[]
2026-06-02,11:33:23.164482,[]
2026-06-02,11:33:23.197849,[]
2026-06-02,11:33:23.231216,[]
2026-06-02,11:33:23.264583,[]
2026-06-02,11:33:23.297950,[]
2026-06-02,11:33:23.331317,[]
2026-06-02,11:33:23.364684,[]
2026-06-02,11:33:23.398051,[]
2026-06-02,11:33:23.431418,[]
2026-06-02,11:33:23.464785,[]
2026-06-02,11:33:23.498152,[]
2026-06-02,11:33:23.531519,[]
2026-06-02,11:33:23.564886,[]
2026-06-02,11:33:23.598253,[]
2026-06-02,11:33:23.631620,[]
2026-06-02,11:33:23.664987,[]
2026-06-02,11:33:23.698354,[]
2026-06-02,11:33:23.731721,[]
2026-06-02,11:33:23.765088,[]
2026-06-02,11:33:23.798455,[]
2026-06-02,11:33:23.831822,[]
2026-06-02,11:33:23.865189,[]
2026-06-02,11:33:23.898556,[]
2026-06-02,11:33:23.931923,[]
2026-06-02,11:33:23.965290,[]
2026-06-02,11:33:23.998657,[]
2026-06-02,11:33:24.032024,[]
2026-06-02,11:33:24.065391,[]
2026-06-02,11:33:24.098758,[]
2026-06-02,11:33:24.132125,[]
2026-06-02,11:33:24.165492,[]
2026-06-02,11:33:24.198859,[]
2026-06-02,11:33:24.232226,[]
2026-06-02,11:33:24.265593,[]
2026-06-02,11:33:24.298960,[]
2026-06-02,11:33:24.332327,[]
2026-06-02,11:33:24.365694,[]
2026-06-02,11:33:24.399061,[]
2026-06-02,11:33:24.432428,[]
2026-06-02,11:33:24.465795,[]
2026-06-02,11:33:24.499162,[]
2026-06-02,11:33:24.532529,[]
2026-06-02,11:33:24.565896,[]
2026-06-02,11:33:24.599263,[]
2026-06-02,11:33:24.632630,[]
2026-06-02,11:33:24.665997,[]
2026-06-02,11:33:24.699364,[]
2026-06-02,11:33:24.732731,[]
2026-06-02,11:33:24.766098,[]
2026-06-02,11:33:24.799465,[]
2026-06-02,11:33:24.832832,[]
2026-06-02,11:33:24.866199,[]
2026-06-02,11:33:24.899566,[]
2026-06-02,11:33:24.932933,[]
2026-06-02,11:33:24.966300,[]
2026-06-02,11:33:24.999667,[]
2026-06-02,11:33:25.033034,[]
2026-06-02,11:33:25.066401,[]
2026-06-02,11:33:25.099768,[]
2026-06-02,11:33:25.133135,[]
2026-06-02,11:33:25.166502,[]
2026-06-02,11:33:25.199869,[]
2026-06-02,11:33:25.233236,[]
2026-06-02,11:33:25.266603,[]
2026-06-02,11:33:25.299970,[]
2026-06-02,11:33:25.333337,[]
2026-06-02,11:33:25.366704,[]
2026-06-02,11:33:25.400071,[]
2026-06-02,11:33:25.433438,[]
2026-06-02,11:33:25.466805,[]
2026-06-02,11:33:25.500172,[]
2026-06-02,11:33:25.533539,[]
2026-06-02,11:33:25.566906,[]
2026-06-02,11:33:25.600273,[]
2026-06-02,11:33:25.633640,[]
2026-06-02,11:33:25.667007,[]
2026-06-02,11:33:25.700374,[]
2026-06-02,11:33:25.733741,[]
2026-06-02,11:33:25.767108,[]
2026-06-02,11:33:25.800475,[]
2026-06-02,11:33:25.833842,[]
2026-06-02,11:33:25.867209,[]
2026-06-02,11:33:25.900576,[]
2026-06-02,11:33:25.933943,[]
2026-06-02,11:33:25.967310,[]
2026-06-02,11:33:26.000677,[]
2026-06-02,11:33:26.034044,[]
2026-06-02,11:33:26.067411,[]
2026-06-02,11:33:26.100778,[]
2026-06-02,11:33:26.134145,[]
2026-06-02,11:33:26.167512,[]
2026-06-02,11:33:26.200879,[]
2026-06-02,11:33:26.234246,[]
2026-06-02,11:33:26.267613,[]
2026-06-02,11:33:26.300980,[]
2026-06-02,11:33:26.334347,[]
2026-06-02,11:33:26.367714,[]
2026-06-02,11:33:26.401081,[]
2026-06-02,11:33:26.434448,[]
2026-06-02,11:33:26.467815,[]
2026-06-02,11:33:26.501182,[]
2026-06-02,11:33:26.534549,[]
2026-06-02,11:33:26.567916,[]
2026-06-02,11:33:26.601283,[]
2026-06-02,11:33:26.634650,[]
2026-06-02,11:33:26.668017,[]
2026-06-02,11:33:26.701384,[]
2026-06-02,11:33:26.734751,[]
2026-06-02,11:33:26.768118,[]
2026-06-02,11:33:26.801485,[]
2026-06-02,11:33:26.834852,[]
2026-06-02,11:33:26.868219,[]
2026-06-02,11:33:26.901586,[]
2026-06-02,11:33:26.934953,[]
2026-06-02,11:33:26.968320,[]
2026-06-02,11:33:27.001687,[]
2026-06-02,11:33:27.035054,[]
2026-06-02,11:33:27.068421,[]
2026-06-02,11:33:27.101788,[]
2026-06-02,11:33:27.135155,[]
2026-06-02,11:33:27.168522,[]
2026-06-02,11:33:27.201889,[]
2026-06-02,11:33:27.235256,[]
2026-06-02,11:33:27.268623,[]
2026-06-02,11:33:27.301990,[]
2026-06-02,11:33:27.335357,[]
2026-06-02,11:33:27.368724,[]
2026-06-02,11:33:27.402091,[]
2026-06-02,11:33:27.435458,[]
2026-06-02,11:33:27.468825,[]
2026-06-02,11:33:27.502192,[]
2026-06-02,11:33:27.535559,[]
2026-06-02,11:33:27.568926,[]
2026-06-02,11:33:27.602293,[]
2026-06-02,11:33:27.635660,[]
2026-06-02,11:33:27.669027,[]
2026-06-02,11:33:27.702394,[]
2026-06-02,11:33:27.735761,[]
2026-06-02,11:33:27.769128,[]
2026-06-02,11:33:27.802495,[]
2026-06-02,11:33:27.835862,[]
2026-06-02,11:33:27.869229,[]
2026-06-02,11:33:27.902596,[]
2026-06-02,11:33:27.935963,[]
2026-06-02,11:33:27.969330,[]
2026-06-02,11:33:28.002697,[]
2026-06-02,11:33:28.036064,[]
2026-06-02,11:33:28.069431,[]
2026-06-02,11:33:28.102798,[]
2026-06-02,11:33:28.136165,[]
2026-06-02,11:33:28.169532,[]
2026-06-02,11:33:28.202899,[]
2026-06-02,11:33:28.236266,[]
2026-06-02,11:33:28.269633,[]
2026-06-02,11:33:28.303000,[]
2026-06-02,11:33:28.336367,[]
2026-06-02,11:33:28.369734,[]
2026-06-02,11:33:28.403101,[]
2026-06-02,11:33:28.436468,[]
2026-06-02,11:33:28.469835,[]
2026-06-02,11:33:28.503202,[]
2026-06-02,11:33:28.536569,[]
2026-06-02,11:33:28.569936,[]
2026-06-02,11:33:28.603303,[]
2026-06-02,11:33:28.636670,[]
2026-06-02,11:33:28.670037,[]
2026-06-02,11:33:28.703404,[]
2026-06-02,11:33:28.736771,[]
2026-06-02,11:33:28.770138,[]
2026-06-02,11:33:28.803505,[]
2026-06-02,11:33:28.836872,[]
2026-06-02,11:33:28.870239,[]
2026-06-02,11:33:28.903606,[]
2026-06-02,11:33:28.936973,[]
2026-06-02,11:33:28.970340,[]
2026-06-02,11:33:29.003707,[]
2026-06-02,11:33:29.037074,[]
2026-06-02,11:33:29.070441,[]
2026-06-02,11:33:29.103808,[]
2026-06-02,11:33:29.137175,[]
2026-06-02,11:33:29.170542,[]
2026-06-02,11:33:29.203909,[]
2026-06-02,11:33:29.237276,[]
2026-06-02,11:33:29.270643,[]
2026-06-02,11:33:29.304010,[]
2026-06-02,11:33:29.337377,[]
2026-06-02,11:33:29.370744,[]
2026-06-02,11:33:29.404111,[]
2026-06-02,11:33:29.437478,[]
2026-06-02,11:33:29.470845,[]
2026-06-02,11:33:29.504212,[]
2026-06-02,11:33:29.537579,[]
2026-06-02,11:33:29.570946,[]
2026-06-02,11:33:29.604313,[]
2026-06-02,11:33:29.637680,[]
2026-06-02,11:33:29.671047,[]
2026-06-02,11:33:29.704414,[]
2026-06-02,11:33:29.737781,[]
2026-06-02,11:33:29.771148,[]
2026-06-02,11:33:29.804515,[]
2026-06-02,11:33:29.837882,[]
2026-06-02,11:33:29.871249,[]
2026-06-02,11:33:29.904616,[]
2026-06-02,11:33:29.937983,[]
2026-06-02,11:33:29.971350,[]
2026-06-02,11:33:30.004717,[]
2026-06-02,11:33:30.038084,[]
2026-06-02,11:33:30.071451,[]
2026-06-02,11:33:30.104818,[]
2026-06-02,11:33:30.138185,[]
2026-06-02,11:33:30.171552,[]
2026-06-02,11:33:30.204919,[]
2026-06-02,11:33:30.238286,[]
2026-06-02,11:33:30.271653,[]
2026-06-02,11:33:30.305020,[]
2026-06-02,11:33:30.338387,[]
2026-06-02,11:33:30.371754,[]
2026-06-02,11:33:30.405121,[]
2026-06-02,11:33:30.438488,[]
2026-06-02,11:33:30.471855,[]
2026-06-02,11:33:30.505222,[]
2026-06-02,11:33:30.538589,[]
2026-06-02,11:33:30.571956,[]
2026-06-02,11:33:30.605323,[]
2026-06-02,11:33:30.638690,[]
2026-06-02,11:33:30.672057,[]
2026-06-02,11:33:30.705424,[]
2026-06-02,11:33:30.738791,[]
2026-06-02,11:33:30.772158,[]
2026-06-02,11:33:30.805525,[]
2026-06-02,11:33:30.838892,[]
2026-06-02,11:33:30.872259,[]
2026-06-02,11:33:30.905626,[]
2026-06-02,11:33:30.938993,[]
2026-06-02,11:33:30.972360,[]
2026-06-02,11:33:31.005727,[]
2026-06-02,11:33:31.039094,[]
2026-06-02,11:33:31.072461,[]
2026-06-02,11:33:31.105828,[]
2026-06-02,11:33:31.139195,[]
2026-06-02,11:33:31.172562,[]
2026-06-02,11:33:31.205929,[]
2026-06-02,11:33:31.239296,[]
2026-06-02,11:33:31.272663,[]
2026-06-02,11:33:31.306030,[]
2026-06-02,11:33:31.339397,[]
2026-06-02,11:33:31.372764,[]
2026-06-02,11:33:31.406131,[]
2026-06-02,11:33:31.439498,[]
2026-06-02,11:33:31.472865,[]
2026-06-02,11:33:31.506232,[]
2026-06-02,11:33:31.539599,[]
2026-06-02,11:33:31.572966,[]
2026-06-02,11:33:31.606333,[]
2026-06-02,11:33:31.639700,[]
2026-06-02,11:33:31.673067,[]
2026-06-02,11:33:31.706434,[]
2026-06-02,11:33:31.739801,[]
2026-06-02,11:33:31.773168,[]
2026-06-02,11:33:31.806535,[]
2026-06-02,11:33:31.839902,[]
2026-06-02,11:33:31.873269,[]
2026-06-02,11:33:31.906636,[]
2026-06-02,11:33:31.940003,[]
2026-06-02,11:33:31.973370,[]
2026-06-02,11:33:32.006737,[]
2026-06-02,11:33:32.040104,[]
2026-06-02,11:33:32.073471,[]
2026-06-02,11:33:32.106838,[]
2026-06-02,11:33:32.140205,[]
2026-06-02,11:33:32.173572,['BB24696']
2026-06-02,11:33:32.206939,['BB24696']
2026-06-02,11:33:32.240306,['BB24696']
2026-06-02,11:33:32.273673,['BB24696']
2026-06-02,11:33:32.307040,['BB24696']
2026-06-02,11:33:32.340407,['BB24696']
2026-06-02,11:33:32.373774,[]
2026-06-02,11:33:32.407141,[]
2026-06-02,11:33:32.440508,[]
2026-06-02,11:33:32.473875,[]
2026-06-02,11:33:32.507242,[]
2026-06-02,11:33:32.540609,[]
2026-06-02,11:33:32.573976,[]
2026-06-02,11:33:32.607343,[]
2026-06-02,11:33:32.640710,[]
2026-06-02,11:33:32.674077,[]
2026-06-02,11:33:32.707444,[]
2026-06-02,11:33:32.740811,[]
2026-06-02,11:33:32.774178,[]
2026-06-02,11:33:32.807545,[]
2026-06-02,11:33:32.840912,[]
2026-06-02,11:33:32.874279,[]
2026-06-02,11:33:32.907646,[]
2026-06-02,11:33:32.941013,[]
2026-06-02,11:33:32.974380,[]
2026-06-02,11:33:33.007747,[]
2026-06-02,11:33:33.041114,[]
2026-06-02,11:33:33.074481,[]
2026-06-02,11:33:33.107848,[]
2026-06-02,11:33:33.141215,[]
2026-06-02,11:33:33.174582,[]
2026-06-02,11:33:33.207949,[]
2026-06-02,11:33:33.241316,[]
2026-06-02,11:33:33.274683,[]
2026-06-02,11:33:33.308050,[]
2026-06-02,11:33:33.341417,[]
2026-06-02,11:33:33.374784,[]
2026-06-02,11:33:33.408151,[]
2026-06-02,11:33:33.441518,[]
2026-06-02,11:33:33.474885,[]
2026-06-02,11:33:33.508252,[]
2026-06-02,11:33:33.541619,[]
2026-06-02,11:33:33.574986,[]
2026-06-02,11:33:33.608353,[]
2026-06-02,11:33:33.641720,[]
2026-06-02,11:33:33.675087,[]
2026-06-02,11:33:33.708454,[]
2026-06-02,11:33:33.741821,[]
2026-06-02,11:33:33.775188,[]
2026-06-02,11:33:33.808555,[]
2026-06-02,11:33:33.841922,[]
2026-06-02,11:33:33.875289,[]
2026-06-02,11:33:33.908656,[]
2026-06-02,11:33:33.942023,[]
2026-06-02,11:33:33.975390,[]
2026-06-02,11:33:34.008757,[]
2026-06-02,11:33:34.042124,[]
2026-06-02,11:33:34.075491,[]
2026-06-02,11:33:34.108858,[]
2026-06-02,11:33:34.142225,[]
2026-06-02,11:33:34.175592,[]
2026-06-02,11:33:34.208959,[]
2026-06-02,11:33:34.242326,[]
2026-06-02,11:33:34.275693,[]
2026-06-02,11:33:34.309060,[]
2026-06-02,11:33:34.342427,[]
2026-06-02,11:33:34.375794,[]
2026-06-02,11:33:34.409161,[]
2026-06-02,11:33:34.442528,[]
2026-06-02,11:33:34.475895,[]
2026-06-02,11:33:34.509262,[]
2026-06-02,11:33:34.542629,[]
2026-06-02,11:33:34.575996,[]
2026-06-02,11:33:34.609363,[]
2026-06-02,11:33:34.642730,[]
2026-06-02,11:33:34.676097,[]
2026-06-02,11:33:34.709464,[]
2026-06-02,11:33:34.742831,[]
2026-06-02,11:33:34.776198,[]
2026-06-02,11:33:34.809565,[]
2026-06-02,11:33:34.842932,[]
2026-06-02,11:33:34.876299,[]
2026-06-02,11:33:34.909666,[]
2026-06-02,11:33:34.943033,[]
2026-06-02,11:33:34.976400,[]
2026-06-02,11:33:35.009767,[]
2026-06-02,11:33:35.043134,[]
2026-06-02,11:33:35.076501,[]
2026-06-02,11:33:35.109868,[]
2026-06-02,11:33:35.143235,[]
2026-06-02,11:33:35.176602,[]
2026-06-02,11:33:35.209969,[]
2026-06-02,11:33:35.243336,[]
2026-06-02,11:33:35.276703,[]
2026-06-02,11:33:35.310070,[]
2026-06-02,11:33:35.343437,[]
2026-06-02,11:33:35.376804,[]
2026-06-02,11:33:35.410171,[]
2026-06-02,11:33:35.443538,[]
2026-06-02,11:33:35.476905,[]
2026-06-02,11:33:35.510272,[]
2026-06-02,11:33:35.543639,[]
2026-06-02,11:33:35.577006,[]
2026-06-02,11:33:35.610373,[]
2026-06-02,11:33:35.643740,[]
2026-06-02,11:33:35.677107,[]
2026-06-02,11:33:35.710474,[]
2026-06-02,11:33:35.743841,[]
2026-06-02,11:33:35.777208,[]
2026-06-02,11:33:35.810575,[]
2026-06-02,11:33:35.843942,[]
2026-06-02,11:33:35.877309,[]
2026-06-02,11:33:35.910676,[]
2026-06-02,11:33:35.944043,[]
2026-06-02,11:33:35.977410,[]
2026-06-02,11:33:36.010777,[]
2026-06-02,11:33:36.044144,[]
2026-06-02,11:33:36.077511,[]
2026-06-02,11:33:36.110878,[]
2026-06-02,11:33:36.144245,[]
2026-06-02,11:33:36.177612,[]
2026-06-02,11:33:36.210979,[]
2026-06-02,11:33:36.244346,[]
2026-06-02,11:33:36.277713,[]
2026-06-02,11:33:36.311080,[]
2026-06-02,11:33:36.344447,[]
2026-06-02,11:33:36.377814,[]
2026-06-02,11:33:36.411181,[]
2026-06-02,11:33:36.444548,[]
2026-06-02,11:33:36.477915,[]
2026-06-02,11:33:36.511282,[]
2026-06-02,11:33:36.544649,[]
2026-06-02,11:33:36.578016,[]
2026-06-02,11:33:36.611383,[]
2026-06-02,11:33:36.644750,[]
2026-06-02,11:33:36.678117,[]
2026-06-02,11:33:36.711484,[]
2026-06-02,11:33:36.744851,[]
2026-06-02,11:33:36.778218,[]
2026-06-02,11:33:36.811585,[]
2026-06-02,11:33:36.844952,[]
2026-06-02,11:33:36.878319,[]
2026-06-02,11:33:36.911686,[]
2026-06-02,11:33:36.945053,[]
2026-06-02,11:33:36.978420,[]
2026-06-02,11:33:37.011787,[]
2026-06-02,11:33:37.045154,[]
2026-06-02,11:33:37.078521,[]
2026-06-02,11:33:37.111888,[]
2026-06-02,11:33:37.145255,[]
2026-06-02,11:33:37.178622,[]
2026-06-02,11:33:37.211989,[]
2026-06-02,11:33:37.245356,[]
2026-06-02,11:33:37.278723,[]
2026-06-02,11:33:37.312090,[]
2026-06-02,11:33:37.345457,[]
2026-06-02,11:33:37.378824,[]
2026-06-02,11:33:37.412191,[]
2026-06-02,11:33:37.445558,[]
2026-06-02,11:33:37.478925,[]
2026-06-02,11:33:37.512292,[]
2026-06-02,11:33:37.545659,[]
2026-06-02,11:33:37.579026,[]
2026-06-02,11:33:37.612393,['CN42224']
2026-06-02,11:33:37.645760,['CN42224']
2026-06-02,11:33:37.679127,[]
2026-06-02,11:33:37.712494,['CN42227']
2026-06-02,11:33:37.745861,['CN42224']
2026-06-02,11:33:37.779228,[]
2026-06-02,11:33:37.812595,[]
2026-06-02,11:33:37.845962,[]
2026-06-02,11:33:37.879329,[]
2026-06-02,11:33:37.912696,[]
2026-06-02,11:33:37.946063,[]
2026-06-02,11:33:37.979430,[]
2026-06-02,11:33:38.012797,[]
2026-06-02,11:33:38.046164,[]
2026-06-02,11:33:38.079531,[]
2026-06-02,11:33:38.112898,[]
2026-06-02,11:33:38.146265,[]
2026-06-02,11:33:38.179632,[]
2026-06-02,11:33:38.212999,[]
2026-06-02,11:33:38.246366,[]
2026-06-02,11:33:38.279733,[]
2026-06-02,11:33:38.313100,[]
2026-06-02,11:33:38.346467,[]
2026-06-02,11:33:38.379834,[]
2026-06-02,11:33:38.413201,[]
2026-06-02,11:33:38.446568,[]
2026-06-02,11:33:38.479935,[]
2026-06-02,11:33:38.513302,[]
2026-06-02,11:33:38.546669,[]
2026-06-02,11:33:38.580036,[]
2026-06-02,11:33:38.613403,[]
2026-06-02,11:33:38.646770,[]
2026-06-02,11:33:38.680137,[]
2026-06-02,11:33:38.713504,[]
2026-06-02,11:33:38.746871,[]
2026-06-02,11:33:38.780238,[]
2026-06-02,11:33:38.813605,[]
2026-06-02,11:33:38.846972,[]
2026-06-02,11:33:38.880339,[]
2026-06-02,11:33:38.913706,[]
2026-06-02,11:33:38.947073,[]
2026-06-02,11:33:38.980440,[]
2026-06-02,11:33:39.013807,[]
2026-06-02,11:33:39.047174,[]
2026-06-02,11:33:39.080541,[]
2026-06-02,11:33:39.113908,[]
2026-06-02,11:33:39.147275,[]
2026-06-02,11:33:39.180642,[]
2026-06-02,11:33:39.214009,[]
2026-06-02,11:33:39.247376,[]
2026-06-02,11:33:39.280743,[]
2026-06-02,11:33:39.314110,[]
2026-06-02,11:33:39.347477,[]
2026-06-02,11:33:39.380844,[]
2026-06-02,11:33:39.414211,[]
2026-06-02,11:33:39.447578,[]
2026-06-02,11:33:39.480945,[]
2026-06-02,11:33:39.514312,[]
2026-06-02,11:33:39.547679,[]
2026-06-02,11:33:39.581046,[]
2026-06-02,11:33:39.614413,[]
2026-06-02,11:33:39.647780,[]
2026-06-02,11:33:39.681147,[]
2026-06-02,11:33:39.714514,[]
2026-06-02,11:33:39.747881,[]
2026-06-02,11:33:39.781248,[]
2026-06-02,11:33:39.814615,[]
2026-06-02,11:33:39.847982,[]
2026-06-02,11:33:39.881349,[]
2026-06-02,11:33:39.914716,[]
2026-06-02,11:33:39.948083,[]
2026-06-02,11:33:39.981450,[]
2026-06-02,11:33:40.014817,[]
2026-06-02,11:33:40.048184,[]
2026-06-02,11:33:40.081551,[]
2026-06-02,11:33:40.114918,[]
2026-06-02,11:33:40.148285,[]
2026-06-02,11:33:40.181652,[]
2026-06-02,11:33:40.215019,[]
2026-06-02,11:33:40.248386,[]
2026-06-02,11:33:40.281753,[]
2026-06-02,11:33:40.315120,[]
2026-06-02,11:33:40.348487,[]
2026-06-02,11:33:40.381854,[]
2026-06-02,11:33:40.415221,[]
2026-06-02,11:33:40.448588,[]
2026-06-02,11:33:40.481955,[]
2026-06-02,11:33:40.515322,[]
2026-06-02,11:33:40.548689,[]
2026-06-02,11:33:40.582056,[]
2026-06-02,11:33:40.615423,[]
2026-06-02,11:33:40.648790,[]
2026-06-02,11:33:40.682157,[]
2026-06-02,11:33:40.715524,[]
2026-06-02,11:33:40.748891,[]
2026-06-02,11:33:40.782258,[]
2026-06-02,11:33:40.815625,[]
2026-06-02,11:33:40.848992,[]
2026-06-02,11:33:40.882359,[]
2026-06-02,11:33:40.915726,['DS10623']
2026-06-02,11:33:40.949093,['DS10623']
2026-06-02,11:33:40.982460,['DS10623']
2026-06-02,11:33:41.015827,['DS10623']
2026-06-02,11:33:41.049194,['DS10623']
2026-06-02,11:33:41.082561,['DS10623']
2026-06-02,11:33:41.115928,[]
2026-06-02,11:33:41.149295,[]
2026-06-02,11:33:41.182662,[]
2026-06-02,11:33:41.216029,[]
2026-06-02,11:33:41.249396,[]
2026-06-02,11:33:41.282763,[]
2026-06-02,11:33:41.316130,[]
2026-06-02,11:33:41.349497,[]
2026-06-02,11:33:41.382864,[]
2026-06-02,11:33:41.416231,[]
2026-06-02,11:33:41.449598,[]
2026-06-02,11:33:41.482965,[]
2026-06-02,11:33:41.516332,[]
2026-06-02,11:33:41.549699,[]
2026-06-02,11:33:41.583066,[]
2026-06-02,11:33:41.616433,[]
2026-06-02,11:33:41.649800,[]
2026-06-02,11:33:41.683167,[]
2026-06-02,11:33:41.716534,[]
2026-06-02,11:33:41.749901,[]
2026-06-02,11:33:41.783268,[]
2026-06-02,11:33:41.816635,[]
2026-06-02,11:33:41.850002,[]
2026-06-02,11:33:41.883369,[]
2026-06-02,11:33:41.916736,[]
2026-06-02,11:33:41.950103,[]
2026-06-02,11:33:41.983470,[]
2026-06-02,11:33:42.016837,[]
2026-06-02,11:33:42.050204,[]
2026-06-02,11:33:42.083571,[]
2026-06-02,11:33:42.116938,[]
2026-06-02,11:33:42.150305,[]
2026-06-02,11:33:42.183672,[]
2026-06-02,11:33:42.217039,[]
2026-06-02,11:33:42.250406,[]
2026-06-02,11:33:42.283773,[]
2026-06-02,11:33:42.317140,[]
2026-06-02,11:33:42.350507,[]
2026-06-02,11:33:42.383874,[]
2026-06-02,11:33:42.417241,[]
2026-06-02,11:33:42.450608,[]
2026-06-02,11:33:42.483975,[]
2026-06-02,11:33:42.517342,[]
2026-06-02,11:33:42.550709,[]
2026-06-02,11:33:42.584076,[]
2026-06-02,11:33:42.617443,[]
2026-06-02,11:33:42.650810,[]
2026-06-02,11:33:42.684177,[]
2026-06-02,11:33:42.717544,[]
2026-06-02,11:33:42.750911,[]
2026-06-02,11:33:42.784278,[]
2026-06-02,11:33:42.817645,[]
2026-06-02,11:33:42.851012,[]
2026-06-02,11:33:42.884379,[]
2026-06-02,11:33:42.917746,[]
2026-06-02,11:33:42.951113,[]
2026-06-02,11:33:42.984480,[]
2026-06-02,11:33:43.017847,[]
2026-06-02,11:33:43.051214,[]
2026-06-02,11:33:43.084581,[]
2026-06-02,11:33:43.117948,[]
2026-06-02,11:33:43.151315,[]
2026-06-02,11:33:43.184682,[]
2026-06-02,11:33:43.218049,[]
2026-06-02,11:33:43.251416,[]
2026-06-02,11:33:43.284783,[]
2026-06-02,11:33:43.318150,[]
2026-06-02,11:33:43.351517,[]
2026-06-02,11:33:43.384884,[]
2026-06-02,11:33:43.418251,[]
2026-06-02,11:33:43.451618,[]
2026-06-02,11:33:43.484985,[]
2026-06-02,11:33:43.518352,[]
2026-06-02,11:33:43.551719,[]
2026-06-02,11:33:43.585086,[]
2026-06-02,11:33:43.618453,[]
2026-06-02,11:33:43.651820,[]
2026-06-02,11:33:43.685187,[]
2026-06-02,11:33:43.718554,[]
2026-06-02,11:33:43.751921,[]
2026-06-02,11:33:43.785288,[]
2026-06-02,11:33:43.818655,[]
2026-06-02,11:33:43.852022,[]
2026-06-02,11:33:43.885389,[]
2026-06-02,11:33:43.918756,[]
2026-06-02,11:33:43.952123,[]
2026-06-02,11:33:43.985490,[]
2026-06-02,11:33:44.018857,[]
2026-06-02,11:33:44.052224,[]
2026-06-02,11:33:44.085591,[]
2026-06-02,11:33:44.118958,[]
2026-06-02,11:33:44.152325,[]
2026-06-02,11:33:44.185692,[]
2026-06-02,11:33:44.219059,[]
2026-06-02,11:33:44.252426,[]
2026-06-02,11:33:44.285793,[]
2026-06-02,11:33:44.319160,[]
2026-06-02,11:33:44.352527,[]
2026-06-02,11:33:44.385894,[]
2026-06-02,11:33:44.419261,[]
2026-06-02,11:33:44.452628,[]
2026-06-02,11:33:44.485995,[]
2026-06-02,11:33:44.519362,[]
2026-06-02,11:33:44.552729,[]
2026-06-02,11:33:44.586096,[]
2026-06-02,11:33:44.619463,[]
2026-06-02,11:33:44.652830,[]
2026-06-02,11:33:44.686197,[]
2026-06-02,11:33:44.719564,[]
2026-06-02,11:33:44.752931,[]
2026-06-02,11:33:44.786298,[]
2026-06-02,11:33:44.819665,[]
2026-06-02,11:33:44.853032,[]
2026-06-02,11:33:44.886399,[]
2026-06-02,11:33:44.919766,[]
2026-06-02,11:33:44.953133,[]
2026-06-02,11:33:44.986500,[]
2026-06-02,11:33:45.019867,[]
2026-06-02,11:33:45.053234,[]
2026-06-02,11:33:45.086601,[]
2026-06-02,11:33:45.119968,[]
2026-06-02,11:33:45.153335,[]
2026-06-02,11:33:45.186702,[]
2026-06-02,11:33:45.220069,[]
2026-06-02,11:33:45.253436,[]
2026-06-02,11:33:45.286803,[]
2026-06-02,11:33:45.320170,[]
2026-06-02,11:33:45.353537,[]
2026-06-02,11:33:45.386904,[]
2026-06-02,11:33:45.420271,[]
2026-06-02,11:33:45.453638,[]
2026-06-02,11:33:45.487005,[]
2026-06-02,11:33:45.520372,[]
2026-06-02,11:33:45.553739,[]
2026-06-02,11:33:45.587106,[]
2026-06-02,11:33:45.620473,[]
2026-06-02,11:33:45.653840,[]
2026-06-02,11:33:45.687207,[]
2026-06-02,11:33:45.720574,[]
2026-06-02,11:33:45.753941,[]
2026-06-02,11:33:45.787308,[]
2026-06-02,11:33:45.820675,[]
2026-06-02,11:33:45.854042,[]
2026-06-02,11:33:45.887409,[]
2026-06-02,11:33:45.920776,[]
2026-06-02,11:33:45.954143,[]
2026-06-02,11:33:45.987510,[]
2026-06-02,11:33:46.020877,[]
2026-06-02,11:33:46.054244,[]
2026-06-02,11:33:46.087611,[]
2026-06-02,11:33:46.120978,[]
2026-06-02,11:33:46.154345,[]
2026-06-02,11:33:46.187712,[]
2026-06-02,11:33:46.221079,[]
2026-06-02,11:33:46.254446,[]
2026-06-02,11:33:46.287813,[]
2026-06-02,11:33:46.321180,[]
2026-06-02,11:33:46.354547,[]
2026-06-02,11:33:46.387914,[]
2026-06-02,11:33:46.421281,[]
2026-06-02,11:33:46.454648,[]
2026-06-02,11:33:46.488015,[]
2026-06-02,11:33:46.521382,[]
2026-06-02,11:33:46.554749,[]
2026-06-02,11:33:46.588116,[]
2026-06-02,11:33:46.621483,[]
2026-06-02,11:33:46.654850,[]
2026-06-02,11:33:46.688217,[]
2026-06-02,11:33:46.721584,[]
2026-06-02,11:33:46.754951,[]
2026-06-02,11:33:46.788318,[]
2026-06-02,11:33:46.821685,[]
2026-06-02,11:33:46.855052,[]
2026-06-02,11:33:46.888419,[]
2026-06-02,11:33:46.921786,[]
2026-06-02,11:33:46.955153,[]
2026-06-02,11:33:46.988520,[]
2026-06-02,11:33:47.021887,[]
2026-06-02,11:33:47.055254,[]
2026-06-02,11:33:47.088621,[]
2026-06-02,11:33:47.121988,[]
2026-06-02,11:33:47.155355,[]
2026-06-02,11:33:47.188722,[]
2026-06-02,11:33:47.222089,[]
2026-06-02,11:33:47.255456,[]
2026-06-02,11:33:47.288823,[]
2026-06-02,11:33:47.322190,[]
2026-06-02,11:33:47.355557,[]
2026-06-02,11:33:47.388924,[]
2026-06-02,11:33:47.422291,[]
2026-06-02,11:33:47.455658,[]
2026-06-02,11:33:47.489025,[]
2026-06-02,11:33:47.522392,[]
2026-06-02,11:33:47.555759,[]
2026-06-02,11:33:47.589126,[]
2026-06-02,11:33:47.622493,[]
2026-06-02,11:33:47.655860,[]
2026-06-02,11:33:47.689227,[]
2026-06-02,11:33:47.722594,[]
2026-06-02,11:33:47.755961,[]
2026-06-02,11:33:47.789328,[]
2026-06-02,11:33:47.822695,[]
2026-06-02,11:33:47.856062,[]
2026-06-02,11:33:47.889429,[]
2026-06-02,11:33:47.922796,[]
2026-06-02,11:33:47.956163,[]
2026-06-02,11:33:47.989530,[]
2026-06-02,11:33:48.022897,[]
2026-06-02,11:33:48.056264,[]
2026-06-02,11:33:48.089631,[]
2026-06-02,11:33:48.122998,[]
2026-06-02,11:33:48.156365,[]
2026-06-02,11:33:48.189732,[]
2026-06-02,11:33:48.223099,[]
2026-06-02,11:33:48.256466,[]
2026-06-02,11:33:48.289833,[]
2026-06-02,11:33:48.323200,[]
2026-06-02,11:33:48.356567,[]
2026-06-02,11:33:48.389934,[]
2026-06-02,11:33:48.423301,[]
2026-06-02,11:33:48.456668,[]
2026-06-02,11:33:48.490035,[]
2026-06-02,11:33:48.523402,[]
2026-06-02,11:33:48.556769,[]
2026-06-02,11:33:48.590136,[]
2026-06-02,11:33:48.623503,[]
2026-06-02,11:33:48.656870,[]
2026-06-02,11:33:48.690237,[]
2026-06-02,11:33:48.723604,[]
2026-06-02,11:33:48.756971,[]
2026-06-02,11:33:48.790338,[]
2026-06-02,11:33:48.823705,[]
2026-06-02,11:33:48.857072,[]
2026-06-02,11:33:48.890439,[]
2026-06-02,11:33:48.923806,[]
2026-06-02,11:33:48.957173,[]
2026-06-02,11:33:48.990540,[]
2026-06-02,11:33:49.023907,[]
2026-06-02,11:33:49.057274,[]
2026-06-02,11:33:49.090641,[]
2026-06-02,11:33:49.124008,[]
2026-06-02,11:33:49.157375,[]
2026-06-02,11:33:49.190742,[]
2026-06-02,11:33:49.224109,[]
2026-06-02,11:33:49.257476,[]
2026-06-02,11:33:49.290843,[]
2026-06-02,11:33:49.324210,[]
2026-06-02,11:33:49.357577,[]
2026-06-02,11:33:49.390944,[]
2026-06-02,11:33:49.424311,[]
2026-06-02,11:33:49.457678,[]
2026-06-02,11:33:49.491045,[]
2026-06-02,11:33:49.524412,[]
2026-06-02,11:33:49.557779,[]
2026-06-02,11:33:49.591146,[]
2026-06-02,11:33:49.624513,[]
2026-06-02,11:33:49.657880,[]
2026-06-02,11:33:49.691247,[]
2026-06-02,11:33:49.724614,[]
2026-06-02,11:33:49.757981,[]
2026-06-02,11:33:49.791348,[]
2026-06-02,11:33:49.824715,[]
2026-06-02,11:33:49.858082,[]
2026-06-02,11:33:49.891449,[]
2026-06-02,11:33:49.924816,[]
2026-06-02,11:33:49.958183,[]
2026-06-02,11:33:49.991550,[]
2026-06-02,11:33:50.024917,[]
2026-06-02,11:33:50.058284,[]
2026-06-02,11:33:50.091651,[]
2026-06-02,11:33:50.125018,[]
2026-06-02,11:33:50.158385,[]
2026-06-02,11:33:50.191752,[]
2026-06-02,11:33:50.225119,[]
2026-06-02,11:33:50.258486,[]
2026-06-02,11:33:50.291853,[]
2026-06-02,11:33:50.325220,[]
2026-06-02,11:33:50.358587,[]
2026-06-02,11:33:50.391954,[]
2026-06-02,11:33:50.425321,[]
2026-06-02,11:33:50.458688,[]
2026-06-02,11:33:50.492055,[]
2026-06-02,11:33:50.525422,[]
2026-06-02,11:33:50.558789,[]
2026-06-02,11:33:50.592156,[]
2026-06-02,11:33:50.625523,[]
2026-06-02,11:33:50.658890,[]
2026-06-02,11:33:50.692257,[]
2026-06-02,11:33:50.725624,[]
2026-06-02,11:33:50.758991,[]
2026-06-02,11:33:50.792358,[]
2026-06-02,11:33:50.825725,[]
2026-06-02,11:33:50.859092,[]
2026-06-02,11:33:50.892459,[]
2026-06-02,11:33:50.925826,[]
2026-06-02,11:33:50.959193,[]
2026-06-02,11:33:50.992560,[]
2026-06-02,11:33:51.025927,[]
2026-06-02,11:33:51.059294,[]
2026-06-02,11:33:51.092661,[]
2026-06-02,11:33:51.126028,[]
2026-06-02,11:33:51.159395,[]
2026-06-02,11:33:51.192762,[]
2026-06-02,11:33:51.226129,[]
2026-06-02,11:33:51.259496,[]
2026-06-02,11:33:51.292863,[]
2026-06-02,11:33:51.326230,[]
2026-06-02,11:33:51.359597,[]
2026-06-02,11:33:51.392964,[]
2026-06-02,11:33:51.426331,[]
2026-06-02,11:33:51.459698,[]
2026-06-02,11:33:51.493065,[]
2026-06-02,11:33:51.526432,[]
2026-06-02,11:33:51.559799,[]
2026-06-02,11:33:51.593166,[]
2026-06-02,11:33:51.626533,[]
2026-06-02,11:33:51.659900,[]
2026-06-02,11:33:51.693267,[]
2026-06-02,11:33:51.726634,[]
2026-06-02,11:33:51.760001,[]
2026-06-02,11:33:51.793368,[]
2026-06-02,11:33:51.826735,[]
2026-06-02,11:33:51.860102,[]
2026-06-02,11:33:51.893469,[]
2026-06-02,11:33:51.926836,[]
2026-06-02,11:33:51.960203,[]
2026-06-02,11:33:51.993570,[]
2026-06-02,11:33:52.026937,[]
2026-06-02,11:33:52.060304,[]
2026-06-02,11:33:52.093671,[]
2026-06-02,11:33:52.127038,[]
2026-06-02,11:33:52.160405,[]
2026-06-02,11:33:52.193772,[]
2026-06-02,11:33:52.227139,[]
2026-06-02,11:33:52.260506,[]
2026-06-02,11:33:52.293873,[]
2026-06-02,11:33:52.327240,[]
2026-06-02,11:33:52.360607,[]
2026-06-02,11:33:52.393974,[]
2026-06-02,11:33:52.427341,[]
2026-06-02,11:33:52.460708,[]
2026-06-02,11:33:52.494075,[]
2026-06-02,11:33:52.527442,[]
2026-06-02,11:33:52.560809,[]
2026-06-02,11:33:52.594176,[]
2026-06-02,11:33:52.627543,[]
2026-06-02,11:33:52.660910,[]
2026-06-02,11:33:52.694277,[]
2026-06-02,11:33:52.727644,[]
2026-06-02,11:33:52.761011,[]
2026-06-02,11:33:52.794378,[]
2026-06-02,11:33:52.827745,[]
2026-06-02,11:33:52.861112,[]
2026-06-02,11:33:52.894479,[]
2026-06-02,11:33:52.927846,[]
2026-06-02,11:33:52.961213,[]
2026-06-02,11:33:52.994580,[]
2026-06-02,11:33:53.027947,[]
2026-06-02,11:33:53.061314,[]
2026-06-02,11:33:53.094681,[]
2026-06-02,11:33:53.128048,[]
2026-06-02,11:33:53.161415,[]
2026-06-02,11:33:53.194782,[]
2026-06-02,11:33:53.228149,[]
2026-06-02,11:33:53.261516,[]
2026-06-02,11:33:53.294883,[]
2026-06-02,11:33:53.328250,[]
2026-06-02,11:33:53.361617,[]
2026-06-02,11:33:53.394984,[]
2026-06-02,11:33:53.428351,[]
2026-06-02,11:33:53.461718,[]
2026-06-02,11:33:53.495085,[]
2026-06-02,11:33:53.528452,[]
2026-06-02,11:33:53.561819,[]
2026-06-02,11:33:53.595186,[]
2026-06-02,11:33:53.628553,[]
2026-06-02,11:33:53.661920,[]
2026-06-02,11:33:53.695287,[]
2026-06-02,11:33:53.728654,[]
2026-06-02,11:33:53.762021,[]
2026-06-02,11:33:53.795388,[]
2026-06-02,11:33:53.828755,[]
2026-06-02,11:33:53.862122,[]
2026-06-02,11:33:53.895489,[]
2026-06-02,11:33:53.928856,[]
2026-06-02,11:33:53.962223,[]
2026-06-02,11:33:53.995590,[]
2026-06-02,11:33:54.028957,[]
2026-06-02,11:33:54.062324,[]
2026-06-02,11:33:54.095691,[]
2026-06-02,11:33:54.129058,[]
2026-06-02,11:33:54.162425,[]
2026-06-02,11:33:54.195792,[]
2026-06-02,11:33:54.229159,[]
2026-06-02,11:33:54.262526,[]
2026-06-02,11:33:54.295893,[]
2026-06-02,11:33:54.329260,[]
2026-06-02,11:33:54.362627,[]
2026-06-02,11:33:54.395994,[]
2026-06-02,11:33:54.429361,[]
2026-06-02,11:33:54.462728,[]
2026-06-02,11:33:54.496095,[]
2026-06-02,11:33:54.529462,[]
2026-06-02,11:33:54.562829,[]
2026-06-02,11:33:54.596196,[]
2026-06-02,11:33:54.629563,[]
2026-06-02,11:33:54.662930,[]
2026-06-02,11:33:54.696297,[]
2026-06-02,11:33:54.729664,[]
2026-06-02,11:33:54.763031,[]
2026-06-02,11:33:54.796398,[]
2026-06-02,11:33:54.829765,[]
2026-06-02,11:33:54.863132,[]
2026-06-02,11:33:54.896499,[]
2026-06-02,11:33:54.929866,[]
2026-06-02,11:33:54.963233,[]
2026-06-02,11:33:54.996600,[]
2026-06-02,11:33:55.029967,[]
2026-06-02,11:33:55.063334,[]
2026-06-02,11:33:55.096701,[]
2026-06-02,11:33:55.130068,[]
2026-06-02,11:33:55.163435,[]
2026-06-02,11:33:55.196802,[]
2026-06-02,11:33:55.230169,[]
2026-06-02,11:33:55.263536,[]
2026-06-02,11:33:55.296903,[]
2026-06-02,11:33:55.330270,[]
2026-06-02,11:33:55.363637,[]
2026-06-02,11:33:55.397004,[]
2026-06-02,11:33:55.430371,[]
2026-06-02,11:33:55.463738,[]
2026-06-02,11:33:55.497105,[]
2026-06-02,11:33:55.530472,[]
2026-06-02,11:33:55.563839,[]
2026-06-02,11:33:55.597206,[]
2026-06-02,11:33:55.630573,[]
2026-06-02,11:33:55.663940,[]
2026-06-02,11:33:55.697307,[]
2026-06-02,11:33:55.730674,[]
2026-06-02,11:33:55.764041,[]
2026-06-02,11:33:55.797408,[]
2026-06-02,11:33:55.830775,[]
2026-06-02,11:33:55.864142,[]
2026-06-02,11:33:55.897509,[]
2026-06-02,11:33:55.930876,[]
2026-06-02,11:33:55.964243,[]
2026-06-02,11:33:55.997610,[]
2026-06-02,11:33:56.030977,[]
2026-06-02,11:33:56.064344,[]
2026-06-02,11:33:56.097711,[]
2026-06-02,11:33:56.131078,[]
2026-06-02,11:33:56.164445,[]
2026-06-02,11:33:56.197812,[]
2026-06-02,11:33:56.231179,[]
2026-06-02,11:33:56.264546,[]
2026-06-02,11:33:56.297913,[]
2026-06-02,11:33:56.331280,[]
2026-06-02,11:33:56.364647,[]
2026-06-02,11:33:56.398014,[]
2026-06-02,11:33:56.431381,[]
2026-06-02,11:33:56.464748,[]
2026-06-02,11:33:56.498115,[]
2026-06-02,11:33:56.531482,[]
2026-06-02,11:33:56.564849,[]
2026-06-02,11:33:56.598216,[]
2026-06-02,11:33:56.631583,[]
2026-06-02,11:33:56.664950,[]
2026-06-02,11:33:56.698317,[]
2026-06-02,11:33:56.731684,[]
2026-06-02,11:33:56.765051,[]
2026-06-02,11:33:56.798418,[]
2026-06-02,11:33:56.831785,[]
2026-06-02,11:33:56.865152,[]
2026-06-02,11:33:56.898519,[]
2026-06-02,11:33:56.931886,[]
2026-06-02,11:33:56.965253,[]
2026-06-02,11:33:56.998620,[]
2026-06-02,11:33:57.031987,[]
2026-06-02,11:33:57.065354,[]
2026-06-02,11:33:57.098721,[]
2026-06-02,11:33:57.132088,[]
2026-06-02,11:33:57.165455,[]
2026-06-02,11:33:57.198822,[]
2026-06-02,11:33:57.232189,[]
2026-06-02,11:33:57.265556,[]
2026-06-02,11:33:57.298923,[]
2026-06-02,11:33:57.332290,[]
2026-06-02,11:33:57.365657,[]
2026-06-02,11:33:57.399024,[]
2026-06-02,11:33:57.432391,[]
2026-06-02,11:33:57.465758,[]
2026-06-02,11:33:57.499125,[]
2026-06-02,11:33:57.532492,[]
2026-06-02,11:33:57.565859,[]
2026-06-02,11:33:57.599226,[]
2026-06-02,11:33:57.632593,[]
2026-06-02,11:33:57.665960,[]
2026-06-02,11:33:57.699327,[]
2026-06-02,11:33:57.732694,[]
2026-06-02,11:33:57.766061,[]
2026-06-02,11:33:57.799428,[]
2026-06-02,11:33:57.832795,[]
2026-06-02,11:33:57.866162,[]
2026-06-02,11:33:57.899529,[]
2026-06-02,11:33:57.932896,[]
2026-06-02,11:33:57.966263,[]
2026-06-02,11:33:57.999630,[]
2026-06-02,11:33:58.032997,[]
2026-06-02,11:33:58.066364,[]
2026-06-02,11:33:58.099731,[]
2026-06-02,11:33:58.133098,[]
2026-06-02,11:33:58.166465,[]
2026-06-02,11:33:58.199832,[]
2026-06-02,11:33:58.233199,[]
2026-06-02,11:33:58.266566,[]
2026-06-02,11:33:58.299933,[]
2026-06-02,11:33:58.333300,[]
2026-06-02,11:33:58.366667,[]
2026-06-02,11:33:58.400034,[]
2026-06-02,11:33:58.433401,[]
2026-06-02,11:33:58.466768,[]
2026-06-02,11:33:58.500135,[]
2026-06-02,11:33:58.533502,[]
2026-06-02,11:33:58.566869,[]
2026-06-02,11:33:58.600236,[]
2026-06-02,11:33:58.633603,[]
2026-06-02,11:33:58.666970,[]
2026-06-02,11:33:58.700337,[]
2026-06-02,11:33:58.733704,[]
2026-06-02,11:33:58.767071,[]
2026-06-02,11:33:58.800438,[]
2026-06-02,11:33:58.833805,[]
2026-06-02,11:33:58.867172,[]
2026-06-02,11:33:58.900539,[]
2026-06-02,11:33:58.933906,[]
2026-06-02,11:33:58.967273,[]
2026-06-02,11:33:59.000640,[]
2026-06-02,11:33:59.034007,[]
2026-06-02,11:33:59.067374,[]
2026-06-02,11:33:59.100741,[]
2026-06-02,11:33:59.134108,[]
2026-06-02,11:33:59.167475,[]
2026-06-02,11:33:59.200842,[]
2026-06-02,11:33:59.234209,[]
2026-06-02,11:33:59.267576,[]
2026-06-02,11:33:59.300943,[]
2026-06-02,11:33:59.334310,[]
2026-06-02,11:33:59.367677,[]
2026-06-02,11:33:59.401044,[]
2026-06-02,11:33:59.434411,[]
2026-06-02,11:33:59.467778,[]
2026-06-02,11:33:59.501145,[]
2026-06-02,11:33:59.534512,[]
2026-06-02,11:33:59.567879,[]
2026-06-02,11:33:59.601246,[]
2026-06-02,11:33:59.634613,[]
2026-06-02,11:33:59.667980,[]
2026-06-02,11:33:59.701347,[]
2026-06-02,11:33:59.734714,[]
2026-06-02,11:33:59.768081,[]
2026-06-02,11:33:59.801448,[]
2026-06-02,11:33:59.834815,[]
2026-06-02,11:33:59.868182,[]
2026-06-02,11:33:59.901549,[]
2026-06-02,11:33:59.934916,[]
2026-06-02,11:33:59.968283,[]
2026-06-02,11:34:00.001650,[]
2026-06-02,11:34:00.035017,[]
2026-06-02,11:34:00.068384,[]
2026-06-02,11:34:00.101751,[]
2026-06-02,11:34:00.135118,[]
2026-06-02,11:34:00.168485,[]
2026-06-02,11:34:00.201852,[]
2026-06-02,11:34:00.235219,[]
2026-06-02,11:34:00.268586,[]
2026-06-02,11:34:00.301953,[]
2026-06-02,11:34:00.335320,[]
2026-06-02,11:34:00.368687,[]
2026-06-02,11:34:00.402054,[]
2026-06-02,11:34:00.435421,[]
2026-06-02,11:34:00.468788,[]
2026-06-02,11:34:00.502155,[]
2026-06-02,11:34:00.535522,[]
2026-06-02,11:34:00.568889,[]
2026-06-02,11:34:00.602256,[]
2026-06-02,11:34:00.635623,[]
2026-06-02,11:34:00.668990,[]
2026-06-02,11:34:00.702357,[]
2026-06-02,11:34:00.735724,[]
2026-06-02,11:34:00.769091,[]
2026-06-02,11:34:00.802458,[]
2026-06-02,11:34:00.835825,[]
2026-06-02,11:34:00.869192,[]
2026-06-02,11:34:00.902559,[]
2026-06-02,11:34:00.935926,[]
2026-06-02,11:34:00.969293,[]
2026-06-02,11:34:01.002660,[]
2026-06-02,11:34:01.036027,[]
2026-06-02,11:34:01.069394,[]
2026-06-02,11:34:01.102761,[]
2026-06-02,11:34:01.136128,[]
2026-06-02,11:34:01.169495,[]
2026-06-02,11:34:01.202862,[]
2026-06-02,11:34:01.236229,[]
2026-06-02,11:34:01.269596,[]
2026-06-02,11:34:01.302963,[]
2026-06-02,11:34:01.336330,[]
2026-06-02,11:34:01.369697,[]
2026-06-02,11:34:01.403064,[]
2026-06-02,11:34:01.436431,[]
2026-06-02,11:34:01.469798,[]
2026-06-02,11:34:01.503165,[]
2026-06-02,11:34:01.536532,[]
2026-06-02,11:34:01.569899,[]
2026-06-02,11:34:01.603266,[]
2026-06-02,11:34:01.636633,[]
2026-06-02,11:34:01.670000,[]
2026-06-02,11:34:01.703367,[]
2026-06-02,11:34:01.736734,[]
2026-06-02,11:34:01.770101,[]
2026-06-02,11:34:01.803468,[]
2026-06-02,11:34:01.836835,[]
2026-06-02,11:34:01.870202,[]
2026-06-02,11:34:01.903569,[]
2026-06-02,11:34:01.936936,[]
2026-06-02,11:34:01.970303,[]
2026-06-02,11:34:02.003670,[]
2026-06-02,11:34:02.037037,[]
2026-06-02,11:34:02.070404,[]
2026-06-02,11:34:02.103771,[]
2026-06-02,11:34:02.137138,[]
2026-06-02,11:34:02.170505,[]
2026-06-02,11:34:02.203872,[]
2026-06-02,11:34:02.237239,[]
2026-06-02,11:34:02.270606,[]
2026-06-02,11:34:02.303973,[]
2026-06-02,11:34:02.337340,[]
2026-06-02,11:34:02.370707,[]
2026-06-02,11:34:02.404074,[]
2026-06-02,11:34:02.437441,[]
2026-06-02,11:34:02.470808,[]
2026-06-02,11:34:02.504175,[]
2026-06-02,11:34:02.537542,[]
2026-06-02,11:34:02.570909,[]
2026-06-02,11:34:02.604276,[]
2026-06-02,11:34:02.637643,[]
2026-06-02,11:34:02.671010,[]
2026-06-02,11:34:02.704377,[]
2026-06-02,11:34:02.737744,[]
2026-06-02,11:34:02.771111,[]
2026-06-02,11:34:02.804478,[]
2026-06-02,11:34:02.837845,[]
2026-06-02,11:34:02.871212,[]
2026-06-02,11:34:02.904579,[]
2026-06-02,11:34:02.937946,[]
2026-06-02,11:34:02.971313,[]
2026-06-02,11:34:03.004680,[]
2026-06-02,11:34:03.038047,[]
2026-06-02,11:34:03.071414,[]
2026-06-02,11:34:03.104781,[]
2026-06-02,11:34:03.138148,[]
2026-06-02,11:34:03.171515,[]
2026-06-02,11:34:03.204882,[]
2026-06-02,11:34:03.238249,[]
2026-06-02,11:34:03.271616,[]
2026-06-02,11:34:03.304983,[]
2026-06-02,11:34:03.338350,[]
2026-06-02,11:34:03.371717,[]
2026-06-02,11:34:03.405084,[]
2026-06-02,11:34:03.438451,[]
2026-06-02,11:34:03.471818,[]
2026-06-02,11:34:03.505185,[]
2026-06-02,11:34:03.538552,[]
2026-06-02,11:34:03.571919,[]
2026-06-02,11:34:03.605286,[]
2026-06-02,11:34:03.638653,[]
2026-06-02,11:34:03.672020,[]
2026-06-02,11:34:03.705387,[]
2026-06-02,11:34:03.738754,[]
2026-06-02,11:34:03.772121,[]
2026-06-02,11:34:03.805488,[]
2026-06-02,11:34:03.838855,[]
2026-06-02,11:34:03.872222,[]
2026-06-02,11:34:03.905589,[]
2026-06-02,11:34:03.938956,[]
2026-06-02,11:34:03.972323,[]
2026-06-02,11:34:04.005690,[]
2026-06-02,11:34:04.039057,[]
2026-06-02,11:34:04.072424,[]
2026-06-02,11:34:04.105791,[]
2026-06-02,11:34:04.139158,[]
2026-06-02,11:34:04.172525,[]
2026-06-02,11:34:04.205892,[]
2026-06-02,11:34:04.239259,[]
2026-06-02,11:34:04.272626,[]
2026-06-02,11:34:04.305993,[]
2026-06-02,11:34:04.339360,[]
2026-06-02,11:34:04.372727,[]
2026-06-02,11:34:04.406094,[]
2026-06-02,11:34:04.439461,[]
2026-06-02,11:34:04.472828,[]
2026-06-02,11:34:04.506195,[]
2026-06-02,11:34:04.539562,[]
2026-06-02,11:34:04.572929,[]
2026-06-02,11:34:04.606296,[]
2026-06-02,11:34:04.639663,[]
2026-06-02,11:34:04.673030,[]
2026-06-02,11:34:04.706397,[]
2026-06-02,11:34:04.739764,[]
2026-06-02,11:34:04.773131,[]
2026-06-02,11:34:04.806498,[]
2026-06-02,11:34:04.839865,[]
2026-06-02,11:34:04.873232,[]
2026-06-02,11:34:04.906599,[]
2026-06-02,11:34:04.939966,[]
2026-06-02,11:34:04.973333,[]
2026-06-02,11:34:05.006700,[]
2026-06-02,11:34:05.040067,[]
2026-06-02,11:34:05.073434,[]
2026-06-02,11:34:05.106801,[]
2026-06-02,11:34:05.140168,[]
2026-06-02,11:34:05.173535,[]
2026-06-02,11:34:05.206902,[]
2026-06-02,11:34:05.240269,[]
2026-06-02,11:34:05.273636,[]
2026-06-02,11:34:05.307003,[]
2026-06-02,11:34:05.340370,[]
2026-06-02,11:34:05.373737,[]
2026-06-02,11:34:05.407104,[]
2026-06-02,11:34:05.440471,[]
2026-06-02,11:34:05.473838,[]
2026-06-02,11:34:05.507205,[]
2026-06-02,11:34:05.540572,[]
2026-06-02,11:34:05.573939,[]
2026-06-02,11:34:05.607306,[]
2026-06-02,11:34:05.640673,[]
2026-06-02,11:34:05.674040,[]
2026-06-02,11:34:05.707407,[]
2026-06-02,11:34:05.740774,[]
2026-06-02,11:34:05.774141,[]
2026-06-02,11:34:05.807508,[]
2026-06-02,11:34:05.840875,[]
2026-06-02,11:34:05.874242,[]
2026-06-02,11:34:05.907609,[]
2026-06-02,11:34:05.940976,[]
2026-06-02,11:34:05.974343,[]
2026-06-02,11:34:06.007710,[]
2026-06-02,11:34:06.041077,[]
2026-06-02,11:34:06.074444,[]
2026-06-02,11:34:06.107811,[]
2026-06-02,11:34:06.141178,[]
2026-06-02,11:34:06.174545,[]
2026-06-02,11:34:06.207912,[]
2026-06-02,11:34:06.241279,[]
2026-06-02,11:34:06.274646,[]
2026-06-02,11:34:06.308013,[]
2026-06-02,11:34:06.341380,[]
2026-06-02,11:34:06.374747,[]
2026-06-02,11:34:06.408114,[]
2026-06-02,11:34:06.441481,[]
2026-06-02,11:34:06.474848,[]
2026-06-02,11:34:06.508215,[]
2026-06-02,11:34:06.541582,[]
2026-06-02,11:34:06.574949,[]
2026-06-02,11:34:06.608316,[]
2026-06-02,11:34:06.641683,[]
2026-06-02,11:34:06.675050,[]
2026-06-02,11:34:06.708417,[]
2026-06-02,11:34:06.741784,[]
2026-06-02,11:34:06.775151,[]
2026-06-02,11:34:06.808518,[]
2026-06-02,11:34:06.841885,[]
2026-06-02,11:34:06.875252,[]
2026-06-02,11:34:06.908619,[]
2026-06-02,11:34:06.941986,[]
2026-06-02,11:34:06.975353,[]
2026-06-02,11:34:07.008720,[]
2026-06-02,11:34:07.042087,[]
2026-06-02,11:34:07.075454,[]
2026-06-02,11:34:07.108821,[]
2026-06-02,11:34:07.142188,[]
2026-06-02,11:34:07.175555,[]
2026-06-02,11:34:07.208922,[]
2026-06-02,11:34:07.242289,[]
2026-06-02,11:34:07.275656,[]
2026-06-02,11:34:07.309023,[]
2026-06-02,11:34:07.342390,[]
2026-06-02,11:34:07.375757,[]
2026-06-02,11:34:07.409124,[]
2026-06-02,11:34:07.442491,[]
2026-06-02,11:34:07.475858,[]
2026-06-02,11:34:07.509225,[]
2026-06-02,11:34:07.542592,[]
2026-06-02,11:34:07.575959,[]
2026-06-02,11:34:07.609326,[]
2026-06-02,11:34:07.642693,[]
2026-06-02,11:34:07.676060,[]
2026-06-02,11:34:07.709427,[]
2026-06-02,11:34:07.742794,[]
2026-06-02,11:34:07.776161,[]
2026-06-02,11:34:07.809528,[]
2026-06-02,11:34:07.842895,[]
2026-06-02,11:34:07.876262,[]
2026-06-02,11:34:07.909629,[]
2026-06-02,11:34:07.942996,[]
2026-06-02,11:34:07.976363,[]
2026-06-02,11:34:08.009730,[]
2026-06-02,11:34:08.043097,[]
2026-06-02,11:34:08.076464,[]
2026-06-02,11:34:08.109831,[]
2026-06-02,11:34:08.143198,[]
2026-06-02,11:34:08.176565,[]
2026-06-02,11:34:08.209932,[]
2026-06-02,11:34:08.243299,[]
2026-06-02,11:34:08.276666,[]
2026-06-02,11:34:08.310033,[]
2026-06-02,11:34:08.343400,[]
2026-06-02,11:34:08.376767,[]
2026-06-02,11:34:08.410134,[]
2026-06-02,11:34:08.443501,[]
2026-06-02,11:34:08.476868,[]
2026-06-02,11:34:08.510235,[]
2026-06-02,11:34:08.543602,[]
2026-06-02,11:34:08.576969,[]
2026-06-02,11:34:08.610336,[]
2026-06-02,11:34:08.643703,[]
2026-06-02,11:34:08.677070,[]
2026-06-02,11:34:08.710437,[]
2026-06-02,11:34:08.743804,[]
2026-06-02,11:34:08.777171,[]
2026-06-02,11:34:08.810538,[]
2026-06-02,11:34:08.843905,[]
2026-06-02,11:34:08.877272,[]
2026-06-02,11:34:08.910639,[]
2026-06-02,11:34:08.944006,[]
2026-06-02,11:34:08.977373,[]
2026-06-02,11:34:09.010740,[]
2026-06-02,11:34:09.044107,[]
2026-06-02,11:34:09.077474,[]
2026-06-02,11:34:09.110841,[]
2026-06-02,11:34:09.144208,[]
2026-06-02,11:34:09.177575,[]
2026-06-02,11:34:09.210942,[]
2026-06-02,11:34:09.244309,[]
2026-06-02,11:34:09.277676,[]
2026-06-02,11:34:09.311043,[]
2026-06-02,11:34:09.344410,[]
2026-06-02,11:34:09.377777,[]
2026-06-02,11:34:09.411144,[]
2026-06-02,11:34:09.444511,[]
2026-06-02,11:34:09.477878,[]
2026-06-02,11:34:09.511245,[]
2026-06-02,11:34:09.544612,[]
2026-06-02,11:34:09.577979,[]
2026-06-02,11:34:09.611346,[]
2026-06-02,11:34:09.644713,[]
2026-06-02,11:34:09.678080,[]
2026-06-02,11:34:09.711447,[]
2026-06-02,11:34:09.744814,[]
2026-06-02,11:34:09.778181,[]
2026-06-02,11:34:09.811548,[]
2026-06-02,11:34:09.844915,[]
2026-06-02,11:34:09.878282,[]
2026-06-02,11:34:09.911649,[]
2026-06-02,11:34:09.945016,[]
2026-06-02,11:34:09.978383,[]
2026-06-02,11:34:10.011750,[]
2026-06-02,11:34:10.045117,[]
2026-06-02,11:34:10.078484,[]
2026-06-02,11:34:10.111851,[]
2026-06-02,11:34:10.145218,[]
2026-06-02,11:34:10.178585,[]
2026-06-02,11:34:10.211952,[]
2026-06-02,11:34:10.245319,[]
2026-06-02,11:34:10.278686,[]
2026-06-02,11:34:10.312053,[]
2026-06-02,11:34:10.345420,[]
2026-06-02,11:34:10.378787,[]
2026-06-02,11:34:10.412154,[]
2026-06-02,11:34:10.445521,[]
2026-06-02,11:34:10.478888,[]
2026-06-02,11:34:10.512255,[]
2026-06-02,11:34:10.545622,[]
2026-06-02,11:34:10.578989,[]
2026-06-02,11:34:10.612356,[]
2026-06-02,11:34:10.645723,[]
2026-06-02,11:34:10.679090,[]
2026-06-02,11:34:10.712457,[]
2026-06-02,11:34:10.745824,[]
2026-06-02,11:34:10.779191,[]
2026-06-02,11:34:10.812558,[]
2026-06-02,11:34:10.845925,[]
2026-06-02,11:34:10.879292,[]
2026-06-02,11:34:10.912659,[]
2026-06-02,11:34:10.946026,[]
2026-06-02,11:34:10.979393,[]
2026-06-02,11:34:11.012760,[]
2026-06-02,11:34:11.046127,[]
2026-06-02,11:34:11.079494,[]
2026-06-02,11:34:11.112861,[]
2026-06-02,11:34:11.146228,[]
2026-06-02,11:34:11.179595,[]
2026-06-02,11:34:11.212962,[]
2026-06-02,11:34:11.246329,[]
2026-06-02,11:34:11.279696,[]
2026-06-02,11:34:11.313063,[]
2026-06-02,11:34:11.346430,[]
2026-06-02,11:34:11.379797,[]
2026-06-02,11:34:11.413164,[]
2026-06-02,11:34:11.446531,[]
2026-06-02,11:34:11.479898,[]
2026-06-02,11:34:11.513265,[]
2026-06-02,11:34:11.546632,[]
2026-06-02,11:34:11.579999,[]
2026-06-02,11:34:11.613366,[]
2026-06-02,11:34:11.646733,[]
2026-06-02,11:34:11.680100,[]
2026-06-02,11:34:11.713467,[]
2026-06-02,11:34:11.746834,[]
2026-06-02,11:34:11.780201,[]
2026-06-02,11:34:11.813568,[]
2026-06-02,11:34:11.846935,[]
2026-06-02,11:34:11.880302,[]
2026-06-02,11:34:11.913669,[]
2026-06-02,11:34:11.947036,[]
2026-06-02,11:34:11.980403,[]
2026-06-02,11:34:12.013770,[]
2026-06-02,11:34:12.047137,[]
2026-06-02,11:34:12.080504,[]
2026-06-02,11:34:12.113871,[]
2026-06-02,11:34:12.147238,[]
2026-06-02,11:34:12.180605,[]
2026-06-02,11:34:12.213972,[]
2026-06-02,11:34:12.247339,[]
2026-06-02,11:34:12.280706,[]
2026-06-02,11:34:12.314073,[]
2026-06-02,11:34:12.347440,[]
2026-06-02,11:34:12.380807,[]
2026-06-02,11:34:12.414174,[]
2026-06-02,11:34:12.447541,[]
2026-06-02,11:34:12.480908,[]
2026-06-02,11:34:12.514275,[]
2026-06-02,11:34:12.547642,[]
2026-06-02,11:34:12.581009,[]
2026-06-02,11:34:12.614376,[]
2026-06-02,11:34:12.647743,[]
2026-06-02,11:34:12.681110,[]
2026-06-02,11:34:12.714477,[]
2026-06-02,11:34:12.747844,[]
2026-06-02,11:34:12.781211,[]
2026-06-02,11:34:12.814578,[]
2026-06-02,11:34:12.847945,[]
2026-06-02,11:34:12.881312,[]
2026-06-02,11:34:12.914679,[]
2026-06-02,11:34:12.948046,[]
2026-06-02,11:34:12.981413,[]
2026-06-02,11:34:13.014780,[]
2026-06-02,11:34:13.048147,[]
2026-06-02,11:34:13.081514,[]
2026-06-02,11:34:13.114881,[]
2026-06-02,11:34:13.148248,[]
2026-06-02,11:34:13.181615,[]
2026-06-02,11:34:13.214982,[]
2026-06-02,11:34:13.248349,[]
2026-06-02,11:34:13.281716,[]
2026-06-02,11:34:13.315083,[]
2026-06-02,11:34:13.348450,[]
2026-06-02,11:34:13.381817,[]
2026-06-02,11:34:13.415184,[]
2026-06-02,11:34:13.448551,[]
2026-06-02,11:34:13.481918,[]
2026-06-02,11:34:13.515285,[]
2026-06-02,11:34:13.548652,[]
2026-06-02,11:34:13.582019,[]
2026-06-02,11:34:13.615386,[]
2026-06-02,11:34:13.648753,[]
2026-06-02,11:34:13.682120,[]
2026-06-02,11:34:13.715487,[]
2026-06-02,11:34:13.748854,[]
2026-06-02,11:34:13.782221,[]
2026-06-02,11:34:13.815588,[]
2026-06-02,11:34:13.848955,[]
2026-06-02,11:34:13.882322,[]
2026-06-02,11:34:13.915689,[]
2026-06-02,11:34:13.949056,[]
2026-06-02,11:34:13.982423,[]
2026-06-02,11:34:14.015790,[]
2026-06-02,11:34:14.049157,[]
2026-06-02,11:34:14.082524,[]
2026-06-02,11:34:14.115891,[]
2026-06-02,11:34:14.149258,[]
2026-06-02,11:34:14.182625,[]
2026-06-02,11:34:14.215992,[]
2026-06-02,11:34:14.249359,[]
2026-06-02,11:34:14.282726,[]
2026-06-02,11:34:14.316093,[]
2026-06-02,11:34:14.349460,[]
2026-06-02,11:34:14.382827,[]
2026-06-02,11:34:14.416194,[]
2026-06-02,11:34:14.449561,[]
2026-06-02,11:34:14.482928,[]
2026-06-02,11:34:14.516295,[]
2026-06-02,11:34:14.549662,[]
2026-06-02,11:34:14.583029,[]
2026-06-02,11:34:14.616396,[]
2026-06-02,11:34:14.649763,[]
2026-06-02,11:34:14.683130,[]
2026-06-02,11:34:14.716497,[]
2026-06-02,11:34:14.749864,[]
2026-06-02,11:34:14.783231,[]
2026-06-02,11:34:14.816598,[]
2026-06-02,11:34:14.849965,[]
2026-06-02,11:34:14.883332,[]
2026-06-02,11:34:14.916699,[]
2026-06-02,11:34:14.950066,[]
2026-06-02,11:34:14.983433,[]
2026-06-02,11:34:15.016800,[]
2026-06-02,11:34:15.050167,[]
2026-06-02,11:34:15.083534,[]
2026-06-02,11:34:15.116901,[]
2026-06-02,11:34:15.150268,[]
2026-06-02,11:34:15.183635,[]
2026-06-02,11:34:15.217002,[]
2026-06-02,11:34:15.250369,[]
2026-06-02,11:34:15.283736,[]
2026-06-02,11:34:15.317103,[]
2026-06-02,11:34:15.350470,[]
2026-06-02,11:34:15.383837,[]
2026-06-02,11:34:15.417204,[]
2026-06-02,11:34:15.450571,[]
2026-06-02,11:34:15.483938,[]
2026-06-02,11:34:15.517305,[]
2026-06-02,11:34:15.550672,[]
2026-06-02,11:34:15.584039,[]
2026-06-02,11:34:15.617406,[]
2026-06-02,11:34:15.650773,[]
2026-06-02,11:34:15.684140,[]
2026-06-02,11:34:15.717507,[]
2026-06-02,11:34:15.750874,[]
2026-06-02,11:34:15.784241,[]
2026-06-02,11:34:15.817608,[]
2026-06-02,11:34:15.850975,[]
2026-06-02,11:34:15.884342,[]
2026-06-02,11:34:15.917709,[]
2026-06-02,11:34:15.951076,[]
2026-06-02,11:34:15.984443,[]
2026-06-02,11:34:16.017810,[]
2026-06-02,11:34:16.051177,[]
2026-06-02,11:34:16.084544,[]
2026-06-02,11:34:16.117911,[]
2026-06-02,11:34:16.151278,[]
2026-06-02,11:34:16.184645,[]
2026-06-02,11:34:16.218012,[]
2026-06-02,11:34:16.251379,[]
2026-06-02,11:34:16.284746,[]
2026-06-02,11:34:16.318113,[]
2026-06-02,11:34:16.351480,[]
2026-06-02,11:34:16.384847,[]
2026-06-02,11:34:16.418214,[]
2026-06-02,11:34:16.451581,[]
2026-06-02,11:34:16.484948,[]
2026-06-02,11:34:16.518315,[]
2026-06-02,11:34:16.551682,[]
2026-06-02,11:34:16.585049,[]
2026-06-02,11:34:16.618416,[]
2026-06-02,11:34:16.651783,[]
2026-06-02,11:34:16.685150,[]
2026-06-02,11:34:16.718517,[]
2026-06-02,11:34:16.751884,[]
2026-06-02,11:34:16.785251,[]
2026-06-02,11:34:16.818618,[]
2026-06-02,11:34:16.851985,[]
2026-06-02,11:34:16.885352,[]
2026-06-02,11:34:16.918719,[]
2026-06-02,11:34:16.952086,[]
2026-06-02,11:34:16.985453,[]
2026-06-02,11:34:17.018820,[]
2026-06-02,11:34:17.052187,[]
2026-06-02,11:34:17.085554,[]
2026-06-02,11:34:17.118921,[]
2026-06-02,11:34:17.152288,[]
2026-06-02,11:34:17.185655,[]
2026-06-02,11:34:17.219022,[]
2026-06-02,11:34:17.252389,[]
2026-06-02,11:34:17.285756,[]
2026-06-02,11:34:17.319123,[]
2026-06-02,11:34:17.352490,[]
2026-06-02,11:34:17.385857,[]
2026-06-02,11:34:17.419224,[]
2026-06-02,11:34:17.452591,[]
2026-06-02,11:34:17.485958,[]
2026-06-02,11:34:17.519325,[]
2026-06-02,11:34:17.552692,[]
2026-06-02,11:34:17.586059,[]
2026-06-02,11:34:17.619426,[]
2026-06-02,11:34:17.652793,[]
2026-06-02,11:34:17.686160,[]
2026-06-02,11:34:17.719527,[]
2026-06-02,11:34:17.752894,[]
2026-06-02,11:34:17.786261,[]
2026-06-02,11:34:17.819628,[]
2026-06-02,11:34:17.852995,[]
2026-06-02,11:34:17.886362,[]
2026-06-02,11:34:17.919729,[]
2026-06-02,11:34:17.953096,[]
2026-06-02,11:34:17.986463,[]
2026-06-02,11:34:18.019830,[]
2026-06-02,11:34:18.053197,[]
2026-06-02,11:34:18.086564,[]
2026-06-02,11:34:18.119931,[]
2026-06-02,11:34:18.153298,[]
2026-06-02,11:34:18.186665,[]
2026-06-02,11:34:18.220032,[]
2026-06-02,11:34:18.253399,[]
2026-06-02,11:34:18.286766,[]
2026-06-02,11:34:18.320133,[]
2026-06-02,11:34:18.353500,[]
2026-06-02,11:34:18.386867,[]
2026-06-02,11:34:18.420234,[]
2026-06-02,11:34:18.453601,[]
2026-06-02,11:34:18.486968,[]
2026-06-02,11:34:18.520335,[]
2026-06-02,11:34:18.553702,[]
2026-06-02,11:34:18.587069,[]
2026-06-02,11:34:18.620436,[]
2026-06-02,11:34:18.653803,[]
2026-06-02,11:34:18.687170,[]
2026-06-02,11:34:18.720537,[]
2026-06-02,11:34:18.753904,[]
2026-06-02,11:34:18.787271,[]
2026-06-02,11:34:18.820638,[]
2026-06-02,11:34:18.854005,[]
2026-06-02,11:34:18.887372,[]
2026-06-02,11:34:18.920739,[]
2026-06-02,11:34:18.954106,[]
2026-06-02,11:34:18.987473,[]
2026-06-02,11:34:19.020840,[]
2026-06-02,11:34:19.054207,[]
2026-06-02,11:34:19.087574,[]
2026-06-02,11:34:19.120941,[]
2026-06-02,11:34:19.154308,[]
2026-06-02,11:34:19.187675,[]
2026-06-02,11:34:19.221042,[]
2026-06-02,11:34:19.254409,[]
2026-06-02,11:34:19.287776,[]
2026-06-02,11:34:19.321143,[]
2026-06-02,11:34:19.354510,[]
2026-06-02,11:34:19.387877,[]
2026-06-02,11:34:19.421244,[]
2026-06-02,11:34:19.454611,[]
2026-06-02,11:34:19.487978,[]
2026-06-02,11:34:19.521345,[]
2026-06-02,11:34:19.554712,[]
2026-06-02,11:34:19.588079,[]
2026-06-02,11:34:19.621446,[]
2026-06-02,11:34:19.654813,[]
2026-06-02,11:34:19.688180,[]
2026-06-02,11:34:19.721547,[]
2026-06-02,11:34:19.754914,[]
2026-06-02,11:34:19.788281,[]
2026-06-02,11:34:19.821648,[]
2026-06-02,11:34:19.855015,[]
2026-06-02,11:34:19.888382,[]
2026-06-02,11:34:19.921749,[]
2026-06-02,11:34:19.955116,[]
2026-06-02,11:34:19.988483,[]
2026-06-02,11:34:20.021850,[]
2026-06-02,11:34:20.055217,[]
2026-06-02,11:34:20.088584,[]
2026-06-02,11:34:20.121951,[]
2026-06-02,11:34:20.155318,[]
2026-06-02,11:34:20.188685,[]
2026-06-02,11:34:20.222052,[]
2026-06-02,11:34:20.255419,[]
2026-06-02,11:34:20.288786,[]
2026-06-02,11:34:20.322153,[]
2026-06-02,11:34:20.355520,[]
2026-06-02,11:34:20.388887,[]
2026-06-02,11:34:20.422254,[]
2026-06-02,11:34:20.455621,[]
2026-06-02,11:34:20.488988,[]
2026-06-02,11:34:20.522355,[]
2026-06-02,11:34:20.555722,[]
2026-06-02,11:34:20.589089,[]
2026-06-02,11:34:20.622456,[]
2026-06-02,11:34:20.655823,[]
2026-06-02,11:34:20.689190,[]
2026-06-02,11:34:20.722557,[]
2026-06-02,11:34:20.755924,[]
2026-06-02,11:34:20.789291,[]
2026-06-02,11:34:20.822658,[]
2026-06-02,11:34:20.856025,[]
2026-06-02,11:34:20.889392,[]
2026-06-02,11:34:20.922759,[]
2026-06-02,11:34:20.956126,[]
2026-06-02,11:34:20.989493,[]
2026-06-02,11:34:21.022860,[]
2026-06-02,11:34:21.056227,[]
2026-06-02,11:34:21.089594,[]
2026-06-02,11:34:21.122961,[]
2026-06-02,11:34:21.156328,[]
2026-06-02,11:34:21.189695,[]
2026-06-02,11:34:21.223062,[]
2026-06-02,11:34:21.256429,[]
2026-06-02,11:34:21.289796,[]
2026-06-02,11:34:21.323163,[]
2026-06-02,11:34:21.356530,[]
2026-06-02,11:34:21.389897,[]
2026-06-02,11:34:21.423264,[]
2026-06-02,11:34:21.456631,[]
2026-06-02,11:34:21.489998,[]
2026-06-02,11:34:21.523365,[]
2026-06-02,11:34:21.556732,[]
2026-06-02,11:34:21.590099,[]
2026-06-02,11:34:21.623466,[]
2026-06-02,11:34:21.656833,[]
2026-06-02,11:34:21.690200,[]
2026-06-02,11:34:21.723567,[]
2026-06-02,11:34:21.756934,[]
2026-06-02,11:34:21.790301,[]
2026-06-02,11:34:21.823668,[]
2026-06-02,11:34:21.857035,[]
2026-06-02,11:34:21.890402,[]
2026-06-02,11:34:21.923769,[]
2026-06-02,11:34:21.957136,[]
2026-06-02,11:34:21.990503,[]
2026-06-02,11:34:22.023870,[]
2026-06-02,11:34:22.057237,[]
2026-06-02,11:34:22.090604,[]
2026-06-02,11:34:22.123971,[]
2026-06-02,11:34:22.157338,[]
2026-06-02,11:34:22.190705,[]
2026-06-02,11:34:22.224072,[]
2026-06-02,11:34:22.257439,[]
2026-06-02,11:34:22.290806,[]
2026-06-02,11:34:22.324173,[]
2026-06-02,11:34:22.357540,[]
2026-06-02,11:34:22.390907,[]
2026-06-02,11:34:22.424274,[]
2026-06-02,11:34:22.457641,[]
2026-06-02,11:34:22.491008,[]
2026-06-02,11:34:22.524375,[]
2026-06-02,11:34:22.557742,[]
2026-06-02,11:34:22.591109,[]
2026-06-02,11:34:22.624476,[]
2026-06-02,11:34:22.657843,[]
2026-06-02,11:34:22.691210,[]
2026-06-02,11:34:22.724577,[]
2026-06-02,11:34:22.757944,[]
2026-06-02,11:34:22.791311,[]
2026-06-02,11:34:22.824678,[]
2026-06-02,11:34:22.858045,[]
2026-06-02,11:34:22.891412,[]
2026-06-02,11:34:22.924779,[]
2026-06-02,11:34:22.958146,[]
2026-06-02,11:34:22.991513,[]
2026-06-02,11:34:23.024880,[]
2026-06-02,11:34:23.058247,[]
2026-06-02,11:34:23.091614,[]
2026-06-02,11:34:23.124981,[]
2026-06-02,11:34:23.158348,[]
2026-06-02,11:34:23.191715,[]
2026-06-02,11:34:23.225082,[]
2026-06-02,11:34:23.258449,[]
2026-06-02,11:34:23.291816,[]
2026-06-02,11:34:23.325183,[]
2026-06-02,11:34:23.358550,[]
2026-06-02,11:34:23.391917,[]
2026-06-02,11:34:23.425284,[]
2026-06-02,11:34:23.458651,[]
2026-06-02,11:34:23.492018,[]
2026-06-02,11:34:23.525385,[]
2026-06-02,11:34:23.558752,[]
2026-06-02,11:34:23.592119,[]
2026-06-02,11:34:23.625486,[]
2026-06-02,11:34:23.658853,[]
2026-06-02,11:34:23.692220,[]
2026-06-02,11:34:23.725587,[]
2026-06-02,11:34:23.758954,[]
2026-06-02,11:34:23.792321,[]
2026-06-02,11:34:23.825688,[]
2026-06-02,11:34:23.859055,[]
2026-06-02,11:34:23.892422,[]
2026-06-02,11:34:23.925789,[]
2026-06-02,11:34:23.959156,[]
2026-06-02,11:34:23.992523,[]
2026-06-02,11:34:24.025890,[]
2026-06-02,11:34:24.059257,[]
2026-06-02,11:34:24.092624,[]
2026-06-02,11:34:24.125991,[]
2026-06-02,11:34:24.159358,[]
2026-06-02,11:34:24.192725,[]
2026-06-02,11:34:24.226092,[]
2026-06-02,11:34:24.259459,[]
2026-06-02,11:34:24.292826,[]
2026-06-02,11:34:24.326193,[]
2026-06-02,11:34:24.359560,[]
2026-06-02,11:34:24.392927,[]
2026-06-02,11:34:24.426294,[]
2026-06-02,11:34:24.459661,[]
2026-06-02,11:34:24.493028,[]
2026-06-02,11:34:24.526395,[]
2026-06-02,11:34:24.559762,[]
2026-06-02,11:34:24.593129,[]
2026-06-02,11:34:24.626496,[]
2026-06-02,11:34:24.659863,[]
2026-06-02,11:34:24.693230,[]
2026-06-02,11:34:24.726597,[]
2026-06-02,11:34:24.759964,[]
2026-06-02,11:34:24.793331,[]
2026-06-02,11:34:24.826698,[]
2026-06-02,11:34:24.860065,[]
2026-06-02,11:34:24.893432,[]
2026-06-02,11:34:24.926799,[]
2026-06-02,11:34:24.960166,[]
2026-06-02,11:34:24.993533,[]
2026-06-02,11:34:25.026900,[]
2026-06-02,11:34:25.060267,[]
2026-06-02,11:34:25.093634,[]
2026-06-02,11:34:25.127001,[]
2026-06-02,11:34:25.160368,[]
2026-06-02,11:34:25.193735,[]
2026-06-02,11:34:25.227102,[]
2026-06-02,11:34:25.260469,[]
2026-06-02,11:34:25.293836,[]
2026-06-02,11:34:25.327203,[]
2026-06-02,11:34:25.360570,[]
2026-06-02,11:34:25.393937,[]
2026-06-02,11:34:25.427304,[]
2026-06-02,11:34:25.460671,[]
2026-06-02,11:34:25.494038,[]
2026-06-02,11:34:25.527405,[]
2026-06-02,11:34:25.560772,[]
2026-06-02,11:34:25.594139,[]
2026-06-02,11:34:25.627506,[]
2026-06-02,11:34:25.660873,[]
2026-06-02,11:34:25.694240,[]
2026-06-02,11:34:25.727607,[]
2026-06-02,11:34:25.760974,[]
2026-06-02,11:34:25.794341,[]
2026-06-02,11:34:25.827708,[]
2026-06-02,11:34:25.861075,[]
2026-06-02,11:34:25.894442,[]
2026-06-02,11:34:25.927809,[]
2026-06-02,11:34:25.961176,[]
2026-06-02,11:34:25.994543,[]
2026-06-02,11:34:26.027910,[]
2026-06-02,11:34:26.061277,[]
2026-06-02,11:34:26.094644,[]
2026-06-02,11:34:26.128011,[]
2026-06-02,11:34:26.161378,[]
2026-06-02,11:34:26.194745,[]
2026-06-02,11:34:26.228112,[]
2026-06-02,11:34:26.261479,[]
2026-06-02,11:34:26.294846,[]
2026-06-02,11:34:26.328213,[]
2026-06-02,11:34:26.361580,[]
2026-06-02,11:34:26.394947,[]
2026-06-02,11:34:26.428314,[]
2026-06-02,11:34:26.461681,[]
2026-06-02,11:34:26.495048,[]
2026-06-02,11:34:26.528415,[]
2026-06-02,11:34:26.561782,[]
2026-06-02,11:34:26.595149,[]
2026-06-02,11:34:26.628516,[]
2026-06-02,11:34:26.661883,[]
2026-06-02,11:34:26.695250,[]
2026-06-02,11:34:26.728617,[]
2026-06-02,11:34:26.761984,[]
2026-06-02,11:34:26.795351,[]
2026-06-02,11:34:26.828718,[]
2026-06-02,11:34:26.862085,[]
2026-06-02,11:34:26.895452,[]
2026-06-02,11:34:26.928819,[]
2026-06-02,11:34:26.962186,[]
2026-06-02,11:34:26.995553,[]
2026-06-02,11:34:27.028920,[]
2026-06-02,11:34:27.062287,[]
2026-06-02,11:34:27.095654,[]
2026-06-02,11:34:27.129021,[]
2026-06-02,11:34:27.162388,[]
2026-06-02,11:34:27.195755,[]
2026-06-02,11:34:27.229122,[]
2026-06-02,11:34:27.262489,[]
2026-06-02,11:34:27.295856,[]
2026-06-02,11:34:27.329223,[]
2026-06-02,11:34:27.362590,[]
2026-06-02,11:34:27.395957,['DE54749']
2026-06-02,11:34:27.429324,[]
2026-06-02,11:34:27.462691,[]
2026-06-02,11:34:27.496058,['DE54729']
2026-06-02,11:34:27.529425,[]
2026-06-02,11:34:27.562792,[]
2026-06-02,11:34:27.596159,[]
2026-06-02,11:34:27.629526,[]
2026-06-02,11:34:27.662893,[]
2026-06-02,11:34:27.696260,[]
2026-06-02,11:34:27.729627,[]
2026-06-02,11:34:27.762994,[]
2026-06-02,11:34:27.796361,[]
2026-06-02,11:34:27.829728,[]
2026-06-02,11:34:27.863095,[]
2026-06-02,11:34:27.896462,[]
2026-06-02,11:34:27.929829,[]
2026-06-02,11:34:27.963196,[]
2026-06-02,11:34:27.996563,[]
2026-06-02,11:34:28.029930,[]
2026-06-02,11:34:28.063297,[]
2026-06-02,11:34:28.096664,[]
2026-06-02,11:34:28.130031,[]
2026-06-02,11:34:28.163398,[]
2026-06-02,11:34:28.196765,[]
2026-06-02,11:34:28.230132,[]
2026-06-02,11:34:28.263499,[]
2026-06-02,11:34:28.296866,[]
2026-06-02,11:34:28.330233,[]
2026-06-02,11:34:28.363600,[]
2026-06-02,11:34:28.396967,[]
2026-06-02,11:34:28.430334,[]
2026-06-02,11:34:28.463701,[]
2026-06-02,11:34:28.497068,[]
2026-06-02,11:34:28.530435,[]
2026-06-02,11:34:28.563802,[]
2026-06-02,11:34:28.597169,[]
2026-06-02,11:34:28.630536,[]
2026-06-02,11:34:28.663903,[]
2026-06-02,11:34:28.697270,[]
2026-06-02,11:34:28.730637,[]
2026-06-02,11:34:28.764004,[]
2026-06-02,11:34:28.797371,[]
2026-06-02,11:34:28.830738,[]
2026-06-02,11:34:28.864105,[]
2026-06-02,11:34:28.897472,[]
2026-06-02,11:34:28.930839,[]
2026-06-02,11:34:28.964206,[]
2026-06-02,11:34:28.997573,[]
2026-06-02,11:34:29.030940,[]
2026-06-02,11:34:29.064307,[]
2026-06-02,11:34:29.097674,[]
2026-06-02,11:34:29.131041,[]
2026-06-02,11:34:29.164408,[]
2026-06-02,11:34:29.197775,[]
2026-06-02,11:34:29.231142,[]
2026-06-02,11:34:29.264509,[]
2026-06-02,11:34:29.297876,[]
2026-06-02,11:34:29.331243,[]
2026-06-02,11:34:29.364610,['DD92468']
2026-06-02,11:34:29.397977,['DD92468']
2026-06-02,11:34:29.431344,[]
2026-06-02,11:34:29.464711,[]
2026-06-02,11:34:29.498078,[]
2026-06-02,11:34:29.531445,[]
2026-06-02,11:34:29.564812,[]
2026-06-02,11:34:29.598179,[]
2026-06-02,11:34:29.631546,[]
2026-06-02,11:34:29.664913,[]
2026-06-02,11:34:29.698280,[]
2026-06-02,11:34:29.731647,[]
2026-06-02,11:34:29.765014,[]
2026-06-02,11:34:29.798381,[]
2026-06-02,11:34:29.831748,[]
2026-06-02,11:34:29.865115,[]
2026-06-02,11:34:29.898482,[]
2026-06-02,11:34:29.931849,[]
2026-06-02,11:34:29.965216,[]
2026-06-02,11:34:29.998583,[]
2026-06-02,11:34:30.031950,[]
2026-06-02,11:34:30.065317,[]
2026-06-02,11:34:30.098684,[]
2026-06-02,11:34:30.132051,[]
2026-06-02,11:34:30.165418,[]
2026-06-02,11:34:30.198785,[]
2026-06-02,11:34:30.232152,[]
2026-06-02,11:34:30.265519,[]
2026-06-02,11:34:30.298886,[]
2026-06-02,11:34:30.332253,[]
2026-06-02,11:34:30.365620,[]
2026-06-02,11:34:30.398987,[]
2026-06-02,11:34:30.432354,[]
2026-06-02,11:34:30.465721,[]
2026-06-02,11:34:30.499088,[]
2026-06-02,11:34:30.532455,[]
2026-06-02,11:34:30.565822,[]
2026-06-02,11:34:30.599189,[]
2026-06-02,11:34:30.632556,[]
2026-06-02,11:34:30.665923,[]
2026-06-02,11:34:30.699290,[]
2026-06-02,11:34:30.732657,[]
2026-06-02,11:34:30.766024,[]
2026-06-02,11:34:30.799391,[]
2026-06-02,11:34:30.832758,[]
2026-06-02,11:34:30.866125,[]
2026-06-02,11:34:30.899492,[]
2026-06-02,11:34:30.932859,[]
2026-06-02,11:34:30.966226,[]
2026-06-02,11:34:30.999593,[]
2026-06-02,11:34:31.032960,[]
2026-06-02,11:34:31.066327,[]
2026-06-02,11:34:31.099694,[]
2026-06-02,11:34:31.133061,[]
2026-06-02,11:34:31.166428,[]
2026-06-02,11:34:31.199795,[]
2026-06-02,11:34:31.233162,[]
2026-06-02,11:34:31.266529,[]
2026-06-02,11:34:31.299896,[]
2026-06-02,11:34:31.333263,[]
2026-06-02,11:34:31.366630,['EL25337']
2026-06-02,11:34:31.399997,['EL25337']
2026-06-02,11:34:31.433364,['EL25337']
2026-06-02,11:34:31.466731,[]
2026-06-02,11:34:31.500098,[]
2026-06-02,11:34:31.533465,[]
2026-06-02,11:34:31.566832,[]
2026-06-02,11:34:31.600199,[]
2026-06-02,11:34:31.633566,[]
2026-06-02,11:34:31.666933,[]
2026-06-02,11:34:31.700300,[]
2026-06-02,11:34:31.733667,[]
2026-06-02,11:34:31.767034,[]
2026-06-02,11:34:31.800401,[]
2026-06-02,11:34:31.833768,[]
2026-06-02,11:34:31.867135,[]
2026-06-02,11:34:31.900502,[]
2026-06-02,11:34:31.933869,[]
2026-06-02,11:34:31.967236,[]
2026-06-02,11:34:32.000603,[]
2026-06-02,11:34:32.033970,[]
2026-06-02,11:34:32.067337,[]
2026-06-02,11:34:32.100704,[]
2026-06-02,11:34:32.134071,[]
2026-06-02,11:34:32.167438,[]
2026-06-02,11:34:32.200805,[]
2026-06-02,11:34:32.234172,[]
2026-06-02,11:34:32.267539,[]
2026-06-02,11:34:32.300906,[]
2026-06-02,11:34:32.334273,[]
2026-06-02,11:34:32.367640,[]
2026-06-02,11:34:32.401007,[]
2026-06-02,11:34:32.434374,[]
2026-06-02,11:34:32.467741,[]
2026-06-02,11:34:32.501108,[]
2026-06-02,11:34:32.534475,[]
2026-06-02,11:34:32.567842,[]
2026-06-02,11:34:32.601209,[]
2026-06-02,11:34:32.634576,[]
2026-06-02,11:34:32.667943,[]
2026-06-02,11:34:32.701310,[]
2026-06-02,11:34:32.734677,[]
2026-06-02,11:34:32.768044,[]
2026-06-02,11:34:32.801411,[]
2026-06-02,11:34:32.834778,[]
2026-06-02,11:34:32.868145,[]
2026-06-02,11:34:32.901512,[]
2026-06-02,11:34:32.934879,[]
2026-06-02,11:34:32.968246,[]
2026-06-02,11:34:33.001613,[]
2026-06-02,11:34:33.034980,[]
2026-06-02,11:34:33.068347,[]
2026-06-02,11:34:33.101714,[]
2026-06-02,11:34:33.135081,[]
2026-06-02,11:34:33.168448,[]
2026-06-02,11:34:33.201815,[]
2026-06-02,11:34:33.235182,[]
2026-06-02,11:34:33.268549,[]
2026-06-02,11:34:33.301916,[]
2026-06-02,11:34:33.335283,[]
2026-06-02,11:34:33.368650,[]
2026-06-02,11:34:33.402017,[]
2026-06-02,11:34:33.435384,[]
2026-06-02,11:34:33.468751,[]
2026-06-02,11:34:33.502118,[]
2026-06-02,11:34:33.535485,[]
2026-06-02,11:34:33.568852,[]
2026-06-02,11:34:33.602219,[]
2026-06-02,11:34:33.635586,[]
2026-06-02,11:34:33.668953,[]
2026-06-02,11:34:33.702320,[]
2026-06-02,11:34:33.735687,[]
2026-06-02,11:34:33.769054,[]
2026-06-02,11:34:33.802421,[]
2026-06-02,11:34:33.835788,[]
2026-06-02,11:34:33.869155,[]
2026-06-02,11:34:33.902522,[]
2026-06-02,11:34:33.935889,[]
2026-06-02,11:34:33.969256,[]
2026-06-02,11:34:34.002623,[]
2026-06-02,11:34:34.035990,[]
2026-06-02,11:34:34.069357,[]
2026-06-02,11:34:34.102724,[]
2026-06-02,11:34:34.136091,[]
2026-06-02,11:34:34.169458,[]
2026-06-02,11:34:34.202825,[]
2026-06-02,11:34:34.236192,[]
2026-06-02,11:34:34.269559,[]
2026-06-02,11:34:34.302926,[]
2026-06-02,11:34:34.336293,[]
2026-06-02,11:34:34.369660,[]
2026-06-02,11:34:34.403027,[]
2026-06-02,11:34:34.436394,[]
2026-06-02,11:34:34.469761,[]
2026-06-02,11:34:34.503128,[]
2026-06-02,11:34:34.536495,[]
2026-06-02,11:34:34.569862,[]
2026-06-02,11:34:34.603229,[]
2026-06-02,11:34:34.636596,[]
2026-06-02,11:34:34.669963,[]
2026-06-02,11:34:34.703330,[]
2026-06-02,11:34:34.736697,[]
2026-06-02,11:34:34.770064,[]
2026-06-02,11:34:34.803431,[]
2026-06-02,11:34:34.836798,[]
2026-06-02,11:34:34.870165,[]
2026-06-02,11:34:34.903532,[]
2026-06-02,11:34:34.936899,[]
2026-06-02,11:34:34.970266,[]
2026-06-02,11:34:35.003633,[]
2026-06-02,11:34:35.037000,[]
2026-06-02,11:34:35.070367,[]
2026-06-02,11:34:35.103734,[]
2026-06-02,11:34:35.137101,[]
2026-06-02,11:34:35.170468,[]
2026-06-02,11:34:35.203835,[]
2026-06-02,11:34:35.237202,[]
2026-06-02,11:34:35.270569,[]
2026-06-02,11:34:35.303936,[]
2026-06-02,11:34:35.337303,[]
2026-06-02,11:34:35.370670,[]
2026-06-02,11:34:35.404037,[]
2026-06-02,11:34:35.437404,[]
2026-06-02,11:34:35.470771,[]
2026-06-02,11:34:35.504138,[]
2026-06-02,11:34:35.537505,[]
2026-06-02,11:34:35.570872,[]
2026-06-02,11:34:35.604239,[]
2026-06-02,11:34:35.637606,[]
2026-06-02,11:34:35.670973,[]
2026-06-02,11:34:35.704340,[]
2026-06-02,11:34:35.737707,[]
2026-06-02,11:34:35.771074,[]
2026-06-02,11:34:35.804441,[]
2026-06-02,11:34:35.837808,[]
2026-06-02,11:34:35.871175,[]
2026-06-02,11:34:35.904542,[]
2026-06-02,11:34:35.937909,[]
2026-06-02,11:34:35.971276,[]
2026-06-02,11:34:36.004643,[]
2026-06-02,11:34:36.038010,[]
2026-06-02,11:34:36.071377,[]
2026-06-02,11:34:36.104744,[]
2026-06-02,11:34:36.138111,[]
2026-06-02,11:34:36.171478,[]
2026-06-02,11:34:36.204845,[]
2026-06-02,11:34:36.238212,[]
2026-06-02,11:34:36.271579,[]
2026-06-02,11:34:36.304946,[]
2026-06-02,11:34:36.338313,[]
2026-06-02,11:34:36.371680,[]
2026-06-02,11:34:36.405047,[]
2026-06-02,11:34:36.438414,[]
2026-06-02,11:34:36.471781,[]
2026-06-02,11:34:36.505148,[]
2026-06-02,11:34:36.538515,[]
2026-06-02,11:34:36.571882,[]
2026-06-02,11:34:36.605249,[]
2026-06-02,11:34:36.638616,[]
2026-06-02,11:34:36.671983,[]
2026-06-02,11:34:36.705350,[]
2026-06-02,11:34:36.738717,[]
2026-06-02,11:34:36.772084,[]
2026-06-02,11:34:36.805451,[]
2026-06-02,11:34:36.838818,[]
2026-06-02,11:34:36.872185,[]
2026-06-02,11:34:36.905552,[]
2026-06-02,11:34:36.938919,[]
2026-06-02,11:34:36.972286,[]
2026-06-02,11:34:37.005653,[]
2026-06-02,11:34:37.039020,[]
2026-06-02,11:34:37.072387,[]
2026-06-02,11:34:37.105754,[]
2026-06-02,11:34:37.139121,[]
2026-06-02,11:34:37.172488,[]
2026-06-02,11:34:37.205855,[]
2026-06-02,11:34:37.239222,[]
2026-06-02,11:34:37.272589,[]
2026-06-02,11:34:37.305956,[]
2026-06-02,11:34:37.339323,[]
2026-06-02,11:34:37.372690,[]
2026-06-02,11:34:37.406057,[]
2026-06-02,11:34:37.439424,[]
2026-06-02,11:34:37.472791,[]
2026-06-02,11:34:37.506158,[]
2026-06-02,11:34:37.539525,[]
2026-06-02,11:34:37.572892,[]
2026-06-02,11:34:37.606259,[]
2026-06-02,11:34:37.639626,[]
2026-06-02,11:34:37.672993,[]
2026-06-02,11:34:37.706360,[]
2026-06-02,11:34:37.739727,[]
2026-06-02,11:34:37.773094,[]
2026-06-02,11:34:37.806461,[]
2026-06-02,11:34:37.839828,[]
2026-06-02,11:34:37.873195,[]
2026-06-02,11:34:37.906562,[]
2026-06-02,11:34:37.939929,[]
2026-06-02,11:34:37.973296,[]
2026-06-02,11:34:38.006663,['EB51346']
2026-06-02,11:34:38.040030,['EB51346']
2026-06-02,11:34:38.073397,['EB51346']
2026-06-02,11:34:38.106764,['EB51346']
2026-06-02,11:34:38.140131,[]
2026-06-02,11:34:38.173498,[]
2026-06-02,11:34:38.206865,[]
2026-06-02,11:34:38.240232,[]
2026-06-02,11:34:38.273599,[]
2026-06-02,11:34:38.306966,[]
2026-06-02,11:34:38.340333,[]
2026-06-02,11:34:38.373700,[]
2026-06-02,11:34:38.407067,[]
2026-06-02,11:34:38.440434,[]
2026-06-02,11:34:38.473801,[]
2026-06-02,11:34:38.507168,[]
2026-06-02,11:34:38.540535,[]
2026-06-02,11:34:38.573902,[]
2026-06-02,11:34:38.607269,[]
2026-06-02,11:34:38.640636,[]
2026-06-02,11:34:38.674003,[]
2026-06-02,11:34:38.707370,[]
2026-06-02,11:34:38.740737,[]
2026-06-02,11:34:38.774104,[]
2026-06-02,11:34:38.807471,[]
2026-06-02,11:34:38.840838,[]
2026-06-02,11:34:38.874205,[]
2026-06-02,11:34:38.907572,[]
2026-06-02,11:34:38.940939,[]
2026-06-02,11:34:38.974306,[]
2026-06-02,11:34:39.007673,[]
2026-06-02,11:34:39.041040,[]
2026-06-02,11:34:39.074407,[]
2026-06-02,11:34:39.107774,[]
2026-06-02,11:34:39.141141,[]
2026-06-02,11:34:39.174508,[]
2026-06-02,11:34:39.207875,[]
2026-06-02,11:34:39.241242,[]
2026-06-02,11:34:39.274609,[]
2026-06-02,11:34:39.307976,[]
2026-06-02,11:34:39.341343,[]
2026-06-02,11:34:39.374710,[]
2026-06-02,11:34:39.408077,[]
2026-06-02,11:34:39.441444,[]
2026-06-02,11:34:39.474811,[]
2026-06-02,11:34:39.508178,[]
2026-06-02,11:34:39.541545,[]
2026-06-02,11:34:39.574912,[]
2026-06-02,11:34:39.608279,[]
2026-06-02,11:34:39.641646,[]
2026-06-02,11:34:39.675013,[]
2026-06-02,11:34:39.708380,[]
2026-06-02,11:34:39.741747,[]
2026-06-02,11:34:39.775114,[]
2026-06-02,11:34:39.808481,[]
2026-06-02,11:34:39.841848,[]
2026-06-02,11:34:39.875215,[]
2026-06-02,11:34:39.908582,[]
2026-06-02,11:34:39.941949,[]
2026-06-02,11:34:39.975316,[]
2026-06-02,11:34:40.008683,[]
2026-06-02,11:34:40.042050,[]
2026-06-02,11:34:40.075417,[]
2026-06-02,11:34:40.108784,[]
2026-06-02,11:34:40.142151,[]
2026-06-02,11:34:40.175518,[]
2026-06-02,11:34:40.208885,[]
2026-06-02,11:34:40.242252,[]
2026-06-02,11:34:40.275619,[]
2026-06-02,11:34:40.308986,[]
2026-06-02,11:34:40.342353,[]
2026-06-02,11:34:40.375720,[]
2026-06-02,11:34:40.409087,[]
2026-06-02,11:34:40.442454,[]
2026-06-02,11:34:40.475821,[]
2026-06-02,11:34:40.509188,[]
2026-06-02,11:34:40.542555,[]
2026-06-02,11:34:40.575922,[]
2026-06-02,11:34:40.609289,[]
2026-06-02,11:34:40.642656,[]
2026-06-02,11:34:40.676023,[]
2026-06-02,11:34:40.709390,[]
2026-06-02,11:34:40.742757,[]
2026-06-02,11:34:40.776124,[]
2026-06-02,11:34:40.809491,[]
2026-06-02,11:34:40.842858,[]
2026-06-02,11:34:40.876225,[]
2026-06-02,11:34:40.909592,[]
2026-06-02,11:34:40.942959,[]
2026-06-02,11:34:40.976326,[]
2026-06-02,11:34:41.009693,[]
2026-06-02,11:34:41.043060,[]
2026-06-02,11:34:41.076427,['DN58761']
2026-06-02,11:34:41.109794,['DN58761']
2026-06-02,11:34:41.143161,['DN58761']
2026-06-02,11:34:41.176528,[]
2026-06-02,11:34:41.209895,[]
2026-06-02,11:34:41.243262,[]
2026-06-02,11:34:41.276629,[]
2026-06-02,11:34:41.309996,[]
2026-06-02,11:34:41.343363,[]
2026-06-02,11:34:41.376730,[]
2026-06-02,11:34:41.410097,[]
2026-06-02,11:34:41.443464,[]
2026-06-02,11:34:41.476831,[]
2026-06-02,11:34:41.510198,[]
2026-06-02,11:34:41.543565,[]
2026-06-02,11:34:41.576932,[]
2026-06-02,11:34:41.610299,[]
2026-06-02,11:34:41.643666,[]
2026-06-02,11:34:41.677033,[]
2026-06-02,11:34:41.710400,[]
2026-06-02,11:34:41.743767,[]
2026-06-02,11:34:41.777134,[]
2026-06-02,11:34:41.810501,[]
2026-06-02,11:34:41.843868,[]
2026-06-02,11:34:41.877235,[]
2026-06-02,11:34:41.910602,[]
2026-06-02,11:34:41.943969,[]
2026-06-02,11:34:41.977336,[]
2026-06-02,11:34:42.010703,[]
2026-06-02,11:34:42.044070,[]
2026-06-02,11:34:42.077437,[]
2026-06-02,11:34:42.110804,[]
2026-06-02,11:34:42.144171,[]
2026-06-02,11:34:42.177538,[]
2026-06-02,11:34:42.210905,[]
2026-06-02,11:34:42.244272,[]
2026-06-02,11:34:42.277639,[]
2026-06-02,11:34:42.311006,[]
2026-06-02,11:34:42.344373,[]
2026-06-02,11:34:42.377740,[]
2026-06-02,11:34:42.411107,[]
2026-06-02,11:34:42.444474,[]
2026-06-02,11:34:42.477841,[]
2026-06-02,11:34:42.511208,[]
2026-06-02,11:34:42.544575,[]
2026-06-02,11:34:42.577942,[]
2026-06-02,11:34:42.611309,[]
2026-06-02,11:34:42.644676,[]
2026-06-02,11:34:42.678043,[]
2026-06-02,11:34:42.711410,[]
2026-06-02,11:34:42.744777,[]
2026-06-02,11:34:42.778144,[]
2026-06-02,11:34:42.811511,[]
2026-06-02,11:34:42.844878,[]
2026-06-02,11:34:42.878245,[]
2026-06-02,11:34:42.911612,[]
2026-06-02,11:34:42.944979,[]
2026-06-02,11:34:42.978346,[]
2026-06-02,11:34:43.011713,[]
2026-06-02,11:34:43.045080,[]
2026-06-02,11:34:43.078447,[]
2026-06-02,11:34:43.111814,[]
2026-06-02,11:34:43.145181,[]
2026-06-02,11:34:43.178548,[]
2026-06-02,11:34:43.211915,[]
2026-06-02,11:34:43.245282,[]
2026-06-02,11:34:43.278649,[]
2026-06-02,11:34:43.312016,[]
2026-06-02,11:34:43.345383,[]
2026-06-02,11:34:43.378750,[]
2026-06-02,11:34:43.412117,[]
2026-06-02,11:34:43.445484,[]
2026-06-02,11:34:43.478851,[]
2026-06-02,11:34:43.512218,[]
2026-06-02,11:34:43.545585,[]
2026-06-02,11:34:43.578952,[]
2026-06-02,11:34:43.612319,[]
2026-06-02,11:34:43.645686,[]
2026-06-02,11:34:43.679053,[]
2026-06-02,11:34:43.712420,[]
2026-06-02,11:34:43.745787,[]
2026-06-02,11:34:43.779154,[]
2026-06-02,11:34:43.812521,[]
2026-06-02,11:34:43.845888,[]
2026-06-02,11:34:43.879255,[]
2026-06-02,11:34:43.912622,[]
2026-06-02,11:34:43.945989,[]
2026-06-02,11:34:43.979356,[]
2026-06-02,11:34:44.012723,[]
2026-06-02,11:34:44.046090,[]
2026-06-02,11:34:44.079457,[]
2026-06-02,11:34:44.112824,[]
2026-06-02,11:34:44.146191,[]
2026-06-02,11:34:44.179558,[]
2026-06-02,11:34:44.212925,[]
2026-06-02,11:34:44.246292,[]
2026-06-02,11:34:44.279659,[]
2026-06-02,11:34:44.313026,[]
2026-06-02,11:34:44.346393,[]
2026-06-02,11:34:44.379760,[]
2026-06-02,11:34:44.413127,[]
2026-06-02,11:34:44.446494,[]
2026-06-02,11:34:44.479861,[]
2026-06-02,11:34:44.513228,[]
2026-06-02,11:34:44.546595,[]
2026-06-02,11:34:44.579962,[]
2026-06-02,11:34:44.613329,[]
2026-06-02,11:34:44.646696,[]
2026-06-02,11:34:44.680063,[]
2026-06-02,11:34:44.713430,[]
2026-06-02,11:34:44.746797,[]
2026-06-02,11:34:44.780164,[]
2026-06-02,11:34:44.813531,[]
2026-06-02,11:34:44.846898,[]
2026-06-02,11:34:44.880265,[]
2026-06-02,11:34:44.913632,[]
2026-06-02,11:34:44.946999,[]
2026-06-02,11:34:44.980366,[]
2026-06-02,11:34:45.013733,[]
2026-06-02,11:34:45.047100,[]
2026-06-02,11:34:45.080467,[]
2026-06-02,11:34:45.113834,[]
2026-06-02,11:34:45.147201,[]
2026-06-02,11:34:45.180568,[]
2026-06-02,11:34:45.213935,[]
2026-06-02,11:34:45.247302,[]
2026-06-02,11:34:45.280669,[]
2026-06-02,11:34:45.314036,[]
2026-06-02,11:34:45.347403,[]
2026-06-02,11:34:45.380770,[]
2026-06-02,11:34:45.414137,[]
2026-06-02,11:34:45.447504,[]
2026-06-02,11:34:45.480871,[]
2026-06-02,11:34:45.514238,[]
2026-06-02,11:34:45.547605,[]
2026-06-02,11:34:45.580972,[]
2026-06-02,11:34:45.614339,[]
2026-06-02,11:34:45.647706,[]
2026-06-02,11:34:45.681073,[]
2026-06-02,11:34:45.714440,[]
2026-06-02,11:34:45.747807,['DY22465']
2026-06-02,11:34:45.781174,['DY22465']
2026-06-02,11:34:45.814541,['DY22465']
2026-06-02,11:34:45.847908,[]
2026-06-02,11:34:45.881275,[]
2026-06-02,11:34:45.914642,[]
2026-06-02,11:34:45.948009,[]
2026-06-02,11:34:45.981376,[]
2026-06-02,11:34:46.014743,[]
2026-06-02,11:34:46.048110,[]
2026-06-02,11:34:46.081477,[]
2026-06-02,11:34:46.114844,[]
2026-06-02,11:34:46.148211,[]
2026-06-02,11:34:46.181578,[]
2026-06-02,11:34:46.214945,[]
2026-06-02,11:34:46.248312,[]
2026-06-02,11:34:46.281679,[]
2026-06-02,11:34:46.315046,[]
2026-06-02,11:34:46.348413,[]
2026-06-02,11:34:46.381780,[]
2026-06-02,11:34:46.415147,[]
2026-06-02,11:34:46.448514,[]
2026-06-02,11:34:46.481881,[]
2026-06-02,11:34:46.515248,[]
2026-06-02,11:34:46.548615,[]
2026-06-02,11:34:46.581982,[]
2026-06-02,11:34:46.615349,[]
2026-06-02,11:34:46.648716,[]
2026-06-02,11:34:46.682083,[]
2026-06-02,11:34:46.715450,[]
2026-06-02,11:34:46.748817,[]
2026-06-02,11:34:46.782184,[]
2026-06-02,11:34:46.815551,[]
2026-06-02,11:34:46.848918,[]
2026-06-02,11:34:46.882285,[]
2026-06-02,11:34:46.915652,[]
2026-06-02,11:34:46.949019,[]
2026-06-02,11:34:46.982386,[]
2026-06-02,11:34:47.015753,[]
2026-06-02,11:34:47.049120,[]
2026-06-02,11:34:47.082487,[]
2026-06-02,11:34:47.115854,[]
2026-06-02,11:34:47.149221,[]
2026-06-02,11:34:47.182588,[]
2026-06-02,11:34:47.215955,[]
2026-06-02,11:34:47.249322,[]
2026-06-02,11:34:47.282689,[]
2026-06-02,11:34:47.316056,[]
2026-06-02,11:34:47.349423,[]
2026-06-02,11:34:47.382790,[]
2026-06-02,11:34:47.416157,[]
2026-06-02,11:34:47.449524,[]
2026-06-02,11:34:47.482891,[]
2026-06-02,11:34:47.516258,[]
2026-06-02,11:34:47.549625,[]
2026-06-02,11:34:47.582992,[]
2026-06-02,11:34:47.616359,[]
2026-06-02,11:34:47.649726,[]
2026-06-02,11:34:47.683093,[]
2026-06-02,11:34:47.716460,[]
2026-06-02,11:34:47.749827,[]
2026-06-02,11:34:47.783194,[]
2026-06-02,11:34:47.816561,[]
2026-06-02,11:34:47.849928,[]
2026-06-02,11:34:47.883295,[]
2026-06-02,11:34:47.916662,['BK64792']
2026-06-02,11:34:47.950029,['BK64792']
2026-06-02,11:34:47.983396,['BK64792']
2026-06-02,11:34:48.016763,['BK64792']
2026-06-02,11:34:48.050130,[]
2026-06-02,11:34:48.083497,[]
2026-06-02,11:34:48.116864,[]
2026-06-02,11:34:48.150231,[]
2026-06-02,11:34:48.183598,[]
2026-06-02,11:34:48.216965,[]
2026-06-02,11:34:48.250332,[]
2026-06-02,11:34:48.283699,[]
2026-06-02,11:34:48.317066,[]
2026-06-02,11:34:48.350433,[]
2026-06-02,11:34:48.383800,[]
2026-06-02,11:34:48.417167,[]
2026-06-02,11:34:48.450534,[]
2026-06-02,11:34:48.483901,[]
2026-06-02,11:34:48.517268,[]
2026-06-02,11:34:48.550635,[]
2026-06-02,11:34:48.584002,[]
2026-06-02,11:34:48.617369,[]
2026-06-02,11:34:48.650736,[]
2026-06-02,11:34:48.684103,[]
2026-06-02,11:34:48.717470,[]
2026-06-02,11:34:48.750837,[]
2026-06-02,11:34:48.784204,[]
2026-06-02,11:34:48.817571,[]
2026-06-02,11:34:48.850938,[]
2026-06-02,11:34:48.884305,[]
2026-06-02,11:34:48.917672,[]
2026-06-02,11:34:48.951039,[]
2026-06-02,11:34:48.984406,[]
2026-06-02,11:34:49.017773,[]
2026-06-02,11:34:49.051140,[]
2026-06-02,11:34:49.084507,[]
2026-06-02,11:34:49.117874,[]
2026-06-02,11:34:49.151241,[]
2026-06-02,11:34:49.184608,[]
2026-06-02,11:34:49.217975,[]
2026-06-02,11:34:49.251342,[]
2026-06-02,11:34:49.284709,[]
2026-06-02,11:34:49.318076,[]
2026-06-02,11:34:49.351443,[]
2026-06-02,11:34:49.384810,[]
2026-06-02,11:34:49.418177,[]
2026-06-02,11:34:49.451544,[]
2026-06-02,11:34:49.484911,[]
2026-06-02,11:34:49.518278,[]
2026-06-02,11:34:49.551645,[]
2026-06-02,11:34:49.585012,[]
2026-06-02,11:34:49.618379,[]
2026-06-02,11:34:49.651746,[]
2026-06-02,11:34:49.685113,[]
2026-06-02,11:34:49.718480,[]
2026-06-02,11:34:49.751847,[]
2026-06-02,11:34:49.785214,[]
2026-06-02,11:34:49.818581,[]
2026-06-02,11:34:49.851948,[]
2026-06-02,11:34:49.885315,[]
2026-06-02,11:34:49.918682,[]
2026-06-02,11:34:49.952049,[]
2026-06-02,11:34:49.985416,[]
2026-06-02,11:34:50.018783,[]
2026-06-02,11:34:50.052150,[]
2026-06-02,11:34:50.085517,[]
2026-06-02,11:34:50.118884,[]
2026-06-02,11:34:50.152251,[]
2026-06-02,11:34:50.185618,[]
2026-06-02,11:34:50.218985,[]
2026-06-02,11:34:50.252352,[]
2026-06-02,11:34:50.285719,[]
2026-06-02,11:34:50.319086,[]
2026-06-02,11:34:50.352453,[]
2026-06-02,11:34:50.385820,['CL83396']
2026-06-02,11:34:50.419187,['CL83396']
2026-06-02,11:34:50.452554,['CL83396']
2026-06-02,11:34:50.485921,['CL83396']
2026-06-02,11:34:50.519288,[]
2026-06-02,11:34:50.552655,[]
2026-06-02,11:34:50.586022,[]
2026-06-02,11:34:50.619389,[]
2026-06-02,11:34:50.652756,[]
2026-06-02,11:34:50.686123,[]
2026-06-02,11:34:50.719490,[]
2026-06-02,11:34:50.752857,[]
2026-06-02,11:34:50.786224,[]
2026-06-02,11:34:50.819591,[]
2026-06-02,11:34:50.852958,[]
2026-06-02,11:34:50.886325,[]
2026-06-02,11:34:50.919692,[]
2026-06-02,11:34:50.953059,[]
2026-06-02,11:34:50.986426,[]
2026-06-02,11:34:51.019793,[]
2026-06-02,11:34:51.053160,[]
2026-06-02,11:34:51.086527,[]
2026-06-02,11:34:51.119894,[]
2026-06-02,11:34:51.153261,[]
2026-06-02,11:34:51.186628,[]
2026-06-02,11:34:51.219995,[]
2026-06-02,11:34:51.253362,[]
2026-06-02,11:34:51.286729,[]
2026-06-02,11:34:51.320096,[]
2026-06-02,11:34:51.353463,[]
2026-06-02,11:34:51.386830,[]
2026-06-02,11:34:51.420197,[]
2026-06-02,11:34:51.453564,[]
2026-06-02,11:34:51.486931,[]
2026-06-02,11:34:51.520298,[]
2026-06-02,11:34:51.553665,[]
2026-06-02,11:34:51.587032,[]
2026-06-02,11:34:51.620399,[]
2026-06-02,11:34:51.653766,[]
2026-06-02,11:34:51.687133,[]
2026-06-02,11:34:51.720500,[]
2026-06-02,11:34:51.753867,[]
2026-06-02,11:34:51.787234,[]
2026-06-02,11:34:51.820601,[]
2026-06-02,11:34:51.853968,[]
2026-06-02,11:34:51.887335,[]
2026-06-02,11:34:51.920702,[]
2026-06-02,11:34:51.954069,[]
2026-06-02,11:34:51.987436,[]
2026-06-02,11:34:52.020803,[]
2026-06-02,11:34:52.054170,[]
2026-06-02,11:34:52.087537,[]
2026-06-02,11:34:52.120904,[]
2026-06-02,11:34:52.154271,[]
2026-06-02,11:34:52.187638,[]
2026-06-02,11:34:52.221005,[]
2026-06-02,11:34:52.254372,[]
2026-06-02,11:34:52.287739,[]
2026-06-02,11:34:52.321106,[]
2026-06-02,11:34:52.354473,[]
2026-06-02,11:34:52.387840,[]
2026-06-02,11:34:52.421207,[]
2026-06-02,11:34:52.454574,[]
2026-06-02,11:34:52.487941,[]
2026-06-02,11:34:52.521308,[]
2026-06-02,11:34:52.554675,[]
2026-06-02,11:34:52.588042,[]
2026-06-02,11:34:52.621409,[]
2026-06-02,11:34:52.654776,[]
2026-06-02,11:34:52.688143,[]
2026-06-02,11:34:52.721510,[]
2026-06-02,11:34:52.754877,[]
2026-06-02,11:34:52.788244,[]
2026-06-02,11:34:52.821611,[]
2026-06-02,11:34:52.854978,[]
2026-06-02,11:34:52.888345,[]
2026-06-02,11:34:52.921712,[]
2026-06-02,11:34:52.955079,[]
2026-06-02,11:34:52.988446,[]
2026-06-02,11:34:53.021813,[]
2026-06-02,11:34:53.055180,[]
2026-06-02,11:34:53.088547,[]
2026-06-02,11:34:53.121914,[]
2026-06-02,11:34:53.155281,[]
2026-06-02,11:34:53.188648,[]
2026-06-02,11:34:53.222015,[]
2026-06-02,11:34:53.255382,[]
2026-06-02,11:34:53.288749,[]
2026-06-02,11:34:53.322116,[]
2026-06-02,11:34:53.355483,[]
2026-06-02,11:34:53.388850,[]
2026-06-02,11:34:53.422217,[]
2026-06-02,11:34:53.455584,[]
2026-06-02,11:34:53.488951,[]
2026-06-02,11:34:53.522318,[]
2026-06-02,11:34:53.555685,[]
2026-06-02,11:34:53.589052,[]
2026-06-02,11:34:53.622419,[]
2026-06-02,11:34:53.655786,[]
2026-06-02,11:34:53.689153,[]
2026-06-02,11:34:53.722520,[]
2026-06-02,11:34:53.755887,[]
2026-06-02,11:34:53.789254,[]
2026-06-02,11:34:53.822621,[]
2026-06-02,11:34:53.855988,[]
2026-06-02,11:34:53.889355,[]
2026-06-02,11:34:53.922722,[]
2026-06-02,11:34:53.956089,[]
2026-06-02,11:34:53.989456,[]
2026-06-02,11:34:54.022823,[]
2026-06-02,11:34:54.056190,['BN98447']
2026-06-02,11:34:54.089557,['BN98447']
2026-06-02,11:34:54.122924,['BN98447']
2026-06-02,11:34:54.156291,['BN98447']
2026-06-02,11:34:54.189658,['BN98447']
2026-06-02,11:34:54.223025,['BN98447']
2026-06-02,11:34:54.256392,[]
2026-06-02,11:34:54.289759,[]
2026-06-02,11:34:54.323126,[]
2026-06-02,11:34:54.356493,[]
2026-06-02,11:34:54.389860,[]
2026-06-02,11:34:54.423227,[]
2026-06-02,11:34:54.456594,[]
2026-06-02,11:34:54.489961,[]
2026-06-02,11:34:54.523328,[]
2026-06-02,11:34:54.556695,[]
2026-06-02,11:34:54.590062,[]
2026-06-02,11:34:54.623429,[]
2026-06-02,11:34:54.656796,[]
2026-06-02,11:34:54.690163,[]
2026-06-02,11:34:54.723530,[]
2026-06-02,11:34:54.756897,[]
2026-06-02,11:34:54.790264,[]
2026-06-02,11:34:54.823631,[]
2026-06-02,11:34:54.856998,[]
2026-06-02,11:34:54.890365,[]
2026-06-02,11:34:54.923732,[]
2026-06-02,11:34:54.957099,[]
2026-06-02,11:34:54.990466,[]
2026-06-02,11:34:55.023833,[]
2026-06-02,11:34:55.057200,[]
2026-06-02,11:34:55.090567,[]
2026-06-02,11:34:55.123934,[]
2026-06-02,11:34:55.157301,[]
2026-06-02,11:34:55.190668,[]
2026-06-02,11:34:55.224035,[]
2026-06-02,11:34:55.257402,[]
2026-06-02,11:34:55.290769,[]
2026-06-02,11:34:55.324136,[]
2026-06-02,11:34:55.357503,[]
2026-06-02,11:34:55.390870,[]
2026-06-02,11:34:55.424237,[]
2026-06-02,11:34:55.457604,[]
2026-06-02,11:34:55.490971,[]
2026-06-02,11:34:55.524338,[]
2026-06-02,11:34:55.557705,[]
2026-06-02,11:34:55.591072,[]
2026-06-02,11:34:55.624439,[]
2026-06-02,11:34:55.657806,[]
2026-06-02,11:34:55.691173,[]
2026-06-02,11:34:55.724540,[]
2026-06-02,11:34:55.757907,[]
2026-06-02,11:34:55.791274,[]
2026-06-02,11:34:55.824641,[]
2026-06-02,11:34:55.858008,[]
2026-06-02,11:34:55.891375,[]
2026-06-02,11:34:55.924742,[]
2026-06-02,11:34:55.958109,[]
2026-06-02,11:34:55.991476,[]
2026-06-02,11:34:56.024843,[]
2026-06-02,11:34:56.058210,[]
2026-06-02,11:34:56.091577,[]
2026-06-02,11:34:56.124944,[]
2026-06-02,11:34:56.158311,[]
2026-06-02,11:34:56.191678,[]
2026-06-02,11:34:56.225045,[]
2026-06-02,11:34:56.258412,[]
2026-06-02,11:34:56.291779,[]
2026-06-02,11:34:56.325146,[]
2026-06-02,11:34:56.358513,[]
2026-06-02,11:34:56.391880,[]
2026-06-02,11:34:56.425247,[]
2026-06-02,11:34:56.458614,[]
2026-06-02,11:34:56.491981,[]
2026-06-02,11:34:56.525348,[]
2026-06-02,11:34:56.558715,[]
2026-06-02,11:34:56.592082,[]
2026-06-02,11:34:56.625449,[]
2026-06-02,11:34:56.658816,[]
2026-06-02,11:34:56.692183,[]
2026-06-02,11:34:56.725550,[]
2026-06-02,11:34:56.758917,[]
2026-06-02,11:34:56.792284,[]
2026-06-02,11:34:56.825651,[]
2026-06-02,11:34:56.859018,[]
2026-06-02,11:34:56.892385,[]
2026-06-02,11:34:56.925752,[]
2026-06-02,11:34:56.959119,[]
2026-06-02,11:34:56.992486,[]
2026-06-02,11:34:57.025853,[]
2026-06-02,11:34:57.059220,[]
2026-06-02,11:34:57.092587,[]
2026-06-02,11:34:57.125954,[]
2026-06-02,11:34:57.159321,[]
2026-06-02,11:34:57.192688,[]
2026-06-02,11:34:57.226055,[]
2026-06-02,11:34:57.259422,[]
2026-06-02,11:34:57.292789,[]
2026-06-02,11:34:57.326156,[]
2026-06-02,11:34:57.359523,[]
2026-06-02,11:34:57.392890,[]
2026-06-02,11:34:57.426257,[]
2026-06-02,11:34:57.459624,[]
2026-06-02,11:34:57.492991,[]
2026-06-02,11:34:57.526358,[]
2026-06-02,11:34:57.559725,[]
2026-06-02,11:34:57.593092,[]
2026-06-02,11:34:57.626459,[]
2026-06-02,11:34:57.659826,[]
2026-06-02,11:34:57.693193,[]
2026-06-02,11:34:57.726560,[]
2026-06-02,11:34:57.759927,[]
2026-06-02,11:34:57.793294,[]
2026-06-02,11:34:57.826661,[]
2026-06-02,11:34:57.860028,[]
2026-06-02,11:34:57.893395,[]
2026-06-02,11:34:57.926762,[]
2026-06-02,11:34:57.960129,[]
2026-06-02,11:34:57.993496,[]
2026-06-02,11:34:58.026863,[]
2026-06-02,11:34:58.060230,[]
2026-06-02,11:34:58.093597,[]
2026-06-02,11:34:58.126964,[]
2026-06-02,11:34:58.160331,[]
2026-06-02,11:34:58.193698,[]
2026-06-02,11:34:58.227065,[]
2026-06-02,11:34:58.260432,[]
2026-06-02,11:34:58.293799,[]
2026-06-02,11:34:58.327166,[]
2026-06-02,11:34:58.360533,[]
2026-06-02,11:34:58.393900,[]
2026-06-02,11:34:58.427267,[]
2026-06-02,11:34:58.460634,[]
2026-06-02,11:34:58.494001,[]
2026-06-02,11:34:58.527368,[]
2026-06-02,11:34:58.560735,[]
2026-06-02,11:34:58.594102,[]
2026-06-02,11:34:58.627469,[]
2026-06-02,11:34:58.660836,[]
2026-06-02,11:34:58.694203,[]
2026-06-02,11:34:58.727570,[]
2026-06-02,11:34:58.760937,[]
2026-06-02,11:34:58.794304,[]
2026-06-02,11:34:58.827671,[]
2026-06-02,11:34:58.861038,[]
2026-06-02,11:34:58.894405,[]
2026-06-02,11:34:58.927772,[]
2026-06-02,11:34:58.961139,[]
2026-06-02,11:34:58.994506,['BN98117']
2026-06-02,11:34:59.027873,['BN98117']
2026-06-02,11:34:59.061240,['BN98117']
2026-06-02,11:34:59.094607,['BN98117']
2026-06-02,11:34:59.127974,['BN98117']
2026-06-02,11:34:59.161341,['BN98117']
2026-06-02,11:34:59.194708,['BM98117']
2026-06-02,11:34:59.228075,[]
2026-06-02,11:34:59.261442,[]
2026-06-02,11:34:59.294809,[]
2026-06-02,11:34:59.328176,[]
2026-06-02,11:34:59.361543,[]
2026-06-02,11:34:59.394910,[]
2026-06-02,11:34:59.428277,[]
2026-06-02,11:34:59.461644,[]
2026-06-02,11:34:59.495011,[]
2026-06-02,11:34:59.528378,[]
2026-06-02,11:34:59.561745,[]
2026-06-02,11:34:59.595112,[]
2026-06-02,11:34:59.628479,[]
2026-06-02,11:34:59.661846,[]
2026-06-02,11:34:59.695213,[]
2026-06-02,11:34:59.728580,[]
2026-06-02,11:34:59.761947,[]
2026-06-02,11:34:59.795314,[]
2026-06-02,11:34:59.828681,[]
2026-06-02,11:34:59.862048,[]
2026-06-02,11:34:59.895415,[]
2026-06-02,11:34:59.928782,[]
2026-06-02,11:34:59.962149,[]
2026-06-02,11:34:59.995516,[]
2026-06-02,11:35:00.028883,[]
2026-06-02,11:35:00.062250,[]
2026-06-02,11:35:00.095617,[]
2026-06-02,11:35:00.128984,[]
2026-06-02,11:35:00.162351,[]
2026-06-02,11:35:00.195718,[]
2026-06-02,11:35:00.229085,[]
2026-06-02,11:35:00.262452,[]
2026-06-02,11:35:00.295819,[]
2026-06-02,11:35:00.329186,[]
2026-06-02,11:35:00.362553,[]
2026-06-02,11:35:00.395920,[]
2026-06-02,11:35:00.429287,[]
2026-06-02,11:35:00.462654,[]
2026-06-02,11:35:00.496021,[]
2026-06-02,11:35:00.529388,[]
2026-06-02,11:35:00.562755,[]
2026-06-02,11:35:00.596122,[]
2026-06-02,11:35:00.629489,[]
2026-06-02,11:35:00.662856,[]
2026-06-02,11:35:00.696223,[]
2026-06-02,11:35:00.729590,[]
2026-06-02,11:35:00.762957,[]
2026-06-02,11:35:00.796324,[]
2026-06-02,11:35:00.829691,[]
2026-06-02,11:35:00.863058,[]
2026-06-02,11:35:00.896425,[]
2026-06-02,11:35:00.929792,[]
2026-06-02,11:35:00.963159,[]
2026-06-02,11:35:00.996526,[]
2026-06-02,11:35:01.029893,[]
2026-06-02,11:35:01.063260,[]
2026-06-02,11:35:01.096627,[]
2026-06-02,11:35:01.129994,[]
2026-06-02,11:35:01.163361,[]
2026-06-02,11:35:01.196728,[]
2026-06-02,11:35:01.230095,[]
2026-06-02,11:35:01.263462,[]
2026-06-02,11:35:01.296829,[]
2026-06-02,11:35:01.330196,[]
2026-06-02,11:35:01.363563,[]
2026-06-02,11:35:01.396930,[]
2026-06-02,11:35:01.430297,[]
2026-06-02,11:35:01.463664,[]
2026-06-02,11:35:01.497031,[]
2026-06-02,11:35:01.530398,[]
2026-06-02,11:35:01.563765,[]
2026-06-02,11:35:01.597132,[]
2026-06-02,11:35:01.630499,[]
2026-06-02,11:35:01.663866,[]
2026-06-02,11:35:01.697233,[]
2026-06-02,11:35:01.730600,[]
2026-06-02,11:35:01.763967,[]
2026-06-02,11:35:01.797334,[]
2026-06-02,11:35:01.830701,[]
2026-06-02,11:35:01.864068,[]
2026-06-02,11:35:01.897435,[]
2026-06-02,11:35:01.930802,[]
2026-06-02,11:35:01.964169,[]
2026-06-02,11:35:01.997536,[]
2026-06-02,11:35:02.030903,[]
2026-06-02,11:35:02.064270,[]
2026-06-02,11:35:02.097637,[]
2026-06-02,11:35:02.131004,[]
2026-06-02,11:35:02.164371,[]
2026-06-02,11:35:02.197738,[]
2026-06-02,11:35:02.231105,[]
2026-06-02,11:35:02.264472,[]
2026-06-02,11:35:02.297839,[]
2026-06-02,11:35:02.331206,[]
2026-06-02,11:35:02.364573,[]
2026-06-02,11:35:02.397940,[]
2026-06-02,11:35:02.431307,[]
2026-06-02,11:35:02.464674,[]
2026-06-02,11:35:02.498041,[]
2026-06-02,11:35:02.531408,[]
2026-06-02,11:35:02.564775,[]
2026-06-02,11:35:02.598142,[]
2026-06-02,11:35:02.631509,[]
2026-06-02,11:35:02.664876,[]
2026-06-02,11:35:02.698243,[]
2026-06-02,11:35:02.731610,[]
2026-06-02,11:35:02.764977,[]
2026-06-02,11:35:02.798344,[]
2026-06-02,11:35:02.831711,[]
2026-06-02,11:35:02.865078,[]
2026-06-02,11:35:02.898445,[]
2026-06-02,11:35:02.931812,[]
2026-06-02,11:35:02.965179,[]
2026-06-02,11:35:02.998546,[]
2026-06-02,11:35:03.031913,[]
2026-06-02,11:35:03.065280,[]
2026-06-02,11:35:03.098647,[]
2026-06-02,11:35:03.132014,[]
2026-06-02,11:35:03.165381,[]
2026-06-02,11:35:03.198748,[]
2026-06-02,11:35:03.232115,[]
2026-06-02,11:35:03.265482,[]
2026-06-02,11:35:03.298849,[]
2026-06-02,11:35:03.332216,[]
2026-06-02,11:35:03.365583,[]
2026-06-02,11:35:03.398950,[]
2026-06-02,11:35:03.432317,[]
2026-06-02,11:35:03.465684,[]
2026-06-02,11:35:03.499051,[]
2026-06-02,11:35:03.532418,[]
2026-06-02,11:35:03.565785,[]
2026-06-02,11:35:03.599152,[]
2026-06-02,11:35:03.632519,[]
2026-06-02,11:35:03.665886,[]
2026-06-02,11:35:03.699253,[]
2026-06-02,11:35:03.732620,[]
2026-06-02,11:35:03.765987,[]
2026-06-02,11:35:03.799354,[]
2026-06-02,11:35:03.832721,[]
2026-06-02,11:35:03.866088,[]
2026-06-02,11:35:03.899455,[]
2026-06-02,11:35:03.932822,[]
2026-06-02,11:35:03.966189,[]
2026-06-02,11:35:03.999556,[]
2026-06-02,11:35:04.032923,[]
2026-06-02,11:35:04.066290,[]
2026-06-02,11:35:04.099657,[]
2026-06-02,11:35:04.133024,['CY54904']
2026-06-02,11:35:04.166391,['CY54904']
2026-06-02,11:35:04.199758,['CY54904']
2026-06-02,11:35:04.233125,['CY54904']
2026-06-02,11:35:04.266492,['CY54904']
2026-06-02,11:35:04.299859,['CY54904']
2026-06-02,11:35:04.333226,['CY54904']
2026-06-02,11:35:04.366593,['CY54907']
2026-06-02,11:35:04.399960,[]
2026-06-02,11:35:04.433327,[]
2026-06-02,11:35:04.466694,[]
2026-06-02,11:35:04.500061,[]
2026-06-02,11:35:04.533428,[]
2026-06-02,11:35:04.566795,[]
2026-06-02,11:35:04.600162,[]
2026-06-02,11:35:04.633529,[]
2026-06-02,11:35:04.666896,[]
2026-06-02,11:35:04.700263,[]
2026-06-02,11:35:04.733630,[]
2026-06-02,11:35:04.766997,[]
2026-06-02,11:35:04.800364,[]
2026-06-02,11:35:04.833731,[]
2026-06-02,11:35:04.867098,[]
2026-06-02,11:35:04.900465,[]
2026-06-02,11:35:04.933832,[]
2026-06-02,11:35:04.967199,[]
2026-06-02,11:35:05.000566,[]
2026-06-02,11:35:05.033933,[]
2026-06-02,11:35:05.067300,[]
2026-06-02,11:35:05.100667,[]
2026-06-02,11:35:05.134034,[]
2026-06-02,11:35:05.167401,[]
2026-06-02,11:35:05.200768,[]
2026-06-02,11:35:05.234135,[]
2026-06-02,11:35:05.267502,[]
2026-06-02,11:35:05.300869,[]
2026-06-02,11:35:05.334236,[]
2026-06-02,11:35:05.367603,[]
2026-06-02,11:35:05.400970,[]
2026-06-02,11:35:05.434337,[]
2026-06-02,11:35:05.467704,[]
2026-06-02,11:35:05.501071,[]
2026-06-02,11:35:05.534438,[]
2026-06-02,11:35:05.567805,[]
2026-06-02,11:35:05.601172,[]
2026-06-02,11:35:05.634539,[]
2026-06-02,11:35:05.667906,[]
2026-06-02,11:35:05.701273,[]
2026-06-02,11:35:05.734640,[]
2026-06-02,11:35:05.768007,[]
2026-06-02,11:35:05.801374,[]
2026-06-02,11:35:05.834741,[]
2026-06-02,11:35:05.868108,[]
2026-06-02,11:35:05.901475,[]
2026-06-02,11:35:05.934842,[]
2026-06-02,11:35:05.968209,[]
2026-06-02,11:35:06.001576,[]
2026-06-02,11:35:06.034943,[]
2026-06-02,11:35:06.068310,[]
2026-06-02,11:35:06.101677,[]
2026-06-02,11:35:06.135044,[]
2026-06-02,11:35:06.168411,[]
2026-06-02,11:35:06.201778,[]
2026-06-02,11:35:06.235145,[]
2026-06-02,11:35:06.268512,[]
2026-06-02,11:35:06.301879,[]
2026-06-02,11:35:06.335246,[]
2026-06-02,11:35:06.368613,[]
2026-06-02,11:35:06.401980,[]
2026-06-02,11:35:06.435347,[]
2026-06-02,11:35:06.468714,[]
2026-06-02,11:35:06.502081,[]
2026-06-02,11:35:06.535448,[]
2026-06-02,11:35:06.568815,[]
2026-06-02,11:35:06.602182,[]
2026-06-02,11:35:06.635549,[]
2026-06-02,11:35:06.668916,[]
2026-06-02,11:35:06.702283,[]
2026-06-02,11:35:06.735650,[]
2026-06-02,11:35:06.769017,[]
2026-06-02,11:35:06.802384,[]
2026-06-02,11:35:06.835751,[]
2026-06-02,11:35:06.869118,[]
2026-06-02,11:35:06.902485,[]
2026-06-02,11:35:06.935852,[]
2026-06-02,11:35:06.969219,[]
2026-06-02,11:35:07.002586,[]
2026-06-02,11:35:07.035953,[]
2026-06-02,11:35:07.069320,[]
2026-06-02,11:35:07.102687,[]
2026-06-02,11:35:07.136054,[]
2026-06-02,11:35:07.169421,[]
2026-06-02,11:35:07.202788,[]
2026-06-02,11:35:07.236155,[]
2026-06-02,11:35:07.269522,[]
2026-06-02,11:35:07.302889,[]
2026-06-02,11:35:07.336256,[]
2026-06-02,11:35:07.369623,[]
2026-06-02,11:35:07.402990,[]
2026-06-02,11:35:07.436357,[]
2026-06-02,11:35:07.469724,[]
2026-06-02,11:35:07.503091,[]
2026-06-02,11:35:07.536458,[]
2026-06-02,11:35:07.569825,[]
2026-06-02,11:35:07.603192,[]
2026-06-02,11:35:07.636559,[]
2026-06-02,11:35:07.669926,[]
2026-06-02,11:35:07.703293,[]
2026-06-02,11:35:07.736660,[]
2026-06-02,11:35:07.770027,[]
2026-06-02,11:35:07.803394,[]
2026-06-02,11:35:07.836761,[]
2026-06-02,11:35:07.870128,[]
2026-06-02,11:35:07.903495,[]
2026-06-02,11:35:07.936862,[]
2026-06-02,11:35:07.970229,[]
2026-06-02,11:35:08.003596,[]
2026-06-02,11:35:08.036963,[]
2026-06-02,11:35:08.070330,[]
2026-06-02,11:35:08.103697,[]
2026-06-02,11:35:08.137064,[]
2026-06-02,11:35:08.170431,[]
2026-06-02,11:35:08.203798,[]
2026-06-02,11:35:08.237165,[]
2026-06-02,11:35:08.270532,[]
2026-06-02,11:35:08.303899,[]
2026-06-02,11:35:08.337266,[]
2026-06-02,11:35:08.370633,[]
2026-06-02,11:35:08.404000,[]
2026-06-02,11:35:08.437367,[]
2026-06-02,11:35:08.470734,[]
2026-06-02,11:35:08.504101,[]
2026-06-02,11:35:08.537468,[]
2026-06-02,11:35:08.570835,[]
2026-06-02,11:35:08.604202,[]
2026-06-02,11:35:08.637569,[]
2026-06-02,11:35:08.670936,[]
2026-06-02,11:35:08.704303,[]
2026-06-02,11:35:08.737670,[]
2026-06-02,11:35:08.771037,[]
2026-06-02,11:35:08.804404,[]
2026-06-02,11:35:08.837771,[]
2026-06-02,11:35:08.871138,[]
2026-06-02,11:35:08.904505,[]
2026-06-02,11:35:08.937872,[]
2026-06-02,11:35:08.971239,[]
2026-06-02,11:35:09.004606,[]
2026-06-02,11:35:09.037973,[]
2026-06-02,11:35:09.071340,[]
2026-06-02,11:35:09.104707,[]
2026-06-02,11:35:09.138074,[]
2026-06-02,11:35:09.171441,[]
2026-06-02,11:35:09.204808,[]
2026-06-02,11:35:09.238175,[]
2026-06-02,11:35:09.271542,[]
2026-06-02,11:35:09.304909,[]
2026-06-02,11:35:09.338276,[]
2026-06-02,11:35:09.371643,[]
2026-06-02,11:35:09.405010,[]
2026-06-02,11:35:09.438377,[]
2026-06-02,11:35:09.471744,[]
2026-06-02,11:35:09.505111,[]
2026-06-02,11:35:09.538478,[]
2026-06-02,11:35:09.571845,[]
2026-06-02,11:35:09.605212,[]
2026-06-02,11:35:09.638579,[]
2026-06-02,11:35:09.671946,[]
2026-06-02,11:35:09.705313,[]
2026-06-02,11:35:09.738680,[]
2026-06-02,11:35:09.772047,[]
2026-06-02,11:35:09.805414,[]
2026-06-02,11:35:09.838781,[]
2026-06-02,11:35:09.872148,[]
2026-06-02,11:35:09.905515,[]
2026-06-02,11:35:09.938882,[]
2026-06-02,11:35:09.972249,[]
2026-06-02,11:35:10.005616,[]
2026-06-02,11:35:10.038983,[]
2026-06-02,11:35:10.072350,[]
2026-06-02,11:35:10.105717,[]
2026-06-02,11:35:10.139084,[]
2026-06-02,11:35:10.172451,[]
2026-06-02,11:35:10.205818,[]
2026-06-02,11:35:10.239185,[]
2026-06-02,11:35:10.272552,[]
2026-06-02,11:35:10.305919,[]
2026-06-02,11:35:10.339286,[]
2026-06-02,11:35:10.372653,[]
2026-06-02,11:35:10.406020,[]
2026-06-02,11:35:10.439387,[]
2026-06-02,11:35:10.472754,[]
2026-06-02,11:35:10.506121,[]
2026-06-02,11:35:10.539488,[]
2026-06-02,11:35:10.572855,[]
2026-06-02,11:35:10.606222,[]
2026-06-02,11:35:10.639589,[]
2026-06-02,11:35:10.672956,[]
2026-06-02,11:35:10.706323,[]
2026-06-02,11:35:10.739690,[]
2026-06-02,11:35:10.773057,[]
2026-06-02,11:35:10.806424,[]
2026-06-02,11:35:10.839791,[]
2026-06-02,11:35:10.873158,[]
2026-06-02,11:35:10.906525,[]
2026-06-02,11:35:10.939892,[]
2026-06-02,11:35:10.973259,[]
2026-06-02,11:35:11.006626,[]
2026-06-02,11:35:11.039993,[]
2026-06-02,11:35:11.073360,[]
2026-06-02,11:35:11.106727,[]
2026-06-02,11:35:11.140094,[]
2026-06-02,11:35:11.173461,[]
2026-06-02,11:35:11.206828,[]
2026-06-02,11:35:11.240195,[]
2026-06-02,11:35:11.273562,[]
2026-06-02,11:35:11.306929,[]
2026-06-02,11:35:11.340296,[]
2026-06-02,11:35:11.373663,[]
2026-06-02,11:35:11.407030,[]
2026-06-02,11:35:11.440397,[]
2026-06-02,11:35:11.473764,[]
2026-06-02,11:35:11.507131,[]
2026-06-02,11:35:11.540498,[]
2026-06-02,11:35:11.573865,[]
2026-06-02,11:35:11.607232,[]
2026-06-02,11:35:11.640599,[]
2026-06-02,11:35:11.673966,[]
2026-06-02,11:35:11.707333,[]
2026-06-02,11:35:11.740700,[]
2026-06-02,11:35:11.774067,[]
2026-06-02,11:35:11.807434,[]
2026-06-02,11:35:11.840801,[]
2026-06-02,11:35:11.874168,[]
2026-06-02,11:35:11.907535,[]
2026-06-02,11:35:11.940902,[]
2026-06-02,11:35:11.974269,[]
2026-06-02,11:35:12.007636,[]
2026-06-02,11:35:12.041003,[]
2026-06-02,11:35:12.074370,[]
2026-06-02,11:35:12.107737,[]
2026-06-02,11:35:12.141104,[]
2026-06-02,11:35:12.174471,[]
2026-06-02,11:35:12.207838,[]
2026-06-02,11:35:12.241205,[]
2026-06-02,11:35:12.274572,[]
2026-06-02,11:35:12.307939,[]
2026-06-02,11:35:12.341306,[]
2026-06-02,11:35:12.374673,[]
2026-06-02,11:35:12.408040,[]
2026-06-02,11:35:12.441407,[]
2026-06-02,11:35:12.474774,[]
2026-06-02,11:35:12.508141,[]
2026-06-02,11:35:12.541508,[]
2026-06-02,11:35:12.574875,[]
2026-06-02,11:35:12.608242,[]
2026-06-02,11:35:12.641609,[]
2026-06-02,11:35:12.674976,[]
2026-06-02,11:35:12.708343,[]
2026-06-02,11:35:12.741710,[]
2026-06-02,11:35:12.775077,[]
2026-06-02,11:35:12.808444,[]
2026-06-02,11:35:12.841811,[]
2026-06-02,11:35:12.875178,[]
2026-06-02,11:35:12.908545,[]
2026-06-02,11:35:12.941912,[]
2026-06-02,11:35:12.975279,[]
2026-06-02,11:35:13.008646,[]
2026-06-02,11:35:13.042013,[]
2026-06-02,11:35:13.075380,[]
2026-06-02,11:35:13.108747,[]
2026-06-02,11:35:13.142114,[]
2026-06-02,11:35:13.175481,[]
2026-06-02,11:35:13.208848,[]
2026-06-02,11:35:13.242215,[]
2026-06-02,11:35:13.275582,[]
2026-06-02,11:35:13.308949,[]
2026-06-02,11:35:13.342316,[]
2026-06-02,11:35:13.375683,[]
2026-06-02,11:35:13.409050,[]
2026-06-02,11:35:13.442417,[]
2026-06-02,11:35:13.475784,[]
2026-06-02,11:35:13.509151,[]
2026-06-02,11:35:13.542518,[]
2026-06-02,11:35:13.575885,[]
2026-06-02,11:35:13.609252,[]
2026-06-02,11:35:13.642619,[]
2026-06-02,11:35:13.675986,[]
2026-06-02,11:35:13.709353,[]
2026-06-02,11:35:13.742720,[]
2026-06-02,11:35:13.776087,[]
2026-06-02,11:35:13.809454,[]
2026-06-02,11:35:13.842821,[]
2026-06-02,11:35:13.876188,[]
2026-06-02,11:35:13.909555,[]
2026-06-02,11:35:13.942922,[]
2026-06-02,11:35:13.976289,[]
2026-06-02,11:35:14.009656,[]
2026-06-02,11:35:14.043023,[]
2026-06-02,11:35:14.076390,[]
2026-06-02,11:35:14.109757,[]
2026-06-02,11:35:14.143124,[]
2026-06-02,11:35:14.176491,[]
2026-06-02,11:35:14.209858,[]
2026-06-02,11:35:14.243225,[]
2026-06-02,11:35:14.276592,[]
2026-06-02,11:35:14.309959,[]
2026-06-02,11:35:14.343326,[]
2026-06-02,11:35:14.376693,[]
2026-06-02,11:35:14.410060,[]
2026-06-02,11:35:14.443427,[]
2026-06-02,11:35:14.476794,[]
2026-06-02,11:35:14.510161,[]
2026-06-02,11:35:14.543528,[]
2026-06-02,11:35:14.576895,[]
2026-06-02,11:35:14.610262,[]
2026-06-02,11:35:14.643629,[]
2026-06-02,11:35:14.676996,[]
2026-06-02,11:35:14.710363,[]
2026-06-02,11:35:14.743730,[]
2026-06-02,11:35:14.777097,[]
2026-06-02,11:35:14.810464,[]
2026-06-02,11:35:14.843831,[]
2026-06-02,11:35:14.877198,[]
2026-06-02,11:35:14.910565,[]
2026-06-02,11:35:14.943932,[]
2026-06-02,11:35:14.977299,[]
2026-06-02,11:35:15.010666,[]
2026-06-02,11:35:15.044033,[]
2026-06-02,11:35:15.077400,[]
2026-06-02,11:35:15.110767,[]
2026-06-02,11:35:15.144134,[]
2026-06-02,11:35:15.177501,[]
2026-06-02,11:35:15.210868,[]
2026-06-02,11:35:15.244235,[]
2026-06-02,11:35:15.277602,[]
2026-06-02,11:35:15.310969,[]
2026-06-02,11:35:15.344336,[]
2026-06-02,11:35:15.377703,[]
2026-06-02,11:35:15.411070,[]
2026-06-02,11:35:15.444437,[]
2026-06-02,11:35:15.477804,[]
2026-06-02,11:35:15.511171,[]
2026-06-02,11:35:15.544538,[]
2026-06-02,11:35:15.577905,[]
2026-06-02,11:35:15.611272,[]
2026-06-02,11:35:15.644639,[]
2026-06-02,11:35:15.678006,[]
2026-06-02,11:35:15.711373,[]
2026-06-02,11:35:15.744740,[]
2026-06-02,11:35:15.778107,[]
2026-06-02,11:35:15.811474,[]
2026-06-02,11:35:15.844841,[]
2026-06-02,11:35:15.878208,[]
2026-06-02,11:35:15.911575,[]
2026-06-02,11:35:15.944942,[]
2026-06-02,11:35:15.978309,[]
2026-06-02,11:35:16.011676,[]
2026-06-02,11:35:16.045043,[]
2026-06-02,11:35:16.078410,[]
2026-06-02,11:35:16.111777,[]
2026-06-02,11:35:16.145144,[]
2026-06-02,11:35:16.178511,[]
2026-06-02,11:35:16.211878,[]
2026-06-02,11:35:16.245245,[]
2026-06-02,11:35:16.278612,[]
2026-06-02,11:35:16.311979,[]
2026-06-02,11:35:16.345346,[]
2026-06-02,11:35:16.378713,[]
2026-06-02,11:35:16.412080,[]
2026-06-02,11:35:16.445447,[]
2026-06-02,11:35:16.478814,[]
2026-06-02,11:35:16.512181,[]
2026-06-02,11:35:16.545548,[]
2026-06-02,11:35:16.578915,[]
2026-06-02,11:35:16.612282,[]
2026-06-02,11:35:16.645649,[]
2026-06-02,11:35:16.679016,[]
2026-06-02,11:35:16.712383,[]
2026-06-02,11:35:16.745750,[]
2026-06-02,11:35:16.779117,[]
2026-06-02,11:35:16.812484,[]
2026-06-02,11:35:16.845851,[]
2026-06-02,11:35:16.879218,[]
2026-06-02,11:35:16.912585,[]
2026-06-02,11:35:16.945952,[]
2026-06-02,11:35:16.979319,[]
2026-06-02,11:35:17.012686,[]
2026-06-02,11:35:17.046053,[]
2026-06-02,11:35:17.079420,[]
2026-06-02,11:35:17.112787,[]
2026-06-02,11:35:17.146154,[]
2026-06-02,11:35:17.179521,[]
2026-06-02,11:35:17.212888,[]
2026-06-02,11:35:17.246255,[]
2026-06-02,11:35:17.279622,[]
2026-06-02,11:35:17.312989,[]
2026-06-02,11:35:17.346356,[]
2026-06-02,11:35:17.379723,[]
2026-06-02,11:35:17.413090,[]
2026-06-02,11:35:17.446457,[]
2026-06-02,11:35:17.479824,[]
2026-06-02,11:35:17.513191,[]
2026-06-02,11:35:17.546558,[]
2026-06-02,11:35:17.579925,[]
2026-06-02,11:35:17.613292,[]
2026-06-02,11:35:17.646659,[]
2026-06-02,11:35:17.680026,[]
2026-06-02,11:35:17.713393,[]
2026-06-02,11:35:17.746760,[]
2026-06-02,11:35:17.780127,[]
2026-06-02,11:35:17.813494,[]
2026-06-02,11:35:17.846861,[]
2026-06-02,11:35:17.880228,[]
2026-06-02,11:35:17.913595,[]
2026-06-02,11:35:17.946962,[]
2026-06-02,11:35:17.980329,[]
2026-06-02,11:35:18.013696,[]
2026-06-02,11:35:18.047063,[]
2026-06-02,11:35:18.080430,[]
2026-06-02,11:35:18.113797,[]
2026-06-02,11:35:18.147164,[]
2026-06-02,11:35:18.180531,[]
2026-06-02,11:35:18.213898,[]
2026-06-02,11:35:18.247265,[]
2026-06-02,11:35:18.280632,[]
2026-06-02,11:35:18.313999,[]
2026-06-02,11:35:18.347366,[]
2026-06-02,11:35:18.380733,[]
2026-06-02,11:35:18.414100,[]
2026-06-02,11:35:18.447467,[]
2026-06-02,11:35:18.480834,[]
2026-06-02,11:35:18.514201,[]
2026-06-02,11:35:18.547568,[]
2026-06-02,11:35:18.580935,[]
2026-06-02,11:35:18.614302,[]
2026-06-02,11:35:18.647669,[]
2026-06-02,11:35:18.681036,[]
2026-06-02,11:35:18.714403,[]
2026-06-02,11:35:18.747770,[]
2026-06-02,11:35:18.781137,[]
2026-06-02,11:35:18.814504,[]
2026-06-02,11:35:18.847871,[]
2026-06-02,11:35:18.881238,[]
2026-06-02,11:35:18.914605,[]
2026-06-02,11:35:18.947972,[]
2026-06-02,11:35:18.981339,[]
2026-06-02,11:35:19.014706,[]
2026-06-02,11:35:19.048073,[]
2026-06-02,11:35:19.081440,[]
2026-06-02,11:35:19.114807,[]
2026-06-02,11:35:19.148174,[]
2026-06-02,11:35:19.181541,[]
2026-06-02,11:35:19.214908,[]
2026-06-02,11:35:19.248275,[]
2026-06-02,11:35:19.281642,[]
2026-06-02,11:35:19.315009,[]
2026-06-02,11:35:19.348376,[]
2026-06-02,11:35:19.381743,[]
2026-06-02,11:35:19.415110,[]
2026-06-02,11:35:19.448477,[]
2026-06-02,11:35:19.481844,[]
2026-06-02,11:35:19.515211,[]
2026-06-02,11:35:19.548578,[]
2026-06-02,11:35:19.581945,[]
2026-06-02,11:35:19.615312,[]
2026-06-02,11:35:19.648679,[]
2026-06-02,11:35:19.682046,[]
2026-06-02,11:35:19.715413,[]
2026-06-02,11:35:19.748780,[]
2026-06-02,11:35:19.782147,[]
2026-06-02,11:35:19.815514,[]
2026-06-02,11:35:19.848881,[]
2026-06-02,11:35:19.882248,[]
2026-06-02,11:35:19.915615,[]
2026-06-02,11:35:19.948982,[]
2026-06-02,11:35:19.982349,[]
2026-06-02,11:35:20.015716,[]
2026-06-02,11:35:20.049083,[]
2026-06-02,11:35:20.082450,[]
2026-06-02,11:35:20.115817,[]
2026-06-02,11:35:20.149184,[]
2026-06-02,11:35:20.182551,[]
2026-06-02,11:35:20.215918,[]
2026-06-02,11:35:20.249285,[]
2026-06-02,11:35:20.282652,[]
2026-06-02,11:35:20.316019,[]
2026-06-02,11:35:20.349386,[]
2026-06-02,11:35:20.382753,[]
2026-06-02,11:35:20.416120,[]
2026-06-02,11:35:20.449487,[]
2026-06-02,11:35:20.482854,[]
2026-06-02,11:35:20.516221,[]
2026-06-02,11:35:20.549588,[]
2026-06-02,11:35:20.582955,[]
2026-06-02,11:35:20.616322,[]
2026-06-02,11:35:20.649689,[]
2026-06-02,11:35:20.683056,[]
2026-06-02,11:35:20.716423,[]
2026-06-02,11:35:20.749790,[]
2026-06-02,11:35:20.783157,[]
2026-06-02,11:35:20.816524,[]
2026-06-02,11:35:20.849891,[]
2026-06-02,11:35:20.883258,[]
2026-06-02,11:35:20.916625,[]
2026-06-02,11:35:20.949992,[]
2026-06-02,11:35:20.983359,[]
2026-06-02,11:35:21.016726,[]
2026-06-02,11:35:21.050093,[]
2026-06-02,11:35:21.083460,[]
2026-06-02,11:35:21.116827,[]
2026-06-02,11:35:21.150194,[]
2026-06-02,11:35:21.183561,[]
2026-06-02,11:35:21.216928,[]
2026-06-02,11:35:21.250295,[]
2026-06-02,11:35:21.283662,[]
2026-06-02,11:35:21.317029,[]
2026-06-02,11:35:21.350396,[]
2026-06-02,11:35:21.383763,[]
2026-06-02,11:35:21.417130,[]
2026-06-02,11:35:21.450497,[]
2026-06-02,11:35:21.483864,[]
2026-06-02,11:35:21.517231,[]
2026-06-02,11:35:21.550598,[]
2026-06-02,11:35:21.583965,[]
2026-06-02,11:35:21.617332,[]
2026-06-02,11:35:21.650699,[]
2026-06-02,11:35:21.684066,[]
2026-06-02,11:35:21.717433,[]
2026-06-02,11:35:21.750800,[]
2026-06-02,11:35:21.784167,[]
2026-06-02,11:35:21.817534,[]
2026-06-02,11:35:21.850901,[]
2026-06-02,11:35:21.884268,[]
2026-06-02,11:35:21.917635,[]
2026-06-02,11:35:21.951002,[]
2026-06-02,11:35:21.984369,[]
2026-06-02,11:35:22.017736,[]
2026-06-02,11:35:22.051103,[]
2026-06-02,11:35:22.084470,[]
2026-06-02,11:35:22.117837,[]
2026-06-02,11:35:22.151204,[]
2026-06-02,11:35:22.184571,[]
2026-06-02,11:35:22.217938,[]
2026-06-02,11:35:22.251305,[]
2026-06-02,11:35:22.284672,[]
2026-06-02,11:35:22.318039,[]
2026-06-02,11:35:22.351406,[]
2026-06-02,11:35:22.384773,[]
2026-06-02,11:35:22.418140,[]
2026-06-02,11:35:22.451507,[]
2026-06-02,11:35:22.484874,[]
2026-06-02,11:35:22.518241,[]
2026-06-02,11:35:22.551608,[]
2026-06-02,11:35:22.584975,[]
2026-06-02,11:35:22.618342,[]
2026-06-02,11:35:22.651709,[]
2026-06-02,11:35:22.685076,[]
2026-06-02,11:35:22.718443,[]
2026-06-02,11:35:22.751810,[]
2026-06-02,11:35:22.785177,[]
2026-06-02,11:35:22.818544,[]
2026-06-02,11:35:22.851911,[]
2026-06-02,11:35:22.885278,[]
2026-06-02,11:35:22.918645,[]
2026-06-02,11:35:22.952012,[]
2026-06-02,11:35:22.985379,[]
2026-06-02,11:35:23.018746,[]
2026-06-02,11:35:23.052113,[]
2026-06-02,11:35:23.085480,[]
2026-06-02,11:35:23.118847,[]
2026-06-02,11:35:23.152214,[]
2026-06-02,11:35:23.185581,[]
2026-06-02,11:35:23.218948,[]
2026-06-02,11:35:23.252315,[]
2026-06-02,11:35:23.285682,[]
2026-06-02,11:35:23.319049,[]
2026-06-02,11:35:23.352416,[]
2026-06-02,11:35:23.385783,[]
2026-06-02,11:35:23.419150,[]
2026-06-02,11:35:23.452517,[]
2026-06-02,11:35:23.485884,[]
2026-06-02,11:35:23.519251,[]
2026-06-02,11:35:23.552618,[]
2026-06-02,11:35:23.585985,[]
2026-06-02,11:35:23.619352,[]
2026-06-02,11:35:23.652719,[]
2026-06-02,11:35:23.686086,[]
2026-06-02,11:35:23.719453,[]
2026-06-02,11:35:23.752820,[]
2026-06-02,11:35:23.786187,[]
2026-06-02,11:35:23.819554,[]
2026-06-02,11:35:23.852921,[]
2026-06-02,11:35:23.886288,[]
2026-06-02,11:35:23.919655,[]
2026-06-02,11:35:23.953022,[]
2026-06-02,11:35:23.986389,[]
2026-06-02,11:35:24.019756,[]
2026-06-02,11:35:24.053123,[]
2026-06-02,11:35:24.086490,[]
2026-06-02,11:35:24.119857,[]
2026-06-02,11:35:24.153224,[]
2026-06-02,11:35:24.186591,[]
2026-06-02,11:35:24.219958,[]
2026-06-02,11:35:24.253325,[]
2026-06-02,11:35:24.286692,[]
2026-06-02,11:35:24.320059,[]
2026-06-02,11:35:24.353426,[]
2026-06-02,11:35:24.386793,[]
2026-06-02,11:35:24.420160,[]
2026-06-02,11:35:24.453527,[]
2026-06-02,11:35:24.486894,[]
2026-06-02,11:35:24.520261,[]
2026-06-02,11:35:24.553628,[]
2026-06-02,11:35:24.586995,[]
2026-06-02,11:35:24.620362,[]
2026-06-02,11:35:24.653729,[]
2026-06-02,11:35:24.687096,[]
2026-06-02,11:35:24.720463,[]
2026-06-02,11:35:24.753830,[]
2026-06-02,11:35:24.787197,[]
2026-06-02,11:35:24.820564,[]
2026-06-02,11:35:24.853931,[]
2026-06-02,11:35:24.887298,[]
2026-06-02,11:35:24.920665,[]
2026-06-02,11:35:24.954032,[]
2026-06-02,11:35:24.987399,[]
2026-06-02,11:35:25.020766,[]
2026-06-02,11:35:25.054133,[]
2026-06-02,11:35:25.087500,[]
2026-06-02,11:35:25.120867,[]
2026-06-02,11:35:25.154234,[]
2026-06-02,11:35:25.187601,[]
2026-06-02,11:35:25.220968,[]
2026-06-02,11:35:25.254335,[]
2026-06-02,11:35:25.287702,[]
2026-06-02,11:35:25.321069,[]
2026-06-02,11:35:25.354436,[]
2026-06-02,11:35:25.387803,[]
2026-06-02,11:35:25.421170,[]
2026-06-02,11:35:25.454537,[]
2026-06-02,11:35:25.487904,[]
2026-06-02,11:35:25.521271,[]
2026-06-02,11:35:25.554638,[]
2026-06-02,11:35:25.588005,[]
2026-06-02,11:35:25.621372,[]
2026-06-02,11:35:25.654739,[]
2026-06-02,11:35:25.688106,[]
2026-06-02,11:35:25.721473,[]
2026-06-02,11:35:25.754840,[]
2026-06-02,11:35:25.788207,[]
2026-06-02,11:35:25.821574,[]
2026-06-02,11:35:25.854941,[]
2026-06-02,11:35:25.888308,[]
2026-06-02,11:35:25.921675,[]
2026-06-02,11:35:25.955042,[]
2026-06-02,11:35:25.988409,[]
2026-06-02,11:35:26.021776,[]
2026-06-02,11:35:26.055143,[]
2026-06-02,11:35:26.088510,[]
2026-06-02,11:35:26.121877,[]
2026-06-02,11:35:26.155244,[]
2026-06-02,11:35:26.188611,[]
2026-06-02,11:35:26.221978,[]
2026-06-02,11:35:26.255345,[]
2026-06-02,11:35:26.288712,[]
2026-06-02,11:35:26.322079,[]
2026-06-02,11:35:26.355446,[]
2026-06-02,11:35:26.388813,[]
2026-06-02,11:35:26.422180,[]
2026-06-02,11:35:26.455547,[]
2026-06-02,11:35:26.488914,[]
2026-06-02,11:35:26.522281,[]
2026-06-02,11:35:26.555648,[]
2026-06-02,11:35:26.589015,[]
2026-06-02,11:35:26.622382,[]
2026-06-02,11:35:26.655749,[]
2026-06-02,11:35:26.689116,[]
2026-06-02,11:35:26.722483,[]
2026-06-02,11:35:26.755850,[]
2026-06-02,11:35:26.789217,[]
2026-06-02,11:35:26.822584,[]
2026-06-02,11:35:26.855951,[]
2026-06-02,11:35:26.889318,[]
2026-06-02,11:35:26.922685,[]
2026-06-02,11:35:26.956052,[]
2026-06-02,11:35:26.989419,[]
2026-06-02,11:35:27.022786,[]
2026-06-02,11:35:27.056153,[]
2026-06-02,11:35:27.089520,[]
2026-06-02,11:35:27.122887,[]
2026-06-02,11:35:27.156254,[]
2026-06-02,11:35:27.189621,[]
2026-06-02,11:35:27.222988,[]
2026-06-02,11:35:27.256355,[]
2026-06-02,11:35:27.289722,[]
2026-06-02,11:35:27.323089,[]
2026-06-02,11:35:27.356456,[]
2026-06-02,11:35:27.389823,[]
2026-06-02,11:35:27.423190,[]
2026-06-02,11:35:27.456557,[]
2026-06-02,11:35:27.489924,[]
2026-06-02,11:35:27.523291,[]
2026-06-02,11:35:27.556658,[]
2026-06-02,11:35:27.590025,[]
2026-06-02,11:35:27.623392,[]
2026-06-02,11:35:27.656759,[]
2026-06-02,11:35:27.690126,[]
2026-06-02,11:35:27.723493,[]
2026-06-02,11:35:27.756860,[]
2026-06-02,11:35:27.790227,[]
2026-06-02,11:35:27.823594,[]
2026-06-02,11:35:27.856961,[]
2026-06-02,11:35:27.890328,[]
2026-06-02,11:35:27.923695,[]
2026-06-02,11:35:27.957062,[]
2026-06-02,11:35:27.990429,[]
2026-06-02,11:35:28.023796,[]
2026-06-02,11:35:28.057163,[]
2026-06-02,11:35:28.090530,[]
2026-06-02,11:35:28.123897,[]
2026-06-02,11:35:28.157264,[]
2026-06-02,11:35:28.190631,[]
2026-06-02,11:35:28.223998,[]
2026-06-02,11:35:28.257365,[]
2026-06-02,11:35:28.290732,[]
2026-06-02,11:35:28.324099,[]
2026-06-02,11:35:28.357466,[]
2026-06-02,11:35:28.390833,[]
2026-06-02,11:35:28.424200,[]
2026-06-02,11:35:28.457567,[]
2026-06-02,11:35:28.490934,[]
2026-06-02,11:35:28.524301,[]
2026-06-02,11:35:28.557668,[]
2026-06-02,11:35:28.591035,[]
2026-06-02,11:35:28.624402,[]
2026-06-02,11:35:28.657769,[]
2026-06-02,11:35:28.691136,[]
2026-06-02,11:35:28.724503,[]
2026-06-02,11:35:28.757870,[]
2026-06-02,11:35:28.791237,[]
2026-06-02,11:35:28.824604,[]
2026-06-02,11:35:28.857971,[]
2026-06-02,11:35:28.891338,[]
2026-06-02,11:35:28.924705,[]
2026-06-02,11:35:28.958072,[]
2026-06-02,11:35:28.991439,[]
2026-06-02,11:35:29.024806,[]
2026-06-02,11:35:29.058173,[]
2026-06-02,11:35:29.091540,[]
2026-06-02,11:35:29.124907,[]
2026-06-02,11:35:29.158274,[]
2026-06-02,11:35:29.191641,[]
2026-06-02,11:35:29.225008,[]
2026-06-02,11:35:29.258375,[]
2026-06-02,11:35:29.291742,[]
2026-06-02,11:35:29.325109,[]
2026-06-02,11:35:29.358476,[]
2026-06-02,11:35:29.391843,[]
2026-06-02,11:35:29.425210,[]
2026-06-02,11:35:29.458577,[]
2026-06-02,11:35:29.491944,[]
2026-06-02,11:35:29.525311,[]
2026-06-02,11:35:29.558678,[]
2026-06-02,11:35:29.592045,[]
2026-06-02,11:35:29.625412,[]
2026-06-02,11:35:29.658779,[]
2026-06-02,11:35:29.692146,[]
2026-06-02,11:35:29.725513,[]
2026-06-02,11:35:29.758880,[]
2026-06-02,11:35:29.792247,[]
2026-06-02,11:35:29.825614,[]
2026-06-02,11:35:29.858981,[]
2026-06-02,11:35:29.892348,[]
2026-06-02,11:35:29.925715,[]
2026-06-02,11:35:29.959082,[]
2026-06-02,11:35:29.992449,[]
2026-06-02,11:35:30.025816,[]
2026-06-02,11:35:30.059183,[]
2026-06-02,11:35:30.092550,[]
2026-06-02,11:35:30.125917,[]
2026-06-02,11:35:30.159284,[]
2026-06-02,11:35:30.192651,[]
2026-06-02,11:35:30.226018,[]
2026-06-02,11:35:30.259385,[]
2026-06-02,11:35:30.292752,[]
2026-06-02,11:35:30.326119,[]
2026-06-02,11:35:30.359486,[]
2026-06-02,11:35:30.392853,[]
2026-06-02,11:35:30.426220,[]
2026-06-02,11:35:30.459587,[]
2026-06-02,11:35:30.492954,[]
2026-06-02,11:35:30.526321,[]
2026-06-02,11:35:30.559688,[]
2026-06-02,11:35:30.593055,[]
2026-06-02,11:35:30.626422,[]
2026-06-02,11:35:30.659789,[]
2026-06-02,11:35:30.693156,[]
2026-06-02,11:35:30.726523,[]
2026-06-02,11:35:30.759890,[]
2026-06-02,11:35:30.793257,[]
2026-06-02,11:35:30.826624,[]
2026-06-02,11:35:30.859991,[]
2026-06-02,11:35:30.893358,[]
2026-06-02,11:35:30.926725,[]
2026-06-02,11:35:30.960092,[]
2026-06-02,11:35:30.993459,[]
2026-06-02,11:35:31.026826,[]
2026-06-02,11:35:31.060193,[]
2026-06-02,11:35:31.093560,[]
2026-06-02,11:35:31.126927,[]
2026-06-02,11:35:31.160294,[]
2026-06-02,11:35:31.193661,[]
2026-06-02,11:35:31.227028,[]
2026-06-02,11:35:31.260395,[]
2026-06-02,11:35:31.293762,[]
2026-06-02,11:35:31.327129,[]
2026-06-02,11:35:31.360496,[]
2026-06-02,11:35:31.393863,[]
2026-06-02,11:35:31.427230,[]
2026-06-02,11:35:31.460597,[]
2026-06-02,11:35:31.493964,[]
2026-06-02,11:35:31.527331,[]
2026-06-02,11:35:31.560698,[]
2026-06-02,11:35:31.594065,[]
2026-06-02,11:35:31.627432,[]
2026-06-02,11:35:31.660799,[]
2026-06-02,11:35:31.694166,[]
2026-06-02,11:35:31.727533,[]
2026-06-02,11:35:31.760900,[]
2026-06-02,11:35:31.794267,[]
2026-06-02,11:35:31.827634,[]
2026-06-02,11:35:31.861001,[]
2026-06-02,11:35:31.894368,[]
2026-06-02,11:35:31.927735,[]
2026-06-02,11:35:31.961102,[]
2026-06-02,11:35:31.994469,[]
2026-06-02,11:35:32.027836,[]
2026-06-02,11:35:32.061203,[]
2026-06-02,11:35:32.094570,[]
2026-06-02,11:35:32.127937,[]
2026-06-02,11:35:32.161304,[]
2026-06-02,11:35:32.194671,[]
2026-06-02,11:35:32.228038,[]
2026-06-02,11:35:32.261405,[]
2026-06-02,11:35:32.294772,[]
2026-06-02,11:35:32.328139,[]
2026-06-02,11:35:32.361506,[]
2026-06-02,11:35:32.394873,[]
2026-06-02,11:35:32.428240,[]
2026-06-02,11:35:32.461607,[]
2026-06-02,11:35:32.494974,[]
2026-06-02,11:35:32.528341,[]
2026-06-02,11:35:32.561708,[]
2026-06-02,11:35:32.595075,[]
2026-06-02,11:35:32.628442,[]
2026-06-02,11:35:32.661809,[]
2026-06-02,11:35:32.695176,[]
2026-06-02,11:35:32.728543,[]
2026-06-02,11:35:32.761910,[]
2026-06-02,11:35:32.795277,[]
2026-06-02,11:35:32.828644,[]
2026-06-02,11:35:32.862011,[]
2026-06-02,11:35:32.895378,[]
2026-06-02,11:35:32.928745,[]
2026-06-02,11:35:32.962112,[]
2026-06-02,11:35:32.995479,[]
2026-06-02,11:35:33.028846,[]
2026-06-02,11:35:33.062213,[]
2026-06-02,11:35:33.095580,[]
2026-06-02,11:35:33.128947,[]
2026-06-02,11:35:33.162314,[]
2026-06-02,11:35:33.195681,[]
2026-06-02,11:35:33.229048,[]
2026-06-02,11:35:33.262415,[]
2026-06-02,11:35:33.295782,[]
2026-06-02,11:35:33.329149,[]
2026-06-02,11:35:33.362516,[]
2026-06-02,11:35:33.395883,[]
2026-06-02,11:35:33.429250,[]
2026-06-02,11:35:33.462617,[]
2026-06-02,11:35:33.495984,[]
2026-06-02,11:35:33.529351,[]
2026-06-02,11:35:33.562718,[]
2026-06-02,11:35:33.596085,[]
2026-06-02,11:35:33.629452,[]
2026-06-02,11:35:33.662819,[]
2026-06-02,11:35:33.696186,[]
2026-06-02,11:35:33.729553,[]
2026-06-02,11:35:33.762920,[]
2026-06-02,11:35:33.796287,[]
2026-06-02,11:35:33.829654,[]
2026-06-02,11:35:33.863021,[]
2026-06-02,11:35:33.896388,[]
2026-06-02,11:35:33.929755,[]
2026-06-02,11:35:33.963122,[]
2026-06-02,11:35:33.996489,[]
2026-06-02,11:35:34.029856,[]
2026-06-02,11:35:34.063223,[]
2026-06-02,11:35:34.096590,[]
2026-06-02,11:35:34.129957,[]
2026-06-02,11:35:34.163324,[]
2026-06-02,11:35:34.196691,[]
2026-06-02,11:35:34.230058,[]
2026-06-02,11:35:34.263425,[]
2026-06-02,11:35:34.296792,[]
2026-06-02,11:35:34.330159,[]
2026-06-02,11:35:34.363526,[]
2026-06-02,11:35:34.396893,[]
2026-06-02,11:35:34.430260,[]
2026-06-02,11:35:34.463627,[]
2026-06-02,11:35:34.496994,[]
2026-06-02,11:35:34.530361,[]
2026-06-02,11:35:34.563728,[]
2026-06-02,11:35:34.597095,[]
2026-06-02,11:35:34.630462,[]
2026-06-02,11:35:34.663829,[]
2026-06-02,11:35:34.697196,[]
2026-06-02,11:35:34.730563,[]
2026-06-02,11:35:34.763930,[]
2026-06-02,11:35:34.797297,[]
2026-06-02,11:35:34.830664,[]
2026-06-02,11:35:34.864031,[]
2026-06-02,11:35:34.897398,[]
2026-06-02,11:35:34.930765,[]
2026-06-02,11:35:34.964132,[]
2026-06-02,11:35:34.997499,[]
2026-06-02,11:35:35.030866,[]
2026-06-02,11:35:35.064233,[]
2026-06-02,11:35:35.097600,[]
2026-06-02,11:35:35.130967,[]
2026-06-02,11:35:35.164334,[]
2026-06-02,11:35:35.197701,[]
2026-06-02,11:35:35.231068,[]
2026-06-02,11:35:35.264435,[]
2026-06-02,11:35:35.297802,[]
2026-06-02,11:35:35.331169,[]
2026-06-02,11:35:35.364536,[]
2026-06-02,11:35:35.397903,[]
2026-06-02,11:35:35.431270,[]
2026-06-02,11:35:35.464637,[]
2026-06-02,11:35:35.498004,[]
2026-06-02,11:35:35.531371,[]
2026-06-02,11:35:35.564738,[]
2026-06-02,11:35:35.598105,[]
2026-06-02,11:35:35.631472,[]
2026-06-02,11:35:35.664839,[]
2026-06-02,11:35:35.698206,[]
2026-06-02,11:35:35.731573,[]
2026-06-02,11:35:35.764940,[]
2026-06-02,11:35:35.798307,[]
2026-06-02,11:35:35.831674,[]
2026-06-02,11:35:35.865041,[]
2026-06-02,11:35:35.898408,[]
2026-06-02,11:35:35.931775,[]
2026-06-02,11:35:35.965142,[]
2026-06-02,11:35:35.998509,[]
2026-06-02,11:35:36.031876,[]
2026-06-02,11:35:36.065243,[]
2026-06-02,11:35:36.098610,[]
2026-06-02,11:35:36.131977,[]
2026-06-02,11:35:36.165344,[]
2026-06-02,11:35:36.198711,[]
2026-06-02,11:35:36.232078,[]
2026-06-02,11:35:36.265445,[]
2026-06-02,11:35:36.298812,[]
2026-06-02,11:35:36.332179,[]
2026-06-02,11:35:36.365546,[]
2026-06-02,11:35:36.398913,[]
2026-06-02,11:35:36.432280,[]
2026-06-02,11:35:36.465647,[]
2026-06-02,11:35:36.499014,[]
2026-06-02,11:35:36.532381,[]
2026-06-02,11:35:36.565748,[]
2026-06-02,11:35:36.599115,[]
2026-06-02,11:35:36.632482,[]
2026-06-02,11:35:36.665849,[]
2026-06-02,11:35:36.699216,[]
2026-06-02,11:35:36.732583,[]
2026-06-02,11:35:36.765950,[]
2026-06-02,11:35:36.799317,[]
2026-06-02,11:35:36.832684,[]
2026-06-02,11:35:36.866051,[]
2026-06-02,11:35:36.899418,[]
2026-06-02,11:35:36.932785,[]
2026-06-02,11:35:36.966152,[]
2026-06-02,11:35:36.999519,[]
2026-06-02,11:35:37.032886,[]
2026-06-02,11:35:37.066253,[]
2026-06-02,11:35:37.099620,[]
2026-06-02,11:35:37.132987,[]
2026-06-02,11:35:37.166354,[]
2026-06-02,11:35:37.199721,[]
2026-06-02,11:35:37.233088,[]
2026-06-02,11:35:37.266455,[]
2026-06-02,11:35:37.299822,[]
2026-06-02,11:35:37.333189,[]
2026-06-02,11:35:37.366556,[]
2026-06-02,11:35:37.399923,[]
2026-06-02,11:35:37.433290,[]
2026-06-02,11:35:37.466657,[]
2026-06-02,11:35:37.500024,[]
2026-06-02,11:35:37.533391,[]
2026-06-02,11:35:37.566758,[]
2026-06-02,11:35:37.600125,[]
2026-06-02,11:35:37.633492,[]
2026-06-02,11:35:37.666859,[]
2026-06-02,11:35:37.700226,[]
2026-06-02,11:35:37.733593,[]
2026-06-02,11:35:37.766960,[]
2026-06-02,11:35:37.800327,[]
2026-06-02,11:35:37.833694,[]
2026-06-02,11:35:37.867061,[]
2026-06-02,11:35:37.900428,[]
2026-06-02,11:35:37.933795,[]
2026-06-02,11:35:37.967162,[]
2026-06-02,11:35:38.000529,[]
2026-06-02,11:35:38.033896,[]
2026-06-02,11:35:38.067263,[]
2026-06-02,11:35:38.100630,[]
2026-06-02,11:35:38.133997,[]
2026-06-02,11:35:38.167364,[]
2026-06-02,11:35:38.200731,[]
2026-06-02,11:35:38.234098,[]
2026-06-02,11:35:38.267465,[]
2026-06-02,11:35:38.300832,[]
2026-06-02,11:35:38.334199,[]
2026-06-02,11:35:38.367566,[]
2026-06-02,11:35:38.400933,[]
2026-06-02,11:35:38.434300,[]
2026-06-02,11:35:38.467667,[]
2026-06-02,11:35:38.501034,[]
2026-06-02,11:35:38.534401,[]
2026-06-02,11:35:38.567768,[]
2026-06-02,11:35:38.601135,[]
2026-06-02,11:35:38.634502,[]
2026-06-02,11:35:38.667869,[]
2026-06-02,11:35:38.701236,[]
2026-06-02,11:35:38.734603,[]
2026-06-02,11:35:38.767970,[]
2026-06-02,11:35:38.801337,[]
2026-06-02,11:35:38.834704,[]
2026-06-02,11:35:38.868071,[]
2026-06-02,11:35:38.901438,[]
2026-06-02,11:35:38.934805,[]
2026-06-02,11:35:38.968172,[]
2026-06-02,11:35:39.001539,[]
2026-06-02,11:35:39.034906,[]
2026-06-02,11:35:39.068273,[]
2026-06-02,11:35:39.101640,[]
2026-06-02,11:35:39.135007,[]
2026-06-02,11:35:39.168374,[]
2026-06-02,11:35:39.201741,[]
2026-06-02,11:35:39.235108,[]
2026-06-02,11:35:39.268475,[]
2026-06-02,11:35:39.301842,[]
2026-06-02,11:35:39.335209,[]
2026-06-02,11:35:39.368576,[]
2026-06-02,11:35:39.401943,[]
2026-06-02,11:35:39.435310,[]
2026-06-02,11:35:39.468677,[]
2026-06-02,11:35:39.502044,[]
2026-06-02,11:35:39.535411,[]
2026-06-02,11:35:39.568778,[]
2026-06-02,11:35:39.602145,[]
2026-06-02,11:35:39.635512,[]
2026-06-02,11:35:39.668879,[]
2026-06-02,11:35:39.702246,[]
2026-06-02,11:35:39.735613,[]
2026-06-02,11:35:39.768980,[]
2026-06-02,11:35:39.802347,[]
2026-06-02,11:35:39.835714,[]
2026-06-02,11:35:39.869081,[]
2026-06-02,11:35:39.902448,[]
2026-06-02,11:35:39.935815,[]
2026-06-02,11:35:39.969182,[]
2026-06-02,11:35:40.002549,[]
2026-06-02,11:35:40.035916,[]
2026-06-02,11:35:40.069283,[]
2026-06-02,11:35:40.102650,[]
2026-06-02,11:35:40.136017,[]
2026-06-02,11:35:40.169384,[]
2026-06-02,11:35:40.202751,[]
2026-06-02,11:35:40.236118,[]
2026-06-02,11:35:40.269485,[]
2026-06-02,11:35:40.302852,[]
2026-06-02,11:35:40.336219,[]
2026-06-02,11:35:40.369586,[]
2026-06-02,11:35:40.402953,[]
2026-06-02,11:35:40.436320,[]
2026-06-02,11:35:40.469687,[]
2026-06-02,11:35:40.503054,[]
2026-06-02,11:35:40.536421,[]
2026-06-02,11:35:40.569788,[]
2026-06-02,11:35:40.603155,[]
2026-06-02,11:35:40.636522,[]
2026-06-02,11:35:40.669889,[]
2026-06-02,11:35:40.703256,[]
2026-06-02,11:35:40.736623,[]
2026-06-02,11:35:40.769990,[]
2026-06-02,11:35:40.803357,[]
2026-06-02,11:35:40.836724,[]
2026-06-02,11:35:40.870091,[]
2026-06-02,11:35:40.903458,[]
2026-06-02,11:35:40.936825,[]
2026-06-02,11:35:40.970192,[]
2026-06-02,11:35:41.003559,[]
2026-06-02,11:35:41.036926,[]
2026-06-02,11:35:41.070293,[]
2026-06-02,11:35:41.103660,[]
2026-06-02,11:35:41.137027,[]
2026-06-02,11:35:41.170394,[]
2026-06-02,11:35:41.203761,[]
2026-06-02,11:35:41.237128,[]
2026-06-02,11:35:41.270495,[]
2026-06-02,11:35:41.303862,[]
2026-06-02,11:35:41.337229,[]
2026-06-02,11:35:41.370596,[]
2026-06-02,11:35:41.403963,[]
2026-06-02,11:35:41.437330,[]
2026-06-02,11:35:41.470697,[]
2026-06-02,11:35:41.504064,[]
2026-06-02,11:35:41.537431,[]
2026-06-02,11:35:41.570798,[]
2026-06-02,11:35:41.604165,[]
2026-06-02,11:35:41.637532,[]
2026-06-02,11:35:41.670899,[]
2026-06-02,11:35:41.704266,[]
2026-06-02,11:35:41.737633,[]
2026-06-02,11:35:41.771000,[]
2026-06-02,11:35:41.804367,[]
2026-06-02,11:35:41.837734,[]
2026-06-02,11:35:41.871101,[]
2026-06-02,11:35:41.904468,[]
2026-06-02,11:35:41.937835,[]
2026-06-02,11:35:41.971202,[]
2026-06-02,11:35:42.004569,[]
2026-06-02,11:35:42.037936,[]
2026-06-02,11:35:42.071303,[]
2026-06-02,11:35:42.104670,[]
2026-06-02,11:35:42.138037,[]
2026-06-02,11:35:42.171404,[]
2026-06-02,11:35:42.204771,[]
2026-06-02,11:35:42.238138,[]
2026-06-02,11:35:42.271505,[]
2026-06-02,11:35:42.304872,[]
2026-06-02,11:35:42.338239,[]
2026-06-02,11:35:42.371606,[]
2026-06-02,11:35:42.404973,[]
2026-06-02,11:35:42.438340,[]
2026-06-02,11:35:42.471707,[]
2026-06-02,11:35:42.505074,[]
2026-06-02,11:35:42.538441,[]
2026-06-02,11:35:42.571808,[]
2026-06-02,11:35:42.605175,[]
2026-06-02,11:35:42.638542,[]
2026-06-02,11:35:42.671909,[]
2026-06-02,11:35:42.705276,[]
2026-06-02,11:35:42.738643,[]
2026-06-02,11:35:42.772010,[]
2026-06-02,11:35:42.805377,[]
2026-06-02,11:35:42.838744,[]
2026-06-02,11:35:42.872111,[]
2026-06-02,11:35:42.905478,[]
2026-06-02,11:35:42.938845,[]
2026-06-02,11:35:42.972212,[]
2026-06-02,11:35:43.005579,[]
2026-06-02,11:35:43.038946,[]
2026-06-02,11:35:43.072313,[]
2026-06-02,11:35:43.105680,[]
2026-06-02,11:35:43.139047,[]
2026-06-02,11:35:43.172414,[]
2026-06-02,11:35:43.205781,[]
2026-06-02,11:35:43.239148,[]
2026-06-02,11:35:43.272515,[]
2026-06-02,11:35:43.305882,[]
2026-06-02,11:35:43.339249,[]
2026-06-02,11:35:43.372616,[]
2026-06-02,11:35:43.405983,[]
2026-06-02,11:35:43.439350,[]
2026-06-02,11:35:43.472717,[]
2026-06-02,11:35:43.506084,[]
2026-06-02,11:35:43.539451,[]
2026-06-02,11:35:43.572818,[]
2026-06-02,11:35:43.606185,[]
2026-06-02,11:35:43.639552,[]
2026-06-02,11:35:43.672919,[]
2026-06-02,11:35:43.706286,[]
2026-06-02,11:35:43.739653,[]
2026-06-02,11:35:43.773020,[]
2026-06-02,11:35:43.806387,[]
2026-06-02,11:35:43.839754,[]
2026-06-02,11:35:43.873121,[]
2026-06-02,11:35:43.906488,[]
2026-06-02,11:35:43.939855,[]
2026-06-02,11:35:43.973222,[]
2026-06-02,11:35:44.006589,[]
2026-06-02,11:35:44.039956,[]
2026-06-02,11:35:44.073323,[]
2026-06-02,11:35:44.106690,[]
2026-06-02,11:35:44.140057,[]
2026-06-02,11:35:44.173424,[]
2026-06-02,11:35:44.206791,[]
2026-06-02,11:35:44.240158,[]
2026-06-02,11:35:44.273525,[]
2026-06-02,11:35:44.306892,[]
2026-06-02,11:35:44.340259,[]
2026-06-02,11:35:44.373626,[]
2026-06-02,11:35:44.406993,[]
2026-06-02,11:35:44.440360,[]
2026-06-02,11:35:44.473727,[]
2026-06-02,11:35:44.507094,[]
2026-06-02,11:35:44.540461,[]
2026-06-02,11:35:44.573828,[]
2026-06-02,11:35:44.607195,[]
2026-06-02,11:35:44.640562,[]
2026-06-02,11:35:44.673929,[]
2026-06-02,11:35:44.707296,[]
2026-06-02,11:35:44.740663,[]
2026-06-02,11:35:44.774030,[]
2026-06-02,11:35:44.807397,[]
2026-06-02,11:35:44.840764,[]
2026-06-02,11:35:44.874131,[]
2026-06-02,11:35:44.907498,[]
2026-06-02,11:35:44.940865,[]
2026-06-02,11:35:44.974232,[]
2026-06-02,11:35:45.007599,[]
2026-06-02,11:35:45.040966,[]
2026-06-02,11:35:45.074333,[]
2026-06-02,11:35:45.107700,[]
2026-06-02,11:35:45.141067,[]
2026-06-02,11:35:45.174434,[]
2026-06-02,11:35:45.207801,[]
2026-06-02,11:35:45.241168,[]
2026-06-02,11:35:45.274535,[]
2026-06-02,11:35:45.307902,[]
2026-06-02,11:35:45.341269,[]
2026-06-02,11:35:45.374636,[]
2026-06-02,11:35:45.408003,[]
2026-06-02,11:35:45.441370,[]
2026-06-02,11:35:45.474737,[]
2026-06-02,11:35:45.508104,[]
2026-06-02,11:35:45.541471,[]
2026-06-02,11:35:45.574838,[]
2026-06-02,11:35:45.608205,[]
2026-06-02,11:35:45.641572,[]
2026-06-02,11:35:45.674939,[]
2026-06-02,11:35:45.708306,[]
2026-06-02,11:35:45.741673,[]
2026-06-02,11:35:45.775040,[]
2026-06-02,11:35:45.808407,[]
2026-06-02,11:35:45.841774,[]
2026-06-02,11:35:45.875141,[]
2026-06-02,11:35:45.908508,[]
2026-06-02,11:35:45.941875,[]
2026-06-02,11:35:45.975242,[]
2026-06-02,11:35:46.008609,[]
2026-06-02,11:35:46.041976,[]
2026-06-02,11:35:46.075343,[]
2026-06-02,11:35:46.108710,[]
2026-06-02,11:35:46.142077,[]
2026-06-02,11:35:46.175444,[]
2026-06-02,11:35:46.208811,[]
2026-06-02,11:35:46.242178,[]
2026-06-02,11:35:46.275545,[]
2026-06-02,11:35:46.308912,[]
2026-06-02,11:35:46.342279,[]
2026-06-02,11:35:46.375646,[]
2026-06-02,11:35:46.409013,[]
2026-06-02,11:35:46.442380,[]
2026-06-02,11:35:46.475747,[]
2026-06-02,11:35:46.509114,[]
2026-06-02,11:35:46.542481,[]
2026-06-02,11:35:46.575848,[]
2026-06-02,11:35:46.609215,[]
2026-06-02,11:35:46.642582,[]
2026-06-02,11:35:46.675949,[]
2026-06-02,11:35:46.709316,[]
2026-06-02,11:35:46.742683,[]
2026-06-02,11:35:46.776050,[]
2026-06-02,11:35:46.809417,[]
2026-06-02,11:35:46.842784,[]
2026-06-02,11:35:46.876151,[]
2026-06-02,11:35:46.909518,[]
2026-06-02,11:35:46.942885,[]
2026-06-02,11:35:46.976252,[]
2026-06-02,11:35:47.009619,[]
2026-06-02,11:35:47.042986,[]
2026-06-02,11:35:47.076353,[]
2026-06-02,11:35:47.109720,[]
2026-06-02,11:35:47.143087,[]
2026-06-02,11:35:47.176454,[]
2026-06-02,11:35:47.209821,[]
2026-06-02,11:35:47.243188,[]
2026-06-02,11:35:47.276555,[]
2026-06-02,11:35:47.309922,[]
2026-06-02,11:35:47.343289,[]
2026-06-02,11:35:47.376656,[]
2026-06-02,11:35:47.410023,[]
2026-06-02,11:35:47.443390,[]
2026-06-02,11:35:47.476757,[]
2026-06-02,11:35:47.510124,[]
2026-06-02,11:35:47.543491,[]
2026-06-02,11:35:47.576858,[]
2026-06-02,11:35:47.610225,[]
2026-06-02,11:35:47.643592,[]
2026-06-02,11:35:47.676959,[]
2026-06-02,11:35:47.710326,[]
2026-06-02,11:35:47.743693,[]
2026-06-02,11:35:47.777060,[]
2026-06-02,11:35:47.810427,[]
2026-06-02,11:35:47.843794,[]
2026-06-02,11:35:47.877161,[]
2026-06-02,11:35:47.910528,[]
2026-06-02,11:35:47.943895,[]
2026-06-02,11:35:47.977262,[]
2026-06-02,11:35:48.010629,[]
2026-06-02,11:35:48.043996,[]
2026-06-02,11:35:48.077363,[]
2026-06-02,11:35:48.110730,[]
2026-06-02,11:35:48.144097,[]
2026-06-02,11:35:48.177464,[]
2026-06-02,11:35:48.210831,[]
2026-06-02,11:35:48.244198,[]
2026-06-02,11:35:48.277565,[]
2026-06-02,11:35:48.310932,[]
2026-06-02,11:35:48.344299,[]
2026-06-02,11:35:48.377666,[]
2026-06-02,11:35:48.411033,[]
2026-06-02,11:35:48.444400,[]
2026-06-02,11:35:48.477767,[]
2026-06-02,11:35:48.511134,[]
2026-06-02,11:35:48.544501,[]
2026-06-02,11:35:48.577868,[]
2026-06-02,11:35:48.611235,[]
2026-06-02,11:35:48.644602,[]
2026-06-02,11:35:48.677969,[]
2026-06-02,11:35:48.711336,[]
2026-06-02,11:35:48.744703,[]
2026-06-02,11:35:48.778070,[]
2026-06-02,11:35:48.811437,[]
2026-06-02,11:35:48.844804,[]
2026-06-02,11:35:48.878171,[]
2026-06-02,11:35:48.911538,[]
2026-06-02,11:35:48.944905,[]
2026-06-02,11:35:48.978272,[]
2026-06-02,11:35:49.011639,[]
2026-06-02,11:35:49.045006,[]
2026-06-02,11:35:49.078373,[]
2026-06-02,11:35:49.111740,[]
2026-06-02,11:35:49.145107,[]
2026-06-02,11:35:49.178474,[]
2026-06-02,11:35:49.211841,[]
2026-06-02,11:35:49.245208,[]
2026-06-02,11:35:49.278575,[]
2026-06-02,11:35:49.311942,[]
2026-06-02,11:35:49.345309,[]
2026-06-02,11:35:49.378676,[]
2026-06-02,11:35:49.412043,[]
2026-06-02,11:35:49.445410,[]
2026-06-02,11:35:49.478777,[]
2026-06-02,11:35:49.512144,[]
2026-06-02,11:35:49.545511,[]
2026-06-02,11:35:49.578878,[]
2026-06-02,11:35:49.612245,[]
2026-06-02,11:35:49.645612,[]
2026-06-02,11:35:49.678979,[]
2026-06-02,11:35:49.712346,[]
2026-06-02,11:35:49.745713,[]
2026-06-02,11:35:49.779080,[]
2026-06-02,11:35:49.812447,[]
2026-06-02,11:35:49.845814,[]
2026-06-02,11:35:49.879181,[]
2026-06-02,11:35:49.912548,[]
2026-06-02,11:35:49.945915,[]
2026-06-02,11:35:49.979282,[]
2026-06-02,11:35:50.012649,[]
2026-06-02,11:35:50.046016,[]
2026-06-02,11:35:50.079383,[]
2026-06-02,11:35:50.112750,[]
2026-06-02,11:35:50.146117,[]
2026-06-02,11:35:50.179484,[]
2026-06-02,11:35:50.212851,[]
2026-06-02,11:35:50.246218,[]
2026-06-02,11:35:50.279585,[]
2026-06-02,11:35:50.312952,[]
2026-06-02,11:35:50.346319,[]
2026-06-02,11:35:50.379686,[]
2026-06-02,11:35:50.413053,[]
2026-06-02,11:35:50.446420,[]
2026-06-02,11:35:50.479787,[]
2026-06-02,11:35:50.513154,[]
2026-06-02,11:35:50.546521,[]
2026-06-02,11:35:50.579888,[]
2026-06-02,11:35:50.613255,[]
2026-06-02,11:35:50.646622,[]
2026-06-02,11:35:50.679989,[]
2026-06-02,11:35:50.713356,[]
2026-06-02,11:35:50.746723,[]
2026-06-02,11:35:50.780090,[]
2026-06-02,11:35:50.813457,[]
2026-06-02,11:35:50.846824,[]
2026-06-02,11:35:50.880191,[]
2026-06-02,11:35:50.913558,[]
2026-06-02,11:35:50.946925,[]
2026-06-02,11:35:50.980292,[]
2026-06-02,11:35:51.013659,[]
2026-06-02,11:35:51.047026,[]
2026-06-02,11:35:51.080393,[]
2026-06-02,11:35:51.113760,[]
2026-06-02,11:35:51.147127,[]
2026-06-02,11:35:51.180494,[]
2026-06-02,11:35:51.213861,[]
2026-06-02,11:35:51.247228,[]
2026-06-02,11:35:51.280595,[]
2026-06-02,11:35:51.313962,[]
2026-06-02,11:35:51.347329,[]
2026-06-02,11:35:51.380696,['EN19345']
2026-06-02,11:35:51.414063,['EN19345']
2026-06-02,11:35:51.447430,['EN19345']
2026-06-02,11:35:51.480797,[]
2026-06-02,11:35:51.514164,[]
2026-06-02,11:35:51.547531,[]
2026-06-02,11:35:51.580898,[]
2026-06-02,11:35:51.614265,[]
2026-06-02,11:35:51.647632,[]
2026-06-02,11:35:51.680999,[]
2026-06-02,11:35:51.714366,[]
2026-06-02,11:35:51.747733,[]
2026-06-02,11:35:51.781100,[]
2026-06-02,11:35:51.814467,[]
2026-06-02,11:35:51.847834,[]
2026-06-02,11:35:51.881201,[]
2026-06-02,11:35:51.914568,[]
2026-06-02,11:35:51.947935,[]
2026-06-02,11:35:51.981302,[]
2026-06-02,11:35:52.014669,[]
2026-06-02,11:35:52.048036,[]
2026-06-02,11:35:52.081403,[]
2026-06-02,11:35:52.114770,[]
2026-06-02,11:35:52.148137,[]
2026-06-02,11:35:52.181504,[]
2026-06-02,11:35:52.214871,[]
2026-06-02,11:35:52.248238,[]
2026-06-02,11:35:52.281605,[]
2026-06-02,11:35:52.314972,[]
2026-06-02,11:35:52.348339,[]
2026-06-02,11:35:52.381706,[]
2026-06-02,11:35:52.415073,[]
2026-06-02,11:35:52.448440,[]
2026-06-02,11:35:52.481807,[]
2026-06-02,11:35:52.515174,[]
2026-06-02,11:35:52.548541,[]
2026-06-02,11:35:52.581908,[]
2026-06-02,11:35:52.615275,[]
2026-06-02,11:35:52.648642,[]
2026-06-02,11:35:52.682009,[]
2026-06-02,11:35:52.715376,[]
2026-06-02,11:35:52.748743,[]
2026-06-02,11:35:52.782110,[]
2026-06-02,11:35:52.815477,[]
2026-06-02,11:35:52.848844,[]
2026-06-02,11:35:52.882211,[]
2026-06-02,11:35:52.915578,[]
2026-06-02,11:35:52.948945,[]
2026-06-02,11:35:52.982312,[]
2026-06-02,11:35:53.015679,[]
2026-06-02,11:35:53.049046,[]
2026-06-02,11:35:53.082413,[]
2026-06-02,11:35:53.115780,[]
2026-06-02,11:35:53.149147,[]
2026-06-02,11:35:53.182514,[]
2026-06-02,11:35:53.215881,[]
2026-06-02,11:35:53.249248,[]
2026-06-02,11:35:53.282615,[]
2026-06-02,11:35:53.315982,[]
2026-06-02,11:35:53.349349,[]
2026-06-02,11:35:53.382716,[]
2026-06-02,11:35:53.416083,[]
2026-06-02,11:35:53.449450,[]
2026-06-02,11:35:53.482817,[]
2026-06-02,11:35:53.516184,[]
2026-06-02,11:35:53.549551,[]
2026-06-02,11:35:53.582918,[]
2026-06-02,11:35:53.616285,[]
2026-06-02,11:35:53.649652,[]
2026-06-02,11:35:53.683019,[]
2026-06-02,11:35:53.716386,[]
2026-06-02,11:35:53.749753,[]
2026-06-02,11:35:53.783120,[]
2026-06-02,11:35:53.816487,[]
2026-06-02,11:35:53.849854,[]
2026-06-02,11:35:53.883221,[]
2026-06-02,11:35:53.916588,[]
2026-06-02,11:35:53.949955,[]
2026-06-02,11:35:53.983322,[]
2026-06-02,11:35:54.016689,[]
2026-06-02,11:35:54.050056,[]
2026-06-02,11:35:54.083423,[]
2026-06-02,11:35:54.116790,[]
2026-06-02,11:35:54.150157,[]
2026-06-02,11:35:54.183524,[]
2026-06-02,11:35:54.216891,[]
2026-06-02,11:35:54.250258,[]
2026-06-02,11:35:54.283625,[]
2026-06-02,11:35:54.316992,[]
2026-06-02,11:35:54.350359,[]
2026-06-02,11:35:54.383726,[]
2026-06-02,11:35:54.417093,[]
2026-06-02,11:35:54.450460,[]
2026-06-02,11:35:54.483827,[]
2026-06-02,11:35:54.517194,[]
2026-06-02,11:35:54.550561,[]
2026-06-02,11:35:54.583928,[]
2026-06-02,11:35:54.617295,[]
2026-06-02,11:35:54.650662,[]
2026-06-02,11:35:54.684029,[]
2026-06-02,11:35:54.717396,[]
2026-06-02,11:35:54.750763,[]
2026-06-02,11:35:54.784130,[]
2026-06-02,11:35:54.817497,[]
2026-06-02,11:35:54.850864,[]
2026-06-02,11:35:54.884231,[]
2026-06-02,11:35:54.917598,[]
2026-06-02,11:35:54.950965,[]
2026-06-02,11:35:54.984332,[]
2026-06-02,11:35:55.017699,[]
2026-06-02,11:35:55.051066,[]
2026-06-02,11:35:55.084433,[]
2026-06-02,11:35:55.117800,[]
2026-06-02,11:35:55.151167,[]
2026-06-02,11:35:55.184534,[]
2026-06-02,11:35:55.217901,[]
2026-06-02,11:35:55.251268,[]
2026-06-02,11:35:55.284635,[]
2026-06-02,11:35:55.318002,[]
2026-06-02,11:35:55.351369,[]
2026-06-02,11:35:55.384736,[]
2026-06-02,11:35:55.418103,[]
2026-06-02,11:35:55.451470,[]
2026-06-02,11:35:55.484837,[]
2026-06-02,11:35:55.518204,[]
2026-06-02,11:35:55.551571,[]
2026-06-02,11:35:55.584938,[]
2026-06-02,11:35:55.618305,[]
2026-06-02,11:35:55.651672,[]
2026-06-02,11:35:55.685039,[]
2026-06-02,11:35:55.718406,[]
2026-06-02,11:35:55.751773,[]
2026-06-02,11:35:55.785140,[]
2026-06-02,11:35:55.818507,[]
2026-06-02,11:35:55.851874,[]
2026-06-02,11:35:55.885241,[]
2026-06-02,11:35:55.918608,[]
2026-06-02,11:35:55.951975,[]
2026-06-02,11:35:55.985342,[]
2026-06-02,11:35:56.018709,[]
2026-06-02,11:35:56.052076,[]
2026-06-02,11:35:56.085443,[]
2026-06-02,11:35:56.118810,[]
2026-06-02,11:35:56.152177,[]
2026-06-02,11:35:56.185544,[]
2026-06-02,11:35:56.218911,[]
2026-06-02,11:35:56.252278,[]
2026-06-02,11:35:56.285645,[]
2026-06-02,11:35:56.319012,[]
2026-06-02,11:35:56.352379,[]
2026-06-02,11:35:56.385746,[]
2026-06-02,11:35:56.419113,[]
2026-06-02,11:35:56.452480,[]
2026-06-02,11:35:56.485847,[]
2026-06-02,11:35:56.519214,[]
2026-06-02,11:35:56.552581,[]
2026-06-02,11:35:56.585948,[]
2026-06-02,11:35:56.619315,[]
2026-06-02,11:35:56.652682,[]
2026-06-02,11:35:56.686049,[]
2026-06-02,11:35:56.719416,[]
2026-06-02,11:35:56.752783,[]
2026-06-02,11:35:56.786150,[]
2026-06-02,11:35:56.819517,[]
2026-06-02,11:35:56.852884,[]
2026-06-02,11:35:56.886251,[]
2026-06-02,11:35:56.919618,[]
2026-06-02,11:35:56.952985,[]
2026-06-02,11:35:56.986352,[]
2026-06-02,11:35:57.019719,[]
2026-06-02,11:35:57.053086,[]
2026-06-02,11:35:57.086453,[]
2026-06-02,11:35:57.119820,[]
2026-06-02,11:35:57.153187,[]
2026-06-02,11:35:57.186554,[]
2026-06-02,11:35:57.219921,[]
2026-06-02,11:35:57.253288,[]
2026-06-02,11:35:57.286655,[]
2026-06-02,11:35:57.320022,[]
2026-06-02,11:35:57.353389,[]
2026-06-02,11:35:57.386756,[]
2026-06-02,11:35:57.420123,[]
2026-06-02,11:35:57.453490,[]
2026-06-02,11:35:57.486857,[]
2026-06-02,11:35:57.520224,[]
2026-06-02,11:35:57.553591,[]
2026-06-02,11:35:57.586958,[]
2026-06-02,11:35:57.620325,[]
2026-06-02,11:35:57.653692,[]
2026-06-02,11:35:57.687059,[]
2026-06-02,11:35:57.720426,[]
2026-06-02,11:35:57.753793,[]
2026-06-02,11:35:57.787160,[]
2026-06-02,11:35:57.820527,[]
2026-06-02,11:35:57.853894,[]
2026-06-02,11:35:57.887261,[]
2026-06-02,11:35:57.920628,[]
2026-06-02,11:35:57.953995,[]
2026-06-02,11:35:57.987362,[]
2026-06-02,11:35:58.020729,[]
2026-06-02,11:35:58.054096,[]
2026-06-02,11:35:58.087463,[]
2026-06-02,11:35:58.120830,[]
2026-06-02,11:35:58.154197,[]
2026-06-02,11:35:58.187564,[]
2026-06-02,11:35:58.220931,[]
2026-06-02,11:35:58.254298,[]
2026-06-02,11:35:58.287665,[]
2026-06-02,11:35:58.321032,[]
2026-06-02,11:35:58.354399,[]
2026-06-02,11:35:58.387766,[]
2026-06-02,11:35:58.421133,['BM98280']
2026-06-02,11:35:58.454500,[]
2026-06-02,11:35:58.487867,[]
2026-06-02,11:35:58.521234,[]
2026-06-02,11:35:58.554601,[]
2026-06-02,11:35:58.587968,[]
2026-06-02,11:35:58.621335,[]
2026-06-02,11:35:58.654702,[]
2026-06-02,11:35:58.688069,[]
2026-06-02,11:35:58.721436,[]
2026-06-02,11:35:58.754803,[]
2026-06-02,11:35:58.788170,[]
2026-06-02,11:35:58.821537,[]
2026-06-02,11:35:58.854904,[]
2026-06-02,11:35:58.888271,[]
2026-06-02,11:35:58.921638,[]
2026-06-02,11:35:58.955005,[]
2026-06-02,11:35:58.988372,[]
2026-06-02,11:35:59.021739,[]
2026-06-02,11:35:59.055106,[]
2026-06-02,11:35:59.088473,[]
2026-06-02,11:35:59.121840,[]
2026-06-02,11:35:59.155207,[]
2026-06-02,11:35:59.188574,[]
2026-06-02,11:35:59.221941,[]
2026-06-02,11:35:59.255308,[]
2026-06-02,11:35:59.288675,[]
2026-06-02,11:35:59.322042,[]
2026-06-02,11:35:59.355409,[]
2026-06-02,11:35:59.388776,[]
2026-06-02,11:35:59.422143,[]
2026-06-02,11:35:59.455510,[]
2026-06-02,11:35:59.488877,[]
2026-06-02,11:35:59.522244,[]
2026-06-02,11:35:59.555611,[]
2026-06-02,11:35:59.588978,[]
2026-06-02,11:35:59.622345,[]
2026-06-02,11:35:59.655712,[]
2026-06-02,11:35:59.689079,[]
2026-06-02,11:35:59.722446,[]
2026-06-02,11:35:59.755813,[]
2026-06-02,11:35:59.789180,[]
2026-06-02,11:35:59.822547,[]
2026-06-02,11:35:59.855914,[]
2026-06-02,11:35:59.889281,[]
2026-06-02,11:35:59.922648,[]
2026-06-02,11:35:59.956015,[]
2026-06-02,11:35:59.989382,[]
2026-06-02,11:36:00.022749,[]
2026-06-02,11:36:00.056116,[]
2026-06-02,11:36:00.089483,[]
2026-06-02,11:36:00.122850,[]
2026-06-02,11:36:00.156217,[]
2026-06-02,11:36:00.189584,[]
2026-06-02,11:36:00.222951,[]
2026-06-02,11:36:00.256318,[]
2026-06-02,11:36:00.289685,[]
2026-06-02,11:36:00.323052,[]
2026-06-02,11:36:00.356419,[]
2026-06-02,11:36:00.389786,[]
2026-06-02,11:36:00.423153,[]
2026-06-02,11:36:00.456520,[]
2026-06-02,11:36:00.489887,[]
2026-06-02,11:36:00.523254,[]
2026-06-02,11:36:00.556621,[]
2026-06-02,11:36:00.589988,[]
2026-06-02,11:36:00.623355,[]
2026-06-02,11:36:00.656722,[]
2026-06-02,11:36:00.690089,[]
2026-06-02,11:36:00.723456,[]
2026-06-02,11:36:00.756823,[]
2026-06-02,11:36:00.790190,[]
2026-06-02,11:36:00.823557,[]
2026-06-02,11:36:00.856924,[]
2026-06-02,11:36:00.890291,[]
2026-06-02,11:36:00.923658,[]
2026-06-02,11:36:00.957025,[]
2026-06-02,11:36:00.990392,[]
2026-06-02,11:36:01.023759,[]
2026-06-02,11:36:01.057126,[]
2026-06-02,11:36:01.090493,[]
2026-06-02,11:36:01.123860,[]
2026-06-02,11:36:01.157227,[]
2026-06-02,11:36:01.190594,[]
2026-06-02,11:36:01.223961,[]
2026-06-02,11:36:01.257328,[]
2026-06-02,11:36:01.290695,[]
2026-06-02,11:36:01.324062,[]
2026-06-02,11:36:01.357429,[]
2026-06-02,11:36:01.390796,[]
2026-06-02,11:36:01.424163,[]
2026-06-02,11:36:01.457530,[]
2026-06-02,11:36:01.490897,[]
2026-06-02,11:36:01.524264,[]
2026-06-02,11:36:01.557631,[]
2026-06-02,11:36:01.590998,[]
2026-06-02,11:36:01.624365,[]
2026-06-02,11:36:01.657732,[]
2026-06-02,11:36:01.691099,[]
2026-06-02,11:36:01.724466,[]
2026-06-02,11:36:01.757833,[]
2026-06-02,11:36:01.791200,[]
2026-06-02,11:36:01.824567,[]
2026-06-02,11:36:01.857934,[]
2026-06-02,11:36:01.891301,[]
2026-06-02,11:36:01.924668,[]
2026-06-02,11:36:01.958035,[]
2026-06-02,11:36:01.991402,[]
2026-06-02,11:36:02.024769,[]
2026-06-02,11:36:02.058136,[]
2026-06-02,11:36:02.091503,[]
2026-06-02,11:36:02.124870,[]
2026-06-02,11:36:02.158237,[]
2026-06-02,11:36:02.191604,[]
2026-06-02,11:36:02.224971,[]
2026-06-02,11:36:02.258338,[]
2026-06-02,11:36:02.291705,[]
2026-06-02,11:36:02.325072,[]
2026-06-02,11:36:02.358439,[]
2026-06-02,11:36:02.391806,[]
2026-06-02,11:36:02.425173,[]
2026-06-02,11:36:02.458540,[]
2026-06-02,11:36:02.491907,[]
2026-06-02,11:36:02.525274,[]
2026-06-02,11:36:02.558641,[]
2026-06-02,11:36:02.592008,[]
2026-06-02,11:36:02.625375,[]
2026-06-02,11:36:02.658742,[]
2026-06-02,11:36:02.692109,[]
2026-06-02,11:36:02.725476,[]
2026-06-02,11:36:02.758843,[]
2026-06-02,11:36:02.792210,[]
2026-06-02,11:36:02.825577,[]
2026-06-02,11:36:02.858944,[]
2026-06-02,11:36:02.892311,[]
2026-06-02,11:36:02.925678,[]
2026-06-02,11:36:02.959045,[]
2026-06-02,11:36:02.992412,[]
2026-06-02,11:36:03.025779,[]
2026-06-02,11:36:03.059146,[]
2026-06-02,11:36:03.092513,[]
2026-06-02,11:36:03.125880,[]
2026-06-02,11:36:03.159247,[]
2026-06-02,11:36:03.192614,[]
2026-06-02,11:36:03.225981,[]
2026-06-02,11:36:03.259348,[]
2026-06-02,11:36:03.292715,[]
2026-06-02,11:36:03.326082,[]
2026-06-02,11:36:03.359449,[]
2026-06-02,11:36:03.392816,[]
2026-06-02,11:36:03.426183,[]
2026-06-02,11:36:03.459550,[]
2026-06-02,11:36:03.492917,[]
2026-06-02,11:36:03.526284,[]
2026-06-02,11:36:03.559651,[]
2026-06-02,11:36:03.593018,[]
2026-06-02,11:36:03.626385,[]
2026-06-02,11:36:03.659752,[]
2026-06-02,11:36:03.693119,[]
2026-06-02,11:36:03.726486,[]
2026-06-02,11:36:03.759853,[]
2026-06-02,11:36:03.793220,[]
2026-06-02,11:36:03.826587,[]
2026-06-02,11:36:03.859954,[]
2026-06-02,11:36:03.893321,[]
2026-06-02,11:36:03.926688,[]
2026-06-02,11:36:03.960055,[]
2026-06-02,11:36:03.993422,[]
2026-06-02,11:36:04.026789,[]
2026-06-02,11:36:04.060156,[]
2026-06-02,11:36:04.093523,[]
2026-06-02,11:36:04.126890,[]
2026-06-02,11:36:04.160257,[]
2026-06-02,11:36:04.193624,[]
2026-06-02,11:36:04.226991,[]
2026-06-02,11:36:04.260358,[]
2026-06-02,11:36:04.293725,[]
2026-06-02,11:36:04.327092,[]
2026-06-02,11:36:04.360459,[]
2026-06-02,11:36:04.393826,[]
2026-06-02,11:36:04.427193,[]
2026-06-02,11:36:04.460560,[]
2026-06-02,11:36:04.493927,[]
2026-06-02,11:36:04.527294,[]
2026-06-02,11:36:04.560661,[]
2026-06-02,11:36:04.594028,[]
2026-06-02,11:36:04.627395,[]
2026-06-02,11:36:04.660762,[]
2026-06-02,11:36:04.694129,[]
2026-06-02,11:36:04.727496,[]
2026-06-02,11:36:04.760863,[]
2026-06-02,11:36:04.794230,[]
2026-06-02,11:36:04.827597,[]
2026-06-02,11:36:04.860964,[]
2026-06-02,11:36:04.894331,[]
2026-06-02,11:36:04.927698,[]
2026-06-02,11:36:04.961065,[]
2026-06-02,11:36:04.994432,[]
2026-06-02,11:36:05.027799,[]
2026-06-02,11:36:05.061166,[]
2026-06-02,11:36:05.094533,[]
2026-06-02,11:36:05.127900,[]
2026-06-02,11:36:05.161267,[]
2026-06-02,11:36:05.194634,[]
2026-06-02,11:36:05.228001,[]
2026-06-02,11:36:05.261368,[]
2026-06-02,11:36:05.294735,[]
2026-06-02,11:36:05.328102,[]
2026-06-02,11:36:05.361469,[]
2026-06-02,11:36:05.394836,[]
2026-06-02,11:36:05.428203,[]
2026-06-02,11:36:05.461570,[]
2026-06-02,11:36:05.494937,[]
2026-06-02,11:36:05.528304,[]
2026-06-02,11:36:05.561671,[]
2026-06-02,11:36:05.595038,[]
2026-06-02,11:36:05.628405,[]
2026-06-02,11:36:05.661772,[]
2026-06-02,11:36:05.695139,[]
2026-06-02,11:36:05.728506,[]
2026-06-02,11:36:05.761873,[]
2026-06-02,11:36:05.795240,[]
2026-06-02,11:36:05.828607,['EG75848']
2026-06-02,11:36:05.861974,['EC75848']
2026-06-02,11:36:05.895341,['EG75848']
2026-06-02,11:36:05.928708,['EG75848']
2026-06-02,11:36:05.962075,['EG75848']
2026-06-02,11:36:05.995442,[]
2026-06-02,11:36:06.028809,[]
2026-06-02,11:36:06.062176,[]
2026-06-02,11:36:06.095543,[]
2026-06-02,11:36:06.128910,[]
2026-06-02,11:36:06.162277,[]
2026-06-02,11:36:06.195644,[]
2026-06-02,11:36:06.229011,[]
2026-06-02,11:36:06.262378,[]
2026-06-02,11:36:06.295745,[]
2026-06-02,11:36:06.329112,[]
2026-06-02,11:36:06.362479,[]
2026-06-02,11:36:06.395846,[]
2026-06-02,11:36:06.429213,[]
2026-06-02,11:36:06.462580,[]
2026-06-02,11:36:06.495947,[]
2026-06-02,11:36:06.529314,[]
2026-06-02,11:36:06.562681,[]
2026-06-02,11:36:06.596048,[]
2026-06-02,11:36:06.629415,[]
2026-06-02,11:36:06.662782,[]
2026-06-02,11:36:06.696149,[]
2026-06-02,11:36:06.729516,[]
2026-06-02,11:36:06.762883,[]
2026-06-02,11:36:06.796250,[]
2026-06-02,11:36:06.829617,[]
2026-06-02,11:36:06.862984,[]
2026-06-02,11:36:06.896351,[]
2026-06-02,11:36:06.929718,[]
2026-06-02,11:36:06.963085,[]
2026-06-02,11:36:06.996452,[]
2026-06-02,11:36:07.029819,[]
2026-06-02,11:36:07.063186,[]
2026-06-02,11:36:07.096553,[]
2026-06-02,11:36:07.129920,[]
2026-06-02,11:36:07.163287,[]
2026-06-02,11:36:07.196654,[]
2026-06-02,11:36:07.230021,[]
2026-06-02,11:36:07.263388,[]
2026-06-02,11:36:07.296755,[]
2026-06-02,11:36:07.330122,[]
2026-06-02,11:36:07.363489,[]
2026-06-02,11:36:07.396856,[]
2026-06-02,11:36:07.430223,[]
2026-06-02,11:36:07.463590,[]
2026-06-02,11:36:07.496957,[]
2026-06-02,11:36:07.530324,[]
2026-06-02,11:36:07.563691,[]
2026-06-02,11:36:07.597058,[]
2026-06-02,11:36:07.630425,[]
2026-06-02,11:36:07.663792,[]
2026-06-02,11:36:07.697159,[]
2026-06-02,11:36:07.730526,[]
2026-06-02,11:36:07.763893,[]
2026-06-02,11:36:07.797260,[]
2026-06-02,11:36:07.830627,[]
2026-06-02,11:36:07.863994,[]
2026-06-02,11:36:07.897361,[]
2026-06-02,11:36:07.930728,[]
2026-06-02,11:36:07.964095,[]
2026-06-02,11:36:07.997462,[]
2026-06-02,11:36:08.030829,[]
2026-06-02,11:36:08.064196,[]
2026-06-02,11:36:08.097563,[]
2026-06-02,11:36:08.130930,[]
2026-06-02,11:36:08.164297,[]
2026-06-02,11:36:08.197664,[]
2026-06-02,11:36:08.231031,[]
2026-06-02,11:36:08.264398,[]
2026-06-02,11:36:08.297765,[]
2026-06-02,11:36:08.331132,[]
2026-06-02,11:36:08.364499,[]
2026-06-02,11:36:08.397866,[]
2026-06-02,11:36:08.431233,[]
2026-06-02,11:36:08.464600,[]
2026-06-02,11:36:08.497967,[]
2026-06-02,11:36:08.531334,[]
2026-06-02,11:36:08.564701,[]
2026-06-02,11:36:08.598068,[]
2026-06-02,11:36:08.631435,[]
2026-06-02,11:36:08.664802,[]
2026-06-02,11:36:08.698169,[]
2026-06-02,11:36:08.731536,[]
2026-06-02,11:36:08.764903,[]
2026-06-02,11:36:08.798270,[]
2026-06-02,11:36:08.831637,[]
2026-06-02,11:36:08.865004,[]
2026-06-02,11:36:08.898371,[]
2026-06-02,11:36:08.931738,[]
2026-06-02,11:36:08.965105,[]
2026-06-02,11:36:08.998472,[]
2026-06-02,11:36:09.031839,[]
2026-06-02,11:36:09.065206,[]
2026-06-02,11:36:09.098573,[]
2026-06-02,11:36:09.131940,[]
2026-06-02,11:36:09.165307,[]
2026-06-02,11:36:09.198674,[]
2026-06-02,11:36:09.232041,[]
2026-06-02,11:36:09.265408,[]
2026-06-02,11:36:09.298775,[]
2026-06-02,11:36:09.332142,[]
2026-06-02,11:36:09.365509,[]
2026-06-02,11:36:09.398876,[]
2026-06-02,11:36:09.432243,[]
2026-06-02,11:36:09.465610,[]
2026-06-02,11:36:09.498977,[]
2026-06-02,11:36:09.532344,['DL28608']
2026-06-02,11:36:09.565711,['DL28608']
2026-06-02,11:36:09.599078,['DL28608']
2026-06-02,11:36:09.632445,['DL28608']
2026-06-02,11:36:09.665812,[]
2026-06-02,11:36:09.699179,[]
2026-06-02,11:36:09.732546,[]
2026-06-02,11:36:09.765913,[]
2026-06-02,11:36:09.799280,[]
2026-06-02,11:36:09.832647,[]
2026-06-02,11:36:09.866014,[]
2026-06-02,11:36:09.899381,[]
2026-06-02,11:36:09.932748,[]
2026-06-02,11:36:09.966115,[]
2026-06-02,11:36:09.999482,[]
2026-06-02,11:36:10.032849,[]
2026-06-02,11:36:10.066216,[]
2026-06-02,11:36:10.099583,[]
2026-06-02,11:36:10.132950,[]
2026-06-02,11:36:10.166317,[]
2026-06-02,11:36:10.199684,[]
2026-06-02,11:36:10.233051,[]
2026-06-02,11:36:10.266418,[]
2026-06-02,11:36:10.299785,[]
2026-06-02,11:36:10.333152,[]
2026-06-02,11:36:10.366519,[]
2026-06-02,11:36:10.399886,[]
2026-06-02,11:36:10.433253,[]
2026-06-02,11:36:10.466620,[]
2026-06-02,11:36:10.499987,[]
2026-06-02,11:36:10.533354,[]
2026-06-02,11:36:10.566721,[]
2026-06-02,11:36:10.600088,[]
2026-06-02,11:36:10.633455,[]
2026-06-02,11:36:10.666822,[]
2026-06-02,11:36:10.700189,[]
2026-06-02,11:36:10.733556,[]
2026-06-02,11:36:10.766923,[]
2026-06-02,11:36:10.800290,[]
2026-06-02,11:36:10.833657,[]
2026-06-02,11:36:10.867024,[]
2026-06-02,11:36:10.900391,[]
2026-06-02,11:36:10.933758,[]
2026-06-02,11:36:10.967125,[]
2026-06-02,11:36:11.000492,[]
2026-06-02,11:36:11.033859,[]
2026-06-02,11:36:11.067226,[]
2026-06-02,11:36:11.100593,[]
2026-06-02,11:36:11.133960,[]
2026-06-02,11:36:11.167327,[]
2026-06-02,11:36:11.200694,[]
2026-06-02,11:36:11.234061,[]
2026-06-02,11:36:11.267428,[]
2026-06-02,11:36:11.300795,[]
2026-06-02,11:36:11.334162,[]
2026-06-02,11:36:11.367529,[]
2026-06-02,11:36:11.400896,[]
2026-06-02,11:36:11.434263,[]
2026-06-02,11:36:11.467630,[]
2026-06-02,11:36:11.500997,[]
2026-06-02,11:36:11.534364,[]
2026-06-02,11:36:11.567731,[]
2026-06-02,11:36:11.601098,[]
2026-06-02,11:36:11.634465,[]
2026-06-02,11:36:11.667832,[]
2026-06-02,11:36:11.701199,[]
2026-06-02,11:36:11.734566,[]
2026-06-02,11:36:11.767933,[]
2026-06-02,11:36:11.801300,[]
2026-06-02,11:36:11.834667,[]
2026-06-02,11:36:11.868034,[]
2026-06-02,11:36:11.901401,[]
2026-06-02,11:36:11.934768,[]
2026-06-02,11:36:11.968135,[]
2026-06-02,11:36:12.001502,[]
2026-06-02,11:36:12.034869,[]
2026-06-02,11:36:12.068236,[]
2026-06-02,11:36:12.101603,[]
2026-06-02,11:36:12.134970,[]
2026-06-02,11:36:12.168337,[]
2026-06-02,11:36:12.201704,[]
2026-06-02,11:36:12.235071,[]
2026-06-02,11:36:12.268438,[]
2026-06-02,11:36:12.301805,[]
2026-06-02,11:36:12.335172,[]
2026-06-02,11:36:12.368539,[]
2026-06-02,11:36:12.401906,[]
2026-06-02,11:36:12.435273,[]
2026-06-02,11:36:12.468640,[]
2026-06-02,11:36:12.502007,[]
2026-06-02,11:36:12.535374,[]
2026-06-02,11:36:12.568741,[]
2026-06-02,11:36:12.602108,[]
2026-06-02,11:36:12.635475,[]
2026-06-02,11:36:12.668842,[]
2026-06-02,11:36:12.702209,[]
2026-06-02,11:36:12.735576,[]
2026-06-02,11:36:12.768943,[]
2026-06-02,11:36:12.802310,[]
2026-06-02,11:36:12.835677,['EJ70714']
2026-06-02,11:36:12.869044,['EJ70714']
2026-06-02,11:36:12.902411,['EJ70714']
2026-06-02,11:36:12.935778,['EJ70714']
2026-06-02,11:36:12.969145,['EJ70714']
2026-06-02,11:36:13.002512,['EJ70714']
2026-06-02,11:36:13.035879,[]
2026-06-02,11:36:13.069246,[]
2026-06-02,11:36:13.102613,[]
2026-06-02,11:36:13.135980,[]
2026-06-02,11:36:13.169347,[]
2026-06-02,11:36:13.202714,[]
2026-06-02,11:36:13.236081,[]
2026-06-02,11:36:13.269448,[]
2026-06-02,11:36:13.302815,[]
2026-06-02,11:36:13.336182,[]
2026-06-02,11:36:13.369549,[]
2026-06-02,11:36:13.402916,[]
2026-06-02,11:36:13.436283,[]
2026-06-02,11:36:13.469650,[]
2026-06-02,11:36:13.503017,[]
2026-06-02,11:36:13.536384,[]
2026-06-02,11:36:13.569751,[]
2026-06-02,11:36:13.603118,[]
2026-06-02,11:36:13.636485,[]
2026-06-02,11:36:13.669852,[]
2026-06-02,11:36:13.703219,[]
2026-06-02,11:36:13.736586,[]
2026-06-02,11:36:13.769953,[]
2026-06-02,11:36:13.803320,[]
2026-06-02,11:36:13.836687,[]
2026-06-02,11:36:13.870054,[]
2026-06-02,11:36:13.903421,[]
2026-06-02,11:36:13.936788,[]
2026-06-02,11:36:13.970155,[]
2026-06-02,11:36:14.003522,[]
2026-06-02,11:36:14.036889,[]
2026-06-02,11:36:14.070256,[]
2026-06-02,11:36:14.103623,[]
2026-06-02,11:36:14.136990,[]
2026-06-02,11:36:14.170357,[]
2026-06-02,11:36:14.203724,[]
2026-06-02,11:36:14.237091,[]
2026-06-02,11:36:14.270458,[]
2026-06-02,11:36:14.303825,[]
2026-06-02,11:36:14.337192,[]
2026-06-02,11:36:14.370559,[]
2026-06-02,11:36:14.403926,[]
2026-06-02,11:36:14.437293,[]
2026-06-02,11:36:14.470660,[]
2026-06-02,11:36:14.504027,[]
2026-06-02,11:36:14.537394,[]
2026-06-02,11:36:14.570761,[]
2026-06-02,11:36:14.604128,[]
2026-06-02,11:36:14.637495,[]
2026-06-02,11:36:14.670862,[]
2026-06-02,11:36:14.704229,[]
2026-06-02,11:36:14.737596,[]
2026-06-02,11:36:14.770963,[]
2026-06-02,11:36:14.804330,[]
2026-06-02,11:36:14.837697,[]
2026-06-02,11:36:14.871064,[]
2026-06-02,11:36:14.904431,[]
2026-06-02,11:36:14.937798,[]
2026-06-02,11:36:14.971165,[]
2026-06-02,11:36:15.004532,[]
2026-06-02,11:36:15.037899,[]
2026-06-02,11:36:15.071266,[]
2026-06-02,11:36:15.104633,[]
2026-06-02,11:36:15.138000,[]
2026-06-02,11:36:15.171367,[]
2026-06-02,11:36:15.204734,[]
2026-06-02,11:36:15.238101,[]
2026-06-02,11:36:15.271468,[]
2026-06-02,11:36:15.304835,[]
2026-06-02,11:36:15.338202,[]
2026-06-02,11:36:15.371569,[]
2026-06-02,11:36:15.404936,[]
2026-06-02,11:36:15.438303,[]
2026-06-02,11:36:15.471670,[]
2026-06-02,11:36:15.505037,[]
2026-06-02,11:36:15.538404,[]
2026-06-02,11:36:15.571771,[]
2026-06-02,11:36:15.605138,[]
2026-06-02,11:36:15.638505,[]
2026-06-02,11:36:15.671872,[]
2026-06-02,11:36:15.705239,[]
2026-06-02,11:36:15.738606,[]
2026-06-02,11:36:15.771973,[]
2026-06-02,11:36:15.805340,[]
2026-06-02,11:36:15.838707,[]
2026-06-02,11:36:15.872074,[]
2026-06-02,11:36:15.905441,[]
2026-06-02,11:36:15.938808,[]
2026-06-02,11:36:15.972175,[]
2026-06-02,11:36:16.005542,[]
2026-06-02,11:36:16.038909,[]
2026-06-02,11:36:16.072276,[]
2026-06-02,11:36:16.105643,[]
2026-06-02,11:36:16.139010,[]
2026-06-02,11:36:16.172377,[]
2026-06-02,11:36:16.205744,[]
2026-06-02,11:36:16.239111,[]
2026-06-02,11:36:16.272478,[]
2026-06-02,11:36:16.305845,[]
2026-06-02,11:36:16.339212,[]
2026-06-02,11:36:16.372579,[]
2026-06-02,11:36:16.405946,[]
2026-06-02,11:36:16.439313,[]
2026-06-02,11:36:16.472680,[]
2026-06-02,11:36:16.506047,[]
2026-06-02,11:36:16.539414,[]
2026-06-02,11:36:16.572781,[]
2026-06-02,11:36:16.606148,[]
2026-06-02,11:36:16.639515,[]
2026-06-02,11:36:16.672882,[]
2026-06-02,11:36:16.706249,[]
2026-06-02,11:36:16.739616,[]
2026-06-02,11:36:16.772983,[]
2026-06-02,11:36:16.806350,[]
2026-06-02,11:36:16.839717,[]
2026-06-02,11:36:16.873084,['AW99326']
2026-06-02,11:36:16.906451,['AW99326']
2026-06-02,11:36:16.939818,['AW99326']
2026-06-02,11:36:16.973185,['AW99326']
2026-06-02,11:36:17.006552,['AW99326']
2026-06-02,11:36:17.039919,['AW99326']
2026-06-02,11:36:17.073286,['AW99326']
2026-06-02,11:36:17.106653,['AW99326']
2026-06-02,11:36:17.140020,['AW99326']
2026-06-02,11:36:17.173387,['AW99326']
2026-06-02,11:36:17.206754,[]
2026-06-02,11:36:17.240121,[]
2026-06-02,11:36:17.273488,[]
2026-06-02,11:36:17.306855,[]
2026-06-02,11:36:17.340222,[]
2026-06-02,11:36:17.373589,[]
2026-06-02,11:36:17.406956,[]
2026-06-02,11:36:17.440323,[]
2026-06-02,11:36:17.473690,[]
2026-06-02,11:36:17.507057,[]
2026-06-02,11:36:17.540424,[]
2026-06-02,11:36:17.573791,[]
2026-06-02,11:36:17.607158,[]
2026-06-02,11:36:17.640525,[]
2026-06-02,11:36:17.673892,[]
2026-06-02,11:36:17.707259,[]
2026-06-02,11:36:17.740626,[]
2026-06-02,11:36:17.773993,[]
2026-06-02,11:36:17.807360,[]
2026-06-02,11:36:17.840727,[]
2026-06-02,11:36:17.874094,[]
2026-06-02,11:36:17.907461,[]
2026-06-02,11:36:17.940828,[]
2026-06-02,11:36:17.974195,[]
2026-06-02,11:36:18.007562,[]
2026-06-02,11:36:18.040929,[]
2026-06-02,11:36:18.074296,[]
2026-06-02,11:36:18.107663,[]
2026-06-02,11:36:18.141030,[]
2026-06-02,11:36:18.174397,[]
2026-06-02,11:36:18.207764,[]
2026-06-02,11:36:18.241131,[]
2026-06-02,11:36:18.274498,[]
2026-06-02,11:36:18.307865,[]
2026-06-02,11:36:18.341232,[]
2026-06-02,11:36:18.374599,[]
2026-06-02,11:36:18.407966,[]
2026-06-02,11:36:18.441333,[]
2026-06-02,11:36:18.474700,[]
2026-06-02,11:36:18.508067,[]
2026-06-02,11:36:18.541434,[]
2026-06-02,11:36:18.574801,[]
2026-06-02,11:36:18.608168,[]
2026-06-02,11:36:18.641535,[]
2026-06-02,11:36:18.674902,[]
2026-06-02,11:36:18.708269,[]
2026-06-02,11:36:18.741636,[]
2026-06-02,11:36:18.775003,[]
2026-06-02,11:36:18.808370,[]
2026-06-02,11:36:18.841737,[]
2026-06-02,11:36:18.875104,[]
2026-06-02,11:36:18.908471,[]
2026-06-02,11:36:18.941838,[]
2026-06-02,11:36:18.975205,[]
2026-06-02,11:36:19.008572,[]
2026-06-02,11:36:19.041939,[]
2026-06-02,11:36:19.075306,[]
2026-06-02,11:36:19.108673,[]
2026-06-02,11:36:19.142040,[]
2026-06-02,11:36:19.175407,[]
2026-06-02,11:36:19.208774,[]
2026-06-02,11:36:19.242141,[]
2026-06-02,11:36:19.275508,[]
2026-06-02,11:36:19.308875,[]
2026-06-02,11:36:19.342242,[]
2026-06-02,11:36:19.375609,[]
2026-06-02,11:36:19.408976,[]
2026-06-02,11:36:19.442343,[]
2026-06-02,11:36:19.475710,[]
2026-06-02,11:36:19.509077,[]
2026-06-02,11:36:19.542444,[]
2026-06-02,11:36:19.575811,[]
2026-06-02,11:36:19.609178,[]
2026-06-02,11:36:19.642545,[]
2026-06-02,11:36:19.675912,[]
2026-06-02,11:36:19.709279,[]
2026-06-02,11:36:19.742646,[]
2026-06-02,11:36:19.776013,[]
2026-06-02,11:36:19.809380,[]
2026-06-02,11:36:19.842747,[]
2026-06-02,11:36:19.876114,[]
2026-06-02,11:36:19.909481,[]
2026-06-02,11:36:19.942848,[]
2026-06-02,11:36:19.976215,[]
2026-06-02,11:36:20.009582,[]
2026-06-02,11:36:20.042949,[]
2026-06-02,11:36:20.076316,[]
2026-06-02,11:36:20.109683,[]
2026-06-02,11:36:20.143050,[]
2026-06-02,11:36:20.176417,[]
2026-06-02,11:36:20.209784,[]
2026-06-02,11:36:20.243151,[]
2026-06-02,11:36:20.276518,[]
2026-06-02,11:36:20.309885,[]
2026-06-02,11:36:20.343252,[]
2026-06-02,11:36:20.376619,[]
2026-06-02,11:36:20.409986,[]
2026-06-02,11:36:20.443353,[]
2026-06-02,11:36:20.476720,[]
2026-06-02,11:36:20.510087,[]
2026-06-02,11:36:20.543454,[]
2026-06-02,11:36:20.576821,[]
2026-06-02,11:36:20.610188,[]
2026-06-02,11:36:20.643555,[]
2026-06-02,11:36:20.676922,[]
2026-06-02,11:36:20.710289,[]
2026-06-02,11:36:20.743656,[]
2026-06-02,11:36:20.777023,[]
2026-06-02,11:36:20.810390,[]
2026-06-02,11:36:20.843757,[]
2026-06-02,11:36:20.877124,[]
2026-06-02,11:36:20.910491,[]
2026-06-02,11:36:20.943858,[]
2026-06-02,11:36:20.977225,[]
2026-06-02,11:36:21.010592,[]
2026-06-02,11:36:21.043959,[]
2026-06-02,11:36:21.077326,[]
2026-06-02,11:36:21.110693,[]
2026-06-02,11:36:21.144060,[]
2026-06-02,11:36:21.177427,[]
2026-06-02,11:36:21.210794,[]
2026-06-02,11:36:21.244161,[]
2026-06-02,11:36:21.277528,[]
2026-06-02,11:36:21.310895,[]
2026-06-02,11:36:21.344262,[]
2026-06-02,11:36:21.377629,[]
2026-06-02,11:36:21.410996,[]
2026-06-02,11:36:21.444363,[]
2026-06-02,11:36:21.477730,[]
2026-06-02,11:36:21.511097,[]
2026-06-02,11:36:21.544464,[]
2026-06-02,11:36:21.577831,['EM55230']
2026-06-02,11:36:21.611198,['EM55230']
2026-06-02,11:36:21.644565,['EM55230']
2026-06-02,11:36:21.677932,['EM55230']
2026-06-02,11:36:21.711299,['EM55230']
2026-06-02,11:36:21.744666,['EM55230']
2026-06-02,11:36:21.778033,['EM55230']
2026-06-02,11:36:21.811400,['EM55230']
2026-06-02,11:36:21.844767,[]
2026-06-02,11:36:21.878134,[]
2026-06-02,11:36:21.911501,[]
2026-06-02,11:36:21.944868,[]
2026-06-02,11:36:21.978235,[]
2026-06-02,11:36:22.011602,[]
2026-06-02,11:36:22.044969,[]
2026-06-02,11:36:22.078336,[]
2026-06-02,11:36:22.111703,[]
2026-06-02,11:36:22.145070,[]
2026-06-02,11:36:22.178437,[]
2026-06-02,11:36:22.211804,[]
2026-06-02,11:36:22.245171,[]
2026-06-02,11:36:22.278538,[]
2026-06-02,11:36:22.311905,[]
2026-06-02,11:36:22.345272,[]
2026-06-02,11:36:22.378639,[]
2026-06-02,11:36:22.412006,[]
2026-06-02,11:36:22.445373,[]
2026-06-02,11:36:22.478740,[]
2026-06-02,11:36:22.512107,[]
2026-06-02,11:36:22.545474,[]
2026-06-02,11:36:22.578841,[]
2026-06-02,11:36:22.612208,[]
2026-06-02,11:36:22.645575,[]
2026-06-02,11:36:22.678942,[]
2026-06-02,11:36:22.712309,[]
2026-06-02,11:36:22.745676,[]
2026-06-02,11:36:22.779043,[]
2026-06-02,11:36:22.812410,[]
2026-06-02,11:36:22.845777,[]
2026-06-02,11:36:22.879144,[]
2026-06-02,11:36:22.912511,[]
2026-06-02,11:36:22.945878,[]
2026-06-02,11:36:22.979245,[]
2026-06-02,11:36:23.012612,[]
2026-06-02,11:36:23.045979,[]
2026-06-02,11:36:23.079346,[]
2026-06-02,11:36:23.112713,[]
2026-06-02,11:36:23.146080,[]
2026-06-02,11:36:23.179447,[]
2026-06-02,11:36:23.212814,[]
2026-06-02,11:36:23.246181,[]
2026-06-02,11:36:23.279548,[]
2026-06-02,11:36:23.312915,[]
2026-06-02,11:36:23.346282,[]
2026-06-02,11:36:23.379649,[]
2026-06-02,11:36:23.413016,[]
2026-06-02,11:36:23.446383,[]
2026-06-02,11:36:23.479750,[]
2026-06-02,11:36:23.513117,[]
2026-06-02,11:36:23.546484,[]
2026-06-02,11:36:23.579851,[]
2026-06-02,11:36:23.613218,[]
2026-06-02,11:36:23.646585,[]
2026-06-02,11:36:23.679952,[]
2026-06-02,11:36:23.713319,[]
2026-06-02,11:36:23.746686,[]
2026-06-02,11:36:23.780053,[]
2026-06-02,11:36:23.813420,[]
2026-06-02,11:36:23.846787,[]
2026-06-02,11:36:23.880154,[]
2026-06-02,11:36:23.913521,[]
2026-06-02,11:36:23.946888,[]
2026-06-02,11:36:23.980255,[]
2026-06-02,11:36:24.013622,[]
2026-06-02,11:36:24.046989,[]
2026-06-02,11:36:24.080356,[]
2026-06-02,11:36:24.113723,[]
2026-06-02,11:36:24.147090,[]
2026-06-02,11:36:24.180457,[]
2026-06-02,11:36:24.213824,[]
2026-06-02,11:36:24.247191,[]
2026-06-02,11:36:24.280558,[]
2026-06-02,11:36:24.313925,[]
2026-06-02,11:36:24.347292,[]
2026-06-02,11:36:24.380659,[]
2026-06-02,11:36:24.414026,[]
2026-06-02,11:36:24.447393,[]
2026-06-02,11:36:24.480760,[]
2026-06-02,11:36:24.514127,[]
2026-06-02,11:36:24.547494,[]
2026-06-02,11:36:24.580861,[]
2026-06-02,11:36:24.614228,[]
2026-06-02,11:36:24.647595,[]
2026-06-02,11:36:24.680962,[]
2026-06-02,11:36:24.714329,[]
2026-06-02,11:36:24.747696,[]
2026-06-02,11:36:24.781063,[]
2026-06-02,11:36:24.814430,[]
2026-06-02,11:36:24.847797,[]
2026-06-02,11:36:24.881164,[]
2026-06-02,11:36:24.914531,[]
2026-06-02,11:36:24.947898,[]
2026-06-02,11:36:24.981265,[]
2026-06-02,11:36:25.014632,[]
2026-06-02,11:36:25.047999,[]
2026-06-02,11:36:25.081366,[]
2026-06-02,11:36:25.114733,[]
2026-06-02,11:36:25.148100,[]
2026-06-02,11:36:25.181467,[]
2026-06-02,11:36:25.214834,[]
2026-06-02,11:36:25.248201,[]
2026-06-02,11:36:25.281568,[]
2026-06-02,11:36:25.314935,[]
2026-06-02,11:36:25.348302,[]
2026-06-02,11:36:25.381669,[]
2026-06-02,11:36:25.415036,[]
2026-06-02,11:36:25.448403,[]
2026-06-02,11:36:25.481770,[]
2026-06-02,11:36:25.515137,[]
2026-06-02,11:36:25.548504,[]
2026-06-02,11:36:25.581871,[]
2026-06-02,11:36:25.615238,[]
2026-06-02,11:36:25.648605,[]
2026-06-02,11:36:25.681972,[]
2026-06-02,11:36:25.715339,[]
2026-06-02,11:36:25.748706,[]
2026-06-02,11:36:25.782073,[]
2026-06-02,11:36:25.815440,[]
2026-06-02,11:36:25.848807,[]
2026-06-02,11:36:25.882174,[]
2026-06-02,11:36:25.915541,[]
2026-06-02,11:36:25.948908,[]
2026-06-02,11:36:25.982275,[]
2026-06-02,11:36:26.015642,[]
2026-06-02,11:36:26.049009,[]
2026-06-02,11:36:26.082376,[]
2026-06-02,11:36:26.115743,[]
2026-06-02,11:36:26.149110,[]
2026-06-02,11:36:26.182477,[]
2026-06-02,11:36:26.215844,[]
2026-06-02,11:36:26.249211,[]
2026-06-02,11:36:26.282578,[]
2026-06-02,11:36:26.315945,[]
2026-06-02,11:36:26.349312,[]
2026-06-02,11:36:26.382679,[]
2026-06-02,11:36:26.416046,[]
2026-06-02,11:36:26.449413,[]
2026-06-02,11:36:26.482780,[]
2026-06-02,11:36:26.516147,[]
2026-06-02,11:36:26.549514,[]
2026-06-02,11:36:26.582881,[]
2026-06-02,11:36:26.616248,[]
2026-06-02,11:36:26.649615,[]
2026-06-02,11:36:26.682982,[]
2026-06-02,11:36:26.716349,[]
2026-06-02,11:36:26.749716,[]
2026-06-02,11:36:26.783083,[]
2026-06-02,11:36:26.816450,[]
2026-06-02,11:36:26.849817,[]
2026-06-02,11:36:26.883184,[]
2026-06-02,11:36:26.916551,[]
2026-06-02,11:36:26.949918,[]
2026-06-02,11:36:26.983285,[]
2026-06-02,11:36:27.016652,[]
2026-06-02,11:36:27.050019,[]
2026-06-02,11:36:27.083386,[]
2026-06-02,11:36:27.116753,[]
2026-06-02,11:36:27.150120,[]
2026-06-02,11:36:27.183487,[]
2026-06-02,11:36:27.216854,[]
2026-06-02,11:36:27.250221,[]
2026-06-02,11:36:27.283588,[]
2026-06-02,11:36:27.316955,[]
2026-06-02,11:36:27.350322,[]
2026-06-02,11:36:27.383689,[]
2026-06-02,11:36:27.417056,[]
2026-06-02,11:36:27.450423,[]
2026-06-02,11:36:27.483790,[]
2026-06-02,11:36:27.517157,[]
2026-06-02,11:36:27.550524,[]
2026-06-02,11:36:27.583891,[]
2026-06-02,11:36:27.617258,[]
2026-06-02,11:36:27.650625,[]
2026-06-02,11:36:27.683992,[]
2026-06-02,11:36:27.717359,[]
2026-06-02,11:36:27.750726,[]
2026-06-02,11:36:27.784093,[]
2026-06-02,11:36:27.817460,[]
2026-06-02,11:36:27.850827,[]
2026-06-02,11:36:27.884194,[]
2026-06-02,11:36:27.917561,[]
2026-06-02,11:36:27.950928,[]
2026-06-02,11:36:27.984295,[]
2026-06-02,11:36:28.017662,[]
2026-06-02,11:36:28.051029,[]
2026-06-02,11:36:28.084396,[]
2026-06-02,11:36:28.117763,[]
2026-06-02,11:36:28.151130,[]
2026-06-02,11:36:28.184497,[]
2026-06-02,11:36:28.217864,[]
2026-06-02,11:36:28.251231,[]
2026-06-02,11:36:28.284598,[]
2026-06-02,11:36:28.317965,[]
2026-06-02,11:36:28.351332,[]
2026-06-02,11:36:28.384699,[]
2026-06-02,11:36:28.418066,[]
2026-06-02,11:36:28.451433,[]
2026-06-02,11:36:28.484800,[]
2026-06-02,11:36:28.518167,[]
2026-06-02,11:36:28.551534,[]
2026-06-02,11:36:28.584901,[]
2026-06-02,11:36:28.618268,[]
2026-06-02,11:36:28.651635,[]
2026-06-02,11:36:28.685002,[]
2026-06-02,11:36:28.718369,[]
2026-06-02,11:36:28.751736,[]
2026-06-02,11:36:28.785103,[]
2026-06-02,11:36:28.818470,[]
2026-06-02,11:36:28.851837,[]
2026-06-02,11:36:28.885204,[]
2026-06-02,11:36:28.918571,[]
2026-06-02,11:36:28.951938,[]
2026-06-02,11:36:28.985305,[]
2026-06-02,11:36:29.018672,[]
2026-06-02,11:36:29.052039,[]
2026-06-02,11:36:29.085406,[]
2026-06-02,11:36:29.118773,[]
2026-06-02,11:36:29.152140,[]
2026-06-02,11:36:29.185507,[]
2026-06-02,11:36:29.218874,[]
2026-06-02,11:36:29.252241,[]
2026-06-02,11:36:29.285608,[]
2026-06-02,11:36:29.318975,[]
2026-06-02,11:36:29.352342,[]
2026-06-02,11:36:29.385709,[]
2026-06-02,11:36:29.419076,[]
2026-06-02,11:36:29.452443,[]
2026-06-02,11:36:29.485810,[]
2026-06-02,11:36:29.519177,[]
2026-06-02,11:36:29.552544,[]
2026-06-02,11:36:29.585911,[]
2026-06-02,11:36:29.619278,[]
2026-06-02,11:36:29.652645,[]
2026-06-02,11:36:29.686012,[]
2026-06-02,11:36:29.719379,[]
2026-06-02,11:36:29.752746,[]
2026-06-02,11:36:29.786113,[]
2026-06-02,11:36:29.819480,[]
2026-06-02,11:36:29.852847,[]
2026-06-02,11:36:29.886214,[]
2026-06-02,11:36:29.919581,[]
2026-06-02,11:36:29.952948,[]
2026-06-02,11:36:29.986315,[]
2026-06-02,11:36:30.019682,[]
2026-06-02,11:36:30.053049,[]
2026-06-02,11:36:30.086416,[]
2026-06-02,11:36:30.119783,[]
2026-06-02,11:36:30.153150,[]
2026-06-02,11:36:30.186517,[]
2026-06-02,11:36:30.219884,[]
2026-06-02,11:36:30.253251,[]
2026-06-02,11:36:30.286618,[]
2026-06-02,11:36:30.319985,[]
2026-06-02,11:36:30.353352,[]
2026-06-02,11:36:30.386719,[]
2026-06-02,11:36:30.420086,[]
2026-06-02,11:36:30.453453,[]
2026-06-02,11:36:30.486820,[]
2026-06-02,11:36:30.520187,[]
2026-06-02,11:36:30.553554,[]
2026-06-02,11:36:30.586921,[]
2026-06-02,11:36:30.620288,[]
2026-06-02,11:36:30.653655,[]
2026-06-02,11:36:30.687022,[]
2026-06-02,11:36:30.720389,[]
2026-06-02,11:36:30.753756,[]
2026-06-02,11:36:30.787123,[]
2026-06-02,11:36:30.820490,[]
2026-06-02,11:36:30.853857,[]
2026-06-02,11:36:30.887224,[]
2026-06-02,11:36:30.920591,[]
2026-06-02,11:36:30.953958,[]
2026-06-02,11:36:30.987325,[]
2026-06-02,11:36:31.020692,[]
2026-06-02,11:36:31.054059,[]
2026-06-02,11:36:31.087426,[]
2026-06-02,11:36:31.120793,[]
2026-06-02,11:36:31.154160,[]
2026-06-02,11:36:31.187527,[]
2026-06-02,11:36:31.220894,[]
2026-06-02,11:36:31.254261,[]
2026-06-02,11:36:31.287628,[]
2026-06-02,11:36:31.320995,[]
2026-06-02,11:36:31.354362,[]
2026-06-02,11:36:31.387729,[]
2026-06-02,11:36:31.421096,[]
2026-06-02,11:36:31.454463,[]
2026-06-02,11:36:31.487830,[]
2026-06-02,11:36:31.521197,[]
2026-06-02,11:36:31.554564,[]
2026-06-02,11:36:31.587931,[]
2026-06-02,11:36:31.621298,[]
2026-06-02,11:36:31.654665,[]
2026-06-02,11:36:31.688032,[]
2026-06-02,11:36:31.721399,[]
2026-06-02,11:36:31.754766,[]
2026-06-02,11:36:31.788133,[]
2026-06-02,11:36:31.821500,[]
2026-06-02,11:36:31.854867,[]
2026-06-02,11:36:31.888234,[]
2026-06-02,11:36:31.921601,[]
2026-06-02,11:36:31.954968,[]
2026-06-02,11:36:31.988335,[]
2026-06-02,11:36:32.021702,[]
2026-06-02,11:36:32.055069,[]
2026-06-02,11:36:32.088436,[]
2026-06-02,11:36:32.121803,[]
2026-06-02,11:36:32.155170,[]
2026-06-02,11:36:32.188537,[]
2026-06-02,11:36:32.221904,[]
2026-06-02,11:36:32.255271,[]
2026-06-02,11:36:32.288638,[]
2026-06-02,11:36:32.322005,[]
2026-06-02,11:36:32.355372,[]
2026-06-02,11:36:32.388739,[]
2026-06-02,11:36:32.422106,[]
2026-06-02,11:36:32.455473,[]
2026-06-02,11:36:32.488840,[]
2026-06-02,11:36:32.522207,[]
2026-06-02,11:36:32.555574,[]
2026-06-02,11:36:32.588941,[]
2026-06-02,11:36:32.622308,[]
2026-06-02,11:36:32.655675,[]
2026-06-02,11:36:32.689042,[]
2026-06-02,11:36:32.722409,[]
2026-06-02,11:36:32.755776,[]
2026-06-02,11:36:32.789143,[]
2026-06-02,11:36:32.822510,[]
2026-06-02,11:36:32.855877,[]
2026-06-02,11:36:32.889244,[]
2026-06-02,11:36:32.922611,[]
2026-06-02,11:36:32.955978,[]
2026-06-02,11:36:32.989345,[]
2026-06-02,11:36:33.022712,[]
2026-06-02,11:36:33.056079,[]
2026-06-02,11:36:33.089446,[]
2026-06-02,11:36:33.122813,[]
2026-06-02,11:36:33.156180,[]
2026-06-02,11:36:33.189547,[]
2026-06-02,11:36:33.222914,[]
2026-06-02,11:36:33.256281,[]
2026-06-02,11:36:33.289648,[]
2026-06-02,11:36:33.323015,[]
2026-06-02,11:36:33.356382,[]
2026-06-02,11:36:33.389749,[]
2026-06-02,11:36:33.423116,[]
2026-06-02,11:36:33.456483,[]
2026-06-02,11:36:33.489850,[]
2026-06-02,11:36:33.523217,[]
2026-06-02,11:36:33.556584,[]
2026-06-02,11:36:33.589951,[]
2026-06-02,11:36:33.623318,[]
2026-06-02,11:36:33.656685,[]
2026-06-02,11:36:33.690052,[]
2026-06-02,11:36:33.723419,[]
2026-06-02,11:36:33.756786,[]
2026-06-02,11:36:33.790153,[]
2026-06-02,11:36:33.823520,[]
2026-06-02,11:36:33.856887,[]
2026-06-02,11:36:33.890254,[]
2026-06-02,11:36:33.923621,[]
2026-06-02,11:36:33.956988,[]
2026-06-02,11:36:33.990355,[]
2026-06-02,11:36:34.023722,[]
2026-06-02,11:36:34.057089,[]
2026-06-02,11:36:34.090456,[]
2026-06-02,11:36:34.123823,[]
2026-06-02,11:36:34.157190,[]
2026-06-02,11:36:34.190557,[]
2026-06-02,11:36:34.223924,[]
2026-06-02,11:36:34.257291,[]
2026-06-02,11:36:34.290658,[]
2026-06-02,11:36:34.324025,[]
2026-06-02,11:36:34.357392,[]
2026-06-02,11:36:34.390759,[]
2026-06-02,11:36:34.424126,[]
2026-06-02,11:36:34.457493,[]
2026-06-02,11:36:34.490860,[]
2026-06-02,11:36:34.524227,[]
2026-06-02,11:36:34.557594,[]
2026-06-02,11:36:34.590961,[]
2026-06-02,11:36:34.624328,[]
2026-06-02,11:36:34.657695,[]
2026-06-02,11:36:34.691062,[]
2026-06-02,11:36:34.724429,[]
2026-06-02,11:36:34.757796,[]
2026-06-02,11:36:34.791163,[]
2026-06-02,11:36:34.824530,[]
2026-06-02,11:36:34.857897,[]
2026-06-02,11:36:34.891264,[]
2026-06-02,11:36:34.924631,[]
2026-06-02,11:36:34.957998,[]
2026-06-02,11:36:34.991365,[]
2026-06-02,11:36:35.024732,[]
2026-06-02,11:36:35.058099,[]
2026-06-02,11:36:35.091466,[]
2026-06-02,11:36:35.124833,[]
2026-06-02,11:36:35.158200,[]
2026-06-02,11:36:35.191567,[]
2026-06-02,11:36:35.224934,[]
2026-06-02,11:36:35.258301,[]
2026-06-02,11:36:35.291668,[]
2026-06-02,11:36:35.325035,[]
2026-06-02,11:36:35.358402,[]
2026-06-02,11:36:35.391769,[]
2026-06-02,11:36:35.425136,[]
2026-06-02,11:36:35.458503,[]
2026-06-02,11:36:35.491870,[]
2026-06-02,11:36:35.525237,[]
2026-06-02,11:36:35.558604,[]
2026-06-02,11:36:35.591971,[]
2026-06-02,11:36:35.625338,[]
2026-06-02,11:36:35.658705,[]
2026-06-02,11:36:35.692072,[]
2026-06-02,11:36:35.725439,[]
2026-06-02,11:36:35.758806,[]
2026-06-02,11:36:35.792173,[]
2026-06-02,11:36:35.825540,[]
2026-06-02,11:36:35.858907,[]
2026-06-02,11:36:35.892274,[]
2026-06-02,11:36:35.925641,[]
2026-06-02,11:36:35.959008,[]
2026-06-02,11:36:35.992375,[]
2026-06-02,11:36:36.025742,[]
2026-06-02,11:36:36.059109,[]
2026-06-02,11:36:36.092476,[]
2026-06-02,11:36:36.125843,[]
2026-06-02,11:36:36.159210,[]
2026-06-02,11:36:36.192577,[]
2026-06-02,11:36:36.225944,[]
2026-06-02,11:36:36.259311,[]
2026-06-02,11:36:36.292678,[]
2026-06-02,11:36:36.326045,[]
2026-06-02,11:36:36.359412,[]
2026-06-02,11:36:36.392779,[]
2026-06-02,11:36:36.426146,[]
2026-06-02,11:36:36.459513,[]
2026-06-02,11:36:36.492880,[]
2026-06-02,11:36:36.526247,[]
2026-06-02,11:36:36.559614,[]
2026-06-02,11:36:36.592981,[]
2026-06-02,11:36:36.626348,[]
2026-06-02,11:36:36.659715,[]
2026-06-02,11:36:36.693082,[]
2026-06-02,11:36:36.726449,[]
2026-06-02,11:36:36.759816,[]
2026-06-02,11:36:36.793183,[]
2026-06-02,11:36:36.826550,[]
2026-06-02,11:36:36.859917,[]
2026-06-02,11:36:36.893284,[]
2026-06-02,11:36:36.926651,[]
2026-06-02,11:36:36.960018,[]
2026-06-02,11:36:36.993385,[]
2026-06-02,11:36:37.026752,[]
2026-06-02,11:36:37.060119,[]
2026-06-02,11:36:37.093486,[]
2026-06-02,11:36:37.126853,[]
2026-06-02,11:36:37.160220,[]
2026-06-02,11:36:37.193587,[]
2026-06-02,11:36:37.226954,[]
2026-06-02,11:36:37.260321,[]
2026-06-02,11:36:37.293688,[]
2026-06-02,11:36:37.327055,[]
2026-06-02,11:36:37.360422,[]
2026-06-02,11:36:37.393789,[]
2026-06-02,11:36:37.427156,[]
2026-06-02,11:36:37.460523,[]
2026-06-02,11:36:37.493890,[]
2026-06-02,11:36:37.527257,[]
2026-06-02,11:36:37.560624,[]
2026-06-02,11:36:37.593991,[]
2026-06-02,11:36:37.627358,[]
2026-06-02,11:36:37.660725,[]
2026-06-02,11:36:37.694092,[]
2026-06-02,11:36:37.727459,[]
2026-06-02,11:36:37.760826,[]
2026-06-02,11:36:37.794193,[]
2026-06-02,11:36:37.827560,[]
2026-06-02,11:36:37.860927,[]
2026-06-02,11:36:37.894294,[]
2026-06-02,11:36:37.927661,[]
2026-06-02,11:36:37.961028,[]
2026-06-02,11:36:37.994395,[]
2026-06-02,11:36:38.027762,[]
2026-06-02,11:36:38.061129,[]
2026-06-02,11:36:38.094496,[]
2026-06-02,11:36:38.127863,[]
2026-06-02,11:36:38.161230,[]
2026-06-02,11:36:38.194597,[]
2026-06-02,11:36:38.227964,[]
2026-06-02,11:36:38.261331,[]
2026-06-02,11:36:38.294698,[]
2026-06-02,11:36:38.328065,[]
2026-06-02,11:36:38.361432,[]
2026-06-02,11:36:38.394799,[]
2026-06-02,11:36:38.428166,[]
2026-06-02,11:36:38.461533,[]
2026-06-02,11:36:38.494900,[]
2026-06-02,11:36:38.528267,[]
2026-06-02,11:36:38.561634,[]
2026-06-02,11:36:38.595001,[]
2026-06-02,11:36:38.628368,[]
2026-06-02,11:36:38.661735,[]
2026-06-02,11:36:38.695102,[]
2026-06-02,11:36:38.728469,[]
2026-06-02,11:36:38.761836,[]
2026-06-02,11:36:38.795203,[]
2026-06-02,11:36:38.828570,[]
2026-06-02,11:36:38.861937,[]
2026-06-02,11:36:38.895304,[]
2026-06-02,11:36:38.928671,[]
2026-06-02,11:36:38.962038,[]
2026-06-02,11:36:38.995405,[]
2026-06-02,11:36:39.028772,[]
2026-06-02,11:36:39.062139,[]
2026-06-02,11:36:39.095506,[]
2026-06-02,11:36:39.128873,[]
2026-06-02,11:36:39.162240,[]
2026-06-02,11:36:39.195607,[]
2026-06-02,11:36:39.228974,[]
2026-06-02,11:36:39.262341,[]
2026-06-02,11:36:39.295708,[]
2026-06-02,11:36:39.329075,[]
2026-06-02,11:36:39.362442,[]
2026-06-02,11:36:39.395809,[]
2026-06-02,11:36:39.429176,[]
2026-06-02,11:36:39.462543,[]
2026-06-02,11:36:39.495910,[]
2026-06-02,11:36:39.529277,[]
2026-06-02,11:36:39.562644,[]
2026-06-02,11:36:39.596011,[]
2026-06-02,11:36:39.629378,[]
2026-06-02,11:36:39.662745,[]
2026-06-02,11:36:39.696112,[]
2026-06-02,11:36:39.729479,[]
2026-06-02,11:36:39.762846,[]
2026-06-02,11:36:39.796213,[]
2026-06-02,11:36:39.829580,[]
2026-06-02,11:36:39.862947,[]
2026-06-02,11:36:39.896314,[]
2026-06-02,11:36:39.929681,[]
2026-06-02,11:36:39.963048,[]
2026-06-02,11:36:39.996415,[]
2026-06-02,11:36:40.029782,[]
2026-06-02,11:36:40.063149,[]
2026-06-02,11:36:40.096516,[]
2026-06-02,11:36:40.129883,[]
2026-06-02,11:36:40.163250,[]
2026-06-02,11:36:40.196617,[]
2026-06-02,11:36:40.229984,[]
2026-06-02,11:36:40.263351,[]
2026-06-02,11:36:40.296718,[]
2026-06-02,11:36:40.330085,[]
2026-06-02,11:36:40.363452,[]
2026-06-02,11:36:40.396819,[]
2026-06-02,11:36:40.430186,[]
2026-06-02,11:36:40.463553,[]
2026-06-02,11:36:40.496920,[]
2026-06-02,11:36:40.530287,[]
2026-06-02,11:36:40.563654,[]
2026-06-02,11:36:40.597021,[]
2026-06-02,11:36:40.630388,[]
2026-06-02,11:36:40.663755,[]
2026-06-02,11:36:40.697122,[]
2026-06-02,11:36:40.730489,[]
2026-06-02,11:36:40.763856,[]
2026-06-02,11:36:40.797223,[]
2026-06-02,11:36:40.830590,[]
2026-06-02,11:36:40.863957,[]
2026-06-02,11:36:40.897324,[]
2026-06-02,11:36:40.930691,[]
2026-06-02,11:36:40.964058,[]
2026-06-02,11:36:40.997425,[]
2026-06-02,11:36:41.030792,[]
2026-06-02,11:36:41.064159,[]
2026-06-02,11:36:41.097526,[]
2026-06-02,11:36:41.130893,[]
2026-06-02,11:36:41.164260,[]
2026-06-02,11:36:41.197627,[]
2026-06-02,11:36:41.230994,[]
2026-06-02,11:36:41.264361,[]
2026-06-02,11:36:41.297728,[]
2026-06-02,11:36:41.331095,[]
2026-06-02,11:36:41.364462,[]
2026-06-02,11:36:41.397829,[]
2026-06-02,11:36:41.431196,[]
2026-06-02,11:36:41.464563,[]
2026-06-02,11:36:41.497930,[]
2026-06-02,11:36:41.531297,[]
2026-06-02,11:36:41.564664,[]
2026-06-02,11:36:41.598031,[]
2026-06-02,11:36:41.631398,[]
2026-06-02,11:36:41.664765,[]
2026-06-02,11:36:41.698132,[]
2026-06-02,11:36:41.731499,[]
2026-06-02,11:36:41.764866,[]
2026-06-02,11:36:41.798233,[]
2026-06-02,11:36:41.831600,[]
2026-06-02,11:36:41.864967,[]
2026-06-02,11:36:41.898334,[]
2026-06-02,11:36:41.931701,[]
2026-06-02,11:36:41.965068,[]
2026-06-02,11:36:41.998435,[]
2026-06-02,11:36:42.031802,[]
2026-06-02,11:36:42.065169,[]
2026-06-02,11:36:42.098536,[]
2026-06-02,11:36:42.131903,[]
2026-06-02,11:36:42.165270,[]
2026-06-02,11:36:42.198637,[]
2026-06-02,11:36:42.232004,[]
2026-06-02,11:36:42.265371,[]
2026-06-02,11:36:42.298738,[]
2026-06-02,11:36:42.332105,[]
2026-06-02,11:36:42.365472,[]
2026-06-02,11:36:42.398839,[]
2026-06-02,11:36:42.432206,[]
2026-06-02,11:36:42.465573,[]
2026-06-02,11:36:42.498940,[]
2026-06-02,11:36:42.532307,[]
2026-06-02,11:36:42.565674,[]
2026-06-02,11:36:42.599041,[]
2026-06-02,11:36:42.632408,[]
2026-06-02,11:36:42.665775,[]
2026-06-02,11:36:42.699142,[]
2026-06-02,11:36:42.732509,[]
2026-06-02,11:36:42.765876,[]
2026-06-02,11:36:42.799243,[]
2026-06-02,11:36:42.832610,[]
2026-06-02,11:36:42.865977,[]
2026-06-02,11:36:42.899344,[]
2026-06-02,11:36:42.932711,[]
2026-06-02,11:36:42.966078,[]
2026-06-02,11:36:42.999445,[]
2026-06-02,11:36:43.032812,[]
2026-06-02,11:36:43.066179,[]
2026-06-02,11:36:43.099546,[]
2026-06-02,11:36:43.132913,[]
2026-06-02,11:36:43.166280,[]
2026-06-02,11:36:43.199647,[]
2026-06-02,11:36:43.233014,[]
2026-06-02,11:36:43.266381,[]
2026-06-02,11:36:43.299748,[]
2026-06-02,11:36:43.333115,[]
2026-06-02,11:36:43.366482,[]
2026-06-02,11:36:43.399849,[]
2026-06-02,11:36:43.433216,[]
2026-06-02,11:36:43.466583,[]
2026-06-02,11:36:43.499950,[]
2026-06-02,11:36:43.533317,[]
2026-06-02,11:36:43.566684,[]
2026-06-02,11:36:43.600051,[]
2026-06-02,11:36:43.633418,[]
2026-06-02,11:36:43.666785,[]
2026-06-02,11:36:43.700152,[]
2026-06-02,11:36:43.733519,[]
2026-06-02,11:36:43.766886,[]
2026-06-02,11:36:43.800253,[]
2026-06-02,11:36:43.833620,[]
2026-06-02,11:36:43.866987,[]
2026-06-02,11:36:43.900354,[]
2026-06-02,11:36:43.933721,[]
2026-06-02,11:36:43.967088,[]
2026-06-02,11:36:44.000455,[]
2026-06-02,11:36:44.033822,[]
2026-06-02,11:36:44.067189,[]
2026-06-02,11:36:44.100556,[]
2026-06-02,11:36:44.133923,[]
2026-06-02,11:36:44.167290,[]
2026-06-02,11:36:44.200657,[]
2026-06-02,11:36:44.234024,[]
2026-06-02,11:36:44.267391,[]
2026-06-02,11:36:44.300758,[]
2026-06-02,11:36:44.334125,[]
2026-06-02,11:36:44.367492,[]
2026-06-02,11:36:44.400859,[]
2026-06-02,11:36:44.434226,[]
2026-06-02,11:36:44.467593,[]
2026-06-02,11:36:44.500960,[]
2026-06-02,11:36:44.534327,[]
2026-06-02,11:36:44.567694,[]
2026-06-02,11:36:44.601061,[]
2026-06-02,11:36:44.634428,[]
2026-06-02,11:36:44.667795,[]
2026-06-02,11:36:44.701162,[]
2026-06-02,11:36:44.734529,[]
2026-06-02,11:36:44.767896,[]
2026-06-02,11:36:44.801263,[]
2026-06-02,11:36:44.834630,[]
2026-06-02,11:36:44.867997,[]
2026-06-02,11:36:44.901364,[]
2026-06-02,11:36:44.934731,[]
2026-06-02,11:36:44.968098,[]
2026-06-02,11:36:45.001465,[]
2026-06-02,11:36:45.034832,[]
2026-06-02,11:36:45.068199,[]
2026-06-02,11:36:45.101566,[]
2026-06-02,11:36:45.134933,[]
2026-06-02,11:36:45.168300,[]
2026-06-02,11:36:45.201667,[]
2026-06-02,11:36:45.235034,[]
2026-06-02,11:36:45.268401,[]
2026-06-02,11:36:45.301768,[]
2026-06-02,11:36:45.335135,[]
2026-06-02,11:36:45.368502,[]
2026-06-02,11:36:45.401869,[]
2026-06-02,11:36:45.435236,[]
2026-06-02,11:36:45.468603,[]
2026-06-02,11:36:45.501970,[]
2026-06-02,11:36:45.535337,[]
2026-06-02,11:36:45.568704,[]
2026-06-02,11:36:45.602071,[]
2026-06-02,11:36:45.635438,[]
2026-06-02,11:36:45.668805,[]
2026-06-02,11:36:45.702172,[]
2026-06-02,11:36:45.735539,[]
2026-06-02,11:36:45.768906,[]
2026-06-02,11:36:45.802273,[]
2026-06-02,11:36:45.835640,[]
2026-06-02,11:36:45.869007,[]
2026-06-02,11:36:45.902374,[]
2026-06-02,11:36:45.935741,[]
2026-06-02,11:36:45.969108,[]
2026-06-02,11:36:46.002475,[]
2026-06-02,11:36:46.035842,[]
2026-06-02,11:36:46.069209,[]
2026-06-02,11:36:46.102576,[]
2026-06-02,11:36:46.135943,[]
2026-06-02,11:36:46.169310,[]
2026-06-02,11:36:46.202677,[]
2026-06-02,11:36:46.236044,[]
2026-06-02,11:36:46.269411,[]
2026-06-02,11:36:46.302778,[]
2026-06-02,11:36:46.336145,[]
2026-06-02,11:36:46.369512,[]
2026-06-02,11:36:46.402879,[]
2026-06-02,11:36:46.436246,[]
2026-06-02,11:36:46.469613,[]
2026-06-02,11:36:46.502980,[]
2026-06-02,11:36:46.536347,[]
2026-06-02,11:36:46.569714,[]
2026-06-02,11:36:46.603081,[]
2026-06-02,11:36:46.636448,[]
2026-06-02,11:36:46.669815,[]
2026-06-02,11:36:46.703182,[]
2026-06-02,11:36:46.736549,[]
2026-06-02,11:36:46.769916,[]
2026-06-02,11:36:46.803283,[]
2026-06-02,11:36:46.836650,[]
2026-06-02,11:36:46.870017,[]
2026-06-02,11:36:46.903384,[]
2026-06-02,11:36:46.936751,[]
2026-06-02,11:36:46.970118,[]
2026-06-02,11:36:47.003485,[]
2026-06-02,11:36:47.036852,[]
2026-06-02,11:36:47.070219,[]
2026-06-02,11:36:47.103586,[]
2026-06-02,11:36:47.136953,[]
2026-06-02,11:36:47.170320,[]
2026-06-02,11:36:47.203687,[]
2026-06-02,11:36:47.237054,[]
2026-06-02,11:36:47.270421,[]
2026-06-02,11:36:47.303788,[]
2026-06-02,11:36:47.337155,[]
2026-06-02,11:36:47.370522,[]
2026-06-02,11:36:47.403889,[]
2026-06-02,11:36:47.437256,[]
2026-06-02,11:36:47.470623,[]
2026-06-02,11:36:47.503990,[]
2026-06-02,11:36:47.537357,[]
2026-06-02,11:36:47.570724,[]
2026-06-02,11:36:47.604091,[]
2026-06-02,11:36:47.637458,[]
2026-06-02,11:36:47.670825,[]
2026-06-02,11:36:47.704192,[]
2026-06-02,11:36:47.737559,[]
2026-06-02,11:36:47.770926,[]
2026-06-02,11:36:47.804293,[]
2026-06-02,11:36:47.837660,[]
2026-06-02,11:36:47.871027,[]
2026-06-02,11:36:47.904394,[]
2026-06-02,11:36:47.937761,[]
2026-06-02,11:36:47.971128,[]
2026-06-02,11:36:48.004495,[]
2026-06-02,11:36:48.037862,[]
2026-06-02,11:36:48.071229,[]
2026-06-02,11:36:48.104596,[]
2026-06-02,11:36:48.137963,[]
2026-06-02,11:36:48.171330,[]
2026-06-02,11:36:48.204697,[]
2026-06-02,11:36:48.238064,[]
2026-06-02,11:36:48.271431,[]
2026-06-02,11:36:48.304798,[]
2026-06-02,11:36:48.338165,[]
2026-06-02,11:36:48.371532,[]
2026-06-02,11:36:48.404899,[]
2026-06-02,11:36:48.438266,[]
2026-06-02,11:36:48.471633,[]
2026-06-02,11:36:48.505000,[]
2026-06-02,11:36:48.538367,[]
2026-06-02,11:36:48.571734,[]
2026-06-02,11:36:48.605101,[]
2026-06-02,11:36:48.638468,[]
2026-06-02,11:36:48.671835,[]
2026-06-02,11:36:48.705202,[]
2026-06-02,11:36:48.738569,[]
2026-06-02,11:36:48.771936,[]
2026-06-02,11:36:48.805303,[]
2026-06-02,11:36:48.838670,[]
2026-06-02,11:36:48.872037,[]
2026-06-02,11:36:48.905404,[]
2026-06-02,11:36:48.938771,[]
2026-06-02,11:36:48.972138,[]
2026-06-02,11:36:49.005505,[]
2026-06-02,11:36:49.038872,[]
2026-06-02,11:36:49.072239,[]
2026-06-02,11:36:49.105606,[]
2026-06-02,11:36:49.138973,[]
2026-06-02,11:36:49.172340,[]
2026-06-02,11:36:49.205707,[]
2026-06-02,11:36:49.239074,[]
2026-06-02,11:36:49.272441,[]
2026-06-02,11:36:49.305808,[]
2026-06-02,11:36:49.339175,[]
2026-06-02,11:36:49.372542,[]
2026-06-02,11:36:49.405909,[]
2026-06-02,11:36:49.439276,[]
2026-06-02,11:36:49.472643,[]
2026-06-02,11:36:49.506010,[]
2026-06-02,11:36:49.539377,[]
2026-06-02,11:36:49.572744,[]
2026-06-02,11:36:49.606111,[]
2026-06-02,11:36:49.639478,[]
2026-06-02,11:36:49.672845,[]
2026-06-02,11:36:49.706212,[]
2026-06-02,11:36:49.739579,[]
2026-06-02,11:36:49.772946,[]
2026-06-02,11:36:49.806313,[]
2026-06-02,11:36:49.839680,[]
2026-06-02,11:36:49.873047,[]
2026-06-02,11:36:49.906414,[]
2026-06-02,11:36:49.939781,[]
2026-06-02,11:36:49.973148,[]
2026-06-02,11:36:50.006515,[]
2026-06-02,11:36:50.039882,[]
2026-06-02,11:36:50.073249,[]
2026-06-02,11:36:50.106616,[]
2026-06-02,11:36:50.139983,[]
2026-06-02,11:36:50.173350,[]
2026-06-02,11:36:50.206717,[]
2026-06-02,11:36:50.240084,[]
2026-06-02,11:36:50.273451,[]
2026-06-02,11:36:50.306818,[]
2026-06-02,11:36:50.340185,[]
2026-06-02,11:36:50.373552,[]
2026-06-02,11:36:50.406919,[]
2026-06-02,11:36:50.440286,[]
2026-06-02,11:36:50.473653,[]
2026-06-02,11:36:50.507020,[]
2026-06-02,11:36:50.540387,[]
2026-06-02,11:36:50.573754,[]
2026-06-02,11:36:50.607121,[]
2026-06-02,11:36:50.640488,[]
2026-06-02,11:36:50.673855,[]
2026-06-02,11:36:50.707222,[]
2026-06-02,11:36:50.740589,[]
2026-06-02,11:36:50.773956,[]
2026-06-02,11:36:50.807323,[]
2026-06-02,11:36:50.840690,[]
2026-06-02,11:36:50.874057,[]
2026-06-02,11:36:50.907424,[]
2026-06-02,11:36:50.940791,[]
2026-06-02,11:36:50.974158,[]
2026-06-02,11:36:51.007525,[]
2026-06-02,11:36:51.040892,[]
2026-06-02,11:36:51.074259,[]
2026-06-02,11:36:51.107626,[]
2026-06-02,11:36:51.140993,[]
2026-06-02,11:36:51.174360,[]
2026-06-02,11:36:51.207727,[]
2026-06-02,11:36:51.241094,[]
2026-06-02,11:36:51.274461,[]
2026-06-02,11:36:51.307828,[]
2026-06-02,11:36:51.341195,[]
2026-06-02,11:36:51.374562,[]
2026-06-02,11:36:51.407929,[]
2026-06-02,11:36:51.441296,[]
2026-06-02,11:36:51.474663,[]
2026-06-02,11:36:51.508030,[]
2026-06-02,11:36:51.541397,[]
2026-06-02,11:36:51.574764,[]
2026-06-02,11:36:51.608131,[]
2026-06-02,11:36:51.641498,[]
2026-06-02,11:36:51.674865,[]
2026-06-02,11:36:51.708232,[]
2026-06-02,11:36:51.741599,[]
2026-06-02,11:36:51.774966,[]
2026-06-02,11:36:51.808333,[]
2026-06-02,11:36:51.841700,[]
2026-06-02,11:36:51.875067,[]
2026-06-02,11:36:51.908434,[]
2026-06-02,11:36:51.941801,[]
2026-06-02,11:36:51.975168,[]
2026-06-02,11:36:52.008535,[]
2026-06-02,11:36:52.041902,[]
2026-06-02,11:36:52.075269,[]
2026-06-02,11:36:52.108636,[]
2026-06-02,11:36:52.142003,[]
2026-06-02,11:36:52.175370,[]
2026-06-02,11:36:52.208737,[]
2026-06-02,11:36:52.242104,[]
2026-06-02,11:36:52.275471,[]
2026-06-02,11:36:52.308838,[]
2026-06-02,11:36:52.342205,[]
2026-06-02,11:36:52.375572,[]
2026-06-02,11:36:52.408939,[]
2026-06-02,11:36:52.442306,[]
2026-06-02,11:36:52.475673,[]
2026-06-02,11:36:52.509040,[]
2026-06-02,11:36:52.542407,[]
2026-06-02,11:36:52.575774,[]
2026-06-02,11:36:52.609141,[]
2026-06-02,11:36:52.642508,[]
2026-06-02,11:36:52.675875,[]
2026-06-02,11:36:52.709242,[]
2026-06-02,11:36:52.742609,[]
2026-06-02,11:36:52.775976,[]
2026-06-02,11:36:52.809343,[]
2026-06-02,11:36:52.842710,[]
2026-06-02,11:36:52.876077,[]
2026-06-02,11:36:52.909444,[]
2026-06-02,11:36:52.942811,[]
2026-06-02,11:36:52.976178,[]
2026-06-02,11:36:53.009545,[]
2026-06-02,11:36:53.042912,[]
2026-06-02,11:36:53.076279,[]
2026-06-02,11:36:53.109646,[]
2026-06-02,11:36:53.143013,[]
2026-06-02,11:36:53.176380,[]
2026-06-02,11:36:53.209747,[]
2026-06-02,11:36:53.243114,[]
2026-06-02,11:36:53.276481,[]
2026-06-02,11:36:53.309848,[]
2026-06-02,11:36:53.343215,[]
2026-06-02,11:36:53.376582,[]
2026-06-02,11:36:53.409949,[]
2026-06-02,11:36:53.443316,[]
2026-06-02,11:36:53.476683,[]
2026-06-02,11:36:53.510050,[]
2026-06-02,11:36:53.543417,[]
2026-06-02,11:36:53.576784,[]
2026-06-02,11:36:53.610151,[]
2026-06-02,11:36:53.643518,[]
2026-06-02,11:36:53.676885,[]
2026-06-02,11:36:53.710252,[]
2026-06-02,11:36:53.743619,[]
2026-06-02,11:36:53.776986,[]
2026-06-02,11:36:53.810353,[]
2026-06-02,11:36:53.843720,[]
2026-06-02,11:36:53.877087,[]
2026-06-02,11:36:53.910454,[]
2026-06-02,11:36:53.943821,[]
2026-06-02,11:36:53.977188,[]
2026-06-02,11:36:54.010555,[]
2026-06-02,11:36:54.043922,[]
2026-06-02,11:36:54.077289,[]
2026-06-02,11:36:54.110656,[]
2026-06-02,11:36:54.144023,[]
2026-06-02,11:36:54.177390,[]
2026-06-02,11:36:54.210757,[]
2026-06-02,11:36:54.244124,[]
2026-06-02,11:36:54.277491,[]
2026-06-02,11:36:54.310858,[]
2026-06-02,11:36:54.344225,[]
2026-06-02,11:36:54.377592,[]
2026-06-02,11:36:54.410959,[]
2026-06-02,11:36:54.444326,[]
2026-06-02,11:36:54.477693,[]
2026-06-02,11:36:54.511060,[]
2026-06-02,11:36:54.544427,[]
2026-06-02,11:36:54.577794,[]
2026-06-02,11:36:54.611161,[]
2026-06-02,11:36:54.644528,[]
2026-06-02,11:36:54.677895,[]
2026-06-02,11:36:54.711262,[]
2026-06-02,11:36:54.744629,[]
2026-06-02,11:36:54.777996,[]
2026-06-02,11:36:54.811363,[]
2026-06-02,11:36:54.844730,[]
2026-06-02,11:36:54.878097,[]
2026-06-02,11:36:54.911464,[]
2026-06-02,11:36:54.944831,[]
2026-06-02,11:36:54.978198,[]
2026-06-02,11:36:55.011565,[]
2026-06-02,11:36:55.044932,[]
2026-06-02,11:36:55.078299,[]
2026-06-02,11:36:55.111666,[]
2026-06-02,11:36:55.145033,[]
2026-06-02,11:36:55.178400,[]
2026-06-02,11:36:55.211767,[]
2026-06-02,11:36:55.245134,[]
2026-06-02,11:36:55.278501,[]
2026-06-02,11:36:55.311868,[]
2026-06-02,11:36:55.345235,[]
2026-06-02,11:36:55.378602,[]
2026-06-02,11:36:55.411969,[]
2026-06-02,11:36:55.445336,[]
2026-06-02,11:36:55.478703,[]
2026-06-02,11:36:55.512070,[]
2026-06-02,11:36:55.545437,[]
2026-06-02,11:36:55.578804,[]
2026-06-02,11:36:55.612171,[]
2026-06-02,11:36:55.645538,[]
2026-06-02,11:36:55.678905,[]
2026-06-02,11:36:55.712272,[]
2026-06-02,11:36:55.745639,[]
2026-06-02,11:36:55.779006,[]
2026-06-02,11:36:55.812373,[]
2026-06-02,11:36:55.845740,[]
2026-06-02,11:36:55.879107,[]
2026-06-02,11:36:55.912474,[]
2026-06-02,11:36:55.945841,[]
2026-06-02,11:36:55.979208,[]
2026-06-02,11:36:56.012575,[]
2026-06-02,11:36:56.045942,[]
2026-06-02,11:36:56.079309,[]
2026-06-02,11:36:56.112676,[]
2026-06-02,11:36:56.146043,[]
2026-06-02,11:36:56.179410,[]
2026-06-02,11:36:56.212777,[]
2026-06-02,11:36:56.246144,[]
2026-06-02,11:36:56.279511,[]
2026-06-02,11:36:56.312878,[]
2026-06-02,11:36:56.346245,[]
2026-06-02,11:36:56.379612,[]
2026-06-02,11:36:56.412979,[]
2026-06-02,11:36:56.446346,[]
2026-06-02,11:36:56.479713,[]
2026-06-02,11:36:56.513080,[]
2026-06-02,11:36:56.546447,[]
2026-06-02,11:36:56.579814,[]
2026-06-02,11:36:56.613181,[]
2026-06-02,11:36:56.646548,[]
2026-06-02,11:36:56.679915,[]
2026-06-02,11:36:56.713282,[]
2026-06-02,11:36:56.746649,[]
2026-06-02,11:36:56.780016,[]
2026-06-02,11:36:56.813383,[]
2026-06-02,11:36:56.846750,[]
2026-06-02,11:36:56.880117,[]
2026-06-02,11:36:56.913484,[]
2026-06-02,11:36:56.946851,[]
2026-06-02,11:36:56.980218,[]
2026-06-02,11:36:57.013585,[]
2026-06-02,11:36:57.046952,[]
2026-06-02,11:36:57.080319,[]
2026-06-02,11:36:57.113686,[]
2026-06-02,11:36:57.147053,[]
2026-06-02,11:36:57.180420,[]
2026-06-02,11:36:57.213787,[]
2026-06-02,11:36:57.247154,[]
2026-06-02,11:36:57.280521,[]
2026-06-02,11:36:57.313888,[]
2026-06-02,11:36:57.347255,[]
2026-06-02,11:36:57.380622,[]
2026-06-02,11:36:57.413989,[]
2026-06-02,11:36:57.447356,[]
2026-06-02,11:36:57.480723,[]
2026-06-02,11:36:57.514090,[]
2026-06-02,11:36:57.547457,[]
2026-06-02,11:36:57.580824,[]
2026-06-02,11:36:57.614191,[]
2026-06-02,11:36:57.647558,[]
2026-06-02,11:36:57.680925,[]
2026-06-02,11:36:57.714292,[]
2026-06-02,11:36:57.747659,[]
2026-06-02,11:36:57.781026,[]
2026-06-02,11:36:57.814393,[]
2026-06-02,11:36:57.847760,[]
2026-06-02,11:36:57.881127,[]
2026-06-02,11:36:57.914494,[]
2026-06-02,11:36:57.947861,[]
2026-06-02,11:36:57.981228,[]
2026-06-02,11:36:58.014595,[]
2026-06-02,11:36:58.047962,[]
2026-06-02,11:36:58.081329,[]
2026-06-02,11:36:58.114696,[]
2026-06-02,11:36:58.148063,[]
2026-06-02,11:36:58.181430,[]
2026-06-02,11:36:58.214797,[]
2026-06-02,11:36:58.248164,[]
2026-06-02,11:36:58.281531,[]
2026-06-02,11:36:58.314898,[]
2026-06-02,11:36:58.348265,[]
2026-06-02,11:36:58.381632,[]
2026-06-02,11:36:58.414999,[]
2026-06-02,11:36:58.448366,[]
2026-06-02,11:36:58.481733,[]
2026-06-02,11:36:58.515100,[]
2026-06-02,11:36:58.548467,[]
2026-06-02,11:36:58.581834,[]
2026-06-02,11:36:58.615201,[]
2026-06-02,11:36:58.648568,[]
2026-06-02,11:36:58.681935,[]
2026-06-02,11:36:58.715302,[]
2026-06-02,11:36:58.748669,[]
2026-06-02,11:36:58.782036,[]
2026-06-02,11:36:58.815403,[]
2026-06-02,11:36:58.848770,[]
2026-06-02,11:36:58.882137,[]
2026-06-02,11:36:58.915504,[]
2026-06-02,11:36:58.948871,[]
2026-06-02,11:36:58.982238,[]
2026-06-02,11:36:59.015605,[]
2026-06-02,11:36:59.048972,[]
2026-06-02,11:36:59.082339,[]
2026-06-02,11:36:59.115706,[]
2026-06-02,11:36:59.149073,[]
2026-06-02,11:36:59.182440,[]
2026-06-02,11:36:59.215807,[]
2026-06-02,11:36:59.249174,[]
2026-06-02,11:36:59.282541,[]
2026-06-02,11:36:59.315908,[]
2026-06-02,11:36:59.349275,[]
2026-06-02,11:36:59.382642,[]
2026-06-02,11:36:59.416009,[]
2026-06-02,11:36:59.449376,[]
2026-06-02,11:36:59.482743,[]
2026-06-02,11:36:59.516110,[]
2026-06-02,11:36:59.549477,[]
2026-06-02,11:36:59.582844,[]
2026-06-02,11:36:59.616211,[]
2026-06-02,11:36:59.649578,[]
2026-06-02,11:36:59.682945,[]
2026-06-02,11:36:59.716312,[]
2026-06-02,11:36:59.749679,[]
2026-06-02,11:36:59.783046,[]
2026-06-02,11:36:59.816413,[]
2026-06-02,11:36:59.849780,[]
2026-06-02,11:36:59.883147,[]
2026-06-02,11:36:59.916514,[]
2026-06-02,11:36:59.949881,[]
2026-06-02,11:36:59.983248,[]
2026-06-02,11:37:00.016615,[]
2026-06-02,11:37:00.049982,[]
2026-06-02,11:37:00.083349,[]
2026-06-02,11:37:00.116716,[]
2026-06-02,11:37:00.150083,[]
2026-06-02,11:37:00.183450,[]
2026-06-02,11:37:00.216817,[]
2026-06-02,11:37:00.250184,[]
2026-06-02,11:37:00.283551,[]
2026-06-02,11:37:00.316918,[]
2026-06-02,11:37:00.350285,[]
2026-06-02,11:37:00.383652,[]
2026-06-02,11:37:00.417019,[]
2026-06-02,11:37:00.450386,[]
2026-06-02,11:37:00.483753,[]
2026-06-02,11:37:00.517120,[]
2026-06-02,11:37:00.550487,[]
2026-06-02,11:37:00.583854,[]
2026-06-02,11:37:00.617221,[]
2026-06-02,11:37:00.650588,[]
2026-06-02,11:37:00.683955,[]
2026-06-02,11:37:00.717322,[]
2026-06-02,11:37:00.750689,[]
2026-06-02,11:37:00.784056,[]
2026-06-02,11:37:00.817423,[]
2026-06-02,11:37:00.850790,[]
2026-06-02,11:37:00.884157,[]
2026-06-02,11:37:00.917524,[]
2026-06-02,11:37:00.950891,[]
2026-06-02,11:37:00.984258,[]
2026-06-02,11:37:01.017625,[]
2026-06-02,11:37:01.050992,[]
2026-06-02,11:37:01.084359,[]
2026-06-02,11:37:01.117726,[]
2026-06-02,11:37:01.151093,[]
2026-06-02,11:37:01.184460,[]
2026-06-02,11:37:01.217827,[]
2026-06-02,11:37:01.251194,[]
2026-06-02,11:37:01.284561,[]
2026-06-02,11:37:01.317928,[]
2026-06-02,11:37:01.351295,[]
2026-06-02,11:37:01.384662,[]
2026-06-02,11:37:01.418029,[]
2026-06-02,11:37:01.451396,[]
2026-06-02,11:37:01.484763,[]
2026-06-02,11:37:01.518130,[]
2026-06-02,11:37:01.551497,[]
2026-06-02,11:37:01.584864,[]
2026-06-02,11:37:01.618231,[]
2026-06-02,11:37:01.651598,[]
2026-06-02,11:37:01.684965,[]
2026-06-02,11:37:01.718332,[]
2026-06-02,11:37:01.751699,[]
2026-06-02,11:37:01.785066,[]
2026-06-02,11:37:01.818433,[]
2026-06-02,11:37:01.851800,[]
2026-06-02,11:37:01.885167,[]
2026-06-02,11:37:01.918534,[]
2026-06-02,11:37:01.951901,[]
2026-06-02,11:37:01.985268,[]
2026-06-02,11:37:02.018635,[]
2026-06-02,11:37:02.052002,[]
2026-06-02,11:37:02.085369,[]
2026-06-02,11:37:02.118736,[]
2026-06-02,11:37:02.152103,[]
2026-06-02,11:37:02.185470,[]
2026-06-02,11:37:02.218837,[]
2026-06-02,11:37:02.252204,[]
2026-06-02,11:37:02.285571,[]
2026-06-02,11:37:02.318938,[]
2026-06-02,11:37:02.352305,[]
2026-06-02,11:37:02.385672,[]
2026-06-02,11:37:02.419039,[]
2026-06-02,11:37:02.452406,[]
2026-06-02,11:37:02.485773,[]
2026-06-02,11:37:02.519140,[]
2026-06-02,11:37:02.552507,[]
2026-06-02,11:37:02.585874,[]
2026-06-02,11:37:02.619241,[]
2026-06-02,11:37:02.652608,[]
2026-06-02,11:37:02.685975,[]
2026-06-02,11:37:02.719342,[]
2026-06-02,11:37:02.752709,[]
2026-06-02,11:37:02.786076,[]
2026-06-02,11:37:02.819443,[]
2026-06-02,11:37:02.852810,[]
2026-06-02,11:37:02.886177,[]
2026-06-02,11:37:02.919544,[]
2026-06-02,11:37:02.952911,[]
2026-06-02,11:37:02.986278,[]
2026-06-02,11:37:03.019645,[]
2026-06-02,11:37:03.053012,[]
2026-06-02,11:37:03.086379,[]
2026-06-02,11:37:03.119746,[]
2026-06-02,11:37:03.153113,[]
2026-06-02,11:37:03.186480,[]
2026-06-02,11:37:03.219847,[]
2026-06-02,11:37:03.253214,[]
2026-06-02,11:37:03.286581,[]
2026-06-02,11:37:03.319948,[]
2026-06-02,11:37:03.353315,[]
2026-06-02,11:37:03.386682,[]
2026-06-02,11:37:03.420049,[]
2026-06-02,11:37:03.453416,[]
2026-06-02,11:37:03.486783,[]
2026-06-02,11:37:03.520150,[]
2026-06-02,11:37:03.553517,[]
2026-06-02,11:37:03.586884,[]
2026-06-02,11:37:03.620251,[]
2026-06-02,11:37:03.653618,[]
2026-06-02,11:37:03.686985,[]
2026-06-02,11:37:03.720352,[]
2026-06-02,11:37:03.753719,[]
2026-06-02,11:37:03.787086,[]
2026-06-02,11:37:03.820453,[]
2026-06-02,11:37:03.853820,[]
2026-06-02,11:37:03.887187,[]
2026-06-02,11:37:03.920554,[]
2026-06-02,11:37:03.953921,[]
2026-06-02,11:37:03.987288,[]
2026-06-02,11:37:04.020655,[]
2026-06-02,11:37:04.054022,[]
2026-06-02,11:37:04.087389,[]
2026-06-02,11:37:04.120756,[]
2026-06-02,11:37:04.154123,[]
2026-06-02,11:37:04.187490,[]
2026-06-02,11:37:04.220857,[]
2026-06-02,11:37:04.254224,[]
2026-06-02,11:37:04.287591,[]
2026-06-02,11:37:04.320958,[]
2026-06-02,11:37:04.354325,[]
2026-06-02,11:37:04.387692,[]
2026-06-02,11:37:04.421059,[]
2026-06-02,11:37:04.454426,[]
2026-06-02,11:37:04.487793,[]
2026-06-02,11:37:04.521160,[]
2026-06-02,11:37:04.554527,[]
2026-06-02,11:37:04.587894,[]
2026-06-02,11:37:04.621261,[]
2026-06-02,11:37:04.654628,[]
2026-06-02,11:37:04.687995,[]
2026-06-02,11:37:04.721362,[]
2026-06-02,11:37:04.754729,[]
2026-06-02,11:37:04.788096,[]
2026-06-02,11:37:04.821463,[]
2026-06-02,11:37:04.854830,[]
2026-06-02,11:37:04.888197,[]
2026-06-02,11:37:04.921564,[]
2026-06-02,11:37:04.954931,[]
2026-06-02,11:37:04.988298,[]
2026-06-02,11:37:05.021665,[]
2026-06-02,11:37:05.055032,[]
2026-06-02,11:37:05.088399,[]
2026-06-02,11:37:05.121766,[]
2026-06-02,11:37:05.155133,[]
2026-06-02,11:37:05.188500,[]
2026-06-02,11:37:05.221867,[]
2026-06-02,11:37:05.255234,[]
2026-06-02,11:37:05.288601,[]
2026-06-02,11:37:05.321968,[]
2026-06-02,11:37:05.355335,[]
2026-06-02,11:37:05.388702,[]
2026-06-02,11:37:05.422069,[]
2026-06-02,11:37:05.455436,[]
2026-06-02,11:37:05.488803,[]
2026-06-02,11:37:05.522170,[]
2026-06-02,11:37:05.555537,[]
2026-06-02,11:37:05.588904,[]
2026-06-02,11:37:05.622271,[]
2026-06-02,11:37:05.655638,[]
2026-06-02,11:37:05.689005,[]
2026-06-02,11:37:05.722372,[]
2026-06-02,11:37:05.755739,[]
2026-06-02,11:37:05.789106,[]
2026-06-02,11:37:05.822473,[]
2026-06-02,11:37:05.855840,[]
2026-06-02,11:37:05.889207,[]
2026-06-02,11:37:05.922574,[]
2026-06-02,11:37:05.955941,[]
2026-06-02,11:37:05.989308,[]
2026-06-02,11:37:06.022675,[]
2026-06-02,11:37:06.056042,[]
2026-06-02,11:37:06.089409,[]
2026-06-02,11:37:06.122776,[]
2026-06-02,11:37:06.156143,[]
2026-06-02,11:37:06.189510,[]
2026-06-02,11:37:06.222877,[]
2026-06-02,11:37:06.256244,[]
2026-06-02,11:37:06.289611,[]
2026-06-02,11:37:06.322978,[]
2026-06-02,11:37:06.356345,[]
2026-06-02,11:37:06.389712,['AA99262']
2026-06-02,11:37:06.423079,['AA99262']
2026-06-02,11:37:06.456446,['AA99262']
2026-06-02,11:37:06.489813,[]
2026-06-02,11:37:06.523180,[]
2026-06-02,11:37:06.556547,[]
2026-06-02,11:37:06.589914,[]
2026-06-02,11:37:06.623281,[]
2026-06-02,11:37:06.656648,[]
2026-06-02,11:37:06.690015,[]
2026-06-02,11:37:06.723382,[]
2026-06-02,11:37:06.756749,[]
2026-06-02,11:37:06.790116,[]
2026-06-02,11:37:06.823483,[]
2026-06-02,11:37:06.856850,[]
2026-06-02,11:37:06.890217,[]
2026-06-02,11:37:06.923584,[]
2026-06-02,11:37:06.956951,[]
2026-06-02,11:37:06.990318,[]
2026-06-02,11:37:07.023685,[]
2026-06-02,11:37:07.057052,[]
2026-06-02,11:37:07.090419,[]
2026-06-02,11:37:07.123786,[]
2026-06-02,11:37:07.157153,[]
2026-06-02,11:37:07.190520,[]
2026-06-02,11:37:07.223887,[]
2026-06-02,11:37:07.257254,[]
2026-06-02,11:37:07.290621,[]
2026-06-02,11:37:07.323988,[]
2026-06-02,11:37:07.357355,[]
2026-06-02,11:37:07.390722,[]
2026-06-02,11:37:07.424089,[]
2026-06-02,11:37:07.457456,[]
2026-06-02,11:37:07.490823,[]
2026-06-02,11:37:07.524190,[]
2026-06-02,11:37:07.557557,[]
2026-06-02,11:37:07.590924,[]
2026-06-02,11:37:07.624291,[]
2026-06-02,11:37:07.657658,[]
2026-06-02,11:37:07.691025,[]
2026-06-02,11:37:07.724392,[]
2026-06-02,11:37:07.757759,[]
2026-06-02,11:37:07.791126,[]
2026-06-02,11:37:07.824493,[]
2026-06-02,11:37:07.857860,[]
2026-06-02,11:37:07.891227,[]
2026-06-02,11:37:07.924594,[]
2026-06-02,11:37:07.957961,[]
2026-06-02,11:37:07.991328,[]
2026-06-02,11:37:08.024695,[]
2026-06-02,11:37:08.058062,[]
2026-06-02,11:37:08.091429,[]
2026-06-02,11:37:08.124796,[]
2026-06-02,11:37:08.158163,[]
2026-06-02,11:37:08.191530,[]
2026-06-02,11:37:08.224897,[]
2026-06-02,11:37:08.258264,[]
2026-06-02,11:37:08.291631,[]
2026-06-02,11:37:08.324998,[]
2026-06-02,11:37:08.358365,[]
2026-06-02,11:37:08.391732,[]
2026-06-02,11:37:08.425099,[]
2026-06-02,11:37:08.458466,[]
2026-06-02,11:37:08.491833,[]
2026-06-02,11:37:08.525200,[]
2026-06-02,11:37:08.558567,[]
2026-06-02,11:37:08.591934,[]
2026-06-02,11:37:08.625301,[]
2026-06-02,11:37:08.658668,[]
2026-06-02,11:37:08.692035,[]
2026-06-02,11:37:08.725402,[]
2026-06-02,11:37:08.758769,[]
2026-06-02,11:37:08.792136,[]
2026-06-02,11:37:08.825503,[]
2026-06-02,11:37:08.858870,[]
2026-06-02,11:37:08.892237,[]
2026-06-02,11:37:08.925604,[]
2026-06-02,11:37:08.958971,[]
2026-06-02,11:37:08.992338,[]
2026-06-02,11:37:09.025705,[]
2026-06-02,11:37:09.059072,[]
2026-06-02,11:37:09.092439,[]
2026-06-02,11:37:09.125806,[]
2026-06-02,11:37:09.159173,[]
2026-06-02,11:37:09.192540,[]
2026-06-02,11:37:09.225907,[]
2026-06-02,11:37:09.259274,[]
2026-06-02,11:37:09.292641,[]
2026-06-02,11:37:09.326008,[]
2026-06-02,11:37:09.359375,[]
2026-06-02,11:37:09.392742,[]
2026-06-02,11:37:09.426109,[]
2026-06-02,11:37:09.459476,[]
2026-06-02,11:37:09.492843,[]
2026-06-02,11:37:09.526210,[]
2026-06-02,11:37:09.559577,[]
2026-06-02,11:37:09.592944,[]
2026-06-02,11:37:09.626311,[]
2026-06-02,11:37:09.659678,[]
2026-06-02,11:37:09.693045,[]
2026-06-02,11:37:09.726412,[]
2026-06-02,11:37:09.759779,[]
2026-06-02,11:37:09.793146,[]
2026-06-02,11:37:09.826513,[]
2026-06-02,11:37:09.859880,[]
2026-06-02,11:37:09.893247,[]
2026-06-02,11:37:09.926614,[]
2026-06-02,11:37:09.959981,[]
2026-06-02,11:37:09.993348,[]
2026-06-02,11:37:10.026715,[]
2026-06-02,11:37:10.060082,[]
2026-06-02,11:37:10.093449,[]
2026-06-02,11:37:10.126816,[]
2026-06-02,11:37:10.160183,[]
2026-06-02,11:37:10.193550,[]
2026-06-02,11:37:10.226917,[]
2026-06-02,11:37:10.260284,[]
2026-06-02,11:37:10.293651,[]
2026-06-02,11:37:10.327018,[]
2026-06-02,11:37:10.360385,[]
2026-06-02,11:37:10.393752,[]
2026-06-02,11:37:10.427119,[]
2026-06-02,11:37:10.460486,[]
2026-06-02,11:37:10.493853,[]
2026-06-02,11:37:10.527220,[]
2026-06-02,11:37:10.560587,[]
2026-06-02,11:37:10.593954,[]
2026-06-02,11:37:10.627321,[]
2026-06-02,11:37:10.660688,[]
2026-06-02,11:37:10.694055,[]
2026-06-02,11:37:10.727422,[]
2026-06-02,11:37:10.760789,[]
2026-06-02,11:37:10.794156,[]
2026-06-02,11:37:10.827523,[]
2026-06-02,11:37:10.860890,[]
2026-06-02,11:37:10.894257,[]
2026-06-02,11:37:10.927624,[]
2026-06-02,11:37:10.960991,[]
2026-06-02,11:37:10.994358,[]
2026-06-02,11:37:11.027725,[]
2026-06-02,11:37:11.061092,[]
2026-06-02,11:37:11.094459,[]
2026-06-02,11:37:11.127826,[]
2026-06-02,11:37:11.161193,[]
2026-06-02,11:37:11.194560,[]
2026-06-02,11:37:11.227927,[]
2026-06-02,11:37:11.261294,[]
2026-06-02,11:37:11.294661,[]
2026-06-02,11:37:11.328028,[]
2026-06-02,11:37:11.361395,[]
2026-06-02,11:37:11.394762,[]
2026-06-02,11:37:11.428129,[]
2026-06-02,11:37:11.461496,[]
2026-06-02,11:37:11.494863,[]
2026-06-02,11:37:11.528230,[]
2026-06-02,11:37:11.561597,[]
2026-06-02,11:37:11.594964,[]
2026-06-02,11:37:11.628331,[]
2026-06-02,11:37:11.661698,[]
2026-06-02,11:37:11.695065,[]
2026-06-02,11:37:11.728432,[]
2026-06-02,11:37:11.761799,[]
2026-06-02,11:37:11.795166,[]
2026-06-02,11:37:11.828533,[]
2026-06-02,11:37:11.861900,[]
2026-06-02,11:37:11.895267,[]
2026-06-02,11:37:11.928634,[]
2026-06-02,11:37:11.962001,[]
2026-06-02,11:37:11.995368,[]
2026-06-02,11:37:12.028735,[]
2026-06-02,11:37:12.062102,[]
2026-06-02,11:37:12.095469,[]
2026-06-02,11:37:12.128836,[]
2026-06-02,11:37:12.162203,[]
2026-06-02,11:37:12.195570,[]
2026-06-02,11:37:12.228937,[]
2026-06-02,11:37:12.262304,[]
2026-06-02,11:37:12.295671,[]
2026-06-02,11:37:12.329038,[]
2026-06-02,11:37:12.362405,[]
2026-06-02,11:37:12.395772,[]
2026-06-02,11:37:12.429139,[]
2026-06-02,11:37:12.462506,[]
2026-06-02,11:37:12.495873,[]
2026-06-02,11:37:12.529240,[]
2026-06-02,11:37:12.562607,[]
2026-06-02,11:37:12.595974,[]
2026-06-02,11:37:12.629341,[]
2026-06-02,11:37:12.662708,[]
2026-06-02,11:37:12.696075,[]
2026-06-02,11:37:12.729442,[]
2026-06-02,11:37:12.762809,[]
2026-06-02,11:37:12.796176,[]
2026-06-02,11:37:12.829543,[]
2026-06-02,11:37:12.862910,[]
2026-06-02,11:37:12.896277,[]
2026-06-02,11:37:12.929644,[]
2026-06-02,11:37:12.963011,[]
2026-06-02,11:37:12.996378,[]
2026-06-02,11:37:13.029745,[]
2026-06-02,11:37:13.063112,[]
2026-06-02,11:37:13.096479,[]
2026-06-02,11:37:13.129846,[]
2026-06-02,11:37:13.163213,[]
2026-06-02,11:37:13.196580,[]
2026-06-02,11:37:13.229947,[]
2026-06-02,11:37:13.263314,[]
2026-06-02,11:37:13.296681,[]
2026-06-02,11:37:13.330048,[]
2026-06-02,11:37:13.363415,[]
2026-06-02,11:37:13.396782,[]
2026-06-02,11:37:13.430149,[]
2026-06-02,11:37:13.463516,[]
2026-06-02,11:37:13.496883,[]
2026-06-02,11:37:13.530250,[]
2026-06-02,11:37:13.563617,[]
2026-06-02,11:37:13.596984,[]
2026-06-02,11:37:13.630351,[]
2026-06-02,11:37:13.663718,[]
2026-06-02,11:37:13.697085,[]
2026-06-02,11:37:13.730452,[]
2026-06-02,11:37:13.763819,[]
2026-06-02,11:37:13.797186,[]
2026-06-02,11:37:13.830553,[]
2026-06-02,11:37:13.863920,[]
2026-06-02,11:37:13.897287,[]
2026-06-02,11:37:13.930654,[]
2026-06-02,11:37:13.964021,[]
2026-06-02,11:37:13.997388,[]
2026-06-02,11:37:14.030755,[]
2026-06-02,11:37:14.064122,[]
2026-06-02,11:37:14.097489,[]
2026-06-02,11:37:14.130856,[]
2026-06-02,11:37:14.164223,[]
2026-06-02,11:37:14.197590,[]
2026-06-02,11:37:14.230957,[]
2026-06-02,11:37:14.264324,[]
2026-06-02,11:37:14.297691,[]
2026-06-02,11:37:14.331058,[]
2026-06-02,11:37:14.364425,[]
2026-06-02,11:37:14.397792,[]
2026-06-02,11:37:14.431159,[]
2026-06-02,11:37:14.464526,[]
2026-06-02,11:37:14.497893,[]
2026-06-02,11:37:14.531260,[]
2026-06-02,11:37:14.564627,[]
2026-06-02,11:37:14.597994,[]
2026-06-02,11:37:14.631361,[]
2026-06-02,11:37:14.664728,[]
2026-06-02,11:37:14.698095,[]
2026-06-02,11:37:14.731462,[]
2026-06-02,11:37:14.764829,[]
2026-06-02,11:37:14.798196,[]
2026-06-02,11:37:14.831563,[]
2026-06-02,11:37:14.864930,[]
2026-06-02,11:37:14.898297,[]
2026-06-02,11:37:14.931664,[]
2026-06-02,11:37:14.965031,[]
2026-06-02,11:37:14.998398,[]
2026-06-02,11:37:15.031765,[]
2026-06-02,11:37:15.065132,[]
2026-06-02,11:37:15.098499,[]
2026-06-02,11:37:15.131866,[]
2026-06-02,11:37:15.165233,[]
2026-06-02,11:37:15.198600,[]
2026-06-02,11:37:15.231967,[]
2026-06-02,11:37:15.265334,[]
2026-06-02,11:37:15.298701,[]
2026-06-02,11:37:15.332068,[]
2026-06-02,11:37:15.365435,[]
2026-06-02,11:37:15.398802,[]
2026-06-02,11:37:15.432169,[]
2026-06-02,11:37:15.465536,[]
2026-06-02,11:37:15.498903,[]
2026-06-02,11:37:15.532270,[]
2026-06-02,11:37:15.565637,[]
2026-06-02,11:37:15.599004,[]
2026-06-02,11:37:15.632371,[]
2026-06-02,11:37:15.665738,[]
2026-06-02,11:37:15.699105,[]
2026-06-02,11:37:15.732472,[]
2026-06-02,11:37:15.765839,[]
2026-06-02,11:37:15.799206,[]
2026-06-02,11:37:15.832573,[]
2026-06-02,11:37:15.865940,[]
2026-06-02,11:37:15.899307,[]
2026-06-02,11:37:15.932674,[]
2026-06-02,11:37:15.966041,[]
2026-06-02,11:37:15.999408,[]
2026-06-02,11:37:16.032775,[]
2026-06-02,11:37:16.066142,[]
2026-06-02,11:37:16.099509,[]
2026-06-02,11:37:16.132876,[]
2026-06-02,11:37:16.166243,[]
2026-06-02,11:37:16.199610,[]
2026-06-02,11:37:16.232977,[]
2026-06-02,11:37:16.266344,[]
2026-06-02,11:37:16.299711,[]
2026-06-02,11:37:16.333078,[]
2026-06-02,11:37:16.366445,[]
2026-06-02,11:37:16.399812,[]
2026-06-02,11:37:16.433179,[]
2026-06-02,11:37:16.466546,[]
2026-06-02,11:37:16.499913,[]
2026-06-02,11:37:16.533280,[]
2026-06-02,11:37:16.566647,[]
2026-06-02,11:37:16.600014,[]
2026-06-02,11:37:16.633381,[]
2026-06-02,11:37:16.666748,[]
2026-06-02,11:37:16.700115,[]
2026-06-02,11:37:16.733482,[]
2026-06-02,11:37:16.766849,[]
2026-06-02,11:37:16.800216,[]
2026-06-02,11:37:16.833583,[]
2026-06-02,11:37:16.866950,[]
2026-06-02,11:37:16.900317,[]
2026-06-02,11:37:16.933684,[]
2026-06-02,11:37:16.967051,[]
2026-06-02,11:37:17.000418,[]
2026-06-02,11:37:17.033785,[]
2026-06-02,11:37:17.067152,[]
2026-06-02,11:37:17.100519,[]
2026-06-02,11:37:17.133886,[]
2026-06-02,11:37:17.167253,[]
2026-06-02,11:37:17.200620,[]
2026-06-02,11:37:17.233987,[]
2026-06-02,11:37:17.267354,[]
2026-06-02,11:37:17.300721,[]
2026-06-02,11:37:17.334088,[]
2026-06-02,11:37:17.367455,[]
2026-06-02,11:37:17.400822,[]
2026-06-02,11:37:17.434189,[]
2026-06-02,11:37:17.467556,[]
2026-06-02,11:37:17.500923,[]
2026-06-02,11:37:17.534290,[]
2026-06-02,11:37:17.567657,[]
2026-06-02,11:37:17.601024,[]
2026-06-02,11:37:17.634391,[]
2026-06-02,11:37:17.667758,[]
2026-06-02,11:37:17.701125,[]
2026-06-02,11:37:17.734492,[]
2026-06-02,11:37:17.767859,[]
2026-06-02,11:37:17.801226,[]
2026-06-02,11:37:17.834593,[]
2026-06-02,11:37:17.867960,[]
2026-06-02,11:37:17.901327,[]
2026-06-02,11:37:17.934694,[]
2026-06-02,11:37:17.968061,[]
2026-06-02,11:37:18.001428,[]
2026-06-02,11:37:18.034795,[]
2026-06-02,11:37:18.068162,[]
2026-06-02,11:37:18.101529,[]
2026-06-02,11:37:18.134896,[]
2026-06-02,11:37:18.168263,[]
2026-06-02,11:37:18.201630,[]
2026-06-02,11:37:18.234997,[]
2026-06-02,11:37:18.268364,[]
2026-06-02,11:37:18.301731,[]
2026-06-02,11:37:18.335098,[]
2026-06-02,11:37:18.368465,[]
2026-06-02,11:37:18.401832,[]
2026-06-02,11:37:18.435199,[]
2026-06-02,11:37:18.468566,[]
2026-06-02,11:37:18.501933,[]
2026-06-02,11:37:18.535300,[]
2026-06-02,11:37:18.568667,[]
2026-06-02,11:37:18.602034,[]
2026-06-02,11:37:18.635401,[]
2026-06-02,11:37:18.668768,[]
2026-06-02,11:37:18.702135,[]
2026-06-02,11:37:18.735502,[]
2026-06-02,11:37:18.768869,[]
2026-06-02,11:37:18.802236,[]
2026-06-02,11:37:18.835603,[]
2026-06-02,11:37:18.868970,[]
2026-06-02,11:37:18.902337,[]
2026-06-02,11:37:18.935704,[]
2026-06-02,11:37:18.969071,[]
2026-06-02,11:37:19.002438,[]
2026-06-02,11:37:19.035805,[]
2026-06-02,11:37:19.069172,[]
2026-06-02,11:37:19.102539,[]
2026-06-02,11:37:19.135906,[]
2026-06-02,11:37:19.169273,[]
2026-06-02,11:37:19.202640,[]
2026-06-02,11:37:19.236007,[]
2026-06-02,11:37:19.269374,[]
2026-06-02,11:37:19.302741,[]
2026-06-02,11:37:19.336108,[]
2026-06-02,11:37:19.369475,[]
2026-06-02,11:37:19.402842,[]
2026-06-02,11:37:19.436209,[]
2026-06-02,11:37:19.469576,[]
2026-06-02,11:37:19.502943,[]
2026-06-02,11:37:19.536310,[]
2026-06-02,11:37:19.569677,[]
2026-06-02,11:37:19.603044,[]
2026-06-02,11:37:19.636411,[]
2026-06-02,11:37:19.669778,[]
2026-06-02,11:37:19.703145,[]
2026-06-02,11:37:19.736512,[]
2026-06-02,11:37:19.769879,[]
2026-06-02,11:37:19.803246,[]
2026-06-02,11:37:19.836613,[]
2026-06-02,11:37:19.869980,[]
2026-06-02,11:37:19.903347,[]
2026-06-02,11:37:19.936714,[]
2026-06-02,11:37:19.970081,[]
2026-06-02,11:37:20.003448,[]
2026-06-02,11:37:20.036815,[]
2026-06-02,11:37:20.070182,[]
2026-06-02,11:37:20.103549,[]
2026-06-02,11:37:20.136916,[]
2026-06-02,11:37:20.170283,[]
2026-06-02,11:37:20.203650,[]
2026-06-02,11:37:20.237017,[]
2026-06-02,11:37:20.270384,[]
2026-06-02,11:37:20.303751,[]
2026-06-02,11:37:20.337118,[]
2026-06-02,11:37:20.370485,[]
2026-06-02,11:37:20.403852,[]
2026-06-02,11:37:20.437219,[]
2026-06-02,11:37:20.470586,[]
2026-06-02,11:37:20.503953,[]
2026-06-02,11:37:20.537320,[]
2026-06-02,11:37:20.570687,[]
2026-06-02,11:37:20.604054,[]
2026-06-02,11:37:20.637421,[]
2026-06-02,11:37:20.670788,[]
2026-06-02,11:37:20.704155,[]
2026-06-02,11:37:20.737522,[]
2026-06-02,11:37:20.770889,[]
2026-06-02,11:37:20.804256,[]
2026-06-02,11:37:20.837623,[]
2026-06-02,11:37:20.870990,[]
2026-06-02,11:37:20.904357,[]
2026-06-02,11:37:20.937724,[]
2026-06-02,11:37:20.971091,[]
2026-06-02,11:37:21.004458,[]
2026-06-02,11:37:21.037825,[]
2026-06-02,11:37:21.071192,[]
2026-06-02,11:37:21.104559,[]
2026-06-02,11:37:21.137926,[]
2026-06-02,11:37:21.171293,[]
2026-06-02,11:37:21.204660,[]
2026-06-02,11:37:21.238027,[]
2026-06-02,11:37:21.271394,[]
2026-06-02,11:37:21.304761,[]
2026-06-02,11:37:21.338128,[]
2026-06-02,11:37:21.371495,[]
2026-06-02,11:37:21.404862,[]
2026-06-02,11:37:21.438229,[]
2026-06-02,11:37:21.471596,[]
2026-06-02,11:37:21.504963,[]
2026-06-02,11:37:21.538330,[]
2026-06-02,11:37:21.571697,[]
2026-06-02,11:37:21.605064,[]
2026-06-02,11:37:21.638431,[]
2026-06-02,11:37:21.671798,[]
2026-06-02,11:37:21.705165,[]
2026-06-02,11:37:21.738532,[]
2026-06-02,11:37:21.771899,[]
2026-06-02,11:37:21.805266,[]
2026-06-02,11:37:21.838633,[]
2026-06-02,11:37:21.872000,[]
2026-06-02,11:37:21.905367,[]
2026-06-02,11:37:21.938734,[]
2026-06-02,11:37:21.972101,[]
2026-06-02,11:37:22.005468,[]
2026-06-02,11:37:22.038835,[]
2026-06-02,11:37:22.072202,[]
2026-06-02,11:37:22.105569,[]
2026-06-02,11:37:22.138936,[]
2026-06-02,11:37:22.172303,[]
2026-06-02,11:37:22.205670,[]
2026-06-02,11:37:22.239037,[]
2026-06-02,11:37:22.272404,[]
2026-06-02,11:37:22.305771,[]
2026-06-02,11:37:22.339138,[]
2026-06-02,11:37:22.372505,[]
2026-06-02,11:37:22.405872,[]
2026-06-02,11:37:22.439239,[]
2026-06-02,11:37:22.472606,[]
2026-06-02,11:37:22.505973,[]
2026-06-02,11:37:22.539340,[]
2026-06-02,11:37:22.572707,[]
2026-06-02,11:37:22.606074,[]
2026-06-02,11:37:22.639441,[]
2026-06-02,11:37:22.672808,[]
2026-06-02,11:37:22.706175,[]
2026-06-02,11:37:22.739542,[]
2026-06-02,11:37:22.772909,[]
2026-06-02,11:37:22.806276,[]
2026-06-02,11:37:22.839643,[]
2026-06-02,11:37:22.873010,[]
2026-06-02,11:37:22.906377,[]
2026-06-02,11:37:22.939744,[]
2026-06-02,11:37:22.973111,[]
2026-06-02,11:37:23.006478,[]
2026-06-02,11:37:23.039845,[]
2026-06-02,11:37:23.073212,[]
2026-06-02,11:37:23.106579,[]
2026-06-02,11:37:23.139946,[]
2026-06-02,11:37:23.173313,[]
2026-06-02,11:37:23.206680,[]
2026-06-02,11:37:23.240047,[]
2026-06-02,11:37:23.273414,[]
2026-06-02,11:37:23.306781,[]
2026-06-02,11:37:23.340148,[]
2026-06-02,11:37:23.373515,[]
2026-06-02,11:37:23.406882,[]
2026-06-02,11:37:23.440249,[]
2026-06-02,11:37:23.473616,[]
2026-06-02,11:37:23.506983,[]
2026-06-02,11:37:23.540350,[]
2026-06-02,11:37:23.573717,[]
2026-06-02,11:37:23.607084,[]
2026-06-02,11:37:23.640451,[]
2026-06-02,11:37:23.673818,[]
2026-06-02,11:37:23.707185,[]
2026-06-02,11:37:23.740552,[]
2026-06-02,11:37:23.773919,[]
2026-06-02,11:37:23.807286,[]
2026-06-02,11:37:23.840653,[]
2026-06-02,11:37:23.874020,[]
2026-06-02,11:37:23.907387,[]
2026-06-02,11:37:23.940754,[]
2026-06-02,11:37:23.974121,[]
2026-06-02,11:37:24.007488,[]
2026-06-02,11:37:24.040855,[]
2026-06-02,11:37:24.074222,[]
2026-06-02,11:37:24.107589,[]
2026-06-02,11:37:24.140956,[]
2026-06-02,11:37:24.174323,[]
2026-06-02,11:37:24.207690,[]
2026-06-02,11:37:24.241057,[]
2026-06-02,11:37:24.274424,[]
2026-06-02,11:37:24.307791,[]
2026-06-02,11:37:24.341158,[]
2026-06-02,11:37:24.374525,[]
2026-06-02,11:37:24.407892,[]
2026-06-02,11:37:24.441259,[]
2026-06-02,11:37:24.474626,[]
2026-06-02,11:37:24.507993,[]
2026-06-02,11:37:24.541360,[]
2026-06-02,11:37:24.574727,[]
2026-06-02,11:37:24.608094,[]
2026-06-02,11:37:24.641461,[]
2026-06-02,11:37:24.674828,[]
2026-06-02,11:37:24.708195,[]
2026-06-02,11:37:24.741562,[]
2026-06-02,11:37:24.774929,[]
2026-06-02,11:37:24.808296,[]
2026-06-02,11:37:24.841663,[]
2026-06-02,11:37:24.875030,[]
2026-06-02,11:37:24.908397,[]
2026-06-02,11:37:24.941764,[]
2026-06-02,11:37:24.975131,[]
2026-06-02,11:37:25.008498,[]
2026-06-02,11:37:25.041865,[]
2026-06-02,11:37:25.075232,[]
2026-06-02,11:37:25.108599,[]
2026-06-02,11:37:25.141966,[]
2026-06-02,11:37:25.175333,[]
2026-06-02,11:37:25.208700,[]
2026-06-02,11:37:25.242067,[]
2026-06-02,11:37:25.275434,[]
2026-06-02,11:37:25.308801,[]
2026-06-02,11:37:25.342168,[]
2026-06-02,11:37:25.375535,[]
2026-06-02,11:37:25.408902,[]
2026-06-02,11:37:25.442269,[]
2026-06-02,11:37:25.475636,[]
2026-06-02,11:37:25.509003,[]
2026-06-02,11:37:25.542370,[]
2026-06-02,11:37:25.575737,[]
2026-06-02,11:37:25.609104,[]
2026-06-02,11:37:25.642471,[]
2026-06-02,11:37:25.675838,[]
2026-06-02,11:37:25.709205,[]
2026-06-02,11:37:25.742572,[]
2026-06-02,11:37:25.775939,[]
2026-06-02,11:37:25.809306,[]
2026-06-02,11:37:25.842673,[]
2026-06-02,11:37:25.876040,[]
2026-06-02,11:37:25.909407,[]
2026-06-02,11:37:25.942774,[]
2026-06-02,11:37:25.976141,[]
2026-06-02,11:37:26.009508,[]
2026-06-02,11:37:26.042875,[]
2026-06-02,11:37:26.076242,[]
2026-06-02,11:37:26.109609,[]
2026-06-02,11:37:26.142976,[]
2026-06-02,11:37:26.176343,[]
2026-06-02,11:37:26.209710,[]
2026-06-02,11:37:26.243077,[]
2026-06-02,11:37:26.276444,[]
2026-06-02,11:37:26.309811,[]
2026-06-02,11:37:26.343178,[]
2026-06-02,11:37:26.376545,[]
2026-06-02,11:37:26.409912,[]
2026-06-02,11:37:26.443279,[]
2026-06-02,11:37:26.476646,[]
2026-06-02,11:37:26.510013,[]
2026-06-02,11:37:26.543380,[]
2026-06-02,11:37:26.576747,[]
2026-06-02,11:37:26.610114,[]
2026-06-02,11:37:26.643481,[]
2026-06-02,11:37:26.676848,[]
2026-06-02,11:37:26.710215,[]
2026-06-02,11:37:26.743582,[]
2026-06-02,11:37:26.776949,[]
2026-06-02,11:37:26.810316,[]
2026-06-02,11:37:26.843683,[]
2026-06-02,11:37:26.877050,['BL98286']
2026-06-02,11:37:26.910417,['BL98286']
2026-06-02,11:37:26.943784,['BL98286']
2026-06-02,11:37:26.977151,[]
2026-06-02,11:37:27.010518,[]
2026-06-02,11:37:27.043885,[]
2026-06-02,11:37:27.077252,[]
2026-06-02,11:37:27.110619,[]
2026-06-02,11:37:27.143986,[]
2026-06-02,11:37:27.177353,[]
2026-06-02,11:37:27.210720,[]
2026-06-02,11:37:27.244087,[]
2026-06-02,11:37:27.277454,[]
2026-06-02,11:37:27.310821,[]
2026-06-02,11:37:27.344188,[]
2026-06-02,11:37:27.377555,[]
2026-06-02,11:37:27.410922,[]
2026-06-02,11:37:27.444289,[]
2026-06-02,11:37:27.477656,[]
2026-06-02,11:37:27.511023,[]
2026-06-02,11:37:27.544390,[]
2026-06-02,11:37:27.577757,[]
2026-06-02,11:37:27.611124,[]
2026-06-02,11:37:27.644491,[]
2026-06-02,11:37:27.677858,[]
2026-06-02,11:37:27.711225,[]
2026-06-02,11:37:27.744592,[]
2026-06-02,11:37:27.777959,[]
2026-06-02,11:37:27.811326,[]
2026-06-02,11:37:27.844693,[]
2026-06-02,11:37:27.878060,[]
2026-06-02,11:37:27.911427,[]
2026-06-02,11:37:27.944794,[]
2026-06-02,11:37:27.978161,[]
2026-06-02,11:37:28.011528,[]
2026-06-02,11:37:28.044895,[]
2026-06-02,11:37:28.078262,[]
2026-06-02,11:37:28.111629,[]
2026-06-02,11:37:28.144996,[]
2026-06-02,11:37:28.178363,[]
2026-06-02,11:37:28.211730,[]
2026-06-02,11:37:28.245097,[]
2026-06-02,11:37:28.278464,[]
2026-06-02,11:37:28.311831,[]
2026-06-02,11:37:28.345198,[]
2026-06-02,11:37:28.378565,[]
2026-06-02,11:37:28.411932,[]
2026-06-02,11:37:28.445299,[]
2026-06-02,11:37:28.478666,[]
2026-06-02,11:37:28.512033,[]
2026-06-02,11:37:28.545400,[]
2026-06-02,11:37:28.578767,[]
2026-06-02,11:37:28.612134,[]
2026-06-02,11:37:28.645501,[]
2026-06-02,11:37:28.678868,[]
2026-06-02,11:37:28.712235,[]
2026-06-02,11:37:28.745602,[]
2026-06-02,11:37:28.778969,[]
2026-06-02,11:37:28.812336,[]
2026-06-02,11:37:28.845703,[]
2026-06-02,11:37:28.879070,[]
2026-06-02,11:37:28.912437,[]
2026-06-02,11:37:28.945804,[]
2026-06-02,11:37:28.979171,['ER83612']
2026-06-02,11:37:29.012538,['ER83612']
2026-06-02,11:37:29.045905,[]
2026-06-02,11:37:29.079272,[]
2026-06-02,11:37:29.112639,[]
2026-06-02,11:37:29.146006,[]
2026-06-02,11:37:29.179373,[]
2026-06-02,11:37:29.212740,[]
2026-06-02,11:37:29.246107,[]
2026-06-02,11:37:29.279474,[]
2026-06-02,11:37:29.312841,[]
2026-06-02,11:37:29.346208,[]
2026-06-02,11:37:29.379575,[]
2026-06-02,11:37:29.412942,[]
2026-06-02,11:37:29.446309,[]
2026-06-02,11:37:29.479676,[]
2026-06-02,11:37:29.513043,[]
2026-06-02,11:37:29.546410,[]
2026-06-02,11:37:29.579777,[]
2026-06-02,11:37:29.613144,[]
2026-06-02,11:37:29.646511,[]
2026-06-02,11:37:29.679878,[]
2026-06-02,11:37:29.713245,[]
2026-06-02,11:37:29.746612,[]
2026-06-02,11:37:29.779979,[]
2026-06-02,11:37:29.813346,[]
2026-06-02,11:37:29.846713,[]
2026-06-02,11:37:29.880080,[]
2026-06-02,11:37:29.913447,[]
2026-06-02,11:37:29.946814,[]
2026-06-02,11:37:29.980181,[]
2026-06-02,11:37:30.013548,[]
2026-06-02,11:37:30.046915,[]
2026-06-02,11:37:30.080282,[]
2026-06-02,11:37:30.113649,[]
2026-06-02,11:37:30.147016,[]
2026-06-02,11:37:30.180383,[]
2026-06-02,11:37:30.213750,[]
2026-06-02,11:37:30.247117,[]
2026-06-02,11:37:30.280484,[]
2026-06-02,11:37:30.313851,[]
2026-06-02,11:37:30.347218,[]
2026-06-02,11:37:30.380585,[]
2026-06-02,11:37:30.413952,[]
2026-06-02,11:37:30.447319,[]
2026-06-02,11:37:30.480686,[]
2026-06-02,11:37:30.514053,[]
2026-06-02,11:37:30.547420,[]
2026-06-02,11:37:30.580787,[]
2026-06-02,11:37:30.614154,[]
2026-06-02,11:37:30.647521,[]
2026-06-02,11:37:30.680888,[]
2026-06-02,11:37:30.714255,[]
2026-06-02,11:37:30.747622,[]
2026-06-02,11:37:30.780989,[]
2026-06-02,11:37:30.814356,[]
2026-06-02,11:37:30.847723,[]
2026-06-02,11:37:30.881090,[]
2026-06-02,11:37:30.914457,[]
2026-06-02,11:37:30.947824,[]
2026-06-02,11:37:30.981191,[]
2026-06-02,11:37:31.014558,[]
2026-06-02,11:37:31.047925,[]
2026-06-02,11:37:31.081292,[]
2026-06-02,11:37:31.114659,[]
2026-06-02,11:37:31.148026,[]
2026-06-02,11:37:31.181393,[]
2026-06-02,11:37:31.214760,[]
2026-06-02,11:37:31.248127,[]
2026-06-02,11:37:31.281494,[]
2026-06-02,11:37:31.314861,[]
2026-06-02,11:37:31.348228,[]
2026-06-02,11:37:31.381595,[]
2026-06-02,11:37:31.414962,[]
2026-06-02,11:37:31.448329,[]
2026-06-02,11:37:31.481696,[]
2026-06-02,11:37:31.515063,[]
2026-06-02,11:37:31.548430,[]
2026-06-02,11:37:31.581797,[]
2026-06-02,11:37:31.615164,[]
2026-06-02,11:37:31.648531,[]
2026-06-02,11:37:31.681898,[]
2026-06-02,11:37:31.715265,[]
2026-06-02,11:37:31.748632,[]
2026-06-02,11:37:31.781999,[]
2026-06-02,11:37:31.815366,[]
2026-06-02,11:37:31.848733,[]
2026-06-02,11:37:31.882100,[]
2026-06-02,11:37:31.915467,[]
2026-06-02,11:37:31.948834,[]
2026-06-02,11:37:31.982201,[]
2026-06-02,11:37:32.015568,[]
2026-06-02,11:37:32.048935,[]
2026-06-02,11:37:32.082302,[]
2026-06-02,11:37:32.115669,[]
2026-06-02,11:37:32.149036,[]
2026-06-02,11:37:32.182403,[]
2026-06-02,11:37:32.215770,[]
2026-06-02,11:37:32.249137,[]
2026-06-02,11:37:32.282504,[]
2026-06-02,11:37:32.315871,[]
2026-06-02,11:37:32.349238,[]
2026-06-02,11:37:32.382605,[]
2026-06-02,11:37:32.415972,[]
2026-06-02,11:37:32.449339,[]
2026-06-02,11:37:32.482706,[]
2026-06-02,11:37:32.516073,[]
2026-06-02,11:37:32.549440,[]
2026-06-02,11:37:32.582807,[]
2026-06-02,11:37:32.616174,[]
2026-06-02,11:37:32.649541,[]
2026-06-02,11:37:32.682908,[]
2026-06-02,11:37:32.716275,[]
2026-06-02,11:37:32.749642,[]
2026-06-02,11:37:32.783009,[]
2026-06-02,11:37:32.816376,[]
2026-06-02,11:37:32.849743,[]
2026-06-02,11:37:32.883110,[]
2026-06-02,11:37:32.916477,[]
2026-06-02,11:37:32.949844,[]
2026-06-02,11:37:32.983211,[]
2026-06-02,11:37:33.016578,[]
2026-06-02,11:37:33.049945,[]
2026-06-02,11:37:33.083312,[]
2026-06-02,11:37:33.116679,[]
2026-06-02,11:37:33.150046,[]
2026-06-02,11:37:33.183413,[]
2026-06-02,11:37:33.216780,[]
2026-06-02,11:37:33.250147,[]
2026-06-02,11:37:33.283514,[]
2026-06-02,11:37:33.316881,[]
2026-06-02,11:37:33.350248,[]
2026-06-02,11:37:33.383615,[]
2026-06-02,11:37:33.416982,[]
2026-06-02,11:37:33.450349,[]
2026-06-02,11:37:33.483716,[]
2026-06-02,11:37:33.517083,[]
2026-06-02,11:37:33.550450,[]
2026-06-02,11:37:33.583817,[]
2026-06-02,11:37:33.617184,[]
2026-06-02,11:37:33.650551,[]
2026-06-02,11:37:33.683918,[]
2026-06-02,11:37:33.717285,[]
2026-06-02,11:37:33.750652,[]
2026-06-02,11:37:33.784019,[]
2026-06-02,11:37:33.817386,[]
2026-06-02,11:37:33.850753,[]
2026-06-02,11:37:33.884120,[]
2026-06-02,11:37:33.917487,[]
2026-06-02,11:37:33.950854,[]
2026-06-02,11:37:33.984221,[]
2026-06-02,11:37:34.017588,[]
2026-06-02,11:37:34.050955,[]
2026-06-02,11:37:34.084322,[]
2026-06-02,11:37:34.117689,[]
2026-06-02,11:37:34.151056,[]
2026-06-02,11:37:34.184423,[]
2026-06-02,11:37:34.217790,[]
2026-06-02,11:37:34.251157,[]
2026-06-02,11:37:34.284524,[]
2026-06-02,11:37:34.317891,[]
2026-06-02,11:37:34.351258,[]
2026-06-02,11:37:34.384625,[]
2026-06-02,11:37:34.417992,[]
2026-06-02,11:37:34.451359,[]
2026-06-02,11:37:34.484726,[]
2026-06-02,11:37:34.518093,[]
2026-06-02,11:37:34.551460,[]
2026-06-02,11:37:34.584827,[]
2026-06-02,11:37:34.618194,[]
2026-06-02,11:37:34.651561,[]
2026-06-02,11:37:34.684928,[]
2026-06-02,11:37:34.718295,[]
2026-06-02,11:37:34.751662,[]
2026-06-02,11:37:34.785029,[]
2026-06-02,11:37:34.818396,[]
2026-06-02,11:37:34.851763,[]
2026-06-02,11:37:34.885130,[]
2026-06-02,11:37:34.918497,[]
2026-06-02,11:37:34.951864,[]
2026-06-02,11:37:34.985231,[]
2026-06-02,11:37:35.018598,[]
2026-06-02,11:37:35.051965,[]
2026-06-02,11:37:35.085332,[]
2026-06-02,11:37:35.118699,[]
2026-06-02,11:37:35.152066,[]
2026-06-02,11:37:35.185433,[]
2026-06-02,11:37:35.218800,[]
2026-06-02,11:37:35.252167,[]
2026-06-02,11:37:35.285534,[]
2026-06-02,11:37:35.318901,[]
2026-06-02,11:37:35.352268,[]
2026-06-02,11:37:35.385635,[]
2026-06-02,11:37:35.419002,[]
2026-06-02,11:37:35.452369,[]
2026-06-02,11:37:35.485736,[]
2026-06-02,11:37:35.519103,[]
2026-06-02,11:37:35.552470,[]
2026-06-02,11:37:35.585837,[]
2026-06-02,11:37:35.619204,[]
2026-06-02,11:37:35.652571,[]
2026-06-02,11:37:35.685938,[]
2026-06-02,11:37:35.719305,[]
2026-06-02,11:37:35.752672,[]
2026-06-02,11:37:35.786039,[]
2026-06-02,11:37:35.819406,[]
2026-06-02,11:37:35.852773,[]
2026-06-02,11:37:35.886140,[]
2026-06-02,11:37:35.919507,[]
2026-06-02,11:37:35.952874,[]
2026-06-02,11:37:35.986241,[]
2026-06-02,11:37:36.019608,[]
2026-06-02,11:37:36.052975,[]
2026-06-02,11:37:36.086342,[]
2026-06-02,11:37:36.119709,[]
2026-06-02,11:37:36.153076,[]
2026-06-02,11:37:36.186443,[]
2026-06-02,11:37:36.219810,[]
2026-06-02,11:37:36.253177,['ET12592']
2026-06-02,11:37:36.286544,['ET12592']
2026-06-02,11:37:36.319911,['ET12592']
2026-06-02,11:37:36.353278,['ET12592']
2026-06-02,11:37:36.386645,['ET12592']
2026-06-02,11:37:36.420012,[]
2026-06-02,11:37:36.453379,[]
2026-06-02,11:37:36.486746,[]
2026-06-02,11:37:36.520113,[]
2026-06-02,11:37:36.553480,[]
2026-06-02,11:37:36.586847,[]
2026-06-02,11:37:36.620214,[]
2026-06-02,11:37:36.653581,[]
2026-06-02,11:37:36.686948,[]
2026-06-02,11:37:36.720315,[]
2026-06-02,11:37:36.753682,[]
2026-06-02,11:37:36.787049,[]
2026-06-02,11:37:36.820416,[]
2026-06-02,11:37:36.853783,[]
2026-06-02,11:37:36.887150,[]
2026-06-02,11:37:36.920517,[]
2026-06-02,11:37:36.953884,[]
2026-06-02,11:37:36.987251,[]
2026-06-02,11:37:37.020618,[]
2026-06-02,11:37:37.053985,[]
2026-06-02,11:37:37.087352,[]
2026-06-02,11:37:37.120719,[]
2026-06-02,11:37:37.154086,[]
2026-06-02,11:37:37.187453,[]
2026-06-02,11:37:37.220820,[]
2026-06-02,11:37:37.254187,[]
2026-06-02,11:37:37.287554,[]
2026-06-02,11:37:37.320921,[]
2026-06-02,11:37:37.354288,[]
2026-06-02,11:37:37.387655,[]
2026-06-02,11:37:37.421022,[]
2026-06-02,11:37:37.454389,[]
2026-06-02,11:37:37.487756,[]
2026-06-02,11:37:37.521123,[]
2026-06-02,11:37:37.554490,[]
2026-06-02,11:37:37.587857,[]
2026-06-02,11:37:37.621224,[]
2026-06-02,11:37:37.654591,[]
2026-06-02,11:37:37.687958,[]
2026-06-02,11:37:37.721325,[]
2026-06-02,11:37:37.754692,[]
2026-06-02,11:37:37.788059,[]
2026-06-02,11:37:37.821426,[]
2026-06-02,11:37:37.854793,[]
2026-06-02,11:37:37.888160,[]
2026-06-02,11:37:37.921527,[]
2026-06-02,11:37:37.954894,[]
2026-06-02,11:37:37.988261,[]
2026-06-02,11:37:38.021628,[]
2026-06-02,11:37:38.054995,[]
2026-06-02,11:37:38.088362,[]
2026-06-02,11:37:38.121729,[]
2026-06-02,11:37:38.155096,[]
2026-06-02,11:37:38.188463,[]
2026-06-02,11:37:38.221830,[]
2026-06-02,11:37:38.255197,[]
2026-06-02,11:37:38.288564,[]
2026-06-02,11:37:38.321931,[]
2026-06-02,11:37:38.355298,[]
2026-06-02,11:37:38.388665,[]
2026-06-02,11:37:38.422032,[]
2026-06-02,11:37:38.455399,[]
2026-06-02,11:37:38.488766,[]
2026-06-02,11:37:38.522133,[]
2026-06-02,11:37:38.555500,[]
2026-06-02,11:37:38.588867,[]
2026-06-02,11:37:38.622234,[]
2026-06-02,11:37:38.655601,[]
2026-06-02,11:37:38.688968,[]
2026-06-02,11:37:38.722335,[]
2026-06-02,11:37:38.755702,[]
2026-06-02,11:37:38.789069,[]
2026-06-02,11:37:38.822436,[]
2026-06-02,11:37:38.855803,[]
2026-06-02,11:37:38.889170,[]
2026-06-02,11:37:38.922537,[]
2026-06-02,11:37:38.955904,[]
2026-06-02,11:37:38.989271,[]
2026-06-02,11:37:39.022638,[]
2026-06-02,11:37:39.056005,[]
2026-06-02,11:37:39.089372,[]
2026-06-02,11:37:39.122739,[]
2026-06-02,11:37:39.156106,[]
2026-06-02,11:37:39.189473,[]
2026-06-02,11:37:39.222840,[]
2026-06-02,11:37:39.256207,[]
2026-06-02,11:37:39.289574,[]
2026-06-02,11:37:39.322941,[]
2026-06-02,11:37:39.356308,[]
2026-06-02,11:37:39.389675,[]
2026-06-02,11:37:39.423042,[]
2026-06-02,11:37:39.456409,[]
2026-06-02,11:37:39.489776,[]
2026-06-02,11:37:39.523143,[]
2026-06-02,11:37:39.556510,[]
2026-06-02,11:37:39.589877,[]
2026-06-02,11:37:39.623244,[]
2026-06-02,11:37:39.656611,[]
2026-06-02,11:37:39.689978,[]
2026-06-02,11:37:39.723345,[]
2026-06-02,11:37:39.756712,[]
2026-06-02,11:37:39.790079,[]
2026-06-02,11:37:39.823446,[]
2026-06-02,11:37:39.856813,[]
2026-06-02,11:37:39.890180,[]
2026-06-02,11:37:39.923547,[]
2026-06-02,11:37:39.956914,[]
2026-06-02,11:37:39.990281,[]
2026-06-02,11:37:40.023648,[]
2026-06-02,11:37:40.057015,[]
2026-06-02,11:37:40.090382,[]
2026-06-02,11:37:40.123749,[]
2026-06-02,11:37:40.157116,[]
2026-06-02,11:37:40.190483,[]
2026-06-02,11:37:40.223850,[]
2026-06-02,11:37:40.257217,[]
2026-06-02,11:37:40.290584,[]
2026-06-02,11:37:40.323951,[]
2026-06-02,11:37:40.357318,[]
2026-06-02,11:37:40.390685,[]
2026-06-02,11:37:40.424052,[]
2026-06-02,11:37:40.457419,[]
2026-06-02,11:37:40.490786,[]
2026-06-02,11:37:40.524153,[]
2026-06-02,11:37:40.557520,[]
2026-06-02,11:37:40.590887,[]
2026-06-02,11:37:40.624254,[]
2026-06-02,11:37:40.657621,[]
2026-06-02,11:37:40.690988,[]
2026-06-02,11:37:40.724355,[]
2026-06-02,11:37:40.757722,[]
2026-06-02,11:37:40.791089,[]
2026-06-02,11:37:40.824456,[]
2026-06-02,11:37:40.857823,[]
2026-06-02,11:37:40.891190,[]
2026-06-02,11:37:40.924557,[]
2026-06-02,11:37:40.957924,[]
2026-06-02,11:37:40.991291,[]
2026-06-02,11:37:41.024658,[]
2026-06-02,11:37:41.058025,[]
2026-06-02,11:37:41.091392,[]
2026-06-02,11:37:41.124759,[]
2026-06-02,11:37:41.158126,[]
2026-06-02,11:37:41.191493,[]
2026-06-02,11:37:41.224860,[]
2026-06-02,11:37:41.258227,[]
2026-06-02,11:37:41.291594,[]
2026-06-02,11:37:41.324961,[]
2026-06-02,11:37:41.358328,[]
2026-06-02,11:37:41.391695,[]
2026-06-02,11:37:41.425062,[]
2026-06-02,11:37:41.458429,[]
2026-06-02,11:37:41.491796,[]
2026-06-02,11:37:41.525163,[]
2026-06-02,11:37:41.558530,[]
2026-06-02,11:37:41.591897,[]
2026-06-02,11:37:41.625264,[]
2026-06-02,11:37:41.658631,[]
2026-06-02,11:37:41.691998,[]
2026-06-02,11:37:41.725365,[]
2026-06-02,11:37:41.758732,[]
2026-06-02,11:37:41.792099,[]
2026-06-02,11:37:41.825466,[]
2026-06-02,11:37:41.858833,[]
2026-06-02,11:37:41.892200,[]
2026-06-02,11:37:41.925567,[]
2026-06-02,11:37:41.958934,[]
2026-06-02,11:37:41.992301,[]
2026-06-02,11:37:42.025668,[]
2026-06-02,11:37:42.059035,[]
2026-06-02,11:37:42.092402,[]
2026-06-02,11:37:42.125769,[]
2026-06-02,11:37:42.159136,[]
2026-06-02,11:37:42.192503,[]
2026-06-02,11:37:42.225870,[]
2026-06-02,11:37:42.259237,[]
2026-06-02,11:37:42.292604,[]
2026-06-02,11:37:42.325971,[]
2026-06-02,11:37:42.359338,[]
2026-06-02,11:37:42.392705,[]
2026-06-02,11:37:42.426072,[]
2026-06-02,11:37:42.459439,[]
2026-06-02,11:37:42.492806,[]
2026-06-02,11:37:42.526173,[]
2026-06-02,11:37:42.559540,[]
2026-06-02,11:37:42.592907,[]
2026-06-02,11:37:42.626274,[]
2026-06-02,11:37:42.659641,[]
2026-06-02,11:37:42.693008,[]
2026-06-02,11:37:42.726375,[]
2026-06-02,11:37:42.759742,[]
2026-06-02,11:37:42.793109,[]
2026-06-02,11:37:42.826476,[]
2026-06-02,11:37:42.859843,[]
2026-06-02,11:37:42.893210,[]
2026-06-02,11:37:42.926577,[]
2026-06-02,11:37:42.959944,[]
2026-06-02,11:37:42.993311,[]
2026-06-02,11:37:43.026678,[]
2026-06-02,11:37:43.060045,[]
2026-06-02,11:37:43.093412,[]
2026-06-02,11:37:43.126779,[]
2026-06-02,11:37:43.160146,[]
2026-06-02,11:37:43.193513,[]
2026-06-02,11:37:43.226880,[]
2026-06-02,11:37:43.260247,[]
2026-06-02,11:37:43.293614,[]
2026-06-02,11:37:43.326981,[]
2026-06-02,11:37:43.360348,[]
2026-06-02,11:37:43.393715,[]
2026-06-02,11:37:43.427082,[]
2026-06-02,11:37:43.460449,[]
2026-06-02,11:37:43.493816,[]
2026-06-02,11:37:43.527183,[]
2026-06-02,11:37:43.560550,[]
2026-06-02,11:37:43.593917,[]
2026-06-02,11:37:43.627284,[]
2026-06-02,11:37:43.660651,[]
2026-06-02,11:37:43.694018,[]
2026-06-02,11:37:43.727385,[]
2026-06-02,11:37:43.760752,[]
2026-06-02,11:37:43.794119,[]
2026-06-02,11:37:43.827486,[]
2026-06-02,11:37:43.860853,[]
2026-06-02,11:37:43.894220,[]
2026-06-02,11:37:43.927587,[]
2026-06-02,11:37:43.960954,[]
2026-06-02,11:37:43.994321,[]
2026-06-02,11:37:44.027688,[]
2026-06-02,11:37:44.061055,[]
2026-06-02,11:37:44.094422,[]
2026-06-02,11:37:44.127789,[]
2026-06-02,11:37:44.161156,[]
2026-06-02,11:37:44.194523,[]
2026-06-02,11:37:44.227890,[]
2026-06-02,11:37:44.261257,[]
2026-06-02,11:37:44.294624,[]
2026-06-02,11:37:44.327991,[]
2026-06-02,11:37:44.361358,[]
2026-06-02,11:37:44.394725,[]
2026-06-02,11:37:44.428092,[]
2026-06-02,11:37:44.461459,[]
2026-06-02,11:37:44.494826,[]
2026-06-02,11:37:44.528193,[]
2026-06-02,11:37:44.561560,[]
2026-06-02,11:37:44.594927,[]
2026-06-02,11:37:44.628294,[]
2026-06-02,11:37:44.661661,[]
2026-06-02,11:37:44.695028,[]
2026-06-02,11:37:44.728395,[]
2026-06-02,11:37:44.761762,[]
2026-06-02,11:37:44.795129,[]
2026-06-02,11:37:44.828496,[]
2026-06-02,11:37:44.861863,[]
2026-06-02,11:37:44.895230,[]
2026-06-02,11:37:44.928597,[]
2026-06-02,11:37:44.961964,[]
2026-06-02,11:37:44.995331,[]
2026-06-02,11:37:45.028698,[]
2026-06-02,11:37:45.062065,[]
2026-06-02,11:37:45.095432,[]
2026-06-02,11:37:45.128799,[]
2026-06-02,11:37:45.162166,[]
2026-06-02,11:37:45.195533,[]
2026-06-02,11:37:45.228900,[]
2026-06-02,11:37:45.262267,[]
2026-06-02,11:37:45.295634,[]
2026-06-02,11:37:45.329001,[]
2026-06-02,11:37:45.362368,[]
2026-06-02,11:37:45.395735,[]
2026-06-02,11:37:45.429102,[]
2026-06-02,11:37:45.462469,[]
2026-06-02,11:37:45.495836,[]
2026-06-02,11:37:45.529203,[]
2026-06-02,11:37:45.562570,[]
2026-06-02,11:37:45.595937,[]
2026-06-02,11:37:45.629304,[]
2026-06-02,11:37:45.662671,[]
2026-06-02,11:37:45.696038,[]
2026-06-02,11:37:45.729405,[]
2026-06-02,11:37:45.762772,[]
2026-06-02,11:37:45.796139,[]
2026-06-02,11:37:45.829506,[]
2026-06-02,11:37:45.862873,[]
2026-06-02,11:37:45.896240,[]
2026-06-02,11:37:45.929607,[]
2026-06-02,11:37:45.962974,[]
2026-06-02,11:37:45.996341,[]
2026-06-02,11:37:46.029708,[]
2026-06-02,11:37:46.063075,[]
2026-06-02,11:37:46.096442,[]
2026-06-02,11:37:46.129809,[]
2026-06-02,11:37:46.163176,[]
2026-06-02,11:37:46.196543,[]
2026-06-02,11:37:46.229910,[]
2026-06-02,11:37:46.263277,[]
2026-06-02,11:37:46.296644,[]
2026-06-02,11:37:46.330011,[]
2026-06-02,11:37:46.363378,[]
2026-06-02,11:37:46.396745,[]
2026-06-02,11:37:46.430112,[]
2026-06-02,11:37:46.463479,[]
2026-06-02,11:37:46.496846,[]
2026-06-02,11:37:46.530213,[]
2026-06-02,11:37:46.563580,[]
2026-06-02,11:37:46.596947,[]
2026-06-02,11:37:46.630314,[]
2026-06-02,11:37:46.663681,[]
2026-06-02,11:37:46.697048,[]
2026-06-02,11:37:46.730415,[]
2026-06-02,11:37:46.763782,[]
2026-06-02,11:37:46.797149,[]
2026-06-02,11:37:46.830516,[]
2026-06-02,11:37:46.863883,[]
2026-06-02,11:37:46.897250,[]
2026-06-02,11:37:46.930617,[]
2026-06-02,11:37:46.963984,[]
2026-06-02,11:37:46.997351,[]
2026-06-02,11:37:47.030718,[]
2026-06-02,11:37:47.064085,[]
2026-06-02,11:37:47.097452,[]
2026-06-02,11:37:47.130819,[]
2026-06-02,11:37:47.164186,[]
2026-06-02,11:37:47.197553,[]
2026-06-02,11:37:47.230920,[]
2026-06-02,11:37:47.264287,[]
2026-06-02,11:37:47.297654,[]
2026-06-02,11:37:47.331021,[]
2026-06-02,11:37:47.364388,[]
2026-06-02,11:37:47.397755,[]
2026-06-02,11:37:47.431122,[]
2026-06-02,11:37:47.464489,[]
2026-06-02,11:37:47.497856,[]
2026-06-02,11:37:47.531223,[]
2026-06-02,11:37:47.564590,[]
2026-06-02,11:37:47.597957,[]
2026-06-02,11:37:47.631324,[]
2026-06-02,11:37:47.664691,[]
2026-06-02,11:37:47.698058,[]
2026-06-02,11:37:47.731425,[]
2026-06-02,11:37:47.764792,[]
2026-06-02,11:37:47.798159,[]
2026-06-02,11:37:47.831526,[]
2026-06-02,11:37:47.864893,[]
2026-06-02,11:37:47.898260,[]
2026-06-02,11:37:47.931627,[]
2026-06-02,11:37:47.964994,[]
2026-06-02,11:37:47.998361,[]
2026-06-02,11:37:48.031728,[]
2026-06-02,11:37:48.065095,[]
2026-06-02,11:37:48.098462,[]
2026-06-02,11:37:48.131829,[]
2026-06-02,11:37:48.165196,[]
2026-06-02,11:37:48.198563,[]
2026-06-02,11:37:48.231930,[]
2026-06-02,11:37:48.265297,[]
2026-06-02,11:37:48.298664,[]
2026-06-02,11:37:48.332031,[]
2026-06-02,11:37:48.365398,[]
2026-06-02,11:37:48.398765,[]
2026-06-02,11:37:48.432132,[]
2026-06-02,11:37:48.465499,[]
2026-06-02,11:37:48.498866,[]
2026-06-02,11:37:48.532233,[]
2026-06-02,11:37:48.565600,[]
2026-06-02,11:37:48.598967,[]
2026-06-02,11:37:48.632334,[]
2026-06-02,11:37:48.665701,[]
2026-06-02,11:37:48.699068,[]
2026-06-02,11:37:48.732435,[]
2026-06-02,11:37:48.765802,[]
2026-06-02,11:37:48.799169,[]
2026-06-02,11:37:48.832536,[]
2026-06-02,11:37:48.865903,[]
2026-06-02,11:37:48.899270,[]
2026-06-02,11:37:48.932637,[]
2026-06-02,11:37:48.966004,[]
2026-06-02,11:37:48.999371,[]
2026-06-02,11:37:49.032738,[]
2026-06-02,11:37:49.066105,[]
2026-06-02,11:37:49.099472,[]
2026-06-02,11:37:49.132839,[]
2026-06-02,11:37:49.166206,[]
2026-06-02,11:37:49.199573,[]
2026-06-02,11:37:49.232940,[]
2026-06-02,11:37:49.266307,[]
2026-06-02,11:37:49.299674,[]
2026-06-02,11:37:49.333041,[]
2026-06-02,11:37:49.366408,[]
2026-06-02,11:37:49.399775,[]
2026-06-02,11:37:49.433142,[]
2026-06-02,11:37:49.466509,[]
2026-06-02,11:37:49.499876,[]
2026-06-02,11:37:49.533243,[]
2026-06-02,11:37:49.566610,[]
2026-06-02,11:37:49.599977,[]
2026-06-02,11:37:49.633344,[]
2026-06-02,11:37:49.666711,[]
2026-06-02,11:37:49.700078,[]
2026-06-02,11:37:49.733445,[]
2026-06-02,11:37:49.766812,[]
2026-06-02,11:37:49.800179,[]
2026-06-02,11:37:49.833546,[]
2026-06-02,11:37:49.866913,[]
2026-06-02,11:37:49.900280,[]
2026-06-02,11:37:49.933647,[]
2026-06-02,11:37:49.967014,[]
2026-06-02,11:37:50.000381,[]
2026-06-02,11:37:50.033748,[]
2026-06-02,11:37:50.067115,[]
2026-06-02,11:37:50.100482,[]
2026-06-02,11:37:50.133849,[]
2026-06-02,11:37:50.167216,[]
2026-06-02,11:37:50.200583,[]
2026-06-02,11:37:50.233950,[]
2026-06-02,11:37:50.267317,[]
2026-06-02,11:37:50.300684,[]
2026-06-02,11:37:50.334051,[]
2026-06-02,11:37:50.367418,[]
2026-06-02,11:37:50.400785,[]
2026-06-02,11:37:50.434152,[]
2026-06-02,11:37:50.467519,[]
2026-06-02,11:37:50.500886,[]
2026-06-02,11:37:50.534253,[]
2026-06-02,11:37:50.567620,[]
2026-06-02,11:37:50.600987,[]
2026-06-02,11:37:50.634354,[]
2026-06-02,11:37:50.667721,[]
2026-06-02,11:37:50.701088,[]
2026-06-02,11:37:50.734455,[]
2026-06-02,11:37:50.767822,[]
2026-06-02,11:37:50.801189,[]
2026-06-02,11:37:50.834556,[]
2026-06-02,11:37:50.867923,[]
2026-06-02,11:37:50.901290,[]
2026-06-02,11:37:50.934657,[]
2026-06-02,11:37:50.968024,[]
2026-06-02,11:37:51.001391,[]
2026-06-02,11:37:51.034758,[]
2026-06-02,11:37:51.068125,[]
2026-06-02,11:37:51.101492,[]
2026-06-02,11:37:51.134859,[]
2026-06-02,11:37:51.168226,[]
2026-06-02,11:37:51.201593,[]
2026-06-02,11:37:51.234960,[]
2026-06-02,11:37:51.268327,[]
2026-06-02,11:37:51.301694,[]
2026-06-02,11:37:51.335061,[]
2026-06-02,11:37:51.368428,[]
2026-06-02,11:37:51.401795,[]
2026-06-02,11:37:51.435162,[]
2026-06-02,11:37:51.468529,[]
2026-06-02,11:37:51.501896,[]
2026-06-02,11:37:51.535263,[]
2026-06-02,11:37:51.568630,[]
2026-06-02,11:37:51.601997,[]
2026-06-02,11:37:51.635364,[]
2026-06-02,11:37:51.668731,[]
2026-06-02,11:37:51.702098,[]
2026-06-02,11:37:51.735465,[]
2026-06-02,11:37:51.768832,[]
2026-06-02,11:37:51.802199,[]
2026-06-02,11:37:51.835566,[]
2026-06-02,11:37:51.868933,[]
2026-06-02,11:37:51.902300,[]
2026-06-02,11:37:51.935667,[]
2026-06-02,11:37:51.969034,[]
2026-06-02,11:37:52.002401,[]
2026-06-02,11:37:52.035768,[]
2026-06-02,11:37:52.069135,[]
2026-06-02,11:37:52.102502,[]
2026-06-02,11:37:52.135869,[]
2026-06-02,11:37:52.169236,[]
2026-06-02,11:37:52.202603,[]
2026-06-02,11:37:52.235970,[]
2026-06-02,11:37:52.269337,[]
2026-06-02,11:37:52.302704,[]
2026-06-02,11:37:52.336071,[]
2026-06-02,11:37:52.369438,[]
2026-06-02,11:37:52.402805,[]
2026-06-02,11:37:52.436172,[]
2026-06-02,11:37:52.469539,[]
2026-06-02,11:37:52.502906,[]
2026-06-02,11:37:52.536273,[]
2026-06-02,11:37:52.569640,[]
2026-06-02,11:37:52.603007,[]
2026-06-02,11:37:52.636374,[]
2026-06-02,11:37:52.669741,[]
2026-06-02,11:37:52.703108,[]
2026-06-02,11:37:52.736475,[]
2026-06-02,11:37:52.769842,[]
2026-06-02,11:37:52.803209,[]
2026-06-02,11:37:52.836576,[]
2026-06-02,11:37:52.869943,[]
2026-06-02,11:37:52.903310,[]
2026-06-02,11:37:52.936677,[]
2026-06-02,11:37:52.970044,[]
2026-06-02,11:37:53.003411,[]
2026-06-02,11:37:53.036778,[]
2026-06-02,11:37:53.070145,[]
2026-06-02,11:37:53.103512,[]
2026-06-02,11:37:53.136879,[]
2026-06-02,11:37:53.170246,[]
2026-06-02,11:37:53.203613,[]
2026-06-02,11:37:53.236980,[]
2026-06-02,11:37:53.270347,[]
2026-06-02,11:37:53.303714,[]
2026-06-02,11:37:53.337081,[]
2026-06-02,11:37:53.370448,[]
2026-06-02,11:37:53.403815,[]
2026-06-02,11:37:53.437182,[]
2026-06-02,11:37:53.470549,[]
2026-06-02,11:37:53.503916,[]
2026-06-02,11:37:53.537283,[]
2026-06-02,11:37:53.570650,[]
2026-06-02,11:37:53.604017,[]
2026-06-02,11:37:53.637384,[]
2026-06-02,11:37:53.670751,[]
2026-06-02,11:37:53.704118,[]
2026-06-02,11:37:53.737485,[]
2026-06-02,11:37:53.770852,[]
2026-06-02,11:37:53.804219,[]
2026-06-02,11:37:53.837586,[]
2026-06-02,11:37:53.870953,[]
2026-06-02,11:37:53.904320,[]
2026-06-02,11:37:53.937687,[]
2026-06-02,11:37:53.971054,[]
2026-06-02,11:37:54.004421,[]
2026-06-02,11:37:54.037788,[]
2026-06-02,11:37:54.071155,[]
2026-06-02,11:37:54.104522,[]
2026-06-02,11:37:54.137889,[]
2026-06-02,11:37:54.171256,[]
2026-06-02,11:37:54.204623,[]
2026-06-02,11:37:54.237990,[]
2026-06-02,11:37:54.271357,[]
2026-06-02,11:37:54.304724,[]
2026-06-02,11:37:54.338091,[]
2026-06-02,11:37:54.371458,[]
2026-06-02,11:37:54.404825,[]
2026-06-02,11:37:54.438192,[]
2026-06-02,11:37:54.471559,[]
2026-06-02,11:37:54.504926,[]
2026-06-02,11:37:54.538293,[]
2026-06-02,11:37:54.571660,[]
2026-06-02,11:37:54.605027,[]
2026-06-02,11:37:54.638394,[]
2026-06-02,11:37:54.671761,[]
2026-06-02,11:37:54.705128,[]
2026-06-02,11:37:54.738495,[]
2026-06-02,11:37:54.771862,[]
2026-06-02,11:37:54.805229,[]
2026-06-02,11:37:54.838596,[]
2026-06-02,11:37:54.871963,[]
2026-06-02,11:37:54.905330,[]
2026-06-02,11:37:54.938697,[]
2026-06-02,11:37:54.972064,[]
2026-06-02,11:37:55.005431,[]
2026-06-02,11:37:55.038798,[]
2026-06-02,11:37:55.072165,[]
2026-06-02,11:37:55.105532,[]
2026-06-02,11:37:55.138899,[]
2026-06-02,11:37:55.172266,[]
2026-06-02,11:37:55.205633,[]
2026-06-02,11:37:55.239000,[]
2026-06-02,11:37:55.272367,[]
2026-06-02,11:37:55.305734,[]
2026-06-02,11:37:55.339101,[]
2026-06-02,11:37:55.372468,[]
2026-06-02,11:37:55.405835,[]
2026-06-02,11:37:55.439202,[]
2026-06-02,11:37:55.472569,[]
2026-06-02,11:37:55.505936,[]
2026-06-02,11:37:55.539303,[]
2026-06-02,11:37:55.572670,[]
2026-06-02,11:37:55.606037,[]
2026-06-02,11:37:55.639404,[]
2026-06-02,11:37:55.672771,[]
2026-06-02,11:37:55.706138,[]
2026-06-02,11:37:55.739505,[]
2026-06-02,11:37:55.772872,[]
2026-06-02,11:37:55.806239,[]
2026-06-02,11:37:55.839606,[]
2026-06-02,11:37:55.872973,[]
2026-06-02,11:37:55.906340,[]
2026-06-02,11:37:55.939707,[]
2026-06-02,11:37:55.973074,[]
2026-06-02,11:37:56.006441,[]
2026-06-02,11:37:56.039808,[]
2026-06-02,11:37:56.073175,[]
2026-06-02,11:37:56.106542,[]
2026-06-02,11:37:56.139909,[]
2026-06-02,11:37:56.173276,[]
2026-06-02,11:37:56.206643,[]
2026-06-02,11:37:56.240010,[]
2026-06-02,11:37:56.273377,[]
2026-06-02,11:37:56.306744,[]
2026-06-02,11:37:56.340111,[]
2026-06-02,11:37:56.373478,[]
2026-06-02,11:37:56.406845,[]
2026-06-02,11:37:56.440212,[]
2026-06-02,11:37:56.473579,[]
2026-06-02,11:37:56.506946,[]
2026-06-02,11:37:56.540313,[]
2026-06-02,11:37:56.573680,[]
2026-06-02,11:37:56.607047,[]
2026-06-02,11:37:56.640414,[]
2026-06-02,11:37:56.673781,[]
2026-06-02,11:37:56.707148,[]
2026-06-02,11:37:56.740515,[]
2026-06-02,11:37:56.773882,[]
2026-06-02,11:37:56.807249,[]
2026-06-02,11:37:56.840616,[]
2026-06-02,11:37:56.873983,[]
2026-06-02,11:37:56.907350,[]
2026-06-02,11:37:56.940717,[]
2026-06-02,11:37:56.974084,[]
2026-06-02,11:37:57.007451,[]
2026-06-02,11:37:57.040818,[]
2026-06-02,11:37:57.074185,[]
2026-06-02,11:37:57.107552,[]
2026-06-02,11:37:57.140919,[]
2026-06-02,11:37:57.174286,[]
2026-06-02,11:37:57.207653,[]
2026-06-02,11:37:57.241020,[]
2026-06-02,11:37:57.274387,[]
2026-06-02,11:37:57.307754,[]
2026-06-02,11:37:57.341121,[]
2026-06-02,11:37:57.374488,[]
2026-06-02,11:37:57.407855,[]
2026-06-02,11:37:57.441222,[]
2026-06-02,11:37:57.474589,[]
2026-06-02,11:37:57.507956,[]
2026-06-02,11:37:57.541323,[]
2026-06-02,11:37:57.574690,[]
2026-06-02,11:37:57.608057,[]
2026-06-02,11:37:57.641424,[]
2026-06-02,11:37:57.674791,[]
2026-06-02,11:37:57.708158,[]
2026-06-02,11:37:57.741525,[]
2026-06-02,11:37:57.774892,[]
2026-06-02,11:37:57.808259,[]
2026-06-02,11:37:57.841626,[]
2026-06-02,11:37:57.874993,[]
2026-06-02,11:37:57.908360,[]
2026-06-02,11:37:57.941727,[]
2026-06-02,11:37:57.975094,[]
2026-06-02,11:37:58.008461,[]
2026-06-02,11:37:58.041828,[]
2026-06-02,11:37:58.075195,[]
2026-06-02,11:37:58.108562,[]
2026-06-02,11:37:58.141929,[]
2026-06-02,11:37:58.175296,[]
2026-06-02,11:37:58.208663,[]
2026-06-02,11:37:58.242030,[]
2026-06-02,11:37:58.275397,[]
2026-06-02,11:37:58.308764,[]
2026-06-02,11:37:58.342131,[]
2026-06-02,11:37:58.375498,[]
2026-06-02,11:37:58.408865,[]
2026-06-02,11:37:58.442232,[]
2026-06-02,11:37:58.475599,[]
2026-06-02,11:37:58.508966,[]
2026-06-02,11:37:58.542333,[]
2026-06-02,11:37:58.575700,[]
2026-06-02,11:37:58.609067,[]
2026-06-02,11:37:58.642434,[]
2026-06-02,11:37:58.675801,[]
2026-06-02,11:37:58.709168,[]
2026-06-02,11:37:58.742535,[]
2026-06-02,11:37:58.775902,[]
2026-06-02,11:37:58.809269,[]
2026-06-02,11:37:58.842636,[]
2026-06-02,11:37:58.876003,[]
2026-06-02,11:37:58.909370,[]
2026-06-02,11:37:58.942737,[]
2026-06-02,11:37:58.976104,[]
2026-06-02,11:37:59.009471,[]
2026-06-02,11:37:59.042838,[]
2026-06-02,11:37:59.076205,[]
2026-06-02,11:37:59.109572,[]
2026-06-02,11:37:59.142939,[]
2026-06-02,11:37:59.176306,[]
2026-06-02,11:37:59.209673,[]
2026-06-02,11:37:59.243040,[]
2026-06-02,11:37:59.276407,[]
2026-06-02,11:37:59.309774,[]
2026-06-02,11:37:59.343141,[]
2026-06-02,11:37:59.376508,[]
2026-06-02,11:37:59.409875,[]
2026-06-02,11:37:59.443242,[]
2026-06-02,11:37:59.476609,[]
2026-06-02,11:37:59.509976,[]
2026-06-02,11:37:59.543343,[]
2026-06-02,11:37:59.576710,[]
2026-06-02,11:37:59.610077,[]
2026-06-02,11:37:59.643444,[]
2026-06-02,11:37:59.676811,[]
2026-06-02,11:37:59.710178,[]
2026-06-02,11:37:59.743545,[]
2026-06-02,11:37:59.776912,[]
2026-06-02,11:37:59.810279,[]
2026-06-02,11:37:59.843646,[]
2026-06-02,11:37:59.877013,[]
2026-06-02,11:37:59.910380,[]
2026-06-02,11:37:59.943747,[]
2026-06-02,11:37:59.977114,[]
2026-06-02,11:38:00.010481,[]
2026-06-02,11:38:00.043848,[]
2026-06-02,11:38:00.077215,[]
2026-06-02,11:38:00.110582,[]
2026-06-02,11:38:00.143949,[]
2026-06-02,11:38:00.177316,[]
2026-06-02,11:38:00.210683,[]
2026-06-02,11:38:00.244050,[]
2026-06-02,11:38:00.277417,[]
2026-06-02,11:38:00.310784,[]
2026-06-02,11:38:00.344151,[]
2026-06-02,11:38:00.377518,[]
2026-06-02,11:38:00.410885,[]
2026-06-02,11:38:00.444252,[]
2026-06-02,11:38:00.477619,[]
2026-06-02,11:38:00.510986,[]
2026-06-02,11:38:00.544353,[]
2026-06-02,11:38:00.577720,[]
2026-06-02,11:38:00.611087,[]
2026-06-02,11:38:00.644454,[]
2026-06-02,11:38:00.677821,[]
2026-06-02,11:38:00.711188,[]
2026-06-02,11:38:00.744555,[]
2026-06-02,11:38:00.777922,[]
2026-06-02,11:38:00.811289,[]
2026-06-02,11:38:00.844656,[]
2026-06-02,11:38:00.878023,[]
2026-06-02,11:38:00.911390,[]
2026-06-02,11:38:00.944757,[]
2026-06-02,11:38:00.978124,[]
2026-06-02,11:38:01.011491,[]
2026-06-02,11:38:01.044858,[]
2026-06-02,11:38:01.078225,[]
2026-06-02,11:38:01.111592,[]
2026-06-02,11:38:01.144959,[]
2026-06-02,11:38:01.178326,[]
2026-06-02,11:38:01.211693,[]
2026-06-02,11:38:01.245060,[]
2026-06-02,11:38:01.278427,[]
2026-06-02,11:38:01.311794,[]
2026-06-02,11:38:01.345161,[]
2026-06-02,11:38:01.378528,[]
2026-06-02,11:38:01.411895,[]
2026-06-02,11:38:01.445262,[]
2026-06-02,11:38:01.478629,[]
2026-06-02,11:38:01.511996,[]
2026-06-02,11:38:01.545363,[]
2026-06-02,11:38:01.578730,[]
2026-06-02,11:38:01.612097,[]
2026-06-02,11:38:01.645464,[]
2026-06-02,11:38:01.678831,[]
2026-06-02,11:38:01.712198,[]
2026-06-02,11:38:01.745565,[]
2026-06-02,11:38:01.778932,[]
2026-06-02,11:38:01.812299,[]
2026-06-02,11:38:01.845666,[]
2026-06-02,11:38:01.879033,[]
2026-06-02,11:38:01.912400,[]
2026-06-02,11:38:01.945767,[]
2026-06-02,11:38:01.979134,[]
2026-06-02,11:38:02.012501,[]
2026-06-02,11:38:02.045868,[]
2026-06-02,11:38:02.079235,[]
2026-06-02,11:38:02.112602,[]
2026-06-02,11:38:02.145969,[]
2026-06-02,11:38:02.179336,[]
2026-06-02,11:38:02.212703,[]
2026-06-02,11:38:02.246070,[]
2026-06-02,11:38:02.279437,[]
2026-06-02,11:38:02.312804,[]
2026-06-02,11:38:02.346171,[]
2026-06-02,11:38:02.379538,[]
2026-06-02,11:38:02.412905,[]
2026-06-02,11:38:02.446272,[]
2026-06-02,11:38:02.479639,[]
2026-06-02,11:38:02.513006,[]
2026-06-02,11:38:02.546373,[]
2026-06-02,11:38:02.579740,[]
2026-06-02,11:38:02.613107,[]
2026-06-02,11:38:02.646474,[]
2026-06-02,11:38:02.679841,[]
2026-06-02,11:38:02.713208,[]
2026-06-02,11:38:02.746575,[]
2026-06-02,11:38:02.779942,[]
2026-06-02,11:38:02.813309,[]
2026-06-02,11:38:02.846676,[]
2026-06-02,11:38:02.880043,[]
2026-06-02,11:38:02.913410,[]
2026-06-02,11:38:02.946777,[]
2026-06-02,11:38:02.980144,[]
2026-06-02,11:38:03.013511,[]
2026-06-02,11:38:03.046878,[]
2026-06-02,11:38:03.080245,[]
2026-06-02,11:38:03.113612,[]
2026-06-02,11:38:03.146979,[]
2026-06-02,11:38:03.180346,[]
2026-06-02,11:38:03.213713,[]
2026-06-02,11:38:03.247080,[]
2026-06-02,11:38:03.280447,[]
2026-06-02,11:38:03.313814,[]
2026-06-02,11:38:03.347181,[]
2026-06-02,11:38:03.380548,[]
2026-06-02,11:38:03.413915,[]
2026-06-02,11:38:03.447282,[]
2026-06-02,11:38:03.480649,[]
2026-06-02,11:38:03.514016,[]
2026-06-02,11:38:03.547383,[]
2026-06-02,11:38:03.580750,[]
2026-06-02,11:38:03.614117,[]
2026-06-02,11:38:03.647484,[]
2026-06-02,11:38:03.680851,[]
2026-06-02,11:38:03.714218,[]
2026-06-02,11:38:03.747585,[]
2026-06-02,11:38:03.780952,[]
2026-06-02,11:38:03.814319,[]
2026-06-02,11:38:03.847686,[]
2026-06-02,11:38:03.881053,[]
2026-06-02,11:38:03.914420,[]
2026-06-02,11:38:03.947787,[]
2026-06-02,11:38:03.981154,[]
2026-06-02,11:38:04.014521,[]
2026-06-02,11:38:04.047888,[]
2026-06-02,11:38:04.081255,[]
2026-06-02,11:38:04.114622,[]
2026-06-02,11:38:04.147989,[]
2026-06-02,11:38:04.181356,[]
2026-06-02,11:38:04.214723,[]
2026-06-02,11:38:04.248090,[]
2026-06-02,11:38:04.281457,[]
2026-06-02,11:38:04.314824,[]
2026-06-02,11:38:04.348191,[]
2026-06-02,11:38:04.381558,[]
2026-06-02,11:38:04.414925,[]
2026-06-02,11:38:04.448292,[]
2026-06-02,11:38:04.481659,[]
2026-06-02,11:38:04.515026,[]
2026-06-02,11:38:04.548393,[]
2026-06-02,11:38:04.581760,[]
2026-06-02,11:38:04.615127,[]
2026-06-02,11:38:04.648494,[]
2026-06-02,11:38:04.681861,[]
2026-06-02,11:38:04.715228,[]
2026-06-02,11:38:04.748595,[]
2026-06-02,11:38:04.781962,[]
2026-06-02,11:38:04.815329,[]
2026-06-02,11:38:04.848696,[]
2026-06-02,11:38:04.882063,[]
2026-06-02,11:38:04.915430,[]
2026-06-02,11:38:04.948797,[]
2026-06-02,11:38:04.982164,[]
2026-06-02,11:38:05.015531,[]
2026-06-02,11:38:05.048898,[]
2026-06-02,11:38:05.082265,[]
2026-06-02,11:38:05.115632,[]
2026-06-02,11:38:05.148999,[]
2026-06-02,11:38:05.182366,[]
2026-06-02,11:38:05.215733,[]
2026-06-02,11:38:05.249100,[]
2026-06-02,11:38:05.282467,[]
2026-06-02,11:38:05.315834,[]
2026-06-02,11:38:05.349201,[]
2026-06-02,11:38:05.382568,[]
2026-06-02,11:38:05.415935,[]
2026-06-02,11:38:05.449302,[]
2026-06-02,11:38:05.482669,[]
2026-06-02,11:38:05.516036,[]
2026-06-02,11:38:05.549403,[]
2026-06-02,11:38:05.582770,[]
2026-06-02,11:38:05.616137,[]
2026-06-02,11:38:05.649504,[]
2026-06-02,11:38:05.682871,[]
2026-06-02,11:38:05.716238,[]
2026-06-02,11:38:05.749605,[]
2026-06-02,11:38:05.782972,[]
2026-06-02,11:38:05.816339,[]
2026-06-02,11:38:05.849706,[]
2026-06-02,11:38:05.883073,[]
2026-06-02,11:38:05.916440,[]
2026-06-02,11:38:05.949807,[]
2026-06-02,11:38:05.983174,[]
2026-06-02,11:38:06.016541,[]
2026-06-02,11:38:06.049908,[]
2026-06-02,11:38:06.083275,[]
2026-06-02,11:38:06.116642,[]
2026-06-02,11:38:06.150009,[]
2026-06-02,11:38:06.183376,[]
2026-06-02,11:38:06.216743,[]
2026-06-02,11:38:06.250110,[]
2026-06-02,11:38:06.283477,[]
2026-06-02,11:38:06.316844,[]
2026-06-02,11:38:06.350211,[]
2026-06-02,11:38:06.383578,[]
2026-06-02,11:38:06.416945,[]
2026-06-02,11:38:06.450312,[]
2026-06-02,11:38:06.483679,[]
2026-06-02,11:38:06.517046,[]
2026-06-02,11:38:06.550413,[]
2026-06-02,11:38:06.583780,[]
2026-06-02,11:38:06.617147,[]
2026-06-02,11:38:06.650514,[]
2026-06-02,11:38:06.683881,[]
2026-06-02,11:38:06.717248,[]
2026-06-02,11:38:06.750615,[]
2026-06-02,11:38:06.783982,[]
2026-06-02,11:38:06.817349,[]
2026-06-02,11:38:06.850716,[]
2026-06-02,11:38:06.884083,[]
2026-06-02,11:38:06.917450,[]
2026-06-02,11:38:06.950817,[]
2026-06-02,11:38:06.984184,[]
2026-06-02,11:38:07.017551,[]
2026-06-02,11:38:07.050918,[]
2026-06-02,11:38:07.084285,[]
2026-06-02,11:38:07.117652,[]
2026-06-02,11:38:07.151019,[]
2026-06-02,11:38:07.184386,[]
2026-06-02,11:38:07.217753,[]
2026-06-02,11:38:07.251120,[]
2026-06-02,11:38:07.284487,[]
2026-06-02,11:38:07.317854,[]
2026-06-02,11:38:07.351221,[]
2026-06-02,11:38:07.384588,[]
2026-06-02,11:38:07.417955,[]
2026-06-02,11:38:07.451322,[]
2026-06-02,11:38:07.484689,[]
2026-06-02,11:38:07.518056,[]
2026-06-02,11:38:07.551423,[]
2026-06-02,11:38:07.584790,[]
2026-06-02,11:38:07.618157,[]
2026-06-02,11:38:07.651524,[]
2026-06-02,11:38:07.684891,[]
2026-06-02,11:38:07.718258,[]
2026-06-02,11:38:07.751625,[]
2026-06-02,11:38:07.784992,[]
2026-06-02,11:38:07.818359,[]
2026-06-02,11:38:07.851726,[]
2026-06-02,11:38:07.885093,[]
2026-06-02,11:38:07.918460,[]
2026-06-02,11:38:07.951827,[]
2026-06-02,11:38:07.985194,[]
2026-06-02,11:38:08.018561,[]
2026-06-02,11:38:08.051928,[]
2026-06-02,11:38:08.085295,[]
2026-06-02,11:38:08.118662,[]
2026-06-02,11:38:08.152029,[]
2026-06-02,11:38:08.185396,[]
2026-06-02,11:38:08.218763,[]
2026-06-02,11:38:08.252130,[]
2026-06-02,11:38:08.285497,[]
2026-06-02,11:38:08.318864,[]
2026-06-02,11:38:08.352231,[]
2026-06-02,11:38:08.385598,[]
2026-06-02,11:38:08.418965,[]
2026-06-02,11:38:08.452332,[]
2026-06-02,11:38:08.485699,[]
2026-06-02,11:38:08.519066,[]
2026-06-02,11:38:08.552433,[]
2026-06-02,11:38:08.585800,[]
2026-06-02,11:38:08.619167,[]
2026-06-02,11:38:08.652534,[]
2026-06-02,11:38:08.685901,[]
2026-06-02,11:38:08.719268,[]
2026-06-02,11:38:08.752635,[]
2026-06-02,11:38:08.786002,[]
2026-06-02,11:38:08.819369,[]
2026-06-02,11:38:08.852736,[]
2026-06-02,11:38:08.886103,[]
2026-06-02,11:38:08.919470,[]
2026-06-02,11:38:08.952837,[]
2026-06-02,11:38:08.986204,[]
2026-06-02,11:38:09.019571,[]
2026-06-02,11:38:09.052938,[]
2026-06-02,11:38:09.086305,[]
2026-06-02,11:38:09.119672,[]
2026-06-02,11:38:09.153039,[]
2026-06-02,11:38:09.186406,[]
2026-06-02,11:38:09.219773,[]
2026-06-02,11:38:09.253140,[]
2026-06-02,11:38:09.286507,[]
2026-06-02,11:38:09.319874,[]
2026-06-02,11:38:09.353241,[]
2026-06-02,11:38:09.386608,[]
2026-06-02,11:38:09.419975,[]
2026-06-02,11:38:09.453342,[]
2026-06-02,11:38:09.486709,[]
2026-06-02,11:38:09.520076,[]
2026-06-02,11:38:09.553443,[]
2026-06-02,11:38:09.586810,[]
2026-06-02,11:38:09.620177,[]
2026-06-02,11:38:09.653544,[]
2026-06-02,11:38:09.686911,[]
2026-06-02,11:38:09.720278,[]
2026-06-02,11:38:09.753645,[]
2026-06-02,11:38:09.787012,[]
2026-06-02,11:38:09.820379,[]
2026-06-02,11:38:09.853746,[]
2026-06-02,11:38:09.887113,[]
2026-06-02,11:38:09.920480,[]
2026-06-02,11:38:09.953847,[]
2026-06-02,11:38:09.987214,[]
2026-06-02,11:38:10.020581,[]
2026-06-02,11:38:10.053948,[]
2026-06-02,11:38:10.087315,[]
2026-06-02,11:38:10.120682,[]
2026-06-02,11:38:10.154049,[]
2026-06-02,11:38:10.187416,[]
2026-06-02,11:38:10.220783,[]
2026-06-02,11:38:10.254150,[]
2026-06-02,11:38:10.287517,[]
2026-06-02,11:38:10.320884,[]
2026-06-02,11:38:10.354251,[]
2026-06-02,11:38:10.387618,[]
2026-06-02,11:38:10.420985,[]
2026-06-02,11:38:10.454352,[]
2026-06-02,11:38:10.487719,[]
2026-06-02,11:38:10.521086,[]
2026-06-02,11:38:10.554453,[]
2026-06-02,11:38:10.587820,[]
2026-06-02,11:38:10.621187,[]
2026-06-02,11:38:10.654554,[]
2026-06-02,11:38:10.687921,[]
2026-06-02,11:38:10.721288,[]
2026-06-02,11:38:10.754655,[]
2026-06-02,11:38:10.788022,[]
2026-06-02,11:38:10.821389,[]
2026-06-02,11:38:10.854756,[]
2026-06-02,11:38:10.888123,[]
2026-06-02,11:38:10.921490,[]
2026-06-02,11:38:10.954857,[]
2026-06-02,11:38:10.988224,[]
2026-06-02,11:38:11.021591,[]
2026-06-02,11:38:11.054958,[]
2026-06-02,11:38:11.088325,[]
2026-06-02,11:38:11.121692,[]
2026-06-02,11:38:11.155059,[]
2026-06-02,11:38:11.188426,[]
2026-06-02,11:38:11.221793,[]
2026-06-02,11:38:11.255160,[]
2026-06-02,11:38:11.288527,[]
2026-06-02,11:38:11.321894,[]
2026-06-02,11:38:11.355261,[]
2026-06-02,11:38:11.388628,[]
2026-06-02,11:38:11.421995,[]
2026-06-02,11:38:11.455362,[]
2026-06-02,11:38:11.488729,[]
2026-06-02,11:38:11.522096,[]
2026-06-02,11:38:11.555463,[]
2026-06-02,11:38:11.588830,[]
2026-06-02,11:38:11.622197,[]
2026-06-02,11:38:11.655564,[]
2026-06-02,11:38:11.688931,[]
2026-06-02,11:38:11.722298,[]
2026-06-02,11:38:11.755665,[]
2026-06-02,11:38:11.789032,[]
2026-06-02,11:38:11.822399,[]
2026-06-02,11:38:11.855766,[]
2026-06-02,11:38:11.889133,[]
2026-06-02,11:38:11.922500,[]
2026-06-02,11:38:11.955867,[]
2026-06-02,11:38:11.989234,[]
2026-06-02,11:38:12.022601,[]
2026-06-02,11:38:12.055968,[]
2026-06-02,11:38:12.089335,[]
2026-06-02,11:38:12.122702,[]
2026-06-02,11:38:12.156069,[]
2026-06-02,11:38:12.189436,[]
2026-06-02,11:38:12.222803,[]
2026-06-02,11:38:12.256170,[]
2026-06-02,11:38:12.289537,[]
2026-06-02,11:38:12.322904,[]
2026-06-02,11:38:12.356271,[]
2026-06-02,11:38:12.389638,[]
2026-06-02,11:38:12.423005,[]
2026-06-02,11:38:12.456372,[]
2026-06-02,11:38:12.489739,[]
2026-06-02,11:38:12.523106,[]
2026-06-02,11:38:12.556473,[]
2026-06-02,11:38:12.589840,[]
2026-06-02,11:38:12.623207,[]
2026-06-02,11:38:12.656574,[]
2026-06-02,11:38:12.689941,[]
2026-06-02,11:38:12.723308,[]
2026-06-02,11:38:12.756675,[]
2026-06-02,11:38:12.790042,[]
2026-06-02,11:38:12.823409,[]
2026-06-02,11:38:12.856776,[]
2026-06-02,11:38:12.890143,[]
2026-06-02,11:38:12.923510,[]
2026-06-02,11:38:12.956877,[]
2026-06-02,11:38:12.990244,[]
2026-06-02,11:38:13.023611,[]
2026-06-02,11:38:13.056978,[]
2026-06-02,11:38:13.090345,[]
2026-06-02,11:38:13.123712,[]
2026-06-02,11:38:13.157079,[]
2026-06-02,11:38:13.190446,[]
2026-06-02,11:38:13.223813,[]
2026-06-02,11:38:13.257180,[]
2026-06-02,11:38:13.290547,[]
2026-06-02,11:38:13.323914,[]
2026-06-02,11:38:13.357281,[]
2026-06-02,11:38:13.390648,[]
2026-06-02,11:38:13.424015,[]
2026-06-02,11:38:13.457382,[]
2026-06-02,11:38:13.490749,[]
2026-06-02,11:38:13.524116,[]
2026-06-02,11:38:13.557483,[]
2026-06-02,11:38:13.590850,[]
2026-06-02,11:38:13.624217,[]
2026-06-02,11:38:13.657584,[]
2026-06-02,11:38:13.690951,[]
2026-06-02,11:38:13.724318,[]
2026-06-02,11:38:13.757685,[]
2026-06-02,11:38:13.791052,[]
2026-06-02,11:38:13.824419,[]
2026-06-02,11:38:13.857786,[]
2026-06-02,11:38:13.891153,[]
2026-06-02,11:38:13.924520,[]
2026-06-02,11:38:13.957887,[]
2026-06-02,11:38:13.991254,[]
2026-06-02,11:38:14.024621,[]
2026-06-02,11:38:14.057988,[]
2026-06-02,11:38:14.091355,[]
2026-06-02,11:38:14.124722,[]
2026-06-02,11:38:14.158089,[]
2026-06-02,11:38:14.191456,[]
2026-06-02,11:38:14.224823,[]
2026-06-02,11:38:14.258190,[]
2026-06-02,11:38:14.291557,[]
2026-06-02,11:38:14.324924,[]
2026-06-02,11:38:14.358291,[]
2026-06-02,11:38:14.391658,[]
2026-06-02,11:38:14.425025,[]
2026-06-02,11:38:14.458392,[]
2026-06-02,11:38:14.491759,[]
2026-06-02,11:38:14.525126,[]
2026-06-02,11:38:14.558493,[]
2026-06-02,11:38:14.591860,[]
2026-06-02,11:38:14.625227,[]
2026-06-02,11:38:14.658594,[]
2026-06-02,11:38:14.691961,[]
2026-06-02,11:38:14.725328,[]
2026-06-02,11:38:14.758695,[]
2026-06-02,11:38:14.792062,[]
2026-06-02,11:38:14.825429,[]
2026-06-02,11:38:14.858796,[]
2026-06-02,11:38:14.892163,[]
2026-06-02,11:38:14.925530,[]
2026-06-02,11:38:14.958897,[]
2026-06-02,11:38:14.992264,[]
2026-06-02,11:38:15.025631,[]
2026-06-02,11:38:15.058998,[]
2026-06-02,11:38:15.092365,[]
2026-06-02,11:38:15.125732,[]
2026-06-02,11:38:15.159099,[]
2026-06-02,11:38:15.192466,[]
2026-06-02,11:38:15.225833,[]
2026-06-02,11:38:15.259200,[]
2026-06-02,11:38:15.292567,[]
2026-06-02,11:38:15.325934,[]
2026-06-02,11:38:15.359301,[]
2026-06-02,11:38:15.392668,[]
2026-06-02,11:38:15.426035,[]
2026-06-02,11:38:15.459402,[]
2026-06-02,11:38:15.492769,[]
2026-06-02,11:38:15.526136,[]
2026-06-02,11:38:15.559503,[]
2026-06-02,11:38:15.592870,[]
2026-06-02,11:38:15.626237,[]
2026-06-02,11:38:15.659604,[]
2026-06-02,11:38:15.692971,[]
2026-06-02,11:38:15.726338,[]
2026-06-02,11:38:15.759705,[]
2026-06-02,11:38:15.793072,[]
2026-06-02,11:38:15.826439,[]
2026-06-02,11:38:15.859806,[]
2026-06-02,11:38:15.893173,[]
2026-06-02,11:38:15.926540,[]
2026-06-02,11:38:15.959907,[]
2026-06-02,11:38:15.993274,[]
2026-06-02,11:38:16.026641,[]
2026-06-02,11:38:16.060008,[]
2026-06-02,11:38:16.093375,[]
2026-06-02,11:38:16.126742,[]
2026-06-02,11:38:16.160109,[]
2026-06-02,11:38:16.193476,[]
2026-06-02,11:38:16.226843,[]
2026-06-02,11:38:16.260210,[]
2026-06-02,11:38:16.293577,[]
2026-06-02,11:38:16.326944,[]
2026-06-02,11:38:16.360311,[]
2026-06-02,11:38:16.393678,[]
2026-06-02,11:38:16.427045,[]
2026-06-02,11:38:16.460412,[]
2026-06-02,11:38:16.493779,[]
2026-06-02,11:38:16.527146,[]
2026-06-02,11:38:16.560513,[]
2026-06-02,11:38:16.593880,[]
2026-06-02,11:38:16.627247,[]
2026-06-02,11:38:16.660614,[]
2026-06-02,11:38:16.693981,[]
2026-06-02,11:38:16.727348,[]
2026-06-02,11:38:16.760715,[]
2026-06-02,11:38:16.794082,[]
2026-06-02,11:38:16.827449,[]
2026-06-02,11:38:16.860816,[]
2026-06-02,11:38:16.894183,[]
2026-06-02,11:38:16.927550,[]
2026-06-02,11:38:16.960917,[]
2026-06-02,11:38:16.994284,[]
2026-06-02,11:38:17.027651,[]
2026-06-02,11:38:17.061018,[]
2026-06-02,11:38:17.094385,[]
2026-06-02,11:38:17.127752,[]
2026-06-02,11:38:17.161119,[]
2026-06-02,11:38:17.194486,[]
2026-06-02,11:38:17.227853,[]
2026-06-02,11:38:17.261220,[]
2026-06-02,11:38:17.294587,[]
2026-06-02,11:38:17.327954,[]
2026-06-02,11:38:17.361321,[]
2026-06-02,11:38:17.394688,[]
2026-06-02,11:38:17.428055,[]
2026-06-02,11:38:17.461422,[]
2026-06-02,11:38:17.494789,[]
2026-06-02,11:38:17.528156,[]
2026-06-02,11:38:17.561523,[]
2026-06-02,11:38:17.594890,[]
2026-06-02,11:38:17.628257,[]
2026-06-02,11:38:17.661624,[]
2026-06-02,11:38:17.694991,[]
2026-06-02,11:38:17.728358,[]
2026-06-02,11:38:17.761725,[]
2026-06-02,11:38:17.795092,[]
2026-06-02,11:38:17.828459,[]
2026-06-02,11:38:17.861826,[]
2026-06-02,11:38:17.895193,[]
2026-06-02,11:38:17.928560,[]
2026-06-02,11:38:17.961927,[]
2026-06-02,11:38:17.995294,[]
2026-06-02,11:38:18.028661,[]
2026-06-02,11:38:18.062028,[]
2026-06-02,11:38:18.095395,[]
2026-06-02,11:38:18.128762,[]
2026-06-02,11:38:18.162129,[]
2026-06-02,11:38:18.195496,[]
2026-06-02,11:38:18.228863,[]
2026-06-02,11:38:18.262230,[]
2026-06-02,11:38:18.295597,[]
2026-06-02,11:38:18.328964,[]
2026-06-02,11:38:18.362331,[]
2026-06-02,11:38:18.395698,[]
2026-06-02,11:38:18.429065,[]
2026-06-02,11:38:18.462432,[]
2026-06-02,11:38:18.495799,[]
2026-06-02,11:38:18.529166,[]
2026-06-02,11:38:18.562533,[]
2026-06-02,11:38:18.595900,[]
2026-06-02,11:38:18.629267,[]
2026-06-02,11:38:18.662634,[]
2026-06-02,11:38:18.696001,[]
2026-06-02,11:38:18.729368,[]
2026-06-02,11:38:18.762735,[]
2026-06-02,11:38:18.796102,[]
2026-06-02,11:38:18.829469,[]
2026-06-02,11:38:18.862836,[]
2026-06-02,11:38:18.896203,[]
2026-06-02,11:38:18.929570,[]
2026-06-02,11:38:18.962937,[]
2026-06-02,11:38:18.996304,[]
2026-06-02,11:38:19.029671,[]
2026-06-02,11:38:19.063038,[]
2026-06-02,11:38:19.096405,[]
2026-06-02,11:38:19.129772,[]
2026-06-02,11:38:19.163139,[]
2026-06-02,11:38:19.196506,[]
2026-06-02,11:38:19.229873,[]
2026-06-02,11:38:19.263240,[]
2026-06-02,11:38:19.296607,[]
2026-06-02,11:38:19.329974,[]
2026-06-02,11:38:19.363341,[]
2026-06-02,11:38:19.396708,[]
2026-06-02,11:38:19.430075,[]
2026-06-02,11:38:19.463442,[]
2026-06-02,11:38:19.496809,[]
2026-06-02,11:38:19.530176,[]
2026-06-02,11:38:19.563543,[]
2026-06-02,11:38:19.596910,[]
2026-06-02,11:38:19.630277,[]
2026-06-02,11:38:19.663644,[]
2026-06-02,11:38:19.697011,[]
2026-06-02,11:38:19.730378,[]
2026-06-02,11:38:19.763745,[]
2026-06-02,11:38:19.797112,[]
2026-06-02,11:38:19.830479,[]
2026-06-02,11:38:19.863846,[]
2026-06-02,11:38:19.897213,[]
2026-06-02,11:38:19.930580,[]
2026-06-02,11:38:19.963947,[]
2026-06-02,11:38:19.997314,[]
2026-06-02,11:38:20.030681,[]
2026-06-02,11:38:20.064048,[]
2026-06-02,11:38:20.097415,[]
2026-06-02,11:38:20.130782,[]
2026-06-02,11:38:20.164149,[]
2026-06-02,11:38:20.197516,[]
2026-06-02,11:38:20.230883,[]
2026-06-02,11:38:20.264250,['DT80535']
2026-06-02,11:38:20.297617,['DT80535']
2026-06-02,11:38:20.330984,['DT80535']
2026-06-02,11:38:20.364351,['DT80535']
2026-06-02,11:38:20.397718,['DT80535']
2026-06-02,11:38:20.431085,[]
2026-06-02,11:38:20.464452,[]
2026-06-02,11:38:20.497819,[]
2026-06-02,11:38:20.531186,[]
2026-06-02,11:38:20.564553,[]
2026-06-02,11:38:20.597920,[]
2026-06-02,11:38:20.631287,[]
2026-06-02,11:38:20.664654,[]
2026-06-02,11:38:20.698021,[]
2026-06-02,11:38:20.731388,[]
2026-06-02,11:38:20.764755,[]
2026-06-02,11:38:20.798122,[]
2026-06-02,11:38:20.831489,[]
2026-06-02,11:38:20.864856,[]
2026-06-02,11:38:20.898223,[]
2026-06-02,11:38:20.931590,[]
2026-06-02,11:38:20.964957,[]
2026-06-02,11:38:20.998324,[]
2026-06-02,11:38:21.031691,[]
2026-06-02,11:38:21.065058,[]
2026-06-02,11:38:21.098425,[]
2026-06-02,11:38:21.131792,[]
2026-06-02,11:38:21.165159,[]
2026-06-02,11:38:21.198526,[]
2026-06-02,11:38:21.231893,[]
2026-06-02,11:38:21.265260,[]
2026-06-02,11:38:21.298627,[]
2026-06-02,11:38:21.331994,[]
2026-06-02,11:38:21.365361,[]
2026-06-02,11:38:21.398728,[]
2026-06-02,11:38:21.432095,[]
2026-06-02,11:38:21.465462,[]
2026-06-02,11:38:21.498829,[]
2026-06-02,11:38:21.532196,[]
2026-06-02,11:38:21.565563,[]
2026-06-02,11:38:21.598930,[]
2026-06-02,11:38:21.632297,[]
2026-06-02,11:38:21.665664,[]
2026-06-02,11:38:21.699031,[]
2026-06-02,11:38:21.732398,[]
2026-06-02,11:38:21.765765,[]
2026-06-02,11:38:21.799132,[]
2026-06-02,11:38:21.832499,[]
2026-06-02,11:38:21.865866,[]
2026-06-02,11:38:21.899233,[]
2026-06-02,11:38:21.932600,[]
2026-06-02,11:38:21.965967,[]
2026-06-02,11:38:21.999334,[]
2026-06-02,11:38:22.032701,[]
2026-06-02,11:38:22.066068,[]
2026-06-02,11:38:22.099435,[]
2026-06-02,11:38:22.132802,[]
2026-06-02,11:38:22.166169,[]
2026-06-02,11:38:22.199536,[]
2026-06-02,11:38:22.232903,[]
2026-06-02,11:38:22.266270,[]
2026-06-02,11:38:22.299637,[]
2026-06-02,11:38:22.333004,[]
2026-06-02,11:38:22.366371,[]
2026-06-02,11:38:22.399738,[]
2026-06-02,11:38:22.433105,[]
2026-06-02,11:38:22.466472,[]
2026-06-02,11:38:22.499839,['EK36408']
2026-06-02,11:38:22.533206,['EK36408']
2026-06-02,11:38:22.566573,['EK36408']
2026-06-02,11:38:22.599940,['EK36408']
2026-06-02,11:38:22.633307,[]
2026-06-02,11:38:22.666674,[]
2026-06-02,11:38:22.700041,[]
2026-06-02,11:38:22.733408,[]
2026-06-02,11:38:22.766775,[]
2026-06-02,11:38:22.800142,[]
2026-06-02,11:38:22.833509,[]
2026-06-02,11:38:22.866876,[]
2026-06-02,11:38:22.900243,[]
2026-06-02,11:38:22.933610,[]
2026-06-02,11:38:22.966977,[]
2026-06-02,11:38:23.000344,[]
2026-06-02,11:38:23.033711,[]
2026-06-02,11:38:23.067078,[]
2026-06-02,11:38:23.100445,[]
2026-06-02,11:38:23.133812,[]
2026-06-02,11:38:23.167179,[]
2026-06-02,11:38:23.200546,[]
2026-06-02,11:38:23.233913,[]
2026-06-02,11:38:23.267280,[]
2026-06-02,11:38:23.300647,[]
2026-06-02,11:38:23.334014,[]
2026-06-02,11:38:23.367381,[]
2026-06-02,11:38:23.400748,[]
2026-06-02,11:38:23.434115,[]
2026-06-02,11:38:23.467482,[]
2026-06-02,11:38:23.500849,[]
2026-06-02,11:38:23.534216,[]
2026-06-02,11:38:23.567583,[]
2026-06-02,11:38:23.600950,[]
2026-06-02,11:38:23.634317,[]
2026-06-02,11:38:23.667684,[]
2026-06-02,11:38:23.701051,[]
2026-06-02,11:38:23.734418,[]
2026-06-02,11:38:23.767785,[]
2026-06-02,11:38:23.801152,[]
2026-06-02,11:38:23.834519,[]
2026-06-02,11:38:23.867886,[]
2026-06-02,11:38:23.901253,[]
2026-06-02,11:38:23.934620,[]
2026-06-02,11:38:23.967987,[]
2026-06-02,11:38:24.001354,[]
2026-06-02,11:38:24.034721,[]
2026-06-02,11:38:24.068088,[]
2026-06-02,11:38:24.101455,[]
2026-06-02,11:38:24.134822,[]
2026-06-02,11:38:24.168189,[]
2026-06-02,11:38:24.201556,[]
2026-06-02,11:38:24.234923,[]
2026-06-02,11:38:24.268290,[]
2026-06-02,11:38:24.301657,[]
2026-06-02,11:38:24.335024,[]
2026-06-02,11:38:24.368391,[]
2026-06-02,11:38:24.401758,[]
2026-06-02,11:38:24.435125,[]
2026-06-02,11:38:24.468492,[]
2026-06-02,11:38:24.501859,[]
2026-06-02,11:38:24.535226,[]
2026-06-02,11:38:24.568593,[]
2026-06-02,11:38:24.601960,[]
2026-06-02,11:38:24.635327,[]
2026-06-02,11:38:24.668694,[]
2026-06-02,11:38:24.702061,[]
2026-06-02,11:38:24.735428,[]
2026-06-02,11:38:24.768795,[]
2026-06-02,11:38:24.802162,[]
2026-06-02,11:38:24.835529,[]
2026-06-02,11:38:24.868896,[]
2026-06-02,11:38:24.902263,[]
2026-06-02,11:38:24.935630,[]
2026-06-02,11:38:24.968997,[]
2026-06-02,11:38:25.002364,[]
2026-06-02,11:38:25.035731,[]
2026-06-02,11:38:25.069098,[]
2026-06-02,11:38:25.102465,[]
2026-06-02,11:38:25.135832,[]
2026-06-02,11:38:25.169199,[]
2026-06-02,11:38:25.202566,[]
2026-06-02,11:38:25.235933,[]
2026-06-02,11:38:25.269300,[]
2026-06-02,11:38:25.302667,[]
2026-06-02,11:38:25.336034,[]
2026-06-02,11:38:25.369401,[]
2026-06-02,11:38:25.402768,[]
2026-06-02,11:38:25.436135,[]
2026-06-02,11:38:25.469502,[]
2026-06-02,11:38:25.502869,[]
2026-06-02,11:38:25.536236,[]
2026-06-02,11:38:25.569603,[]
2026-06-02,11:38:25.602970,[]
2026-06-02,11:38:25.636337,[]
2026-06-02,11:38:25.669704,[]
2026-06-02,11:38:25.703071,[]
2026-06-02,11:38:25.736438,[]
2026-06-02,11:38:25.769805,[]
2026-06-02,11:38:25.803172,[]
2026-06-02,11:38:25.836539,[]
2026-06-02,11:38:25.869906,[]
2026-06-02,11:38:25.903273,[]
2026-06-02,11:38:25.936640,[]
2026-06-02,11:38:25.970007,[]
2026-06-02,11:38:26.003374,[]
2026-06-02,11:38:26.036741,[]
2026-06-02,11:38:26.070108,[]
2026-06-02,11:38:26.103475,[]
2026-06-02,11:38:26.136842,[]
2026-06-02,11:38:26.170209,[]
2026-06-02,11:38:26.203576,[]
2026-06-02,11:38:26.236943,[]
2026-06-02,11:38:26.270310,[]
2026-06-02,11:38:26.303677,[]
2026-06-02,11:38:26.337044,[]
2026-06-02,11:38:26.370411,[]
2026-06-02,11:38:26.403778,[]
2026-06-02,11:38:26.437145,[]
2026-06-02,11:38:26.470512,[]
2026-06-02,11:38:26.503879,[]
2026-06-02,11:38:26.537246,[]
2026-06-02,11:38:26.570613,[]
2026-06-02,11:38:26.603980,[]
2026-06-02,11:38:26.637347,[]
2026-06-02,11:38:26.670714,[]
2026-06-02,11:38:26.704081,[]
2026-06-02,11:38:26.737448,[]
2026-06-02,11:38:26.770815,[]
2026-06-02,11:38:26.804182,[]
2026-06-02,11:38:26.837549,[]
2026-06-02,11:38:26.870916,[]
2026-06-02,11:38:26.904283,[]
2026-06-02,11:38:26.937650,[]
2026-06-02,11:38:26.971017,[]
2026-06-02,11:38:27.004384,[]
2026-06-02,11:38:27.037751,[]
2026-06-02,11:38:27.071118,[]
2026-06-02,11:38:27.104485,[]
2026-06-02,11:38:27.137852,[]
2026-06-02,11:38:27.171219,[]
2026-06-02,11:38:27.204586,[]
2026-06-02,11:38:27.237953,[]
2026-06-02,11:38:27.271320,[]
2026-06-02,11:38:27.304687,[]
2026-06-02,11:38:27.338054,[]
2026-06-02,11:38:27.371421,[]
2026-06-02,11:38:27.404788,[]
2026-06-02,11:38:27.438155,[]
2026-06-02,11:38:27.471522,[]
2026-06-02,11:38:27.504889,[]
2026-06-02,11:38:27.538256,[]
2026-06-02,11:38:27.571623,[]
2026-06-02,11:38:27.604990,[]
2026-06-02,11:38:27.638357,[]
2026-06-02,11:38:27.671724,[]
2026-06-02,11:38:27.705091,[]
2026-06-02,11:38:27.738458,[]
2026-06-02,11:38:27.771825,[]
2026-06-02,11:38:27.805192,[]
2026-06-02,11:38:27.838559,[]
2026-06-02,11:38:27.871926,[]
2026-06-02,11:38:27.905293,[]
2026-06-02,11:38:27.938660,[]
2026-06-02,11:38:27.972027,[]
2026-06-02,11:38:28.005394,[]
2026-06-02,11:38:28.038761,[]
2026-06-02,11:38:28.072128,[]
2026-06-02,11:38:28.105495,[]
2026-06-02,11:38:28.138862,[]
2026-06-02,11:38:28.172229,[]
2026-06-02,11:38:28.205596,[]
2026-06-02,11:38:28.238963,[]
2026-06-02,11:38:28.272330,[]
2026-06-02,11:38:28.305697,[]
2026-06-02,11:38:28.339064,[]
2026-06-02,11:38:28.372431,[]
2026-06-02,11:38:28.405798,[]
2026-06-02,11:38:28.439165,[]
2026-06-02,11:38:28.472532,[]
2026-06-02,11:38:28.505899,[]
2026-06-02,11:38:28.539266,[]
2026-06-02,11:38:28.572633,[]
2026-06-02,11:38:28.606000,[]
2026-06-02,11:38:28.639367,[]
2026-06-02,11:38:28.672734,[]
2026-06-02,11:38:28.706101,[]
2026-06-02,11:38:28.739468,[]
2026-06-02,11:38:28.772835,[]
2026-06-02,11:38:28.806202,[]
2026-06-02,11:38:28.839569,[]
2026-06-02,11:38:28.872936,[]
2026-06-02,11:38:28.906303,[]
2026-06-02,11:38:28.939670,[]
2026-06-02,11:38:28.973037,[]
2026-06-02,11:38:29.006404,[]
2026-06-02,11:38:29.039771,[]
2026-06-02,11:38:29.073138,[]
2026-06-02,11:38:29.106505,[]
2026-06-02,11:38:29.139872,[]
2026-06-02,11:38:29.173239,[]
2026-06-02,11:38:29.206606,[]
2026-06-02,11:38:29.239973,[]
2026-06-02,11:38:29.273340,[]
2026-06-02,11:38:29.306707,[]
2026-06-02,11:38:29.340074,[]
2026-06-02,11:38:29.373441,[]
2026-06-02,11:38:29.406808,[]
2026-06-02,11:38:29.440175,[]
2026-06-02,11:38:29.473542,[]
2026-06-02,11:38:29.506909,[]
2026-06-02,11:38:29.540276,[]
2026-06-02,11:38:29.573643,[]
2026-06-02,11:38:29.607010,[]
2026-06-02,11:38:29.640377,[]
2026-06-02,11:38:29.673744,[]
2026-06-02,11:38:29.707111,[]
2026-06-02,11:38:29.740478,[]
2026-06-02,11:38:29.773845,[]
2026-06-02,11:38:29.807212,[]
2026-06-02,11:38:29.840579,[]
2026-06-02,11:38:29.873946,[]
2026-06-02,11:38:29.907313,[]
2026-06-02,11:38:29.940680,[]
2026-06-02,11:38:29.974047,[]
2026-06-02,11:38:30.007414,[]
2026-06-02,11:38:30.040781,[]
2026-06-02,11:38:30.074148,[]
2026-06-02,11:38:30.107515,[]
2026-06-02,11:38:30.140882,[]
2026-06-02,11:38:30.174249,[]
2026-06-02,11:38:30.207616,[]
2026-06-02,11:38:30.240983,[]
2026-06-02,11:38:30.274350,[]
2026-06-02,11:38:30.307717,[]
2026-06-02,11:38:30.341084,[]
2026-06-02,11:38:30.374451,[]
2026-06-02,11:38:30.407818,[]
2026-06-02,11:38:30.441185,[]
2026-06-02,11:38:30.474552,[]
2026-06-02,11:38:30.507919,[]
2026-06-02,11:38:30.541286,[]
2026-06-02,11:38:30.574653,[]
2026-06-02,11:38:30.608020,[]
2026-06-02,11:38:30.641387,[]
2026-06-02,11:38:30.674754,[]
2026-06-02,11:38:30.708121,[]
2026-06-02,11:38:30.741488,[]
2026-06-02,11:38:30.774855,[]
2026-06-02,11:38:30.808222,[]
2026-06-02,11:38:30.841589,[]
2026-06-02,11:38:30.874956,[]
2026-06-02,11:38:30.908323,[]
2026-06-02,11:38:30.941690,[]
2026-06-02,11:38:30.975057,[]
2026-06-02,11:38:31.008424,[]
2026-06-02,11:38:31.041791,[]
2026-06-02,11:38:31.075158,[]
2026-06-02,11:38:31.108525,[]
2026-06-02,11:38:31.141892,[]
2026-06-02,11:38:31.175259,[]
2026-06-02,11:38:31.208626,[]
2026-06-02,11:38:31.241993,[]
2026-06-02,11:38:31.275360,[]
2026-06-02,11:38:31.308727,[]
2026-06-02,11:38:31.342094,[]
2026-06-02,11:38:31.375461,[]
2026-06-02,11:38:31.408828,[]
2026-06-02,11:38:31.442195,[]
2026-06-02,11:38:31.475562,[]
2026-06-02,11:38:31.508929,[]
2026-06-02,11:38:31.542296,[]
2026-06-02,11:38:31.575663,[]
2026-06-02,11:38:31.609030,[]
2026-06-02,11:38:31.642397,[]
2026-06-02,11:38:31.675764,[]
2026-06-02,11:38:31.709131,[]
2026-06-02,11:38:31.742498,[]
2026-06-02,11:38:31.775865,[]
2026-06-02,11:38:31.809232,[]
2026-06-02,11:38:31.842599,[]
2026-06-02,11:38:31.875966,[]
2026-06-02,11:38:31.909333,[]
2026-06-02,11:38:31.942700,[]
2026-06-02,11:38:31.976067,[]
2026-06-02,11:38:32.009434,[]
2026-06-02,11:38:32.042801,[]
2026-06-02,11:38:32.076168,[]
2026-06-02,11:38:32.109535,[]
2026-06-02,11:38:32.142902,[]
2026-06-02,11:38:32.176269,[]
2026-06-02,11:38:32.209636,[]
2026-06-02,11:38:32.243003,[]
2026-06-02,11:38:32.276370,[]
2026-06-02,11:38:32.309737,[]
2026-06-02,11:38:32.343104,[]
2026-06-02,11:38:32.376471,[]
2026-06-02,11:38:32.409838,[]
2026-06-02,11:38:32.443205,[]
2026-06-02,11:38:32.476572,[]
2026-06-02,11:38:32.509939,[]
2026-06-02,11:38:32.543306,[]
2026-06-02,11:38:32.576673,[]
2026-06-02,11:38:32.610040,[]
2026-06-02,11:38:32.643407,[]
2026-06-02,11:38:32.676774,[]
2026-06-02,11:38:32.710141,[]
2026-06-02,11:38:32.743508,[]
2026-06-02,11:38:32.776875,[]
2026-06-02,11:38:32.810242,[]
2026-06-02,11:38:32.843609,[]
2026-06-02,11:38:32.876976,[]
2026-06-02,11:38:32.910343,[]
2026-06-02,11:38:32.943710,[]
2026-06-02,11:38:32.977077,[]
2026-06-02,11:38:33.010444,[]
2026-06-02,11:38:33.043811,[]
2026-06-02,11:38:33.077178,[]
2026-06-02,11:38:33.110545,[]
2026-06-02,11:38:33.143912,[]
2026-06-02,11:38:33.177279,[]
2026-06-02,11:38:33.210646,[]
2026-06-02,11:38:33.244013,[]
2026-06-02,11:38:33.277380,[]
2026-06-02,11:38:33.310747,[]
2026-06-02,11:38:33.344114,[]
2026-06-02,11:38:33.377481,[]
2026-06-02,11:38:33.410848,[]
2026-06-02,11:38:33.444215,[]
2026-06-02,11:38:33.477582,[]
2026-06-02,11:38:33.510949,[]
2026-06-02,11:38:33.544316,[]
2026-06-02,11:38:33.577683,[]
2026-06-02,11:38:33.611050,[]
2026-06-02,11:38:33.644417,[]
2026-06-02,11:38:33.677784,[]
2026-06-02,11:38:33.711151,[]
2026-06-02,11:38:33.744518,[]
2026-06-02,11:38:33.777885,[]
2026-06-02,11:38:33.811252,[]
2026-06-02,11:38:33.844619,[]
2026-06-02,11:38:33.877986,[]
2026-06-02,11:38:33.911353,[]
2026-06-02,11:38:33.944720,[]
2026-06-02,11:38:33.978087,[]
2026-06-02,11:38:34.011454,[]
2026-06-02,11:38:34.044821,[]
2026-06-02,11:38:34.078188,[]
2026-06-02,11:38:34.111555,[]
2026-06-02,11:38:34.144922,[]
2026-06-02,11:38:34.178289,[]
2026-06-02,11:38:34.211656,[]
2026-06-02,11:38:34.245023,[]
2026-06-02,11:38:34.278390,[]
2026-06-02,11:38:34.311757,[]
2026-06-02,11:38:34.345124,[]
2026-06-02,11:38:34.378491,[]
2026-06-02,11:38:34.411858,[]
2026-06-02,11:38:34.445225,[]
2026-06-02,11:38:34.478592,[]
2026-06-02,11:38:34.511959,[]
2026-06-02,11:38:34.545326,[]
2026-06-02,11:38:34.578693,[]
2026-06-02,11:38:34.612060,[]
2026-06-02,11:38:34.645427,[]
2026-06-02,11:38:34.678794,[]
2026-06-02,11:38:34.712161,[]
2026-06-02,11:38:34.745528,[]
2026-06-02,11:38:34.778895,[]
2026-06-02,11:38:34.812262,[]
2026-06-02,11:38:34.845629,[]
2026-06-02,11:38:34.878996,[]
2026-06-02,11:38:34.912363,[]
2026-06-02,11:38:34.945730,[]
2026-06-02,11:38:34.979097,[]
2026-06-02,11:38:35.012464,[]
2026-06-02,11:38:35.045831,[]
2026-06-02,11:38:35.079198,[]
2026-06-02,11:38:35.112565,[]
2026-06-02,11:38:35.145932,[]
2026-06-02,11:38:35.179299,[]
2026-06-02,11:38:35.212666,[]
2026-06-02,11:38:35.246033,[]
2026-06-02,11:38:35.279400,[]
2026-06-02,11:38:35.312767,[]
2026-06-02,11:38:35.346134,[]
2026-06-02,11:38:35.379501,[]
2026-06-02,11:38:35.412868,[]
2026-06-02,11:38:35.446235,[]
2026-06-02,11:38:35.479602,[]
2026-06-02,11:38:35.512969,[]
2026-06-02,11:38:35.546336,[]
2026-06-02,11:38:35.579703,[]
2026-06-02,11:38:35.613070,[]
2026-06-02,11:38:35.646437,[]
2026-06-02,11:38:35.679804,[]
2026-06-02,11:38:35.713171,[]
2026-06-02,11:38:35.746538,[]
2026-06-02,11:38:35.779905,[]
2026-06-02,11:38:35.813272,[]
2026-06-02,11:38:35.846639,[]
2026-06-02,11:38:35.880006,[]
2026-06-02,11:38:35.913373,[]
2026-06-02,11:38:35.946740,[]
2026-06-02,11:38:35.980107,[]
2026-06-02,11:38:36.013474,[]
2026-06-02,11:38:36.046841,[]
2026-06-02,11:38:36.080208,[]
2026-06-02,11:38:36.113575,[]
2026-06-02,11:38:36.146942,[]
2026-06-02,11:38:36.180309,[]
2026-06-02,11:38:36.213676,[]
2026-06-02,11:38:36.247043,[]
2026-06-02,11:38:36.280410,[]
2026-06-02,11:38:36.313777,[]
2026-06-02,11:38:36.347144,[]
2026-06-02,11:38:36.380511,[]
2026-06-02,11:38:36.413878,[]
2026-06-02,11:38:36.447245,[]
2026-06-02,11:38:36.480612,[]
2026-06-02,11:38:36.513979,[]
2026-06-02,11:38:36.547346,[]
2026-06-02,11:38:36.580713,[]
2026-06-02,11:38:36.614080,[]
2026-06-02,11:38:36.647447,[]
2026-06-02,11:38:36.680814,[]
2026-06-02,11:38:36.714181,[]
2026-06-02,11:38:36.747548,[]
2026-06-02,11:38:36.780915,[]
2026-06-02,11:38:36.814282,[]
2026-06-02,11:38:36.847649,[]
2026-06-02,11:38:36.881016,[]
2026-06-02,11:38:36.914383,[]
2026-06-02,11:38:36.947750,[]
2026-06-02,11:38:36.981117,[]
2026-06-02,11:38:37.014484,[]
2026-06-02,11:38:37.047851,[]
2026-06-02,11:38:37.081218,[]
2026-06-02,11:38:37.114585,[]
2026-06-02,11:38:37.147952,[]
2026-06-02,11:38:37.181319,[]
2026-06-02,11:38:37.214686,[]
2026-06-02,11:38:37.248053,[]
2026-06-02,11:38:37.281420,[]
2026-06-02,11:38:37.314787,[]
2026-06-02,11:38:37.348154,[]
2026-06-02,11:38:37.381521,[]
2026-06-02,11:38:37.414888,[]
2026-06-02,11:38:37.448255,[]
2026-06-02,11:38:37.481622,[]
2026-06-02,11:38:37.514989,[]
2026-06-02,11:38:37.548356,[]
2026-06-02,11:38:37.581723,[]
2026-06-02,11:38:37.615090,[]
2026-06-02,11:38:37.648457,[]
2026-06-02,11:38:37.681824,[]
2026-06-02,11:38:37.715191,[]
2026-06-02,11:38:37.748558,[]
2026-06-02,11:38:37.781925,[]
2026-06-02,11:38:37.815292,[]
2026-06-02,11:38:37.848659,[]
2026-06-02,11:38:37.882026,[]
2026-06-02,11:38:37.915393,[]
2026-06-02,11:38:37.948760,[]
2026-06-02,11:38:37.982127,[]
2026-06-02,11:38:38.015494,[]
2026-06-02,11:38:38.048861,[]
2026-06-02,11:38:38.082228,[]
2026-06-02,11:38:38.115595,[]
2026-06-02,11:38:38.148962,[]
2026-06-02,11:38:38.182329,[]
2026-06-02,11:38:38.215696,[]
2026-06-02,11:38:38.249063,[]
2026-06-02,11:38:38.282430,[]
2026-06-02,11:38:38.315797,[]
2026-06-02,11:38:38.349164,[]
2026-06-02,11:38:38.382531,[]
2026-06-02,11:38:38.415898,[]
2026-06-02,11:38:38.449265,[]
2026-06-02,11:38:38.482632,[]
2026-06-02,11:38:38.515999,[]
2026-06-02,11:38:38.549366,[]
2026-06-02,11:38:38.582733,[]
2026-06-02,11:38:38.616100,[]
2026-06-02,11:38:38.649467,[]
2026-06-02,11:38:38.682834,[]
2026-06-02,11:38:38.716201,[]
2026-06-02,11:38:38.749568,[]
2026-06-02,11:38:38.782935,[]
2026-06-02,11:38:38.816302,[]
2026-06-02,11:38:38.849669,[]
2026-06-02,11:38:38.883036,[]
2026-06-02,11:38:38.916403,[]
2026-06-02,11:38:38.949770,[]
2026-06-02,11:38:38.983137,[]
2026-06-02,11:38:39.016504,[]
2026-06-02,11:38:39.049871,[]
2026-06-02,11:38:39.083238,[]
2026-06-02,11:38:39.116605,[]
2026-06-02,11:38:39.149972,[]
2026-06-02,11:38:39.183339,[]
2026-06-02,11:38:39.216706,[]
2026-06-02,11:38:39.250073,[]
2026-06-02,11:38:39.283440,[]
2026-06-02,11:38:39.316807,[]
2026-06-02,11:38:39.350174,[]
2026-06-02,11:38:39.383541,[]
2026-06-02,11:38:39.416908,[]
2026-06-02,11:38:39.450275,[]
2026-06-02,11:38:39.483642,[]
2026-06-02,11:38:39.517009,[]
2026-06-02,11:38:39.550376,[]
2026-06-02,11:38:39.583743,[]
2026-06-02,11:38:39.617110,[]
2026-06-02,11:38:39.650477,[]
2026-06-02,11:38:39.683844,[]
2026-06-02,11:38:39.717211,[]
2026-06-02,11:38:39.750578,[]
2026-06-02,11:38:39.783945,[]
2026-06-02,11:38:39.817312,[]
2026-06-02,11:38:39.850679,[]
2026-06-02,11:38:39.884046,['DC59745']
2026-06-02,11:38:39.917413,['DC59745']
2026-06-02,11:38:39.950780,['DC59745']
2026-06-02,11:38:39.984147,[]
2026-06-02,11:38:40.017514,[]
2026-06-02,11:38:40.050881,[]
2026-06-02,11:38:40.084248,[]
2026-06-02,11:38:40.117615,[]
2026-06-02,11:38:40.150982,[]
2026-06-02,11:38:40.184349,[]
2026-06-02,11:38:40.217716,[]
2026-06-02,11:38:40.251083,[]
2026-06-02,11:38:40.284450,[]
2026-06-02,11:38:40.317817,[]
2026-06-02,11:38:40.351184,[]
2026-06-02,11:38:40.384551,[]
2026-06-02,11:38:40.417918,[]
2026-06-02,11:38:40.451285,[]
2026-06-02,11:38:40.484652,[]
2026-06-02,11:38:40.518019,[]
2026-06-02,11:38:40.551386,[]
2026-06-02,11:38:40.584753,[]
2026-06-02,11:38:40.618120,[]
2026-06-02,11:38:40.651487,[]
2026-06-02,11:38:40.684854,[]
2026-06-02,11:38:40.718221,[]
2026-06-02,11:38:40.751588,[]
2026-06-02,11:38:40.784955,[]
2026-06-02,11:38:40.818322,[]
2026-06-02,11:38:40.851689,[]
2026-06-02,11:38:40.885056,[]
2026-06-02,11:38:40.918423,[]
2026-06-02,11:38:40.951790,[]
2026-06-02,11:38:40.985157,[]
2026-06-02,11:38:41.018524,[]
2026-06-02,11:38:41.051891,[]
2026-06-02,11:38:41.085258,[]
2026-06-02,11:38:41.118625,[]
2026-06-02,11:38:41.151992,[]
2026-06-02,11:38:41.185359,[]
2026-06-02,11:38:41.218726,[]
2026-06-02,11:38:41.252093,[]
2026-06-02,11:38:41.285460,[]
2026-06-02,11:38:41.318827,[]
2026-06-02,11:38:41.352194,[]
2026-06-02,11:38:41.385561,[]
2026-06-02,11:38:41.418928,[]
2026-06-02,11:38:41.452295,[]
2026-06-02,11:38:41.485662,[]
2026-06-02,11:38:41.519029,[]
2026-06-02,11:38:41.552396,[]
2026-06-02,11:38:41.585763,[]
2026-06-02,11:38:41.619130,[]
2026-06-02,11:38:41.652497,[]
2026-06-02,11:38:41.685864,[]
2026-06-02,11:38:41.719231,[]
2026-06-02,11:38:41.752598,[]
2026-06-02,11:38:41.785965,[]
2026-06-02,11:38:41.819332,[]
2026-06-02,11:38:41.852699,[]
2026-06-02,11:38:41.886066,[]
2026-06-02,11:38:41.919433,[]
2026-06-02,11:38:41.952800,[]
2026-06-02,11:38:41.986167,[]
2026-06-02,11:38:42.019534,[]
2026-06-02,11:38:42.052901,[]
2026-06-02,11:38:42.086268,[]
2026-06-02,11:38:42.119635,[]
2026-06-02,11:38:42.153002,[]
2026-06-02,11:38:42.186369,[]
2026-06-02,11:38:42.219736,[]
2026-06-02,11:38:42.253103,[]
2026-06-02,11:38:42.286470,[]
2026-06-02,11:38:42.319837,[]
2026-06-02,11:38:42.353204,[]
2026-06-02,11:38:42.386571,[]
2026-06-02,11:38:42.419938,[]
2026-06-02,11:38:42.453305,[]
2026-06-02,11:38:42.486672,[]
2026-06-02,11:38:42.520039,[]
2026-06-02,11:38:42.553406,[]
2026-06-02,11:38:42.586773,[]
2026-06-02,11:38:42.620140,[]
2026-06-02,11:38:42.653507,[]
2026-06-02,11:38:42.686874,[]
2026-06-02,11:38:42.720241,[]
2026-06-02,11:38:42.753608,[]
2026-06-02,11:38:42.786975,[]
2026-06-02,11:38:42.820342,[]
2026-06-02,11:38:42.853709,[]
2026-06-02,11:38:42.887076,[]
2026-06-02,11:38:42.920443,[]
2026-06-02,11:38:42.953810,[]
2026-06-02,11:38:42.987177,[]
2026-06-02,11:38:43.020544,[]
2026-06-02,11:38:43.053911,[]
2026-06-02,11:38:43.087278,[]
2026-06-02,11:38:43.120645,[]
2026-06-02,11:38:43.154012,[]
2026-06-02,11:38:43.187379,[]
2026-06-02,11:38:43.220746,[]
2026-06-02,11:38:43.254113,[]
2026-06-02,11:38:43.287480,[]
2026-06-02,11:38:43.320847,[]
2026-06-02,11:38:43.354214,[]
2026-06-02,11:38:43.387581,[]
2026-06-02,11:38:43.420948,[]
2026-06-02,11:38:43.454315,[]
2026-06-02,11:38:43.487682,[]
2026-06-02,11:38:43.521049,[]
2026-06-02,11:38:43.554416,[]
2026-06-02,11:38:43.587783,[]
2026-06-02,11:38:43.621150,[]
2026-06-02,11:38:43.654517,[]
2026-06-02,11:38:43.687884,[]
2026-06-02,11:38:43.721251,[]
2026-06-02,11:38:43.754618,[]
2026-06-02,11:38:43.787985,[]
2026-06-02,11:38:43.821352,[]
2026-06-02,11:38:43.854719,[]
2026-06-02,11:38:43.888086,[]
2026-06-02,11:38:43.921453,[]
2026-06-02,11:38:43.954820,[]
2026-06-02,11:38:43.988187,[]
2026-06-02,11:38:44.021554,[]
2026-06-02,11:38:44.054921,[]
2026-06-02,11:38:44.088288,[]
2026-06-02,11:38:44.121655,[]
2026-06-02,11:38:44.155022,[]
2026-06-02,11:38:44.188389,[]
2026-06-02,11:38:44.221756,[]
2026-06-02,11:38:44.255123,[]
2026-06-02,11:38:44.288490,[]
2026-06-02,11:38:44.321857,[]
2026-06-02,11:38:44.355224,[]
2026-06-02,11:38:44.388591,[]
2026-06-02,11:38:44.421958,[]
2026-06-02,11:38:44.455325,[]
2026-06-02,11:38:44.488692,['CR22677']
2026-06-02,11:38:44.522059,[]
2026-06-02,11:38:44.555426,[]
2026-06-02,11:38:44.588793,[]
