Date,Time,plates
2026-06-10,12:56:45,[]
2026-06-10,12:56:45.033367,[]
2026-06-10,12:56:45.066734,[]
2026-06-10,12:56:45.100101,[]
2026-06-10,12:56:45.133468,[]
2026-06-10,12:56:45.166835,[]
2026-06-10,12:56:45.200202,[]
2026-06-10,12:56:45.233569,[]
2026-06-10,12:56:45.266936,[]
2026-06-10,12:56:45.300303,[]
2026-06-10,12:56:45.333670,[]
2026-06-10,12:56:45.367037,[]
2026-06-10,12:56:45.400404,[]
2026-06-10,12:56:45.433771,[]
2026-06-10,12:56:45.467138,[]
2026-06-10,12:56:45.500505,[]
2026-06-10,12:56:45.533872,[]
2026-06-10,12:56:45.567239,[]
2026-06-10,12:56:45.600606,[]
2026-06-10,12:56:45.633973,[]
2026-06-10,12:56:45.667340,[]
2026-06-10,12:56:45.700707,[]
2026-06-10,12:56:45.734074,[]
2026-06-10,12:56:45.767441,[]
2026-06-10,12:56:45.800808,[]
2026-06-10,12:56:45.834175,[]
2026-06-10,12:56:45.867542,[]
2026-06-10,12:56:45.900909,[]
2026-06-10,12:56:45.934276,[]
2026-06-10,12:56:45.967643,[]
2026-06-10,12:56:46.001010,[]
2026-06-10,12:56:46.034377,[]
2026-06-10,12:56:46.067744,[]
2026-06-10,12:56:46.101111,[]
2026-06-10,12:56:46.134478,[]
2026-06-10,12:56:46.167845,[]
2026-06-10,12:56:46.201212,[]
2026-06-10,12:56:46.234579,[]
2026-06-10,12:56:46.267946,[]
2026-06-10,12:56:46.301313,[]
2026-06-10,12:56:46.334680,[]
2026-06-10,12:56:46.368047,[]
2026-06-10,12:56:46.401414,[]
2026-06-10,12:56:46.434781,[]
2026-06-10,12:56:46.468148,[]
2026-06-10,12:56:46.501515,[]
2026-06-10,12:56:46.534882,[]
2026-06-10,12:56:46.568249,[]
2026-06-10,12:56:46.601616,[]
2026-06-10,12:56:46.634983,[]
2026-06-10,12:56:46.668350,[]
2026-06-10,12:56:46.701717,[]
2026-06-10,12:56:46.735084,[]
2026-06-10,12:56:46.768451,[]
2026-06-10,12:56:46.801818,[]
2026-06-10,12:56:46.835185,[]
2026-06-10,12:56:46.868552,[]
2026-06-10,12:56:46.901919,[]
2026-06-10,12:56:46.935286,[]
2026-06-10,12:56:46.968653,[]
2026-06-10,12:56:47.002020,[]
2026-06-10,12:56:47.035387,[]
2026-06-10,12:56:47.068754,[]
2026-06-10,12:56:47.102121,[]
2026-06-10,12:56:47.135488,[]
2026-06-10,12:56:47.168855,[]
2026-06-10,12:56:47.202222,[]
2026-06-10,12:56:47.235589,[]
2026-06-10,12:56:47.268956,[]
2026-06-10,12:56:47.302323,[]
2026-06-10,12:56:47.335690,[]
2026-06-10,12:56:47.369057,[]
2026-06-10,12:56:47.402424,[]
2026-06-10,12:56:47.435791,[]
2026-06-10,12:56:47.469158,[]
2026-06-10,12:56:47.502525,[]
2026-06-10,12:56:47.535892,[]
2026-06-10,12:56:47.569259,[]
2026-06-10,12:56:47.602626,[]
2026-06-10,12:56:47.635993,[]
2026-06-10,12:56:47.669360,[]
2026-06-10,12:56:47.702727,[]
2026-06-10,12:56:47.736094,[]
2026-06-10,12:56:47.769461,[]
2026-06-10,12:56:47.802828,[]
2026-06-10,12:56:47.836195,[]
2026-06-10,12:56:47.869562,[]
2026-06-10,12:56:47.902929,[]
2026-06-10,12:56:47.936296,[]
2026-06-10,12:56:47.969663,[]
2026-06-10,12:56:48.003030,[]
2026-06-10,12:56:48.036397,[]
2026-06-10,12:56:48.069764,[]
2026-06-10,12:56:48.103131,[]
2026-06-10,12:56:48.136498,[]
2026-06-10,12:56:48.169865,[]
2026-06-10,12:56:48.203232,[]
2026-06-10,12:56:48.236599,[]
2026-06-10,12:56:48.269966,[]
2026-06-10,12:56:48.303333,[]
2026-06-10,12:56:48.336700,[]
2026-06-10,12:56:48.370067,[]
2026-06-10,12:56:48.403434,[]
2026-06-10,12:56:48.436801,[]
2026-06-10,12:56:48.470168,[]
2026-06-10,12:56:48.503535,[]
2026-06-10,12:56:48.536902,[]
2026-06-10,12:56:48.570269,[]
2026-06-10,12:56:48.603636,[]
2026-06-10,12:56:48.637003,[]
2026-06-10,12:56:48.670370,[]
2026-06-10,12:56:48.703737,[]
2026-06-10,12:56:48.737104,[]
2026-06-10,12:56:48.770471,[]
2026-06-10,12:56:48.803838,[]
2026-06-10,12:56:48.837205,[]
2026-06-10,12:56:48.870572,[]
2026-06-10,12:56:48.903939,[]
2026-06-10,12:56:48.937306,[]
2026-06-10,12:56:48.970673,[]
2026-06-10,12:56:49.004040,[]
2026-06-10,12:56:49.037407,[]
2026-06-10,12:56:49.070774,[]
2026-06-10,12:56:49.104141,[]
2026-06-10,12:56:49.137508,[]
2026-06-10,12:56:49.170875,[]
2026-06-10,12:56:49.204242,[]
2026-06-10,12:56:49.237609,[]
2026-06-10,12:56:49.270976,[]
2026-06-10,12:56:49.304343,[]
2026-06-10,12:56:49.337710,[]
2026-06-10,12:56:49.371077,[]
2026-06-10,12:56:49.404444,[]
2026-06-10,12:56:49.437811,[]
2026-06-10,12:56:49.471178,[]
2026-06-10,12:56:49.504545,[]
2026-06-10,12:56:49.537912,[]
2026-06-10,12:56:49.571279,[]
2026-06-10,12:56:49.604646,[]
2026-06-10,12:56:49.638013,[]
2026-06-10,12:56:49.671380,[]
2026-06-10,12:56:49.704747,[]
2026-06-10,12:56:49.738114,[]
2026-06-10,12:56:49.771481,[]
2026-06-10,12:56:49.804848,[]
2026-06-10,12:56:49.838215,[]
2026-06-10,12:56:49.871582,[]
2026-06-10,12:56:49.904949,[]
2026-06-10,12:56:49.938316,[]
2026-06-10,12:56:49.971683,[]
2026-06-10,12:56:50.005050,[]
2026-06-10,12:56:50.038417,[]
2026-06-10,12:56:50.071784,[]
2026-06-10,12:56:50.105151,[]
2026-06-10,12:56:50.138518,[]
2026-06-10,12:56:50.171885,[]
2026-06-10,12:56:50.205252,[]
2026-06-10,12:56:50.238619,[]
2026-06-10,12:56:50.271986,[]
2026-06-10,12:56:50.305353,[]
2026-06-10,12:56:50.338720,[]
2026-06-10,12:56:50.372087,[]
2026-06-10,12:56:50.405454,[]
2026-06-10,12:56:50.438821,[]
2026-06-10,12:56:50.472188,[]
2026-06-10,12:56:50.505555,[]
2026-06-10,12:56:50.538922,[]
2026-06-10,12:56:50.572289,[]
2026-06-10,12:56:50.605656,[]
2026-06-10,12:56:50.639023,[]
2026-06-10,12:56:50.672390,[]
2026-06-10,12:56:50.705757,[]
2026-06-10,12:56:50.739124,[]
2026-06-10,12:56:50.772491,[]
2026-06-10,12:56:50.805858,[]
2026-06-10,12:56:50.839225,[]
2026-06-10,12:56:50.872592,[]
2026-06-10,12:56:50.905959,[]
2026-06-10,12:56:50.939326,[]
2026-06-10,12:56:50.972693,[]
2026-06-10,12:56:51.006060,[]
2026-06-10,12:56:51.039427,[]
2026-06-10,12:56:51.072794,[]
2026-06-10,12:56:51.106161,[]
2026-06-10,12:56:51.139528,[]
2026-06-10,12:56:51.172895,[]
2026-06-10,12:56:51.206262,[]
2026-06-10,12:56:51.239629,[]
2026-06-10,12:56:51.272996,[]
2026-06-10,12:56:51.306363,[]
2026-06-10,12:56:51.339730,[]
2026-06-10,12:56:51.373097,[]
2026-06-10,12:56:51.406464,[]
2026-06-10,12:56:51.439831,[]
2026-06-10,12:56:51.473198,[]
2026-06-10,12:56:51.506565,[]
2026-06-10,12:56:51.539932,[]
2026-06-10,12:56:51.573299,[]
2026-06-10,12:56:51.606666,[]
2026-06-10,12:56:51.640033,[]
2026-06-10,12:56:51.673400,[]
2026-06-10,12:56:51.706767,[]
2026-06-10,12:56:51.740134,[]
2026-06-10,12:56:51.773501,[]
2026-06-10,12:56:51.806868,[]
2026-06-10,12:56:51.840235,[]
2026-06-10,12:56:51.873602,[]
2026-06-10,12:56:51.906969,[]
2026-06-10,12:56:51.940336,[]
2026-06-10,12:56:51.973703,[]
2026-06-10,12:56:52.007070,[]
2026-06-10,12:56:52.040437,[]
2026-06-10,12:56:52.073804,[]
2026-06-10,12:56:52.107171,[]
2026-06-10,12:56:52.140538,[]
2026-06-10,12:56:52.173905,[]
2026-06-10,12:56:52.207272,[]
2026-06-10,12:56:52.240639,[]
2026-06-10,12:56:52.274006,[]
2026-06-10,12:56:52.307373,[]
2026-06-10,12:56:52.340740,[]
2026-06-10,12:56:52.374107,[]
2026-06-10,12:56:52.407474,[]
2026-06-10,12:56:52.440841,[]
2026-06-10,12:56:52.474208,[]
2026-06-10,12:56:52.507575,[]
2026-06-10,12:56:52.540942,[]
2026-06-10,12:56:52.574309,[]
2026-06-10,12:56:52.607676,[]
2026-06-10,12:56:52.641043,[]
2026-06-10,12:56:52.674410,[]
2026-06-10,12:56:52.707777,[]
2026-06-10,12:56:52.741144,[]
2026-06-10,12:56:52.774511,[]
2026-06-10,12:56:52.807878,[]
2026-06-10,12:56:52.841245,[]
2026-06-10,12:56:52.874612,[]
2026-06-10,12:56:52.907979,[]
2026-06-10,12:56:52.941346,[]
2026-06-10,12:56:52.974713,[]
2026-06-10,12:56:53.008080,[]
2026-06-10,12:56:53.041447,[]
2026-06-10,12:56:53.074814,[]
2026-06-10,12:56:53.108181,[]
2026-06-10,12:56:53.141548,[]
2026-06-10,12:56:53.174915,[]
2026-06-10,12:56:53.208282,[]
2026-06-10,12:56:53.241649,[]
2026-06-10,12:56:53.275016,[]
2026-06-10,12:56:53.308383,[]
2026-06-10,12:56:53.341750,[]
2026-06-10,12:56:53.375117,[]
2026-06-10,12:56:53.408484,[]
2026-06-10,12:56:53.441851,[]
2026-06-10,12:56:53.475218,[]
2026-06-10,12:56:53.508585,[]
2026-06-10,12:56:53.541952,[]
2026-06-10,12:56:53.575319,[]
2026-06-10,12:56:53.608686,[]
2026-06-10,12:56:53.642053,[]
2026-06-10,12:56:53.675420,[]
2026-06-10,12:56:53.708787,[]
2026-06-10,12:56:53.742154,[]
2026-06-10,12:56:53.775521,[]
2026-06-10,12:56:53.808888,[]
2026-06-10,12:56:53.842255,[]
2026-06-10,12:56:53.875622,[]
2026-06-10,12:56:53.908989,[]
2026-06-10,12:56:53.942356,[]
2026-06-10,12:56:53.975723,[]
2026-06-10,12:56:54.009090,[]
2026-06-10,12:56:54.042457,[]
2026-06-10,12:56:54.075824,[]
2026-06-10,12:56:54.109191,[]
2026-06-10,12:56:54.142558,[]
2026-06-10,12:56:54.175925,[]
2026-06-10,12:56:54.209292,[]
2026-06-10,12:56:54.242659,[]
2026-06-10,12:56:54.276026,[]
2026-06-10,12:56:54.309393,[]
2026-06-10,12:56:54.342760,[]
2026-06-10,12:56:54.376127,[]
2026-06-10,12:56:54.409494,[]
2026-06-10,12:56:54.442861,[]
2026-06-10,12:56:54.476228,[]
2026-06-10,12:56:54.509595,[]
2026-06-10,12:56:54.542962,[]
2026-06-10,12:56:54.576329,[]
2026-06-10,12:56:54.609696,[]
2026-06-10,12:56:54.643063,[]
2026-06-10,12:56:54.676430,[]
2026-06-10,12:56:54.709797,[]
2026-06-10,12:56:54.743164,[]
2026-06-10,12:56:54.776531,[]
2026-06-10,12:56:54.809898,[]
2026-06-10,12:56:54.843265,[]
2026-06-10,12:56:54.876632,[]
2026-06-10,12:56:54.909999,[]
2026-06-10,12:56:54.943366,[]
2026-06-10,12:56:54.976733,[]
2026-06-10,12:56:55.010100,[]
2026-06-10,12:56:55.043467,[]
2026-06-10,12:56:55.076834,[]
2026-06-10,12:56:55.110201,[]
2026-06-10,12:56:55.143568,[]
2026-06-10,12:56:55.176935,[]
2026-06-10,12:56:55.210302,[]
2026-06-10,12:56:55.243669,[]
2026-06-10,12:56:55.277036,[]
2026-06-10,12:56:55.310403,[]
2026-06-10,12:56:55.343770,[]
2026-06-10,12:56:55.377137,[]
2026-06-10,12:56:55.410504,[]
2026-06-10,12:56:55.443871,[]
2026-06-10,12:56:55.477238,[]
2026-06-10,12:56:55.510605,[]
2026-06-10,12:56:55.543972,[]
2026-06-10,12:56:55.577339,[]
2026-06-10,12:56:55.610706,[]
2026-06-10,12:56:55.644073,[]
2026-06-10,12:56:55.677440,[]
2026-06-10,12:56:55.710807,[]
2026-06-10,12:56:55.744174,[]
2026-06-10,12:56:55.777541,[]
2026-06-10,12:56:55.810908,[]
2026-06-10,12:56:55.844275,[]
2026-06-10,12:56:55.877642,[]
2026-06-10,12:56:55.911009,[]
2026-06-10,12:56:55.944376,[]
2026-06-10,12:56:55.977743,[]
2026-06-10,12:56:56.011110,[]
2026-06-10,12:56:56.044477,[]
2026-06-10,12:56:56.077844,[]
2026-06-10,12:56:56.111211,[]
2026-06-10,12:56:56.144578,[]
2026-06-10,12:56:56.177945,[]
2026-06-10,12:56:56.211312,[]
2026-06-10,12:56:56.244679,[]
2026-06-10,12:56:56.278046,[]
2026-06-10,12:56:56.311413,[]
2026-06-10,12:56:56.344780,[]
2026-06-10,12:56:56.378147,[]
2026-06-10,12:56:56.411514,[]
2026-06-10,12:56:56.444881,[]
2026-06-10,12:56:56.478248,[]
2026-06-10,12:56:56.511615,[]
2026-06-10,12:56:56.544982,[]
2026-06-10,12:56:56.578349,[]
2026-06-10,12:56:56.611716,[]
2026-06-10,12:56:56.645083,[]
2026-06-10,12:56:56.678450,[]
2026-06-10,12:56:56.711817,[]
2026-06-10,12:56:56.745184,[]
2026-06-10,12:56:56.778551,[]
2026-06-10,12:56:56.811918,[]
2026-06-10,12:56:56.845285,[]
2026-06-10,12:56:56.878652,[]
2026-06-10,12:56:56.912019,[]
2026-06-10,12:56:56.945386,[]
2026-06-10,12:56:56.978753,[]
2026-06-10,12:56:57.012120,[]
2026-06-10,12:56:57.045487,[]
2026-06-10,12:56:57.078854,[]
2026-06-10,12:56:57.112221,[]
2026-06-10,12:56:57.145588,[]
2026-06-10,12:56:57.178955,[]
2026-06-10,12:56:57.212322,[]
2026-06-10,12:56:57.245689,[]
2026-06-10,12:56:57.279056,[]
2026-06-10,12:56:57.312423,[]
2026-06-10,12:56:57.345790,[]
2026-06-10,12:56:57.379157,[]
2026-06-10,12:56:57.412524,[]
2026-06-10,12:56:57.445891,[]
2026-06-10,12:56:57.479258,[]
2026-06-10,12:56:57.512625,[]
2026-06-10,12:56:57.545992,[]
2026-06-10,12:56:57.579359,[]
2026-06-10,12:56:57.612726,[]
2026-06-10,12:56:57.646093,[]
2026-06-10,12:56:57.679460,[]
2026-06-10,12:56:57.712827,[]
2026-06-10,12:56:57.746194,[]
2026-06-10,12:56:57.779561,[]
2026-06-10,12:56:57.812928,[]
2026-06-10,12:56:57.846295,[]
2026-06-10,12:56:57.879662,[]
2026-06-10,12:56:57.913029,[]
2026-06-10,12:56:57.946396,[]
2026-06-10,12:56:57.979763,[]
2026-06-10,12:56:58.013130,[]
2026-06-10,12:56:58.046497,[]
2026-06-10,12:56:58.079864,[]
2026-06-10,12:56:58.113231,[]
2026-06-10,12:56:58.146598,[]
2026-06-10,12:56:58.179965,[]
2026-06-10,12:56:58.213332,[]
2026-06-10,12:56:58.246699,[]
2026-06-10,12:56:58.280066,[]
2026-06-10,12:56:58.313433,[]
2026-06-10,12:56:58.346800,[]
2026-06-10,12:56:58.380167,[]
2026-06-10,12:56:58.413534,[]
2026-06-10,12:56:58.446901,[]
2026-06-10,12:56:58.480268,[]
2026-06-10,12:56:58.513635,[]
2026-06-10,12:56:58.547002,[]
2026-06-10,12:56:58.580369,[]
2026-06-10,12:56:58.613736,[]
2026-06-10,12:56:58.647103,[]
2026-06-10,12:56:58.680470,[]
2026-06-10,12:56:58.713837,[]
2026-06-10,12:56:58.747204,[]
2026-06-10,12:56:58.780571,[]
2026-06-10,12:56:58.813938,[]
2026-06-10,12:56:58.847305,[]
2026-06-10,12:56:58.880672,[]
2026-06-10,12:56:58.914039,[]
2026-06-10,12:56:58.947406,[]
2026-06-10,12:56:58.980773,[]
2026-06-10,12:56:59.014140,[]
2026-06-10,12:56:59.047507,[]
2026-06-10,12:56:59.080874,[]
2026-06-10,12:56:59.114241,[]
2026-06-10,12:56:59.147608,[]
2026-06-10,12:56:59.180975,[]
2026-06-10,12:56:59.214342,[]
2026-06-10,12:56:59.247709,[]
2026-06-10,12:56:59.281076,[]
2026-06-10,12:56:59.314443,[]
2026-06-10,12:56:59.347810,[]
2026-06-10,12:56:59.381177,[]
2026-06-10,12:56:59.414544,[]
2026-06-10,12:56:59.447911,[]
2026-06-10,12:56:59.481278,[]
2026-06-10,12:56:59.514645,[]
2026-06-10,12:56:59.548012,[]
2026-06-10,12:56:59.581379,[]
2026-06-10,12:56:59.614746,[]
2026-06-10,12:56:59.648113,[]
2026-06-10,12:56:59.681480,[]
2026-06-10,12:56:59.714847,[]
2026-06-10,12:56:59.748214,[]
2026-06-10,12:56:59.781581,[]
2026-06-10,12:56:59.814948,[]
2026-06-10,12:56:59.848315,[]
2026-06-10,12:56:59.881682,[]
2026-06-10,12:56:59.915049,[]
2026-06-10,12:56:59.948416,[]
2026-06-10,12:56:59.981783,[]
2026-06-10,12:57:00.015150,[]
2026-06-10,12:57:00.048517,[]
2026-06-10,12:57:00.081884,[]
2026-06-10,12:57:00.115251,[]
2026-06-10,12:57:00.148618,[]
2026-06-10,12:57:00.181985,[]
2026-06-10,12:57:00.215352,[]
2026-06-10,12:57:00.248719,[]
2026-06-10,12:57:00.282086,[]
2026-06-10,12:57:00.315453,[]
2026-06-10,12:57:00.348820,[]
2026-06-10,12:57:00.382187,[]
2026-06-10,12:57:00.415554,[]
2026-06-10,12:57:00.448921,[]
2026-06-10,12:57:00.482288,[]
2026-06-10,12:57:00.515655,[]
2026-06-10,12:57:00.549022,[]
2026-06-10,12:57:00.582389,[]
2026-06-10,12:57:00.615756,[]
2026-06-10,12:57:00.649123,[]
2026-06-10,12:57:00.682490,[]
2026-06-10,12:57:00.715857,[]
2026-06-10,12:57:00.749224,[]
2026-06-10,12:57:00.782591,[]
2026-06-10,12:57:00.815958,[]
2026-06-10,12:57:00.849325,[]
2026-06-10,12:57:00.882692,[]
2026-06-10,12:57:00.916059,[]
2026-06-10,12:57:00.949426,[]
2026-06-10,12:57:00.982793,[]
2026-06-10,12:57:01.016160,[]
2026-06-10,12:57:01.049527,[]
2026-06-10,12:57:01.082894,[]
2026-06-10,12:57:01.116261,[]
2026-06-10,12:57:01.149628,[]
2026-06-10,12:57:01.182995,[]
2026-06-10,12:57:01.216362,[]
2026-06-10,12:57:01.249729,[]
2026-06-10,12:57:01.283096,[]
2026-06-10,12:57:01.316463,[]
2026-06-10,12:57:01.349830,[]
2026-06-10,12:57:01.383197,[]
2026-06-10,12:57:01.416564,[]
2026-06-10,12:57:01.449931,[]
2026-06-10,12:57:01.483298,[]
2026-06-10,12:57:01.516665,[]
2026-06-10,12:57:01.550032,[]
2026-06-10,12:57:01.583399,[]
2026-06-10,12:57:01.616766,[]
2026-06-10,12:57:01.650133,[]
2026-06-10,12:57:01.683500,[]
2026-06-10,12:57:01.716867,[]
2026-06-10,12:57:01.750234,[]
2026-06-10,12:57:01.783601,[]
2026-06-10,12:57:01.816968,[]
2026-06-10,12:57:01.850335,[]
2026-06-10,12:57:01.883702,[]
2026-06-10,12:57:01.917069,[]
2026-06-10,12:57:01.950436,[]
2026-06-10,12:57:01.983803,[]
2026-06-10,12:57:02.017170,[]
2026-06-10,12:57:02.050537,[]
2026-06-10,12:57:02.083904,[]
2026-06-10,12:57:02.117271,[]
2026-06-10,12:57:02.150638,[]
2026-06-10,12:57:02.184005,[]
2026-06-10,12:57:02.217372,[]
2026-06-10,12:57:02.250739,[]
2026-06-10,12:57:02.284106,[]
2026-06-10,12:57:02.317473,[]
2026-06-10,12:57:02.350840,[]
2026-06-10,12:57:02.384207,[]
2026-06-10,12:57:02.417574,[]
2026-06-10,12:57:02.450941,[]
2026-06-10,12:57:02.484308,[]
2026-06-10,12:57:02.517675,[]
2026-06-10,12:57:02.551042,[]
2026-06-10,12:57:02.584409,[]
2026-06-10,12:57:02.617776,[]
2026-06-10,12:57:02.651143,[]
2026-06-10,12:57:02.684510,[]
2026-06-10,12:57:02.717877,[]
2026-06-10,12:57:02.751244,[]
2026-06-10,12:57:02.784611,[]
2026-06-10,12:57:02.817978,[]
2026-06-10,12:57:02.851345,[]
2026-06-10,12:57:02.884712,[]
2026-06-10,12:57:02.918079,[]
2026-06-10,12:57:02.951446,[]
2026-06-10,12:57:02.984813,[]
2026-06-10,12:57:03.018180,[]
2026-06-10,12:57:03.051547,[]
2026-06-10,12:57:03.084914,[]
2026-06-10,12:57:03.118281,[]
2026-06-10,12:57:03.151648,[]
2026-06-10,12:57:03.185015,[]
2026-06-10,12:57:03.218382,[]
2026-06-10,12:57:03.251749,[]
2026-06-10,12:57:03.285116,[]
2026-06-10,12:57:03.318483,[]
2026-06-10,12:57:03.351850,[]
2026-06-10,12:57:03.385217,[]
2026-06-10,12:57:03.418584,[]
2026-06-10,12:57:03.451951,[]
2026-06-10,12:57:03.485318,[]
2026-06-10,12:57:03.518685,[]
2026-06-10,12:57:03.552052,[]
2026-06-10,12:57:03.585419,[]
2026-06-10,12:57:03.618786,[]
2026-06-10,12:57:03.652153,[]
2026-06-10,12:57:03.685520,[]
2026-06-10,12:57:03.718887,[]
2026-06-10,12:57:03.752254,[]
2026-06-10,12:57:03.785621,[]
2026-06-10,12:57:03.818988,[]
2026-06-10,12:57:03.852355,[]
2026-06-10,12:57:03.885722,[]
2026-06-10,12:57:03.919089,[]
2026-06-10,12:57:03.952456,[]
2026-06-10,12:57:03.985823,[]
2026-06-10,12:57:04.019190,[]
2026-06-10,12:57:04.052557,[]
2026-06-10,12:57:04.085924,[]
2026-06-10,12:57:04.119291,[]
2026-06-10,12:57:04.152658,[]
2026-06-10,12:57:04.186025,[]
2026-06-10,12:57:04.219392,[]
2026-06-10,12:57:04.252759,[]
2026-06-10,12:57:04.286126,[]
2026-06-10,12:57:04.319493,[]
2026-06-10,12:57:04.352860,[]
2026-06-10,12:57:04.386227,[]
2026-06-10,12:57:04.419594,[]
2026-06-10,12:57:04.452961,[]
2026-06-10,12:57:04.486328,[]
2026-06-10,12:57:04.519695,[]
2026-06-10,12:57:04.553062,[]
2026-06-10,12:57:04.586429,[]
2026-06-10,12:57:04.619796,[]
2026-06-10,12:57:04.653163,[]
2026-06-10,12:57:04.686530,[]
2026-06-10,12:57:04.719897,[]
2026-06-10,12:57:04.753264,[]
2026-06-10,12:57:04.786631,[]
2026-06-10,12:57:04.819998,[]
2026-06-10,12:57:04.853365,[]
2026-06-10,12:57:04.886732,[]
2026-06-10,12:57:04.920099,[]
2026-06-10,12:57:04.953466,[]
2026-06-10,12:57:04.986833,[]
2026-06-10,12:57:05.020200,[]
2026-06-10,12:57:05.053567,[]
2026-06-10,12:57:05.086934,[]
2026-06-10,12:57:05.120301,[]
2026-06-10,12:57:05.153668,[]
2026-06-10,12:57:05.187035,[]
2026-06-10,12:57:05.220402,[]
2026-06-10,12:57:05.253769,[]
2026-06-10,12:57:05.287136,[]
2026-06-10,12:57:05.320503,[]
2026-06-10,12:57:05.353870,[]
2026-06-10,12:57:05.387237,[]
2026-06-10,12:57:05.420604,[]
2026-06-10,12:57:05.453971,[]
2026-06-10,12:57:05.487338,[]
2026-06-10,12:57:05.520705,[]
2026-06-10,12:57:05.554072,[]
2026-06-10,12:57:05.587439,[]
2026-06-10,12:57:05.620806,[]
2026-06-10,12:57:05.654173,[]
2026-06-10,12:57:05.687540,[]
2026-06-10,12:57:05.720907,[]
2026-06-10,12:57:05.754274,[]
2026-06-10,12:57:05.787641,[]
2026-06-10,12:57:05.821008,[]
2026-06-10,12:57:05.854375,[]
2026-06-10,12:57:05.887742,[]
2026-06-10,12:57:05.921109,[]
2026-06-10,12:57:05.954476,[]
2026-06-10,12:57:05.987843,[]
2026-06-10,12:57:06.021210,[]
2026-06-10,12:57:06.054577,[]
2026-06-10,12:57:06.087944,[]
2026-06-10,12:57:06.121311,[]
2026-06-10,12:57:06.154678,[]
2026-06-10,12:57:06.188045,[]
2026-06-10,12:57:06.221412,[]
2026-06-10,12:57:06.254779,[]
2026-06-10,12:57:06.288146,[]
2026-06-10,12:57:06.321513,[]
2026-06-10,12:57:06.354880,[]
2026-06-10,12:57:06.388247,[]
2026-06-10,12:57:06.421614,[]
2026-06-10,12:57:06.454981,[]
2026-06-10,12:57:06.488348,[]
2026-06-10,12:57:06.521715,[]
2026-06-10,12:57:06.555082,[]
2026-06-10,12:57:06.588449,[]
2026-06-10,12:57:06.621816,[]
2026-06-10,12:57:06.655183,[]
2026-06-10,12:57:06.688550,[]
2026-06-10,12:57:06.721917,[]
2026-06-10,12:57:06.755284,[]
2026-06-10,12:57:06.788651,[]
2026-06-10,12:57:06.822018,[]
2026-06-10,12:57:06.855385,[]
2026-06-10,12:57:06.888752,[]
2026-06-10,12:57:06.922119,[]
2026-06-10,12:57:06.955486,[]
2026-06-10,12:57:06.988853,[]
2026-06-10,12:57:07.022220,[]
2026-06-10,12:57:07.055587,[]
2026-06-10,12:57:07.088954,[]
2026-06-10,12:57:07.122321,[]
2026-06-10,12:57:07.155688,[]
2026-06-10,12:57:07.189055,[]
2026-06-10,12:57:07.222422,[]
2026-06-10,12:57:07.255789,[]
2026-06-10,12:57:07.289156,[]
2026-06-10,12:57:07.322523,[]
2026-06-10,12:57:07.355890,[]
2026-06-10,12:57:07.389257,[]
2026-06-10,12:57:07.422624,[]
2026-06-10,12:57:07.455991,[]
2026-06-10,12:57:07.489358,[]
2026-06-10,12:57:07.522725,[]
2026-06-10,12:57:07.556092,[]
2026-06-10,12:57:07.589459,[]
2026-06-10,12:57:07.622826,[]
2026-06-10,12:57:07.656193,[]
2026-06-10,12:57:07.689560,[]
2026-06-10,12:57:07.722927,[]
2026-06-10,12:57:07.756294,[]
2026-06-10,12:57:07.789661,[]
2026-06-10,12:57:07.823028,[]
2026-06-10,12:57:07.856395,[]
2026-06-10,12:57:07.889762,[]
2026-06-10,12:57:07.923129,[]
2026-06-10,12:57:07.956496,[]
2026-06-10,12:57:07.989863,[]
2026-06-10,12:57:08.023230,[]
2026-06-10,12:57:08.056597,[]
2026-06-10,12:57:08.089964,[]
2026-06-10,12:57:08.123331,[]
2026-06-10,12:57:08.156698,[]
2026-06-10,12:57:08.190065,[]
2026-06-10,12:57:08.223432,[]
2026-06-10,12:57:08.256799,[]
2026-06-10,12:57:08.290166,[]
2026-06-10,12:57:08.323533,[]
2026-06-10,12:57:08.356900,[]
2026-06-10,12:57:08.390267,[]
2026-06-10,12:57:08.423634,[]
2026-06-10,12:57:08.457001,[]
2026-06-10,12:57:08.490368,[]
2026-06-10,12:57:08.523735,[]
2026-06-10,12:57:08.557102,[]
2026-06-10,12:57:08.590469,[]
2026-06-10,12:57:08.623836,[]
2026-06-10,12:57:08.657203,[]
2026-06-10,12:57:08.690570,[]
2026-06-10,12:57:08.723937,[]
2026-06-10,12:57:08.757304,[]
2026-06-10,12:57:08.790671,[]
2026-06-10,12:57:08.824038,[]
2026-06-10,12:57:08.857405,[]
2026-06-10,12:57:08.890772,[]
2026-06-10,12:57:08.924139,[]
2026-06-10,12:57:08.957506,[]
2026-06-10,12:57:08.990873,[]
2026-06-10,12:57:09.024240,[]
2026-06-10,12:57:09.057607,[]
2026-06-10,12:57:09.090974,[]
2026-06-10,12:57:09.124341,[]
2026-06-10,12:57:09.157708,[]
2026-06-10,12:57:09.191075,[]
2026-06-10,12:57:09.224442,[]
2026-06-10,12:57:09.257809,[]
2026-06-10,12:57:09.291176,[]
2026-06-10,12:57:09.324543,[]
2026-06-10,12:57:09.357910,[]
2026-06-10,12:57:09.391277,[]
2026-06-10,12:57:09.424644,[]
2026-06-10,12:57:09.458011,[]
2026-06-10,12:57:09.491378,[]
2026-06-10,12:57:09.524745,[]
2026-06-10,12:57:09.558112,[]
2026-06-10,12:57:09.591479,[]
2026-06-10,12:57:09.624846,[]
2026-06-10,12:57:09.658213,[]
2026-06-10,12:57:09.691580,[]
2026-06-10,12:57:09.724947,[]
2026-06-10,12:57:09.758314,[]
2026-06-10,12:57:09.791681,[]
2026-06-10,12:57:09.825048,[]
2026-06-10,12:57:09.858415,[]
2026-06-10,12:57:09.891782,[]
2026-06-10,12:57:09.925149,[]
2026-06-10,12:57:09.958516,[]
2026-06-10,12:57:09.991883,[]
2026-06-10,12:57:10.025250,[]
2026-06-10,12:57:10.058617,[]
2026-06-10,12:57:10.091984,[]
2026-06-10,12:57:10.125351,[]
2026-06-10,12:57:10.158718,[]
2026-06-10,12:57:10.192085,[]
2026-06-10,12:57:10.225452,[]
2026-06-10,12:57:10.258819,[]
2026-06-10,12:57:10.292186,[]
2026-06-10,12:57:10.325553,[]
2026-06-10,12:57:10.358920,[]
2026-06-10,12:57:10.392287,[]
2026-06-10,12:57:10.425654,[]
2026-06-10,12:57:10.459021,[]
2026-06-10,12:57:10.492388,[]
2026-06-10,12:57:10.525755,[]
2026-06-10,12:57:10.559122,[]
2026-06-10,12:57:10.592489,[]
2026-06-10,12:57:10.625856,[]
2026-06-10,12:57:10.659223,[]
2026-06-10,12:57:10.692590,[]
2026-06-10,12:57:10.725957,[]
2026-06-10,12:57:10.759324,[]
2026-06-10,12:57:10.792691,[]
2026-06-10,12:57:10.826058,[]
2026-06-10,12:57:10.859425,[]
2026-06-10,12:57:10.892792,[]
2026-06-10,12:57:10.926159,[]
2026-06-10,12:57:10.959526,[]
2026-06-10,12:57:10.992893,[]
2026-06-10,12:57:11.026260,[]
2026-06-10,12:57:11.059627,[]
2026-06-10,12:57:11.092994,[]
2026-06-10,12:57:11.126361,[]
2026-06-10,12:57:11.159728,[]
2026-06-10,12:57:11.193095,[]
2026-06-10,12:57:11.226462,[]
2026-06-10,12:57:11.259829,[]
2026-06-10,12:57:11.293196,[]
2026-06-10,12:57:11.326563,[]
2026-06-10,12:57:11.359930,[]
2026-06-10,12:57:11.393297,[]
2026-06-10,12:57:11.426664,[]
2026-06-10,12:57:11.460031,[]
2026-06-10,12:57:11.493398,[]
2026-06-10,12:57:11.526765,[]
2026-06-10,12:57:11.560132,[]
2026-06-10,12:57:11.593499,[]
2026-06-10,12:57:11.626866,[]
2026-06-10,12:57:11.660233,[]
2026-06-10,12:57:11.693600,[]
2026-06-10,12:57:11.726967,[]
2026-06-10,12:57:11.760334,[]
2026-06-10,12:57:11.793701,[]
2026-06-10,12:57:11.827068,[]
2026-06-10,12:57:11.860435,[]
2026-06-10,12:57:11.893802,[]
2026-06-10,12:57:11.927169,[]
2026-06-10,12:57:11.960536,[]
2026-06-10,12:57:11.993903,[]
2026-06-10,12:57:12.027270,[]
2026-06-10,12:57:12.060637,[]
2026-06-10,12:57:12.094004,[]
2026-06-10,12:57:12.127371,[]
2026-06-10,12:57:12.160738,[]
2026-06-10,12:57:12.194105,[]
2026-06-10,12:57:12.227472,[]
2026-06-10,12:57:12.260839,[]
2026-06-10,12:57:12.294206,[]
2026-06-10,12:57:12.327573,[]
2026-06-10,12:57:12.360940,[]
2026-06-10,12:57:12.394307,[]
2026-06-10,12:57:12.427674,[]
2026-06-10,12:57:12.461041,[]
2026-06-10,12:57:12.494408,[]
2026-06-10,12:57:12.527775,[]
2026-06-10,12:57:12.561142,[]
2026-06-10,12:57:12.594509,[]
2026-06-10,12:57:12.627876,[]
2026-06-10,12:57:12.661243,[]
2026-06-10,12:57:12.694610,[]
2026-06-10,12:57:12.727977,[]
2026-06-10,12:57:12.761344,[]
2026-06-10,12:57:12.794711,[]
2026-06-10,12:57:12.828078,[]
2026-06-10,12:57:12.861445,[]
2026-06-10,12:57:12.894812,[]
2026-06-10,12:57:12.928179,[]
2026-06-10,12:57:12.961546,[]
2026-06-10,12:57:12.994913,[]
2026-06-10,12:57:13.028280,[]
2026-06-10,12:57:13.061647,[]
2026-06-10,12:57:13.095014,[]
2026-06-10,12:57:13.128381,[]
2026-06-10,12:57:13.161748,[]
2026-06-10,12:57:13.195115,[]
2026-06-10,12:57:13.228482,[]
2026-06-10,12:57:13.261849,[]
2026-06-10,12:57:13.295216,[]
2026-06-10,12:57:13.328583,[]
2026-06-10,12:57:13.361950,[]
2026-06-10,12:57:13.395317,[]
2026-06-10,12:57:13.428684,[]
2026-06-10,12:57:13.462051,[]
2026-06-10,12:57:13.495418,[]
2026-06-10,12:57:13.528785,[]
2026-06-10,12:57:13.562152,[]
2026-06-10,12:57:13.595519,[]
2026-06-10,12:57:13.628886,[]
2026-06-10,12:57:13.662253,[]
2026-06-10,12:57:13.695620,[]
2026-06-10,12:57:13.728987,[]
2026-06-10,12:57:13.762354,[]
2026-06-10,12:57:13.795721,[]
2026-06-10,12:57:13.829088,[]
2026-06-10,12:57:13.862455,[]
2026-06-10,12:57:13.895822,[]
2026-06-10,12:57:13.929189,[]
2026-06-10,12:57:13.962556,[]
2026-06-10,12:57:13.995923,[]
2026-06-10,12:57:14.029290,[]
2026-06-10,12:57:14.062657,[]
2026-06-10,12:57:14.096024,[]
2026-06-10,12:57:14.129391,[]
2026-06-10,12:57:14.162758,[]
2026-06-10,12:57:14.196125,[]
2026-06-10,12:57:14.229492,[]
2026-06-10,12:57:14.262859,[]
2026-06-10,12:57:14.296226,[]
2026-06-10,12:57:14.329593,[]
2026-06-10,12:57:14.362960,[]
2026-06-10,12:57:14.396327,[]
2026-06-10,12:57:14.429694,[]
2026-06-10,12:57:14.463061,[]
2026-06-10,12:57:14.496428,[]
2026-06-10,12:57:14.529795,[]
2026-06-10,12:57:14.563162,[]
2026-06-10,12:57:14.596529,[]
2026-06-10,12:57:14.629896,[]
2026-06-10,12:57:14.663263,[]
2026-06-10,12:57:14.696630,[]
2026-06-10,12:57:14.729997,[]
2026-06-10,12:57:14.763364,[]
2026-06-10,12:57:14.796731,[]
2026-06-10,12:57:14.830098,[]
2026-06-10,12:57:14.863465,[]
2026-06-10,12:57:14.896832,[]
2026-06-10,12:57:14.930199,[]
2026-06-10,12:57:14.963566,[]
2026-06-10,12:57:14.996933,[]
2026-06-10,12:57:15.030300,[]
2026-06-10,12:57:15.063667,[]
2026-06-10,12:57:15.097034,[]
2026-06-10,12:57:15.130401,[]
2026-06-10,12:57:15.163768,[]
2026-06-10,12:57:15.197135,[]
2026-06-10,12:57:15.230502,[]
2026-06-10,12:57:15.263869,[]
2026-06-10,12:57:15.297236,[]
2026-06-10,12:57:15.330603,[]
2026-06-10,12:57:15.363970,[]
2026-06-10,12:57:15.397337,[]
2026-06-10,12:57:15.430704,[]
2026-06-10,12:57:15.464071,[]
2026-06-10,12:57:15.497438,[]
2026-06-10,12:57:15.530805,[]
2026-06-10,12:57:15.564172,[]
2026-06-10,12:57:15.597539,[]
2026-06-10,12:57:15.630906,[]
2026-06-10,12:57:15.664273,[]
2026-06-10,12:57:15.697640,[]
2026-06-10,12:57:15.731007,[]
2026-06-10,12:57:15.764374,[]
2026-06-10,12:57:15.797741,[]
2026-06-10,12:57:15.831108,[]
2026-06-10,12:57:15.864475,[]
2026-06-10,12:57:15.897842,[]
2026-06-10,12:57:15.931209,[]
2026-06-10,12:57:15.964576,[]
2026-06-10,12:57:15.997943,[]
2026-06-10,12:57:16.031310,[]
2026-06-10,12:57:16.064677,[]
2026-06-10,12:57:16.098044,[]
2026-06-10,12:57:16.131411,[]
2026-06-10,12:57:16.164778,[]
2026-06-10,12:57:16.198145,[]
2026-06-10,12:57:16.231512,[]
2026-06-10,12:57:16.264879,[]
2026-06-10,12:57:16.298246,[]
2026-06-10,12:57:16.331613,[]
2026-06-10,12:57:16.364980,[]
2026-06-10,12:57:16.398347,[]
2026-06-10,12:57:16.431714,[]
2026-06-10,12:57:16.465081,[]
2026-06-10,12:57:16.498448,[]
2026-06-10,12:57:16.531815,[]
2026-06-10,12:57:16.565182,[]
2026-06-10,12:57:16.598549,[]
2026-06-10,12:57:16.631916,[]
2026-06-10,12:57:16.665283,[]
2026-06-10,12:57:16.698650,[]
2026-06-10,12:57:16.732017,[]
2026-06-10,12:57:16.765384,[]
2026-06-10,12:57:16.798751,[]
2026-06-10,12:57:16.832118,[]
2026-06-10,12:57:16.865485,[]
2026-06-10,12:57:16.898852,[]
2026-06-10,12:57:16.932219,[]
2026-06-10,12:57:16.965586,[]
2026-06-10,12:57:16.998953,[]
2026-06-10,12:57:17.032320,[]
2026-06-10,12:57:17.065687,[]
2026-06-10,12:57:17.099054,[]
2026-06-10,12:57:17.132421,[]
2026-06-10,12:57:17.165788,[]
2026-06-10,12:57:17.199155,[]
2026-06-10,12:57:17.232522,[]
2026-06-10,12:57:17.265889,[]
2026-06-10,12:57:17.299256,[]
2026-06-10,12:57:17.332623,[]
2026-06-10,12:57:17.365990,[]
2026-06-10,12:57:17.399357,[]
2026-06-10,12:57:17.432724,[]
2026-06-10,12:57:17.466091,[]
2026-06-10,12:57:17.499458,[]
2026-06-10,12:57:17.532825,[]
2026-06-10,12:57:17.566192,[]
2026-06-10,12:57:17.599559,[]
2026-06-10,12:57:17.632926,[]
2026-06-10,12:57:17.666293,[]
2026-06-10,12:57:17.699660,[]
2026-06-10,12:57:17.733027,[]
2026-06-10,12:57:17.766394,[]
2026-06-10,12:57:17.799761,[]
2026-06-10,12:57:17.833128,[]
2026-06-10,12:57:17.866495,[]
2026-06-10,12:57:17.899862,[]
2026-06-10,12:57:17.933229,[]
2026-06-10,12:57:17.966596,[]
2026-06-10,12:57:17.999963,[]
2026-06-10,12:57:18.033330,[]
2026-06-10,12:57:18.066697,[]
2026-06-10,12:57:18.100064,[]
2026-06-10,12:57:18.133431,[]
2026-06-10,12:57:18.166798,[]
2026-06-10,12:57:18.200165,[]
2026-06-10,12:57:18.233532,[]
2026-06-10,12:57:18.266899,[]
2026-06-10,12:57:18.300266,[]
2026-06-10,12:57:18.333633,[]
2026-06-10,12:57:18.367000,[]
2026-06-10,12:57:18.400367,[]
2026-06-10,12:57:18.433734,[]
2026-06-10,12:57:18.467101,[]
2026-06-10,12:57:18.500468,[]
2026-06-10,12:57:18.533835,[]
2026-06-10,12:57:18.567202,[]
2026-06-10,12:57:18.600569,[]
2026-06-10,12:57:18.633936,[]
2026-06-10,12:57:18.667303,[]
2026-06-10,12:57:18.700670,[]
2026-06-10,12:57:18.734037,[]
2026-06-10,12:57:18.767404,[]
2026-06-10,12:57:18.800771,[]
2026-06-10,12:57:18.834138,[]
2026-06-10,12:57:18.867505,[]
2026-06-10,12:57:18.900872,[]
2026-06-10,12:57:18.934239,[]
2026-06-10,12:57:18.967606,[]
2026-06-10,12:57:19.000973,[]
2026-06-10,12:57:19.034340,[]
2026-06-10,12:57:19.067707,[]
2026-06-10,12:57:19.101074,[]
2026-06-10,12:57:19.134441,[]
2026-06-10,12:57:19.167808,[]
2026-06-10,12:57:19.201175,[]
2026-06-10,12:57:19.234542,[]
2026-06-10,12:57:19.267909,[]
2026-06-10,12:57:19.301276,[]
2026-06-10,12:57:19.334643,[]
2026-06-10,12:57:19.368010,[]
2026-06-10,12:57:19.401377,[]
2026-06-10,12:57:19.434744,[]
2026-06-10,12:57:19.468111,[]
2026-06-10,12:57:19.501478,[]
2026-06-10,12:57:19.534845,[]
2026-06-10,12:57:19.568212,[]
2026-06-10,12:57:19.601579,[]
2026-06-10,12:57:19.634946,[]
2026-06-10,12:57:19.668313,[]
2026-06-10,12:57:19.701680,[]
2026-06-10,12:57:19.735047,[]
2026-06-10,12:57:19.768414,[]
2026-06-10,12:57:19.801781,[]
2026-06-10,12:57:19.835148,[]
2026-06-10,12:57:19.868515,[]
2026-06-10,12:57:19.901882,[]
2026-06-10,12:57:19.935249,[]
2026-06-10,12:57:19.968616,[]
2026-06-10,12:57:20.001983,[]
2026-06-10,12:57:20.035350,[]
2026-06-10,12:57:20.068717,[]
2026-06-10,12:57:20.102084,[]
2026-06-10,12:57:20.135451,[]
2026-06-10,12:57:20.168818,[]
2026-06-10,12:57:20.202185,[]
2026-06-10,12:57:20.235552,[]
2026-06-10,12:57:20.268919,[]
2026-06-10,12:57:20.302286,[]
2026-06-10,12:57:20.335653,[]
2026-06-10,12:57:20.369020,[]
2026-06-10,12:57:20.402387,[]
2026-06-10,12:57:20.435754,[]
2026-06-10,12:57:20.469121,[]
2026-06-10,12:57:20.502488,[]
2026-06-10,12:57:20.535855,[]
2026-06-10,12:57:20.569222,[]
2026-06-10,12:57:20.602589,[]
2026-06-10,12:57:20.635956,[]
2026-06-10,12:57:20.669323,[]
2026-06-10,12:57:20.702690,[]
2026-06-10,12:57:20.736057,[]
2026-06-10,12:57:20.769424,[]
2026-06-10,12:57:20.802791,[]
2026-06-10,12:57:20.836158,[]
2026-06-10,12:57:20.869525,[]
2026-06-10,12:57:20.902892,[]
2026-06-10,12:57:20.936259,[]
2026-06-10,12:57:20.969626,[]
2026-06-10,12:57:21.002993,[]
2026-06-10,12:57:21.036360,[]
2026-06-10,12:57:21.069727,[]
2026-06-10,12:57:21.103094,[]
2026-06-10,12:57:21.136461,[]
2026-06-10,12:57:21.169828,[]
2026-06-10,12:57:21.203195,[]
2026-06-10,12:57:21.236562,[]
2026-06-10,12:57:21.269929,[]
2026-06-10,12:57:21.303296,[]
2026-06-10,12:57:21.336663,[]
2026-06-10,12:57:21.370030,[]
2026-06-10,12:57:21.403397,[]
2026-06-10,12:57:21.436764,[]
2026-06-10,12:57:21.470131,[]
2026-06-10,12:57:21.503498,[]
2026-06-10,12:57:21.536865,[]
2026-06-10,12:57:21.570232,[]
2026-06-10,12:57:21.603599,[]
2026-06-10,12:57:21.636966,[]
2026-06-10,12:57:21.670333,[]
2026-06-10,12:57:21.703700,[]
2026-06-10,12:57:21.737067,[]
2026-06-10,12:57:21.770434,[]
2026-06-10,12:57:21.803801,[]
2026-06-10,12:57:21.837168,[]
2026-06-10,12:57:21.870535,[]
2026-06-10,12:57:21.903902,[]
2026-06-10,12:57:21.937269,[]
2026-06-10,12:57:21.970636,[]
2026-06-10,12:57:22.004003,[]
2026-06-10,12:57:22.037370,[]
2026-06-10,12:57:22.070737,[]
2026-06-10,12:57:22.104104,[]
2026-06-10,12:57:22.137471,[]
2026-06-10,12:57:22.170838,[]
2026-06-10,12:57:22.204205,[]
2026-06-10,12:57:22.237572,[]
2026-06-10,12:57:22.270939,[]
2026-06-10,12:57:22.304306,[]
2026-06-10,12:57:22.337673,[]
2026-06-10,12:57:22.371040,[]
2026-06-10,12:57:22.404407,[]
2026-06-10,12:57:22.437774,[]
2026-06-10,12:57:22.471141,[]
2026-06-10,12:57:22.504508,[]
2026-06-10,12:57:22.537875,[]
2026-06-10,12:57:22.571242,[]
2026-06-10,12:57:22.604609,[]
2026-06-10,12:57:22.637976,[]
2026-06-10,12:57:22.671343,[]
2026-06-10,12:57:22.704710,[]
2026-06-10,12:57:22.738077,[]
2026-06-10,12:57:22.771444,[]
2026-06-10,12:57:22.804811,[]
2026-06-10,12:57:22.838178,[]
2026-06-10,12:57:22.871545,[]
2026-06-10,12:57:22.904912,[]
2026-06-10,12:57:22.938279,[]
2026-06-10,12:57:22.971646,[]
2026-06-10,12:57:23.005013,[]
2026-06-10,12:57:23.038380,[]
2026-06-10,12:57:23.071747,[]
2026-06-10,12:57:23.105114,[]
2026-06-10,12:57:23.138481,[]
2026-06-10,12:57:23.171848,[]
2026-06-10,12:57:23.205215,[]
2026-06-10,12:57:23.238582,[]
2026-06-10,12:57:23.271949,[]
2026-06-10,12:57:23.305316,[]
2026-06-10,12:57:23.338683,[]
2026-06-10,12:57:23.372050,[]
2026-06-10,12:57:23.405417,[]
2026-06-10,12:57:23.438784,[]
2026-06-10,12:57:23.472151,[]
2026-06-10,12:57:23.505518,[]
2026-06-10,12:57:23.538885,[]
2026-06-10,12:57:23.572252,[]
2026-06-10,12:57:23.605619,[]
2026-06-10,12:57:23.638986,[]
2026-06-10,12:57:23.672353,[]
2026-06-10,12:57:23.705720,[]
2026-06-10,12:57:23.739087,[]
2026-06-10,12:57:23.772454,[]
2026-06-10,12:57:23.805821,[]
2026-06-10,12:57:23.839188,[]
2026-06-10,12:57:23.872555,[]
2026-06-10,12:57:23.905922,[]
2026-06-10,12:57:23.939289,[]
2026-06-10,12:57:23.972656,[]
2026-06-10,12:57:24.006023,[]
2026-06-10,12:57:24.039390,[]
2026-06-10,12:57:24.072757,[]
2026-06-10,12:57:24.106124,[]
2026-06-10,12:57:24.139491,[]
2026-06-10,12:57:24.172858,[]
2026-06-10,12:57:24.206225,[]
2026-06-10,12:57:24.239592,[]
2026-06-10,12:57:24.272959,[]
2026-06-10,12:57:24.306326,[]
2026-06-10,12:57:24.339693,[]
2026-06-10,12:57:24.373060,[]
2026-06-10,12:57:24.406427,[]
2026-06-10,12:57:24.439794,[]
2026-06-10,12:57:24.473161,[]
2026-06-10,12:57:24.506528,[]
2026-06-10,12:57:24.539895,[]
2026-06-10,12:57:24.573262,[]
2026-06-10,12:57:24.606629,[]
2026-06-10,12:57:24.639996,[]
2026-06-10,12:57:24.673363,[]
2026-06-10,12:57:24.706730,[]
2026-06-10,12:57:24.740097,[]
2026-06-10,12:57:24.773464,[]
2026-06-10,12:57:24.806831,[]
2026-06-10,12:57:24.840198,[]
2026-06-10,12:57:24.873565,[]
2026-06-10,12:57:24.906932,[]
2026-06-10,12:57:24.940299,[]
2026-06-10,12:57:24.973666,[]
2026-06-10,12:57:25.007033,[]
2026-06-10,12:57:25.040400,[]
2026-06-10,12:57:25.073767,[]
2026-06-10,12:57:25.107134,[]
2026-06-10,12:57:25.140501,[]
2026-06-10,12:57:25.173868,[]
2026-06-10,12:57:25.207235,[]
2026-06-10,12:57:25.240602,[]
2026-06-10,12:57:25.273969,[]
2026-06-10,12:57:25.307336,[]
2026-06-10,12:57:25.340703,[]
2026-06-10,12:57:25.374070,[]
2026-06-10,12:57:25.407437,[]
2026-06-10,12:57:25.440804,[]
2026-06-10,12:57:25.474171,[]
2026-06-10,12:57:25.507538,[]
2026-06-10,12:57:25.540905,[]
2026-06-10,12:57:25.574272,[]
2026-06-10,12:57:25.607639,[]
2026-06-10,12:57:25.641006,[]
2026-06-10,12:57:25.674373,[]
2026-06-10,12:57:25.707740,[]
2026-06-10,12:57:25.741107,[]
2026-06-10,12:57:25.774474,[]
2026-06-10,12:57:25.807841,[]
2026-06-10,12:57:25.841208,[]
2026-06-10,12:57:25.874575,[]
2026-06-10,12:57:25.907942,[]
2026-06-10,12:57:25.941309,[]
2026-06-10,12:57:25.974676,[]
2026-06-10,12:57:26.008043,[]
2026-06-10,12:57:26.041410,[]
2026-06-10,12:57:26.074777,[]
2026-06-10,12:57:26.108144,[]
2026-06-10,12:57:26.141511,[]
2026-06-10,12:57:26.174878,[]
2026-06-10,12:57:26.208245,[]
2026-06-10,12:57:26.241612,[]
2026-06-10,12:57:26.274979,[]
2026-06-10,12:57:26.308346,[]
2026-06-10,12:57:26.341713,[]
2026-06-10,12:57:26.375080,[]
2026-06-10,12:57:26.408447,[]
2026-06-10,12:57:26.441814,[]
2026-06-10,12:57:26.475181,[]
2026-06-10,12:57:26.508548,[]
2026-06-10,12:57:26.541915,[]
2026-06-10,12:57:26.575282,[]
2026-06-10,12:57:26.608649,[]
2026-06-10,12:57:26.642016,[]
2026-06-10,12:57:26.675383,[]
2026-06-10,12:57:26.708750,[]
2026-06-10,12:57:26.742117,[]
2026-06-10,12:57:26.775484,[]
2026-06-10,12:57:26.808851,[]
2026-06-10,12:57:26.842218,[]
2026-06-10,12:57:26.875585,[]
2026-06-10,12:57:26.908952,[]
2026-06-10,12:57:26.942319,[]
2026-06-10,12:57:26.975686,[]
2026-06-10,12:57:27.009053,[]
2026-06-10,12:57:27.042420,[]
2026-06-10,12:57:27.075787,[]
2026-06-10,12:57:27.109154,[]
2026-06-10,12:57:27.142521,[]
2026-06-10,12:57:27.175888,[]
2026-06-10,12:57:27.209255,[]
2026-06-10,12:57:27.242622,[]
2026-06-10,12:57:27.275989,[]
2026-06-10,12:57:27.309356,[]
2026-06-10,12:57:27.342723,[]
2026-06-10,12:57:27.376090,[]
2026-06-10,12:57:27.409457,[]
2026-06-10,12:57:27.442824,[]
2026-06-10,12:57:27.476191,[]
2026-06-10,12:57:27.509558,[]
2026-06-10,12:57:27.542925,[]
2026-06-10,12:57:27.576292,[]
2026-06-10,12:57:27.609659,[]
2026-06-10,12:57:27.643026,[]
2026-06-10,12:57:27.676393,[]
2026-06-10,12:57:27.709760,[]
2026-06-10,12:57:27.743127,[]
2026-06-10,12:57:27.776494,[]
2026-06-10,12:57:27.809861,[]
2026-06-10,12:57:27.843228,[]
2026-06-10,12:57:27.876595,[]
2026-06-10,12:57:27.909962,[]
2026-06-10,12:57:27.943329,[]
2026-06-10,12:57:27.976696,[]
2026-06-10,12:57:28.010063,[]
2026-06-10,12:57:28.043430,[]
2026-06-10,12:57:28.076797,[]
2026-06-10,12:57:28.110164,[]
2026-06-10,12:57:28.143531,[]
2026-06-10,12:57:28.176898,[]
2026-06-10,12:57:28.210265,[]
2026-06-10,12:57:28.243632,[]
2026-06-10,12:57:28.276999,[]
2026-06-10,12:57:28.310366,[]
2026-06-10,12:57:28.343733,[]
2026-06-10,12:57:28.377100,[]
2026-06-10,12:57:28.410467,[]
2026-06-10,12:57:28.443834,['DR29687']
2026-06-10,12:57:28.477201,['DR29687']
2026-06-10,12:57:28.510568,['DR29687']
2026-06-10,12:57:28.543935,[]
2026-06-10,12:57:28.577302,[]
2026-06-10,12:57:28.610669,[]
2026-06-10,12:57:28.644036,[]
2026-06-10,12:57:28.677403,[]
2026-06-10,12:57:28.710770,[]
2026-06-10,12:57:28.744137,[]
2026-06-10,12:57:28.777504,[]
2026-06-10,12:57:28.810871,[]
2026-06-10,12:57:28.844238,[]
2026-06-10,12:57:28.877605,[]
2026-06-10,12:57:28.910972,[]
2026-06-10,12:57:28.944339,[]
2026-06-10,12:57:28.977706,[]
2026-06-10,12:57:29.011073,[]
2026-06-10,12:57:29.044440,[]
2026-06-10,12:57:29.077807,[]
2026-06-10,12:57:29.111174,[]
2026-06-10,12:57:29.144541,[]
2026-06-10,12:57:29.177908,[]
2026-06-10,12:57:29.211275,[]
2026-06-10,12:57:29.244642,[]
2026-06-10,12:57:29.278009,[]
2026-06-10,12:57:29.311376,[]
2026-06-10,12:57:29.344743,[]
2026-06-10,12:57:29.378110,[]
2026-06-10,12:57:29.411477,[]
2026-06-10,12:57:29.444844,[]
2026-06-10,12:57:29.478211,[]
2026-06-10,12:57:29.511578,[]
2026-06-10,12:57:29.544945,[]
2026-06-10,12:57:29.578312,[]
2026-06-10,12:57:29.611679,[]
2026-06-10,12:57:29.645046,[]
2026-06-10,12:57:29.678413,[]
2026-06-10,12:57:29.711780,[]
2026-06-10,12:57:29.745147,[]
2026-06-10,12:57:29.778514,[]
2026-06-10,12:57:29.811881,[]
2026-06-10,12:57:29.845248,[]
2026-06-10,12:57:29.878615,[]
2026-06-10,12:57:29.911982,[]
2026-06-10,12:57:29.945349,[]
2026-06-10,12:57:29.978716,[]
2026-06-10,12:57:30.012083,[]
2026-06-10,12:57:30.045450,[]
2026-06-10,12:57:30.078817,[]
2026-06-10,12:57:30.112184,[]
2026-06-10,12:57:30.145551,[]
2026-06-10,12:57:30.178918,[]
2026-06-10,12:57:30.212285,[]
2026-06-10,12:57:30.245652,[]
2026-06-10,12:57:30.279019,[]
2026-06-10,12:57:30.312386,[]
2026-06-10,12:57:30.345753,[]
2026-06-10,12:57:30.379120,[]
2026-06-10,12:57:30.412487,[]
2026-06-10,12:57:30.445854,[]
2026-06-10,12:57:30.479221,[]
2026-06-10,12:57:30.512588,[]
2026-06-10,12:57:30.545955,[]
2026-06-10,12:57:30.579322,[]
2026-06-10,12:57:30.612689,[]
2026-06-10,12:57:30.646056,[]
2026-06-10,12:57:30.679423,[]
2026-06-10,12:57:30.712790,[]
2026-06-10,12:57:30.746157,[]
2026-06-10,12:57:30.779524,[]
2026-06-10,12:57:30.812891,[]
2026-06-10,12:57:30.846258,[]
2026-06-10,12:57:30.879625,[]
2026-06-10,12:57:30.912992,[]
2026-06-10,12:57:30.946359,[]
2026-06-10,12:57:30.979726,[]
2026-06-10,12:57:31.013093,[]
2026-06-10,12:57:31.046460,[]
2026-06-10,12:57:31.079827,[]
2026-06-10,12:57:31.113194,[]
2026-06-10,12:57:31.146561,[]
2026-06-10,12:57:31.179928,[]
2026-06-10,12:57:31.213295,[]
2026-06-10,12:57:31.246662,[]
2026-06-10,12:57:31.280029,[]
2026-06-10,12:57:31.313396,[]
2026-06-10,12:57:31.346763,[]
2026-06-10,12:57:31.380130,[]
2026-06-10,12:57:31.413497,[]
2026-06-10,12:57:31.446864,[]
2026-06-10,12:57:31.480231,[]
2026-06-10,12:57:31.513598,[]
2026-06-10,12:57:31.546965,[]
2026-06-10,12:57:31.580332,[]
2026-06-10,12:57:31.613699,[]
2026-06-10,12:57:31.647066,[]
2026-06-10,12:57:31.680433,[]
2026-06-10,12:57:31.713800,[]
2026-06-10,12:57:31.747167,[]
2026-06-10,12:57:31.780534,[]
2026-06-10,12:57:31.813901,[]
2026-06-10,12:57:31.847268,[]
2026-06-10,12:57:31.880635,[]
2026-06-10,12:57:31.914002,[]
2026-06-10,12:57:31.947369,[]
2026-06-10,12:57:31.980736,[]
2026-06-10,12:57:32.014103,[]
2026-06-10,12:57:32.047470,[]
2026-06-10,12:57:32.080837,[]
2026-06-10,12:57:32.114204,[]
2026-06-10,12:57:32.147571,[]
2026-06-10,12:57:32.180938,[]
2026-06-10,12:57:32.214305,[]
2026-06-10,12:57:32.247672,[]
2026-06-10,12:57:32.281039,[]
2026-06-10,12:57:32.314406,[]
2026-06-10,12:57:32.347773,[]
2026-06-10,12:57:32.381140,[]
2026-06-10,12:57:32.414507,[]
2026-06-10,12:57:32.447874,[]
2026-06-10,12:57:32.481241,[]
2026-06-10,12:57:32.514608,[]
2026-06-10,12:57:32.547975,[]
2026-06-10,12:57:32.581342,[]
2026-06-10,12:57:32.614709,[]
2026-06-10,12:57:32.648076,[]
2026-06-10,12:57:32.681443,[]
2026-06-10,12:57:32.714810,[]
2026-06-10,12:57:32.748177,[]
2026-06-10,12:57:32.781544,[]
2026-06-10,12:57:32.814911,[]
2026-06-10,12:57:32.848278,[]
2026-06-10,12:57:32.881645,[]
2026-06-10,12:57:32.915012,[]
2026-06-10,12:57:32.948379,[]
2026-06-10,12:57:32.981746,[]
2026-06-10,12:57:33.015113,[]
2026-06-10,12:57:33.048480,[]
2026-06-10,12:57:33.081847,[]
2026-06-10,12:57:33.115214,[]
2026-06-10,12:57:33.148581,[]
2026-06-10,12:57:33.181948,[]
2026-06-10,12:57:33.215315,[]
2026-06-10,12:57:33.248682,[]
2026-06-10,12:57:33.282049,[]
2026-06-10,12:57:33.315416,[]
2026-06-10,12:57:33.348783,[]
2026-06-10,12:57:33.382150,[]
2026-06-10,12:57:33.415517,[]
2026-06-10,12:57:33.448884,[]
2026-06-10,12:57:33.482251,[]
2026-06-10,12:57:33.515618,[]
2026-06-10,12:57:33.548985,[]
2026-06-10,12:57:33.582352,[]
2026-06-10,12:57:33.615719,[]
2026-06-10,12:57:33.649086,[]
2026-06-10,12:57:33.682453,[]
2026-06-10,12:57:33.715820,[]
2026-06-10,12:57:33.749187,[]
2026-06-10,12:57:33.782554,[]
2026-06-10,12:57:33.815921,[]
2026-06-10,12:57:33.849288,[]
2026-06-10,12:57:33.882655,[]
2026-06-10,12:57:33.916022,[]
2026-06-10,12:57:33.949389,[]
2026-06-10,12:57:33.982756,[]
2026-06-10,12:57:34.016123,[]
2026-06-10,12:57:34.049490,[]
2026-06-10,12:57:34.082857,[]
2026-06-10,12:57:34.116224,[]
2026-06-10,12:57:34.149591,[]
2026-06-10,12:57:34.182958,[]
2026-06-10,12:57:34.216325,[]
2026-06-10,12:57:34.249692,[]
2026-06-10,12:57:34.283059,[]
2026-06-10,12:57:34.316426,[]
2026-06-10,12:57:34.349793,[]
2026-06-10,12:57:34.383160,[]
2026-06-10,12:57:34.416527,[]
2026-06-10,12:57:34.449894,[]
2026-06-10,12:57:34.483261,[]
2026-06-10,12:57:34.516628,[]
2026-06-10,12:57:34.549995,[]
2026-06-10,12:57:34.583362,[]
2026-06-10,12:57:34.616729,[]
2026-06-10,12:57:34.650096,[]
2026-06-10,12:57:34.683463,[]
2026-06-10,12:57:34.716830,[]
2026-06-10,12:57:34.750197,[]
2026-06-10,12:57:34.783564,[]
2026-06-10,12:57:34.816931,[]
2026-06-10,12:57:34.850298,[]
2026-06-10,12:57:34.883665,[]
2026-06-10,12:57:34.917032,[]
2026-06-10,12:57:34.950399,[]
2026-06-10,12:57:34.983766,[]
2026-06-10,12:57:35.017133,[]
2026-06-10,12:57:35.050500,[]
2026-06-10,12:57:35.083867,[]
2026-06-10,12:57:35.117234,[]
2026-06-10,12:57:35.150601,[]
2026-06-10,12:57:35.183968,[]
2026-06-10,12:57:35.217335,[]
2026-06-10,12:57:35.250702,[]
2026-06-10,12:57:35.284069,[]
2026-06-10,12:57:35.317436,[]
2026-06-10,12:57:35.350803,[]
2026-06-10,12:57:35.384170,[]
2026-06-10,12:57:35.417537,[]
2026-06-10,12:57:35.450904,[]
2026-06-10,12:57:35.484271,[]
2026-06-10,12:57:35.517638,[]
2026-06-10,12:57:35.551005,[]
2026-06-10,12:57:35.584372,[]
2026-06-10,12:57:35.617739,[]
2026-06-10,12:57:35.651106,[]
2026-06-10,12:57:35.684473,[]
2026-06-10,12:57:35.717840,[]
2026-06-10,12:57:35.751207,[]
2026-06-10,12:57:35.784574,[]
2026-06-10,12:57:35.817941,[]
2026-06-10,12:57:35.851308,[]
2026-06-10,12:57:35.884675,[]
2026-06-10,12:57:35.918042,[]
2026-06-10,12:57:35.951409,[]
2026-06-10,12:57:35.984776,[]
2026-06-10,12:57:36.018143,[]
2026-06-10,12:57:36.051510,[]
2026-06-10,12:57:36.084877,[]
2026-06-10,12:57:36.118244,[]
2026-06-10,12:57:36.151611,[]
2026-06-10,12:57:36.184978,[]
2026-06-10,12:57:36.218345,[]
2026-06-10,12:57:36.251712,[]
2026-06-10,12:57:36.285079,[]
2026-06-10,12:57:36.318446,[]
2026-06-10,12:57:36.351813,[]
2026-06-10,12:57:36.385180,[]
2026-06-10,12:57:36.418547,[]
2026-06-10,12:57:36.451914,[]
2026-06-10,12:57:36.485281,[]
2026-06-10,12:57:36.518648,[]
2026-06-10,12:57:36.552015,[]
2026-06-10,12:57:36.585382,[]
2026-06-10,12:57:36.618749,[]
2026-06-10,12:57:36.652116,[]
2026-06-10,12:57:36.685483,[]
2026-06-10,12:57:36.718850,[]
2026-06-10,12:57:36.752217,[]
2026-06-10,12:57:36.785584,[]
2026-06-10,12:57:36.818951,[]
2026-06-10,12:57:36.852318,[]
2026-06-10,12:57:36.885685,[]
2026-06-10,12:57:36.919052,[]
2026-06-10,12:57:36.952419,[]
2026-06-10,12:57:36.985786,[]
2026-06-10,12:57:37.019153,[]
2026-06-10,12:57:37.052520,[]
2026-06-10,12:57:37.085887,[]
2026-06-10,12:57:37.119254,[]
2026-06-10,12:57:37.152621,[]
2026-06-10,12:57:37.185988,[]
2026-06-10,12:57:37.219355,[]
2026-06-10,12:57:37.252722,[]
2026-06-10,12:57:37.286089,[]
2026-06-10,12:57:37.319456,[]
2026-06-10,12:57:37.352823,[]
2026-06-10,12:57:37.386190,[]
2026-06-10,12:57:37.419557,[]
2026-06-10,12:57:37.452924,[]
2026-06-10,12:57:37.486291,[]
2026-06-10,12:57:37.519658,[]
2026-06-10,12:57:37.553025,[]
2026-06-10,12:57:37.586392,[]
2026-06-10,12:57:37.619759,[]
2026-06-10,12:57:37.653126,[]
2026-06-10,12:57:37.686493,[]
2026-06-10,12:57:37.719860,[]
2026-06-10,12:57:37.753227,[]
2026-06-10,12:57:37.786594,[]
2026-06-10,12:57:37.819961,[]
2026-06-10,12:57:37.853328,[]
2026-06-10,12:57:37.886695,[]
2026-06-10,12:57:37.920062,[]
2026-06-10,12:57:37.953429,[]
2026-06-10,12:57:37.986796,[]
2026-06-10,12:57:38.020163,[]
2026-06-10,12:57:38.053530,[]
2026-06-10,12:57:38.086897,[]
2026-06-10,12:57:38.120264,[]
2026-06-10,12:57:38.153631,[]
2026-06-10,12:57:38.186998,[]
2026-06-10,12:57:38.220365,[]
2026-06-10,12:57:38.253732,[]
2026-06-10,12:57:38.287099,[]
2026-06-10,12:57:38.320466,[]
2026-06-10,12:57:38.353833,[]
2026-06-10,12:57:38.387200,[]
2026-06-10,12:57:38.420567,[]
2026-06-10,12:57:38.453934,[]
2026-06-10,12:57:38.487301,[]
2026-06-10,12:57:38.520668,[]
2026-06-10,12:57:38.554035,[]
2026-06-10,12:57:38.587402,[]
2026-06-10,12:57:38.620769,[]
2026-06-10,12:57:38.654136,[]
2026-06-10,12:57:38.687503,[]
2026-06-10,12:57:38.720870,[]
2026-06-10,12:57:38.754237,[]
2026-06-10,12:57:38.787604,[]
2026-06-10,12:57:38.820971,[]
2026-06-10,12:57:38.854338,[]
2026-06-10,12:57:38.887705,[]
2026-06-10,12:57:38.921072,[]
2026-06-10,12:57:38.954439,[]
2026-06-10,12:57:38.987806,[]
2026-06-10,12:57:39.021173,[]
2026-06-10,12:57:39.054540,[]
2026-06-10,12:57:39.087907,[]
2026-06-10,12:57:39.121274,[]
2026-06-10,12:57:39.154641,[]
2026-06-10,12:57:39.188008,[]
2026-06-10,12:57:39.221375,[]
2026-06-10,12:57:39.254742,[]
2026-06-10,12:57:39.288109,[]
2026-06-10,12:57:39.321476,[]
2026-06-10,12:57:39.354843,[]
2026-06-10,12:57:39.388210,[]
2026-06-10,12:57:39.421577,[]
2026-06-10,12:57:39.454944,[]
2026-06-10,12:57:39.488311,[]
2026-06-10,12:57:39.521678,[]
2026-06-10,12:57:39.555045,[]
2026-06-10,12:57:39.588412,[]
2026-06-10,12:57:39.621779,[]
2026-06-10,12:57:39.655146,[]
2026-06-10,12:57:39.688513,[]
2026-06-10,12:57:39.721880,[]
2026-06-10,12:57:39.755247,[]
2026-06-10,12:57:39.788614,[]
2026-06-10,12:57:39.821981,[]
2026-06-10,12:57:39.855348,[]
2026-06-10,12:57:39.888715,[]
2026-06-10,12:57:39.922082,[]
2026-06-10,12:57:39.955449,[]
2026-06-10,12:57:39.988816,[]
2026-06-10,12:57:40.022183,[]
2026-06-10,12:57:40.055550,[]
2026-06-10,12:57:40.088917,[]
2026-06-10,12:57:40.122284,[]
2026-06-10,12:57:40.155651,[]
2026-06-10,12:57:40.189018,[]
2026-06-10,12:57:40.222385,[]
2026-06-10,12:57:40.255752,[]
2026-06-10,12:57:40.289119,[]
2026-06-10,12:57:40.322486,[]
2026-06-10,12:57:40.355853,[]
2026-06-10,12:57:40.389220,[]
2026-06-10,12:57:40.422587,[]
2026-06-10,12:57:40.455954,[]
2026-06-10,12:57:40.489321,[]
2026-06-10,12:57:40.522688,[]
2026-06-10,12:57:40.556055,[]
2026-06-10,12:57:40.589422,[]
2026-06-10,12:57:40.622789,[]
2026-06-10,12:57:40.656156,[]
2026-06-10,12:57:40.689523,[]
2026-06-10,12:57:40.722890,[]
2026-06-10,12:57:40.756257,[]
2026-06-10,12:57:40.789624,[]
2026-06-10,12:57:40.822991,[]
2026-06-10,12:57:40.856358,[]
2026-06-10,12:57:40.889725,[]
2026-06-10,12:57:40.923092,[]
2026-06-10,12:57:40.956459,[]
2026-06-10,12:57:40.989826,[]
2026-06-10,12:57:41.023193,[]
2026-06-10,12:57:41.056560,[]
2026-06-10,12:57:41.089927,[]
2026-06-10,12:57:41.123294,[]
2026-06-10,12:57:41.156661,[]
2026-06-10,12:57:41.190028,[]
2026-06-10,12:57:41.223395,[]
2026-06-10,12:57:41.256762,[]
2026-06-10,12:57:41.290129,[]
2026-06-10,12:57:41.323496,[]
2026-06-10,12:57:41.356863,[]
2026-06-10,12:57:41.390230,[]
2026-06-10,12:57:41.423597,[]
2026-06-10,12:57:41.456964,[]
2026-06-10,12:57:41.490331,[]
2026-06-10,12:57:41.523698,[]
2026-06-10,12:57:41.557065,[]
2026-06-10,12:57:41.590432,[]
2026-06-10,12:57:41.623799,[]
2026-06-10,12:57:41.657166,[]
2026-06-10,12:57:41.690533,[]
2026-06-10,12:57:41.723900,[]
2026-06-10,12:57:41.757267,[]
2026-06-10,12:57:41.790634,[]
2026-06-10,12:57:41.824001,[]
2026-06-10,12:57:41.857368,[]
2026-06-10,12:57:41.890735,[]
2026-06-10,12:57:41.924102,[]
2026-06-10,12:57:41.957469,[]
2026-06-10,12:57:41.990836,[]
2026-06-10,12:57:42.024203,[]
2026-06-10,12:57:42.057570,[]
2026-06-10,12:57:42.090937,[]
2026-06-10,12:57:42.124304,[]
2026-06-10,12:57:42.157671,[]
2026-06-10,12:57:42.191038,[]
2026-06-10,12:57:42.224405,[]
2026-06-10,12:57:42.257772,[]
2026-06-10,12:57:42.291139,[]
2026-06-10,12:57:42.324506,[]
2026-06-10,12:57:42.357873,[]
2026-06-10,12:57:42.391240,[]
2026-06-10,12:57:42.424607,[]
2026-06-10,12:57:42.457974,[]
2026-06-10,12:57:42.491341,[]
2026-06-10,12:57:42.524708,[]
2026-06-10,12:57:42.558075,[]
2026-06-10,12:57:42.591442,[]
2026-06-10,12:57:42.624809,[]
2026-06-10,12:57:42.658176,[]
2026-06-10,12:57:42.691543,[]
2026-06-10,12:57:42.724910,[]
2026-06-10,12:57:42.758277,[]
2026-06-10,12:57:42.791644,[]
2026-06-10,12:57:42.825011,[]
2026-06-10,12:57:42.858378,[]
2026-06-10,12:57:42.891745,[]
2026-06-10,12:57:42.925112,[]
2026-06-10,12:57:42.958479,[]
2026-06-10,12:57:42.991846,[]
2026-06-10,12:57:43.025213,[]
2026-06-10,12:57:43.058580,[]
2026-06-10,12:57:43.091947,[]
2026-06-10,12:57:43.125314,[]
2026-06-10,12:57:43.158681,[]
2026-06-10,12:57:43.192048,[]
2026-06-10,12:57:43.225415,[]
2026-06-10,12:57:43.258782,[]
2026-06-10,12:57:43.292149,[]
2026-06-10,12:57:43.325516,[]
2026-06-10,12:57:43.358883,[]
2026-06-10,12:57:43.392250,[]
2026-06-10,12:57:43.425617,[]
2026-06-10,12:57:43.458984,[]
2026-06-10,12:57:43.492351,[]
2026-06-10,12:57:43.525718,[]
2026-06-10,12:57:43.559085,[]
2026-06-10,12:57:43.592452,[]
2026-06-10,12:57:43.625819,[]
2026-06-10,12:57:43.659186,[]
2026-06-10,12:57:43.692553,[]
2026-06-10,12:57:43.725920,[]
2026-06-10,12:57:43.759287,[]
2026-06-10,12:57:43.792654,[]
2026-06-10,12:57:43.826021,[]
2026-06-10,12:57:43.859388,[]
2026-06-10,12:57:43.892755,[]
2026-06-10,12:57:43.926122,[]
2026-06-10,12:57:43.959489,[]
2026-06-10,12:57:43.992856,[]
2026-06-10,12:57:44.026223,[]
2026-06-10,12:57:44.059590,[]
2026-06-10,12:57:44.092957,[]
2026-06-10,12:57:44.126324,[]
2026-06-10,12:57:44.159691,[]
2026-06-10,12:57:44.193058,[]
2026-06-10,12:57:44.226425,[]
2026-06-10,12:57:44.259792,[]
2026-06-10,12:57:44.293159,[]
2026-06-10,12:57:44.326526,[]
2026-06-10,12:57:44.359893,[]
2026-06-10,12:57:44.393260,[]
2026-06-10,12:57:44.426627,[]
2026-06-10,12:57:44.459994,[]
2026-06-10,12:57:44.493361,[]
2026-06-10,12:57:44.526728,[]
2026-06-10,12:57:44.560095,[]
2026-06-10,12:57:44.593462,[]
2026-06-10,12:57:44.626829,[]
2026-06-10,12:57:44.660196,[]
2026-06-10,12:57:44.693563,[]
2026-06-10,12:57:44.726930,[]
2026-06-10,12:57:44.760297,[]
2026-06-10,12:57:44.793664,[]
2026-06-10,12:57:44.827031,[]
2026-06-10,12:57:44.860398,[]
2026-06-10,12:57:44.893765,[]
2026-06-10,12:57:44.927132,[]
2026-06-10,12:57:44.960499,[]
2026-06-10,12:57:44.993866,[]
2026-06-10,12:57:45.027233,[]
2026-06-10,12:57:45.060600,[]
2026-06-10,12:57:45.093967,[]
2026-06-10,12:57:45.127334,[]
2026-06-10,12:57:45.160701,[]
2026-06-10,12:57:45.194068,[]
2026-06-10,12:57:45.227435,[]
2026-06-10,12:57:45.260802,[]
2026-06-10,12:57:45.294169,[]
2026-06-10,12:57:45.327536,[]
2026-06-10,12:57:45.360903,[]
2026-06-10,12:57:45.394270,[]
2026-06-10,12:57:45.427637,[]
2026-06-10,12:57:45.461004,[]
2026-06-10,12:57:45.494371,[]
2026-06-10,12:57:45.527738,[]
2026-06-10,12:57:45.561105,[]
2026-06-10,12:57:45.594472,[]
2026-06-10,12:57:45.627839,[]
2026-06-10,12:57:45.661206,[]
2026-06-10,12:57:45.694573,[]
2026-06-10,12:57:45.727940,[]
2026-06-10,12:57:45.761307,[]
2026-06-10,12:57:45.794674,[]
2026-06-10,12:57:45.828041,[]
2026-06-10,12:57:45.861408,[]
2026-06-10,12:57:45.894775,[]
2026-06-10,12:57:45.928142,[]
2026-06-10,12:57:45.961509,[]
2026-06-10,12:57:45.994876,[]
2026-06-10,12:57:46.028243,[]
2026-06-10,12:57:46.061610,[]
2026-06-10,12:57:46.094977,[]
2026-06-10,12:57:46.128344,[]
2026-06-10,12:57:46.161711,[]
2026-06-10,12:57:46.195078,[]
2026-06-10,12:57:46.228445,[]
2026-06-10,12:57:46.261812,[]
2026-06-10,12:57:46.295179,[]
2026-06-10,12:57:46.328546,[]
2026-06-10,12:57:46.361913,[]
2026-06-10,12:57:46.395280,[]
2026-06-10,12:57:46.428647,[]
2026-06-10,12:57:46.462014,[]
2026-06-10,12:57:46.495381,[]
2026-06-10,12:57:46.528748,[]
2026-06-10,12:57:46.562115,[]
2026-06-10,12:57:46.595482,[]
2026-06-10,12:57:46.628849,[]
2026-06-10,12:57:46.662216,[]
2026-06-10,12:57:46.695583,[]
2026-06-10,12:57:46.728950,[]
2026-06-10,12:57:46.762317,[]
2026-06-10,12:57:46.795684,[]
2026-06-10,12:57:46.829051,[]
2026-06-10,12:57:46.862418,[]
2026-06-10,12:57:46.895785,[]
2026-06-10,12:57:46.929152,[]
2026-06-10,12:57:46.962519,[]
2026-06-10,12:57:46.995886,[]
2026-06-10,12:57:47.029253,[]
2026-06-10,12:57:47.062620,[]
2026-06-10,12:57:47.095987,[]
2026-06-10,12:57:47.129354,[]
2026-06-10,12:57:47.162721,[]
2026-06-10,12:57:47.196088,[]
2026-06-10,12:57:47.229455,[]
2026-06-10,12:57:47.262822,[]
2026-06-10,12:57:47.296189,[]
2026-06-10,12:57:47.329556,[]
2026-06-10,12:57:47.362923,[]
2026-06-10,12:57:47.396290,[]
2026-06-10,12:57:47.429657,[]
2026-06-10,12:57:47.463024,[]
2026-06-10,12:57:47.496391,[]
2026-06-10,12:57:47.529758,[]
2026-06-10,12:57:47.563125,[]
2026-06-10,12:57:47.596492,[]
2026-06-10,12:57:47.629859,[]
2026-06-10,12:57:47.663226,[]
2026-06-10,12:57:47.696593,[]
2026-06-10,12:57:47.729960,[]
2026-06-10,12:57:47.763327,[]
2026-06-10,12:57:47.796694,[]
2026-06-10,12:57:47.830061,[]
2026-06-10,12:57:47.863428,[]
2026-06-10,12:57:47.896795,[]
2026-06-10,12:57:47.930162,[]
2026-06-10,12:57:47.963529,[]
2026-06-10,12:57:47.996896,[]
2026-06-10,12:57:48.030263,[]
2026-06-10,12:57:48.063630,[]
2026-06-10,12:57:48.096997,[]
2026-06-10,12:57:48.130364,[]
2026-06-10,12:57:48.163731,[]
2026-06-10,12:57:48.197098,[]
2026-06-10,12:57:48.230465,[]
2026-06-10,12:57:48.263832,[]
2026-06-10,12:57:48.297199,[]
2026-06-10,12:57:48.330566,[]
2026-06-10,12:57:48.363933,['EC52415']
2026-06-10,12:57:48.397300,[]
2026-06-10,12:57:48.430667,[]
2026-06-10,12:57:48.464034,[]
2026-06-10,12:57:48.497401,[]
2026-06-10,12:57:48.530768,[]
2026-06-10,12:57:48.564135,[]
2026-06-10,12:57:48.597502,[]
2026-06-10,12:57:48.630869,[]
2026-06-10,12:57:48.664236,[]
2026-06-10,12:57:48.697603,[]
2026-06-10,12:57:48.730970,[]
2026-06-10,12:57:48.764337,[]
2026-06-10,12:57:48.797704,[]
2026-06-10,12:57:48.831071,[]
2026-06-10,12:57:48.864438,[]
2026-06-10,12:57:48.897805,[]
2026-06-10,12:57:48.931172,[]
2026-06-10,12:57:48.964539,[]
2026-06-10,12:57:48.997906,[]
2026-06-10,12:57:49.031273,[]
2026-06-10,12:57:49.064640,[]
2026-06-10,12:57:49.098007,[]
2026-06-10,12:57:49.131374,[]
2026-06-10,12:57:49.164741,[]
2026-06-10,12:57:49.198108,[]
2026-06-10,12:57:49.231475,[]
2026-06-10,12:57:49.264842,[]
2026-06-10,12:57:49.298209,[]
2026-06-10,12:57:49.331576,[]
2026-06-10,12:57:49.364943,[]
2026-06-10,12:57:49.398310,[]
2026-06-10,12:57:49.431677,[]
2026-06-10,12:57:49.465044,[]
2026-06-10,12:57:49.498411,[]
2026-06-10,12:57:49.531778,[]
2026-06-10,12:57:49.565145,[]
2026-06-10,12:57:49.598512,[]
2026-06-10,12:57:49.631879,[]
2026-06-10,12:57:49.665246,[]
2026-06-10,12:57:49.698613,[]
2026-06-10,12:57:49.731980,[]
2026-06-10,12:57:49.765347,[]
2026-06-10,12:57:49.798714,[]
2026-06-10,12:57:49.832081,[]
2026-06-10,12:57:49.865448,[]
2026-06-10,12:57:49.898815,[]
2026-06-10,12:57:49.932182,[]
2026-06-10,12:57:49.965549,[]
2026-06-10,12:57:49.998916,[]
2026-06-10,12:57:50.032283,[]
2026-06-10,12:57:50.065650,[]
2026-06-10,12:57:50.099017,[]
2026-06-10,12:57:50.132384,[]
2026-06-10,12:57:50.165751,[]
2026-06-10,12:57:50.199118,[]
2026-06-10,12:57:50.232485,[]
2026-06-10,12:57:50.265852,[]
2026-06-10,12:57:50.299219,[]
2026-06-10,12:57:50.332586,[]
2026-06-10,12:57:50.365953,[]
2026-06-10,12:57:50.399320,[]
2026-06-10,12:57:50.432687,[]
2026-06-10,12:57:50.466054,[]
2026-06-10,12:57:50.499421,[]
2026-06-10,12:57:50.532788,[]
2026-06-10,12:57:50.566155,[]
2026-06-10,12:57:50.599522,[]
2026-06-10,12:57:50.632889,[]
2026-06-10,12:57:50.666256,[]
2026-06-10,12:57:50.699623,[]
2026-06-10,12:57:50.732990,[]
2026-06-10,12:57:50.766357,[]
2026-06-10,12:57:50.799724,[]
2026-06-10,12:57:50.833091,[]
2026-06-10,12:57:50.866458,[]
2026-06-10,12:57:50.899825,[]
2026-06-10,12:57:50.933192,[]
2026-06-10,12:57:50.966559,[]
2026-06-10,12:57:50.999926,[]
2026-06-10,12:57:51.033293,[]
2026-06-10,12:57:51.066660,[]
2026-06-10,12:57:51.100027,[]
2026-06-10,12:57:51.133394,[]
2026-06-10,12:57:51.166761,[]
2026-06-10,12:57:51.200128,[]
2026-06-10,12:57:51.233495,[]
2026-06-10,12:57:51.266862,[]
2026-06-10,12:57:51.300229,[]
2026-06-10,12:57:51.333596,[]
2026-06-10,12:57:51.366963,[]
2026-06-10,12:57:51.400330,[]
2026-06-10,12:57:51.433697,[]
2026-06-10,12:57:51.467064,[]
2026-06-10,12:57:51.500431,[]
2026-06-10,12:57:51.533798,[]
2026-06-10,12:57:51.567165,[]
2026-06-10,12:57:51.600532,[]
2026-06-10,12:57:51.633899,[]
2026-06-10,12:57:51.667266,['CV42610']
2026-06-10,12:57:51.700633,['CV42610']
2026-06-10,12:57:51.734000,['CV42610']
2026-06-10,12:57:51.767367,['CV42610']
2026-06-10,12:57:51.800734,['CV42610']
2026-06-10,12:57:51.834101,[]
2026-06-10,12:57:51.867468,[]
2026-06-10,12:57:51.900835,[]
2026-06-10,12:57:51.934202,[]
2026-06-10,12:57:51.967569,[]
2026-06-10,12:57:52.000936,[]
2026-06-10,12:57:52.034303,[]
2026-06-10,12:57:52.067670,[]
2026-06-10,12:57:52.101037,[]
2026-06-10,12:57:52.134404,[]
2026-06-10,12:57:52.167771,[]
2026-06-10,12:57:52.201138,[]
2026-06-10,12:57:52.234505,[]
2026-06-10,12:57:52.267872,[]
2026-06-10,12:57:52.301239,[]
2026-06-10,12:57:52.334606,[]
2026-06-10,12:57:52.367973,[]
2026-06-10,12:57:52.401340,[]
2026-06-10,12:57:52.434707,[]
2026-06-10,12:57:52.468074,[]
2026-06-10,12:57:52.501441,[]
2026-06-10,12:57:52.534808,[]
2026-06-10,12:57:52.568175,[]
2026-06-10,12:57:52.601542,[]
2026-06-10,12:57:52.634909,[]
2026-06-10,12:57:52.668276,[]
2026-06-10,12:57:52.701643,[]
2026-06-10,12:57:52.735010,[]
2026-06-10,12:57:52.768377,[]
2026-06-10,12:57:52.801744,[]
2026-06-10,12:57:52.835111,[]
2026-06-10,12:57:52.868478,[]
2026-06-10,12:57:52.901845,[]
2026-06-10,12:57:52.935212,[]
2026-06-10,12:57:52.968579,[]
2026-06-10,12:57:53.001946,[]
2026-06-10,12:57:53.035313,[]
2026-06-10,12:57:53.068680,[]
2026-06-10,12:57:53.102047,[]
2026-06-10,12:57:53.135414,[]
2026-06-10,12:57:53.168781,[]
2026-06-10,12:57:53.202148,[]
2026-06-10,12:57:53.235515,[]
2026-06-10,12:57:53.268882,[]
2026-06-10,12:57:53.302249,[]
2026-06-10,12:57:53.335616,[]
2026-06-10,12:57:53.368983,[]
2026-06-10,12:57:53.402350,[]
2026-06-10,12:57:53.435717,[]
2026-06-10,12:57:53.469084,[]
2026-06-10,12:57:53.502451,[]
2026-06-10,12:57:53.535818,[]
2026-06-10,12:57:53.569185,[]
2026-06-10,12:57:53.602552,[]
2026-06-10,12:57:53.635919,[]
2026-06-10,12:57:53.669286,[]
2026-06-10,12:57:53.702653,[]
2026-06-10,12:57:53.736020,[]
2026-06-10,12:57:53.769387,[]
2026-06-10,12:57:53.802754,[]
2026-06-10,12:57:53.836121,[]
2026-06-10,12:57:53.869488,[]
2026-06-10,12:57:53.902855,[]
2026-06-10,12:57:53.936222,[]
2026-06-10,12:57:53.969589,[]
2026-06-10,12:57:54.002956,[]
2026-06-10,12:57:54.036323,[]
2026-06-10,12:57:54.069690,[]
2026-06-10,12:57:54.103057,[]
2026-06-10,12:57:54.136424,[]
2026-06-10,12:57:54.169791,[]
2026-06-10,12:57:54.203158,[]
2026-06-10,12:57:54.236525,[]
2026-06-10,12:57:54.269892,[]
2026-06-10,12:57:54.303259,[]
2026-06-10,12:57:54.336626,[]
2026-06-10,12:57:54.369993,[]
2026-06-10,12:57:54.403360,[]
2026-06-10,12:57:54.436727,[]
2026-06-10,12:57:54.470094,[]
2026-06-10,12:57:54.503461,[]
2026-06-10,12:57:54.536828,[]
2026-06-10,12:57:54.570195,[]
2026-06-10,12:57:54.603562,[]
2026-06-10,12:57:54.636929,[]
2026-06-10,12:57:54.670296,[]
2026-06-10,12:57:54.703663,[]
2026-06-10,12:57:54.737030,[]
2026-06-10,12:57:54.770397,[]
2026-06-10,12:57:54.803764,[]
2026-06-10,12:57:54.837131,[]
2026-06-10,12:57:54.870498,[]
2026-06-10,12:57:54.903865,[]
2026-06-10,12:57:54.937232,[]
2026-06-10,12:57:54.970599,[]
2026-06-10,12:57:55.003966,[]
2026-06-10,12:57:55.037333,[]
2026-06-10,12:57:55.070700,[]
2026-06-10,12:57:55.104067,[]
2026-06-10,12:57:55.137434,[]
2026-06-10,12:57:55.170801,[]
2026-06-10,12:57:55.204168,[]
2026-06-10,12:57:55.237535,[]
2026-06-10,12:57:55.270902,[]
2026-06-10,12:57:55.304269,[]
2026-06-10,12:57:55.337636,[]
2026-06-10,12:57:55.371003,[]
2026-06-10,12:57:55.404370,[]
2026-06-10,12:57:55.437737,[]
2026-06-10,12:57:55.471104,[]
2026-06-10,12:57:55.504471,[]
2026-06-10,12:57:55.537838,[]
2026-06-10,12:57:55.571205,[]
2026-06-10,12:57:55.604572,[]
2026-06-10,12:57:55.637939,[]
2026-06-10,12:57:55.671306,[]
2026-06-10,12:57:55.704673,[]
2026-06-10,12:57:55.738040,[]
2026-06-10,12:57:55.771407,[]
2026-06-10,12:57:55.804774,[]
2026-06-10,12:57:55.838141,[]
2026-06-10,12:57:55.871508,[]
2026-06-10,12:57:55.904875,[]
2026-06-10,12:57:55.938242,[]
2026-06-10,12:57:55.971609,[]
2026-06-10,12:57:56.004976,[]
2026-06-10,12:57:56.038343,[]
2026-06-10,12:57:56.071710,[]
2026-06-10,12:57:56.105077,[]
2026-06-10,12:57:56.138444,[]
2026-06-10,12:57:56.171811,[]
2026-06-10,12:57:56.205178,[]
2026-06-10,12:57:56.238545,[]
2026-06-10,12:57:56.271912,[]
2026-06-10,12:57:56.305279,[]
2026-06-10,12:57:56.338646,[]
2026-06-10,12:57:56.372013,[]
2026-06-10,12:57:56.405380,[]
2026-06-10,12:57:56.438747,[]
2026-06-10,12:57:56.472114,[]
2026-06-10,12:57:56.505481,[]
2026-06-10,12:57:56.538848,[]
2026-06-10,12:57:56.572215,[]
2026-06-10,12:57:56.605582,[]
2026-06-10,12:57:56.638949,[]
2026-06-10,12:57:56.672316,[]
2026-06-10,12:57:56.705683,[]
2026-06-10,12:57:56.739050,[]
2026-06-10,12:57:56.772417,[]
2026-06-10,12:57:56.805784,[]
2026-06-10,12:57:56.839151,[]
2026-06-10,12:57:56.872518,[]
2026-06-10,12:57:56.905885,[]
2026-06-10,12:57:56.939252,[]
2026-06-10,12:57:56.972619,[]
2026-06-10,12:57:57.005986,[]
2026-06-10,12:57:57.039353,[]
2026-06-10,12:57:57.072720,[]
2026-06-10,12:57:57.106087,[]
2026-06-10,12:57:57.139454,[]
2026-06-10,12:57:57.172821,[]
2026-06-10,12:57:57.206188,[]
2026-06-10,12:57:57.239555,[]
2026-06-10,12:57:57.272922,[]
2026-06-10,12:57:57.306289,[]
2026-06-10,12:57:57.339656,[]
2026-06-10,12:57:57.373023,[]
2026-06-10,12:57:57.406390,[]
2026-06-10,12:57:57.439757,[]
2026-06-10,12:57:57.473124,[]
2026-06-10,12:57:57.506491,[]
2026-06-10,12:57:57.539858,[]
2026-06-10,12:57:57.573225,[]
2026-06-10,12:57:57.606592,[]
2026-06-10,12:57:57.639959,[]
2026-06-10,12:57:57.673326,[]
2026-06-10,12:57:57.706693,[]
2026-06-10,12:57:57.740060,[]
2026-06-10,12:57:57.773427,[]
2026-06-10,12:57:57.806794,[]
2026-06-10,12:57:57.840161,[]
2026-06-10,12:57:57.873528,[]
2026-06-10,12:57:57.906895,[]
2026-06-10,12:57:57.940262,[]
2026-06-10,12:57:57.973629,[]
2026-06-10,12:57:58.006996,[]
2026-06-10,12:57:58.040363,[]
2026-06-10,12:57:58.073730,[]
2026-06-10,12:57:58.107097,[]
2026-06-10,12:57:58.140464,[]
2026-06-10,12:57:58.173831,[]
2026-06-10,12:57:58.207198,[]
2026-06-10,12:57:58.240565,[]
2026-06-10,12:57:58.273932,[]
2026-06-10,12:57:58.307299,[]
2026-06-10,12:57:58.340666,[]
2026-06-10,12:57:58.374033,[]
2026-06-10,12:57:58.407400,[]
2026-06-10,12:57:58.440767,[]
2026-06-10,12:57:58.474134,[]
2026-06-10,12:57:58.507501,[]
2026-06-10,12:57:58.540868,[]
2026-06-10,12:57:58.574235,[]
2026-06-10,12:57:58.607602,[]
2026-06-10,12:57:58.640969,[]
2026-06-10,12:57:58.674336,[]
2026-06-10,12:57:58.707703,[]
2026-06-10,12:57:58.741070,[]
2026-06-10,12:57:58.774437,[]
2026-06-10,12:57:58.807804,[]
2026-06-10,12:57:58.841171,[]
2026-06-10,12:57:58.874538,[]
2026-06-10,12:57:58.907905,[]
2026-06-10,12:57:58.941272,[]
2026-06-10,12:57:58.974639,[]
2026-06-10,12:57:59.008006,[]
2026-06-10,12:57:59.041373,[]
2026-06-10,12:57:59.074740,[]
2026-06-10,12:57:59.108107,[]
2026-06-10,12:57:59.141474,[]
2026-06-10,12:57:59.174841,[]
2026-06-10,12:57:59.208208,[]
2026-06-10,12:57:59.241575,[]
2026-06-10,12:57:59.274942,[]
2026-06-10,12:57:59.308309,[]
2026-06-10,12:57:59.341676,[]
2026-06-10,12:57:59.375043,[]
2026-06-10,12:57:59.408410,[]
2026-06-10,12:57:59.441777,[]
2026-06-10,12:57:59.475144,[]
2026-06-10,12:57:59.508511,[]
2026-06-10,12:57:59.541878,[]
2026-06-10,12:57:59.575245,[]
2026-06-10,12:57:59.608612,[]
2026-06-10,12:57:59.641979,[]
2026-06-10,12:57:59.675346,[]
2026-06-10,12:57:59.708713,[]
2026-06-10,12:57:59.742080,[]
2026-06-10,12:57:59.775447,[]
2026-06-10,12:57:59.808814,[]
2026-06-10,12:57:59.842181,[]
2026-06-10,12:57:59.875548,[]
2026-06-10,12:57:59.908915,[]
2026-06-10,12:57:59.942282,[]
2026-06-10,12:57:59.975649,[]
2026-06-10,12:58:00.009016,[]
2026-06-10,12:58:00.042383,[]
2026-06-10,12:58:00.075750,[]
2026-06-10,12:58:00.109117,[]
2026-06-10,12:58:00.142484,[]
2026-06-10,12:58:00.175851,[]
2026-06-10,12:58:00.209218,[]
2026-06-10,12:58:00.242585,[]
2026-06-10,12:58:00.275952,[]
2026-06-10,12:58:00.309319,[]
2026-06-10,12:58:00.342686,[]
2026-06-10,12:58:00.376053,[]
2026-06-10,12:58:00.409420,[]
2026-06-10,12:58:00.442787,[]
2026-06-10,12:58:00.476154,[]
2026-06-10,12:58:00.509521,[]
2026-06-10,12:58:00.542888,[]
2026-06-10,12:58:00.576255,[]
2026-06-10,12:58:00.609622,[]
2026-06-10,12:58:00.642989,[]
2026-06-10,12:58:00.676356,[]
2026-06-10,12:58:00.709723,[]
2026-06-10,12:58:00.743090,[]
2026-06-10,12:58:00.776457,[]
2026-06-10,12:58:00.809824,[]
2026-06-10,12:58:00.843191,[]
2026-06-10,12:58:00.876558,[]
2026-06-10,12:58:00.909925,[]
2026-06-10,12:58:00.943292,[]
2026-06-10,12:58:00.976659,[]
2026-06-10,12:58:01.010026,[]
2026-06-10,12:58:01.043393,[]
2026-06-10,12:58:01.076760,[]
2026-06-10,12:58:01.110127,[]
2026-06-10,12:58:01.143494,[]
2026-06-10,12:58:01.176861,[]
2026-06-10,12:58:01.210228,[]
2026-06-10,12:58:01.243595,[]
2026-06-10,12:58:01.276962,[]
2026-06-10,12:58:01.310329,[]
2026-06-10,12:58:01.343696,[]
2026-06-10,12:58:01.377063,[]
2026-06-10,12:58:01.410430,[]
2026-06-10,12:58:01.443797,[]
2026-06-10,12:58:01.477164,[]
2026-06-10,12:58:01.510531,[]
2026-06-10,12:58:01.543898,[]
2026-06-10,12:58:01.577265,[]
2026-06-10,12:58:01.610632,[]
2026-06-10,12:58:01.643999,[]
2026-06-10,12:58:01.677366,[]
2026-06-10,12:58:01.710733,[]
2026-06-10,12:58:01.744100,[]
2026-06-10,12:58:01.777467,[]
2026-06-10,12:58:01.810834,[]
2026-06-10,12:58:01.844201,[]
2026-06-10,12:58:01.877568,[]
2026-06-10,12:58:01.910935,[]
2026-06-10,12:58:01.944302,[]
2026-06-10,12:58:01.977669,[]
2026-06-10,12:58:02.011036,[]
2026-06-10,12:58:02.044403,[]
2026-06-10,12:58:02.077770,[]
2026-06-10,12:58:02.111137,[]
2026-06-10,12:58:02.144504,[]
2026-06-10,12:58:02.177871,[]
2026-06-10,12:58:02.211238,[]
2026-06-10,12:58:02.244605,[]
2026-06-10,12:58:02.277972,[]
2026-06-10,12:58:02.311339,[]
2026-06-10,12:58:02.344706,[]
2026-06-10,12:58:02.378073,[]
2026-06-10,12:58:02.411440,[]
2026-06-10,12:58:02.444807,[]
2026-06-10,12:58:02.478174,[]
2026-06-10,12:58:02.511541,[]
2026-06-10,12:58:02.544908,[]
2026-06-10,12:58:02.578275,[]
2026-06-10,12:58:02.611642,[]
2026-06-10,12:58:02.645009,[]
2026-06-10,12:58:02.678376,[]
2026-06-10,12:58:02.711743,[]
2026-06-10,12:58:02.745110,[]
2026-06-10,12:58:02.778477,[]
2026-06-10,12:58:02.811844,[]
2026-06-10,12:58:02.845211,[]
2026-06-10,12:58:02.878578,[]
2026-06-10,12:58:02.911945,[]
2026-06-10,12:58:02.945312,[]
2026-06-10,12:58:02.978679,[]
2026-06-10,12:58:03.012046,[]
2026-06-10,12:58:03.045413,[]
2026-06-10,12:58:03.078780,[]
2026-06-10,12:58:03.112147,[]
2026-06-10,12:58:03.145514,[]
2026-06-10,12:58:03.178881,[]
2026-06-10,12:58:03.212248,[]
2026-06-10,12:58:03.245615,[]
2026-06-10,12:58:03.278982,[]
2026-06-10,12:58:03.312349,[]
2026-06-10,12:58:03.345716,[]
2026-06-10,12:58:03.379083,[]
2026-06-10,12:58:03.412450,[]
2026-06-10,12:58:03.445817,[]
2026-06-10,12:58:03.479184,[]
2026-06-10,12:58:03.512551,[]
2026-06-10,12:58:03.545918,[]
2026-06-10,12:58:03.579285,[]
2026-06-10,12:58:03.612652,[]
2026-06-10,12:58:03.646019,[]
2026-06-10,12:58:03.679386,[]
2026-06-10,12:58:03.712753,[]
2026-06-10,12:58:03.746120,[]
2026-06-10,12:58:03.779487,[]
2026-06-10,12:58:03.812854,[]
2026-06-10,12:58:03.846221,[]
2026-06-10,12:58:03.879588,[]
2026-06-10,12:58:03.912955,[]
2026-06-10,12:58:03.946322,[]
2026-06-10,12:58:03.979689,[]
2026-06-10,12:58:04.013056,[]
2026-06-10,12:58:04.046423,[]
2026-06-10,12:58:04.079790,[]
2026-06-10,12:58:04.113157,[]
2026-06-10,12:58:04.146524,[]
2026-06-10,12:58:04.179891,[]
2026-06-10,12:58:04.213258,[]
2026-06-10,12:58:04.246625,[]
2026-06-10,12:58:04.279992,[]
2026-06-10,12:58:04.313359,[]
2026-06-10,12:58:04.346726,[]
2026-06-10,12:58:04.380093,[]
2026-06-10,12:58:04.413460,[]
2026-06-10,12:58:04.446827,[]
2026-06-10,12:58:04.480194,[]
2026-06-10,12:58:04.513561,[]
2026-06-10,12:58:04.546928,[]
2026-06-10,12:58:04.580295,[]
2026-06-10,12:58:04.613662,[]
2026-06-10,12:58:04.647029,[]
2026-06-10,12:58:04.680396,[]
2026-06-10,12:58:04.713763,[]
2026-06-10,12:58:04.747130,[]
2026-06-10,12:58:04.780497,[]
2026-06-10,12:58:04.813864,[]
2026-06-10,12:58:04.847231,[]
2026-06-10,12:58:04.880598,[]
2026-06-10,12:58:04.913965,[]
2026-06-10,12:58:04.947332,[]
2026-06-10,12:58:04.980699,[]
2026-06-10,12:58:05.014066,[]
2026-06-10,12:58:05.047433,[]
2026-06-10,12:58:05.080800,[]
2026-06-10,12:58:05.114167,[]
2026-06-10,12:58:05.147534,[]
2026-06-10,12:58:05.180901,[]
2026-06-10,12:58:05.214268,[]
2026-06-10,12:58:05.247635,[]
2026-06-10,12:58:05.281002,[]
2026-06-10,12:58:05.314369,[]
2026-06-10,12:58:05.347736,[]
2026-06-10,12:58:05.381103,[]
2026-06-10,12:58:05.414470,[]
2026-06-10,12:58:05.447837,[]
2026-06-10,12:58:05.481204,[]
2026-06-10,12:58:05.514571,[]
2026-06-10,12:58:05.547938,[]
2026-06-10,12:58:05.581305,[]
2026-06-10,12:58:05.614672,[]
2026-06-10,12:58:05.648039,[]
2026-06-10,12:58:05.681406,[]
2026-06-10,12:58:05.714773,[]
2026-06-10,12:58:05.748140,[]
2026-06-10,12:58:05.781507,[]
2026-06-10,12:58:05.814874,[]
2026-06-10,12:58:05.848241,[]
2026-06-10,12:58:05.881608,[]
2026-06-10,12:58:05.914975,[]
2026-06-10,12:58:05.948342,[]
2026-06-10,12:58:05.981709,[]
2026-06-10,12:58:06.015076,[]
2026-06-10,12:58:06.048443,[]
2026-06-10,12:58:06.081810,[]
2026-06-10,12:58:06.115177,[]
2026-06-10,12:58:06.148544,[]
2026-06-10,12:58:06.181911,[]
2026-06-10,12:58:06.215278,[]
2026-06-10,12:58:06.248645,[]
2026-06-10,12:58:06.282012,[]
2026-06-10,12:58:06.315379,[]
2026-06-10,12:58:06.348746,[]
2026-06-10,12:58:06.382113,[]
2026-06-10,12:58:06.415480,[]
2026-06-10,12:58:06.448847,[]
2026-06-10,12:58:06.482214,[]
2026-06-10,12:58:06.515581,[]
2026-06-10,12:58:06.548948,[]
2026-06-10,12:58:06.582315,[]
2026-06-10,12:58:06.615682,[]
2026-06-10,12:58:06.649049,[]
2026-06-10,12:58:06.682416,[]
2026-06-10,12:58:06.715783,[]
2026-06-10,12:58:06.749150,[]
2026-06-10,12:58:06.782517,[]
2026-06-10,12:58:06.815884,[]
2026-06-10,12:58:06.849251,[]
2026-06-10,12:58:06.882618,[]
2026-06-10,12:58:06.915985,[]
2026-06-10,12:58:06.949352,[]
2026-06-10,12:58:06.982719,[]
2026-06-10,12:58:07.016086,[]
2026-06-10,12:58:07.049453,[]
2026-06-10,12:58:07.082820,[]
2026-06-10,12:58:07.116187,[]
2026-06-10,12:58:07.149554,[]
2026-06-10,12:58:07.182921,[]
2026-06-10,12:58:07.216288,[]
2026-06-10,12:58:07.249655,[]
2026-06-10,12:58:07.283022,[]
2026-06-10,12:58:07.316389,[]
2026-06-10,12:58:07.349756,[]
2026-06-10,12:58:07.383123,[]
2026-06-10,12:58:07.416490,[]
2026-06-10,12:58:07.449857,[]
2026-06-10,12:58:07.483224,[]
2026-06-10,12:58:07.516591,[]
2026-06-10,12:58:07.549958,[]
2026-06-10,12:58:07.583325,[]
2026-06-10,12:58:07.616692,[]
2026-06-10,12:58:07.650059,[]
2026-06-10,12:58:07.683426,[]
2026-06-10,12:58:07.716793,[]
2026-06-10,12:58:07.750160,[]
2026-06-10,12:58:07.783527,[]
2026-06-10,12:58:07.816894,[]
2026-06-10,12:58:07.850261,[]
2026-06-10,12:58:07.883628,[]
2026-06-10,12:58:07.916995,[]
2026-06-10,12:58:07.950362,[]
2026-06-10,12:58:07.983729,[]
2026-06-10,12:58:08.017096,[]
2026-06-10,12:58:08.050463,[]
2026-06-10,12:58:08.083830,[]
2026-06-10,12:58:08.117197,[]
2026-06-10,12:58:08.150564,[]
2026-06-10,12:58:08.183931,[]
2026-06-10,12:58:08.217298,[]
2026-06-10,12:58:08.250665,[]
2026-06-10,12:58:08.284032,[]
2026-06-10,12:58:08.317399,[]
2026-06-10,12:58:08.350766,[]
2026-06-10,12:58:08.384133,[]
2026-06-10,12:58:08.417500,[]
2026-06-10,12:58:08.450867,[]
2026-06-10,12:58:08.484234,[]
2026-06-10,12:58:08.517601,[]
2026-06-10,12:58:08.550968,[]
2026-06-10,12:58:08.584335,[]
2026-06-10,12:58:08.617702,[]
2026-06-10,12:58:08.651069,[]
2026-06-10,12:58:08.684436,[]
2026-06-10,12:58:08.717803,[]
2026-06-10,12:58:08.751170,[]
2026-06-10,12:58:08.784537,[]
2026-06-10,12:58:08.817904,[]
2026-06-10,12:58:08.851271,[]
2026-06-10,12:58:08.884638,[]
2026-06-10,12:58:08.918005,[]
2026-06-10,12:58:08.951372,[]
2026-06-10,12:58:08.984739,[]
2026-06-10,12:58:09.018106,[]
2026-06-10,12:58:09.051473,[]
2026-06-10,12:58:09.084840,[]
2026-06-10,12:58:09.118207,[]
2026-06-10,12:58:09.151574,[]
2026-06-10,12:58:09.184941,[]
2026-06-10,12:58:09.218308,[]
2026-06-10,12:58:09.251675,[]
2026-06-10,12:58:09.285042,[]
2026-06-10,12:58:09.318409,[]
2026-06-10,12:58:09.351776,[]
2026-06-10,12:58:09.385143,[]
2026-06-10,12:58:09.418510,[]
2026-06-10,12:58:09.451877,[]
2026-06-10,12:58:09.485244,[]
2026-06-10,12:58:09.518611,[]
2026-06-10,12:58:09.551978,[]
2026-06-10,12:58:09.585345,[]
2026-06-10,12:58:09.618712,[]
2026-06-10,12:58:09.652079,[]
2026-06-10,12:58:09.685446,[]
2026-06-10,12:58:09.718813,[]
2026-06-10,12:58:09.752180,[]
2026-06-10,12:58:09.785547,[]
2026-06-10,12:58:09.818914,[]
2026-06-10,12:58:09.852281,[]
2026-06-10,12:58:09.885648,[]
2026-06-10,12:58:09.919015,[]
2026-06-10,12:58:09.952382,[]
2026-06-10,12:58:09.985749,[]
2026-06-10,12:58:10.019116,[]
2026-06-10,12:58:10.052483,[]
2026-06-10,12:58:10.085850,[]
2026-06-10,12:58:10.119217,[]
2026-06-10,12:58:10.152584,[]
2026-06-10,12:58:10.185951,[]
2026-06-10,12:58:10.219318,[]
2026-06-10,12:58:10.252685,[]
2026-06-10,12:58:10.286052,[]
2026-06-10,12:58:10.319419,[]
2026-06-10,12:58:10.352786,[]
2026-06-10,12:58:10.386153,[]
2026-06-10,12:58:10.419520,[]
2026-06-10,12:58:10.452887,[]
2026-06-10,12:58:10.486254,[]
2026-06-10,12:58:10.519621,[]
2026-06-10,12:58:10.552988,[]
2026-06-10,12:58:10.586355,[]
2026-06-10,12:58:10.619722,[]
2026-06-10,12:58:10.653089,[]
2026-06-10,12:58:10.686456,[]
2026-06-10,12:58:10.719823,[]
2026-06-10,12:58:10.753190,[]
2026-06-10,12:58:10.786557,[]
2026-06-10,12:58:10.819924,[]
2026-06-10,12:58:10.853291,[]
2026-06-10,12:58:10.886658,[]
2026-06-10,12:58:10.920025,[]
2026-06-10,12:58:10.953392,[]
2026-06-10,12:58:10.986759,[]
2026-06-10,12:58:11.020126,[]
2026-06-10,12:58:11.053493,[]
2026-06-10,12:58:11.086860,[]
2026-06-10,12:58:11.120227,[]
2026-06-10,12:58:11.153594,[]
2026-06-10,12:58:11.186961,[]
2026-06-10,12:58:11.220328,[]
2026-06-10,12:58:11.253695,[]
2026-06-10,12:58:11.287062,[]
2026-06-10,12:58:11.320429,[]
2026-06-10,12:58:11.353796,[]
2026-06-10,12:58:11.387163,[]
2026-06-10,12:58:11.420530,[]
2026-06-10,12:58:11.453897,[]
2026-06-10,12:58:11.487264,[]
2026-06-10,12:58:11.520631,[]
2026-06-10,12:58:11.553998,[]
2026-06-10,12:58:11.587365,[]
2026-06-10,12:58:11.620732,[]
2026-06-10,12:58:11.654099,[]
2026-06-10,12:58:11.687466,[]
2026-06-10,12:58:11.720833,[]
2026-06-10,12:58:11.754200,[]
2026-06-10,12:58:11.787567,[]
2026-06-10,12:58:11.820934,[]
2026-06-10,12:58:11.854301,[]
2026-06-10,12:58:11.887668,[]
2026-06-10,12:58:11.921035,[]
2026-06-10,12:58:11.954402,[]
2026-06-10,12:58:11.987769,[]
2026-06-10,12:58:12.021136,[]
2026-06-10,12:58:12.054503,[]
2026-06-10,12:58:12.087870,[]
2026-06-10,12:58:12.121237,[]
2026-06-10,12:58:12.154604,[]
2026-06-10,12:58:12.187971,[]
2026-06-10,12:58:12.221338,[]
2026-06-10,12:58:12.254705,[]
2026-06-10,12:58:12.288072,[]
2026-06-10,12:58:12.321439,[]
2026-06-10,12:58:12.354806,[]
2026-06-10,12:58:12.388173,[]
2026-06-10,12:58:12.421540,[]
2026-06-10,12:58:12.454907,[]
2026-06-10,12:58:12.488274,[]
2026-06-10,12:58:12.521641,[]
2026-06-10,12:58:12.555008,[]
2026-06-10,12:58:12.588375,[]
2026-06-10,12:58:12.621742,[]
2026-06-10,12:58:12.655109,[]
2026-06-10,12:58:12.688476,[]
2026-06-10,12:58:12.721843,[]
2026-06-10,12:58:12.755210,[]
2026-06-10,12:58:12.788577,[]
2026-06-10,12:58:12.821944,[]
2026-06-10,12:58:12.855311,[]
2026-06-10,12:58:12.888678,[]
2026-06-10,12:58:12.922045,[]
2026-06-10,12:58:12.955412,[]
2026-06-10,12:58:12.988779,[]
2026-06-10,12:58:13.022146,[]
2026-06-10,12:58:13.055513,[]
2026-06-10,12:58:13.088880,[]
2026-06-10,12:58:13.122247,[]
2026-06-10,12:58:13.155614,[]
2026-06-10,12:58:13.188981,[]
2026-06-10,12:58:13.222348,[]
2026-06-10,12:58:13.255715,[]
2026-06-10,12:58:13.289082,[]
2026-06-10,12:58:13.322449,[]
2026-06-10,12:58:13.355816,[]
2026-06-10,12:58:13.389183,[]
2026-06-10,12:58:13.422550,[]
2026-06-10,12:58:13.455917,[]
2026-06-10,12:58:13.489284,[]
2026-06-10,12:58:13.522651,[]
2026-06-10,12:58:13.556018,[]
2026-06-10,12:58:13.589385,[]
2026-06-10,12:58:13.622752,[]
2026-06-10,12:58:13.656119,[]
2026-06-10,12:58:13.689486,[]
2026-06-10,12:58:13.722853,[]
2026-06-10,12:58:13.756220,[]
2026-06-10,12:58:13.789587,[]
2026-06-10,12:58:13.822954,[]
2026-06-10,12:58:13.856321,[]
2026-06-10,12:58:13.889688,[]
2026-06-10,12:58:13.923055,[]
2026-06-10,12:58:13.956422,[]
2026-06-10,12:58:13.989789,[]
2026-06-10,12:58:14.023156,[]
2026-06-10,12:58:14.056523,[]
2026-06-10,12:58:14.089890,[]
2026-06-10,12:58:14.123257,[]
2026-06-10,12:58:14.156624,[]
2026-06-10,12:58:14.189991,[]
2026-06-10,12:58:14.223358,[]
2026-06-10,12:58:14.256725,[]
2026-06-10,12:58:14.290092,[]
2026-06-10,12:58:14.323459,[]
2026-06-10,12:58:14.356826,[]
2026-06-10,12:58:14.390193,[]
2026-06-10,12:58:14.423560,[]
2026-06-10,12:58:14.456927,[]
2026-06-10,12:58:14.490294,[]
2026-06-10,12:58:14.523661,[]
2026-06-10,12:58:14.557028,[]
2026-06-10,12:58:14.590395,[]
2026-06-10,12:58:14.623762,[]
2026-06-10,12:58:14.657129,[]
2026-06-10,12:58:14.690496,[]
2026-06-10,12:58:14.723863,[]
2026-06-10,12:58:14.757230,[]
2026-06-10,12:58:14.790597,[]
2026-06-10,12:58:14.823964,[]
2026-06-10,12:58:14.857331,[]
2026-06-10,12:58:14.890698,[]
2026-06-10,12:58:14.924065,[]
2026-06-10,12:58:14.957432,[]
2026-06-10,12:58:14.990799,[]
2026-06-10,12:58:15.024166,[]
2026-06-10,12:58:15.057533,[]
2026-06-10,12:58:15.090900,[]
2026-06-10,12:58:15.124267,[]
2026-06-10,12:58:15.157634,[]
2026-06-10,12:58:15.191001,[]
2026-06-10,12:58:15.224368,[]
2026-06-10,12:58:15.257735,[]
2026-06-10,12:58:15.291102,[]
2026-06-10,12:58:15.324469,[]
2026-06-10,12:58:15.357836,[]
2026-06-10,12:58:15.391203,[]
2026-06-10,12:58:15.424570,[]
2026-06-10,12:58:15.457937,[]
2026-06-10,12:58:15.491304,[]
2026-06-10,12:58:15.524671,[]
2026-06-10,12:58:15.558038,[]
2026-06-10,12:58:15.591405,[]
2026-06-10,12:58:15.624772,[]
2026-06-10,12:58:15.658139,[]
2026-06-10,12:58:15.691506,[]
2026-06-10,12:58:15.724873,[]
2026-06-10,12:58:15.758240,[]
2026-06-10,12:58:15.791607,[]
2026-06-10,12:58:15.824974,[]
2026-06-10,12:58:15.858341,[]
2026-06-10,12:58:15.891708,[]
2026-06-10,12:58:15.925075,[]
2026-06-10,12:58:15.958442,[]
2026-06-10,12:58:15.991809,[]
2026-06-10,12:58:16.025176,[]
2026-06-10,12:58:16.058543,[]
2026-06-10,12:58:16.091910,[]
2026-06-10,12:58:16.125277,[]
2026-06-10,12:58:16.158644,[]
2026-06-10,12:58:16.192011,[]
2026-06-10,12:58:16.225378,[]
2026-06-10,12:58:16.258745,[]
2026-06-10,12:58:16.292112,[]
2026-06-10,12:58:16.325479,[]
2026-06-10,12:58:16.358846,[]
2026-06-10,12:58:16.392213,[]
2026-06-10,12:58:16.425580,[]
2026-06-10,12:58:16.458947,[]
2026-06-10,12:58:16.492314,[]
2026-06-10,12:58:16.525681,[]
2026-06-10,12:58:16.559048,[]
2026-06-10,12:58:16.592415,[]
2026-06-10,12:58:16.625782,[]
2026-06-10,12:58:16.659149,[]
2026-06-10,12:58:16.692516,[]
2026-06-10,12:58:16.725883,[]
2026-06-10,12:58:16.759250,[]
2026-06-10,12:58:16.792617,[]
2026-06-10,12:58:16.825984,[]
2026-06-10,12:58:16.859351,[]
2026-06-10,12:58:16.892718,[]
2026-06-10,12:58:16.926085,[]
2026-06-10,12:58:16.959452,[]
2026-06-10,12:58:16.992819,[]
2026-06-10,12:58:17.026186,[]
2026-06-10,12:58:17.059553,[]
2026-06-10,12:58:17.092920,[]
2026-06-10,12:58:17.126287,[]
2026-06-10,12:58:17.159654,[]
2026-06-10,12:58:17.193021,[]
2026-06-10,12:58:17.226388,[]
2026-06-10,12:58:17.259755,[]
2026-06-10,12:58:17.293122,[]
2026-06-10,12:58:17.326489,[]
2026-06-10,12:58:17.359856,[]
2026-06-10,12:58:17.393223,[]
2026-06-10,12:58:17.426590,[]
2026-06-10,12:58:17.459957,[]
2026-06-10,12:58:17.493324,[]
2026-06-10,12:58:17.526691,[]
2026-06-10,12:58:17.560058,[]
2026-06-10,12:58:17.593425,[]
2026-06-10,12:58:17.626792,[]
2026-06-10,12:58:17.660159,[]
2026-06-10,12:58:17.693526,[]
2026-06-10,12:58:17.726893,[]
2026-06-10,12:58:17.760260,[]
2026-06-10,12:58:17.793627,[]
2026-06-10,12:58:17.826994,[]
2026-06-10,12:58:17.860361,[]
2026-06-10,12:58:17.893728,[]
2026-06-10,12:58:17.927095,[]
2026-06-10,12:58:17.960462,[]
2026-06-10,12:58:17.993829,[]
2026-06-10,12:58:18.027196,[]
2026-06-10,12:58:18.060563,[]
2026-06-10,12:58:18.093930,[]
2026-06-10,12:58:18.127297,[]
2026-06-10,12:58:18.160664,[]
2026-06-10,12:58:18.194031,[]
2026-06-10,12:58:18.227398,[]
2026-06-10,12:58:18.260765,[]
2026-06-10,12:58:18.294132,[]
2026-06-10,12:58:18.327499,[]
2026-06-10,12:58:18.360866,[]
2026-06-10,12:58:18.394233,[]
2026-06-10,12:58:18.427600,[]
2026-06-10,12:58:18.460967,[]
2026-06-10,12:58:18.494334,[]
2026-06-10,12:58:18.527701,[]
2026-06-10,12:58:18.561068,[]
2026-06-10,12:58:18.594435,[]
2026-06-10,12:58:18.627802,[]
2026-06-10,12:58:18.661169,[]
2026-06-10,12:58:18.694536,[]
2026-06-10,12:58:18.727903,[]
2026-06-10,12:58:18.761270,[]
2026-06-10,12:58:18.794637,[]
2026-06-10,12:58:18.828004,[]
2026-06-10,12:58:18.861371,[]
2026-06-10,12:58:18.894738,[]
2026-06-10,12:58:18.928105,[]
2026-06-10,12:58:18.961472,[]
2026-06-10,12:58:18.994839,[]
2026-06-10,12:58:19.028206,[]
2026-06-10,12:58:19.061573,[]
2026-06-10,12:58:19.094940,[]
2026-06-10,12:58:19.128307,[]
2026-06-10,12:58:19.161674,[]
2026-06-10,12:58:19.195041,[]
2026-06-10,12:58:19.228408,[]
2026-06-10,12:58:19.261775,[]
2026-06-10,12:58:19.295142,[]
2026-06-10,12:58:19.328509,[]
2026-06-10,12:58:19.361876,[]
2026-06-10,12:58:19.395243,[]
2026-06-10,12:58:19.428610,[]
2026-06-10,12:58:19.461977,[]
2026-06-10,12:58:19.495344,[]
2026-06-10,12:58:19.528711,[]
2026-06-10,12:58:19.562078,[]
2026-06-10,12:58:19.595445,[]
2026-06-10,12:58:19.628812,[]
2026-06-10,12:58:19.662179,[]
2026-06-10,12:58:19.695546,[]
2026-06-10,12:58:19.728913,[]
2026-06-10,12:58:19.762280,[]
2026-06-10,12:58:19.795647,[]
2026-06-10,12:58:19.829014,[]
2026-06-10,12:58:19.862381,[]
2026-06-10,12:58:19.895748,[]
2026-06-10,12:58:19.929115,[]
2026-06-10,12:58:19.962482,[]
2026-06-10,12:58:19.995849,[]
2026-06-10,12:58:20.029216,[]
2026-06-10,12:58:20.062583,[]
2026-06-10,12:58:20.095950,[]
2026-06-10,12:58:20.129317,[]
2026-06-10,12:58:20.162684,[]
2026-06-10,12:58:20.196051,[]
2026-06-10,12:58:20.229418,[]
2026-06-10,12:58:20.262785,[]
2026-06-10,12:58:20.296152,[]
2026-06-10,12:58:20.329519,[]
2026-06-10,12:58:20.362886,[]
2026-06-10,12:58:20.396253,[]
2026-06-10,12:58:20.429620,[]
2026-06-10,12:58:20.462987,[]
2026-06-10,12:58:20.496354,[]
2026-06-10,12:58:20.529721,[]
2026-06-10,12:58:20.563088,[]
2026-06-10,12:58:20.596455,[]
2026-06-10,12:58:20.629822,[]
2026-06-10,12:58:20.663189,[]
2026-06-10,12:58:20.696556,[]
2026-06-10,12:58:20.729923,[]
2026-06-10,12:58:20.763290,[]
2026-06-10,12:58:20.796657,[]
2026-06-10,12:58:20.830024,[]
2026-06-10,12:58:20.863391,[]
2026-06-10,12:58:20.896758,[]
2026-06-10,12:58:20.930125,[]
2026-06-10,12:58:20.963492,[]
2026-06-10,12:58:20.996859,[]
2026-06-10,12:58:21.030226,[]
2026-06-10,12:58:21.063593,[]
2026-06-10,12:58:21.096960,[]
2026-06-10,12:58:21.130327,[]
2026-06-10,12:58:21.163694,[]
2026-06-10,12:58:21.197061,[]
2026-06-10,12:58:21.230428,[]
2026-06-10,12:58:21.263795,[]
2026-06-10,12:58:21.297162,[]
2026-06-10,12:58:21.330529,[]
2026-06-10,12:58:21.363896,[]
2026-06-10,12:58:21.397263,[]
2026-06-10,12:58:21.430630,[]
2026-06-10,12:58:21.463997,[]
2026-06-10,12:58:21.497364,[]
2026-06-10,12:58:21.530731,[]
2026-06-10,12:58:21.564098,[]
2026-06-10,12:58:21.597465,[]
2026-06-10,12:58:21.630832,[]
2026-06-10,12:58:21.664199,[]
2026-06-10,12:58:21.697566,[]
2026-06-10,12:58:21.730933,[]
2026-06-10,12:58:21.764300,[]
2026-06-10,12:58:21.797667,[]
2026-06-10,12:58:21.831034,[]
2026-06-10,12:58:21.864401,[]
2026-06-10,12:58:21.897768,[]
2026-06-10,12:58:21.931135,[]
2026-06-10,12:58:21.964502,[]
2026-06-10,12:58:21.997869,[]
2026-06-10,12:58:22.031236,[]
2026-06-10,12:58:22.064603,[]
2026-06-10,12:58:22.097970,[]
2026-06-10,12:58:22.131337,[]
2026-06-10,12:58:22.164704,[]
2026-06-10,12:58:22.198071,[]
2026-06-10,12:58:22.231438,[]
2026-06-10,12:58:22.264805,[]
2026-06-10,12:58:22.298172,[]
2026-06-10,12:58:22.331539,[]
2026-06-10,12:58:22.364906,[]
2026-06-10,12:58:22.398273,[]
2026-06-10,12:58:22.431640,[]
2026-06-10,12:58:22.465007,[]
2026-06-10,12:58:22.498374,[]
2026-06-10,12:58:22.531741,[]
2026-06-10,12:58:22.565108,[]
2026-06-10,12:58:22.598475,[]
2026-06-10,12:58:22.631842,[]
2026-06-10,12:58:22.665209,[]
2026-06-10,12:58:22.698576,[]
2026-06-10,12:58:22.731943,[]
2026-06-10,12:58:22.765310,[]
2026-06-10,12:58:22.798677,[]
2026-06-10,12:58:22.832044,[]
2026-06-10,12:58:22.865411,[]
2026-06-10,12:58:22.898778,[]
2026-06-10,12:58:22.932145,[]
2026-06-10,12:58:22.965512,[]
2026-06-10,12:58:22.998879,[]
2026-06-10,12:58:23.032246,[]
2026-06-10,12:58:23.065613,[]
2026-06-10,12:58:23.098980,[]
2026-06-10,12:58:23.132347,[]
2026-06-10,12:58:23.165714,[]
2026-06-10,12:58:23.199081,[]
2026-06-10,12:58:23.232448,[]
2026-06-10,12:58:23.265815,[]
2026-06-10,12:58:23.299182,[]
2026-06-10,12:58:23.332549,[]
2026-06-10,12:58:23.365916,[]
2026-06-10,12:58:23.399283,[]
2026-06-10,12:58:23.432650,[]
2026-06-10,12:58:23.466017,[]
2026-06-10,12:58:23.499384,[]
2026-06-10,12:58:23.532751,[]
2026-06-10,12:58:23.566118,[]
2026-06-10,12:58:23.599485,[]
2026-06-10,12:58:23.632852,[]
2026-06-10,12:58:23.666219,[]
2026-06-10,12:58:23.699586,[]
2026-06-10,12:58:23.732953,[]
2026-06-10,12:58:23.766320,[]
2026-06-10,12:58:23.799687,[]
2026-06-10,12:58:23.833054,[]
2026-06-10,12:58:23.866421,[]
2026-06-10,12:58:23.899788,[]
2026-06-10,12:58:23.933155,[]
2026-06-10,12:58:23.966522,[]
2026-06-10,12:58:23.999889,[]
2026-06-10,12:58:24.033256,[]
2026-06-10,12:58:24.066623,[]
2026-06-10,12:58:24.099990,[]
2026-06-10,12:58:24.133357,[]
2026-06-10,12:58:24.166724,[]
2026-06-10,12:58:24.200091,[]
2026-06-10,12:58:24.233458,[]
2026-06-10,12:58:24.266825,[]
2026-06-10,12:58:24.300192,[]
2026-06-10,12:58:24.333559,[]
2026-06-10,12:58:24.366926,[]
2026-06-10,12:58:24.400293,[]
2026-06-10,12:58:24.433660,[]
2026-06-10,12:58:24.467027,[]
2026-06-10,12:58:24.500394,[]
2026-06-10,12:58:24.533761,[]
2026-06-10,12:58:24.567128,[]
2026-06-10,12:58:24.600495,[]
2026-06-10,12:58:24.633862,[]
2026-06-10,12:58:24.667229,[]
2026-06-10,12:58:24.700596,[]
2026-06-10,12:58:24.733963,[]
2026-06-10,12:58:24.767330,[]
2026-06-10,12:58:24.800697,[]
2026-06-10,12:58:24.834064,[]
2026-06-10,12:58:24.867431,[]
2026-06-10,12:58:24.900798,[]
2026-06-10,12:58:24.934165,[]
2026-06-10,12:58:24.967532,[]
2026-06-10,12:58:25.000899,[]
2026-06-10,12:58:25.034266,[]
2026-06-10,12:58:25.067633,[]
2026-06-10,12:58:25.101000,[]
2026-06-10,12:58:25.134367,[]
2026-06-10,12:58:25.167734,[]
2026-06-10,12:58:25.201101,[]
2026-06-10,12:58:25.234468,[]
2026-06-10,12:58:25.267835,[]
2026-06-10,12:58:25.301202,[]
2026-06-10,12:58:25.334569,[]
2026-06-10,12:58:25.367936,[]
2026-06-10,12:58:25.401303,[]
2026-06-10,12:58:25.434670,[]
2026-06-10,12:58:25.468037,[]
2026-06-10,12:58:25.501404,[]
2026-06-10,12:58:25.534771,[]
2026-06-10,12:58:25.568138,[]
2026-06-10,12:58:25.601505,[]
2026-06-10,12:58:25.634872,[]
2026-06-10,12:58:25.668239,[]
2026-06-10,12:58:25.701606,[]
2026-06-10,12:58:25.734973,[]
2026-06-10,12:58:25.768340,[]
2026-06-10,12:58:25.801707,[]
2026-06-10,12:58:25.835074,[]
2026-06-10,12:58:25.868441,[]
2026-06-10,12:58:25.901808,[]
2026-06-10,12:58:25.935175,[]
2026-06-10,12:58:25.968542,[]
2026-06-10,12:58:26.001909,[]
2026-06-10,12:58:26.035276,[]
2026-06-10,12:58:26.068643,[]
2026-06-10,12:58:26.102010,[]
2026-06-10,12:58:26.135377,[]
2026-06-10,12:58:26.168744,[]
2026-06-10,12:58:26.202111,[]
2026-06-10,12:58:26.235478,[]
2026-06-10,12:58:26.268845,[]
2026-06-10,12:58:26.302212,[]
2026-06-10,12:58:26.335579,[]
2026-06-10,12:58:26.368946,[]
2026-06-10,12:58:26.402313,[]
2026-06-10,12:58:26.435680,[]
2026-06-10,12:58:26.469047,[]
2026-06-10,12:58:26.502414,[]
2026-06-10,12:58:26.535781,[]
2026-06-10,12:58:26.569148,[]
2026-06-10,12:58:26.602515,[]
2026-06-10,12:58:26.635882,[]
2026-06-10,12:58:26.669249,[]
2026-06-10,12:58:26.702616,[]
2026-06-10,12:58:26.735983,[]
2026-06-10,12:58:26.769350,[]
2026-06-10,12:58:26.802717,[]
2026-06-10,12:58:26.836084,[]
2026-06-10,12:58:26.869451,[]
2026-06-10,12:58:26.902818,[]
2026-06-10,12:58:26.936185,[]
2026-06-10,12:58:26.969552,[]
2026-06-10,12:58:27.002919,[]
2026-06-10,12:58:27.036286,[]
2026-06-10,12:58:27.069653,[]
2026-06-10,12:58:27.103020,[]
2026-06-10,12:58:27.136387,[]
2026-06-10,12:58:27.169754,[]
2026-06-10,12:58:27.203121,[]
2026-06-10,12:58:27.236488,[]
2026-06-10,12:58:27.269855,[]
2026-06-10,12:58:27.303222,[]
2026-06-10,12:58:27.336589,[]
2026-06-10,12:58:27.369956,[]
2026-06-10,12:58:27.403323,[]
2026-06-10,12:58:27.436690,[]
2026-06-10,12:58:27.470057,[]
2026-06-10,12:58:27.503424,[]
2026-06-10,12:58:27.536791,[]
2026-06-10,12:58:27.570158,[]
2026-06-10,12:58:27.603525,[]
2026-06-10,12:58:27.636892,[]
2026-06-10,12:58:27.670259,[]
2026-06-10,12:58:27.703626,[]
2026-06-10,12:58:27.736993,[]
2026-06-10,12:58:27.770360,[]
2026-06-10,12:58:27.803727,[]
2026-06-10,12:58:27.837094,[]
2026-06-10,12:58:27.870461,[]
2026-06-10,12:58:27.903828,[]
2026-06-10,12:58:27.937195,[]
2026-06-10,12:58:27.970562,[]
2026-06-10,12:58:28.003929,[]
2026-06-10,12:58:28.037296,[]
2026-06-10,12:58:28.070663,[]
2026-06-10,12:58:28.104030,[]
2026-06-10,12:58:28.137397,[]
2026-06-10,12:58:28.170764,[]
2026-06-10,12:58:28.204131,[]
2026-06-10,12:58:28.237498,[]
2026-06-10,12:58:28.270865,[]
2026-06-10,12:58:28.304232,[]
2026-06-10,12:58:28.337599,[]
2026-06-10,12:58:28.370966,[]
2026-06-10,12:58:28.404333,[]
2026-06-10,12:58:28.437700,[]
2026-06-10,12:58:28.471067,[]
2026-06-10,12:58:28.504434,[]
2026-06-10,12:58:28.537801,[]
2026-06-10,12:58:28.571168,[]
2026-06-10,12:58:28.604535,[]
2026-06-10,12:58:28.637902,[]
2026-06-10,12:58:28.671269,[]
2026-06-10,12:58:28.704636,[]
2026-06-10,12:58:28.738003,[]
2026-06-10,12:58:28.771370,[]
2026-06-10,12:58:28.804737,[]
2026-06-10,12:58:28.838104,[]
2026-06-10,12:58:28.871471,[]
2026-06-10,12:58:28.904838,[]
2026-06-10,12:58:28.938205,[]
2026-06-10,12:58:28.971572,[]
2026-06-10,12:58:29.004939,[]
2026-06-10,12:58:29.038306,[]
2026-06-10,12:58:29.071673,[]
2026-06-10,12:58:29.105040,[]
2026-06-10,12:58:29.138407,[]
2026-06-10,12:58:29.171774,[]
2026-06-10,12:58:29.205141,[]
2026-06-10,12:58:29.238508,[]
2026-06-10,12:58:29.271875,[]
2026-06-10,12:58:29.305242,[]
2026-06-10,12:58:29.338609,[]
2026-06-10,12:58:29.371976,[]
2026-06-10,12:58:29.405343,[]
2026-06-10,12:58:29.438710,[]
2026-06-10,12:58:29.472077,[]
2026-06-10,12:58:29.505444,[]
2026-06-10,12:58:29.538811,[]
2026-06-10,12:58:29.572178,[]
2026-06-10,12:58:29.605545,[]
2026-06-10,12:58:29.638912,[]
2026-06-10,12:58:29.672279,[]
2026-06-10,12:58:29.705646,[]
2026-06-10,12:58:29.739013,[]
2026-06-10,12:58:29.772380,[]
2026-06-10,12:58:29.805747,[]
2026-06-10,12:58:29.839114,[]
2026-06-10,12:58:29.872481,[]
2026-06-10,12:58:29.905848,[]
2026-06-10,12:58:29.939215,[]
2026-06-10,12:58:29.972582,[]
2026-06-10,12:58:30.005949,[]
2026-06-10,12:58:30.039316,[]
2026-06-10,12:58:30.072683,[]
2026-06-10,12:58:30.106050,[]
2026-06-10,12:58:30.139417,[]
2026-06-10,12:58:30.172784,[]
2026-06-10,12:58:30.206151,[]
2026-06-10,12:58:30.239518,[]
2026-06-10,12:58:30.272885,[]
2026-06-10,12:58:30.306252,[]
2026-06-10,12:58:30.339619,[]
2026-06-10,12:58:30.372986,[]
2026-06-10,12:58:30.406353,[]
2026-06-10,12:58:30.439720,[]
2026-06-10,12:58:30.473087,[]
2026-06-10,12:58:30.506454,[]
2026-06-10,12:58:30.539821,[]
2026-06-10,12:58:30.573188,[]
2026-06-10,12:58:30.606555,[]
2026-06-10,12:58:30.639922,[]
2026-06-10,12:58:30.673289,[]
2026-06-10,12:58:30.706656,[]
2026-06-10,12:58:30.740023,[]
2026-06-10,12:58:30.773390,[]
2026-06-10,12:58:30.806757,[]
2026-06-10,12:58:30.840124,[]
2026-06-10,12:58:30.873491,[]
2026-06-10,12:58:30.906858,[]
2026-06-10,12:58:30.940225,[]
2026-06-10,12:58:30.973592,[]
2026-06-10,12:58:31.006959,[]
2026-06-10,12:58:31.040326,[]
2026-06-10,12:58:31.073693,[]
2026-06-10,12:58:31.107060,[]
2026-06-10,12:58:31.140427,[]
2026-06-10,12:58:31.173794,[]
2026-06-10,12:58:31.207161,[]
2026-06-10,12:58:31.240528,[]
2026-06-10,12:58:31.273895,[]
2026-06-10,12:58:31.307262,[]
2026-06-10,12:58:31.340629,[]
2026-06-10,12:58:31.373996,[]
2026-06-10,12:58:31.407363,[]
2026-06-10,12:58:31.440730,[]
2026-06-10,12:58:31.474097,[]
2026-06-10,12:58:31.507464,[]
2026-06-10,12:58:31.540831,[]
2026-06-10,12:58:31.574198,[]
2026-06-10,12:58:31.607565,[]
2026-06-10,12:58:31.640932,[]
2026-06-10,12:58:31.674299,[]
2026-06-10,12:58:31.707666,[]
2026-06-10,12:58:31.741033,[]
2026-06-10,12:58:31.774400,[]
2026-06-10,12:58:31.807767,[]
2026-06-10,12:58:31.841134,[]
2026-06-10,12:58:31.874501,[]
2026-06-10,12:58:31.907868,[]
2026-06-10,12:58:31.941235,[]
2026-06-10,12:58:31.974602,[]
2026-06-10,12:58:32.007969,[]
2026-06-10,12:58:32.041336,[]
2026-06-10,12:58:32.074703,[]
2026-06-10,12:58:32.108070,[]
2026-06-10,12:58:32.141437,[]
2026-06-10,12:58:32.174804,[]
2026-06-10,12:58:32.208171,[]
2026-06-10,12:58:32.241538,[]
2026-06-10,12:58:32.274905,[]
2026-06-10,12:58:32.308272,[]
2026-06-10,12:58:32.341639,[]
2026-06-10,12:58:32.375006,[]
2026-06-10,12:58:32.408373,[]
2026-06-10,12:58:32.441740,[]
2026-06-10,12:58:32.475107,[]
2026-06-10,12:58:32.508474,[]
2026-06-10,12:58:32.541841,[]
2026-06-10,12:58:32.575208,[]
2026-06-10,12:58:32.608575,[]
2026-06-10,12:58:32.641942,[]
2026-06-10,12:58:32.675309,[]
2026-06-10,12:58:32.708676,[]
2026-06-10,12:58:32.742043,[]
2026-06-10,12:58:32.775410,[]
2026-06-10,12:58:32.808777,[]
2026-06-10,12:58:32.842144,[]
2026-06-10,12:58:32.875511,[]
2026-06-10,12:58:32.908878,[]
2026-06-10,12:58:32.942245,[]
2026-06-10,12:58:32.975612,[]
2026-06-10,12:58:33.008979,[]
2026-06-10,12:58:33.042346,[]
2026-06-10,12:58:33.075713,[]
2026-06-10,12:58:33.109080,[]
2026-06-10,12:58:33.142447,[]
2026-06-10,12:58:33.175814,[]
2026-06-10,12:58:33.209181,[]
2026-06-10,12:58:33.242548,[]
2026-06-10,12:58:33.275915,[]
2026-06-10,12:58:33.309282,[]
2026-06-10,12:58:33.342649,[]
2026-06-10,12:58:33.376016,[]
2026-06-10,12:58:33.409383,[]
2026-06-10,12:58:33.442750,[]
2026-06-10,12:58:33.476117,[]
2026-06-10,12:58:33.509484,[]
2026-06-10,12:58:33.542851,[]
2026-06-10,12:58:33.576218,[]
2026-06-10,12:58:33.609585,[]
2026-06-10,12:58:33.642952,[]
2026-06-10,12:58:33.676319,[]
2026-06-10,12:58:33.709686,[]
2026-06-10,12:58:33.743053,[]
2026-06-10,12:58:33.776420,[]
2026-06-10,12:58:33.809787,[]
2026-06-10,12:58:33.843154,[]
2026-06-10,12:58:33.876521,[]
2026-06-10,12:58:33.909888,[]
2026-06-10,12:58:33.943255,[]
2026-06-10,12:58:33.976622,[]
2026-06-10,12:58:34.009989,[]
2026-06-10,12:58:34.043356,[]
2026-06-10,12:58:34.076723,[]
2026-06-10,12:58:34.110090,[]
2026-06-10,12:58:34.143457,[]
2026-06-10,12:58:34.176824,[]
2026-06-10,12:58:34.210191,[]
2026-06-10,12:58:34.243558,[]
2026-06-10,12:58:34.276925,[]
2026-06-10,12:58:34.310292,[]
2026-06-10,12:58:34.343659,[]
2026-06-10,12:58:34.377026,[]
2026-06-10,12:58:34.410393,[]
2026-06-10,12:58:34.443760,[]
2026-06-10,12:58:34.477127,[]
2026-06-10,12:58:34.510494,[]
2026-06-10,12:58:34.543861,[]
2026-06-10,12:58:34.577228,[]
2026-06-10,12:58:34.610595,[]
2026-06-10,12:58:34.643962,[]
2026-06-10,12:58:34.677329,[]
2026-06-10,12:58:34.710696,[]
2026-06-10,12:58:34.744063,[]
2026-06-10,12:58:34.777430,[]
2026-06-10,12:58:34.810797,[]
2026-06-10,12:58:34.844164,[]
2026-06-10,12:58:34.877531,[]
2026-06-10,12:58:34.910898,[]
2026-06-10,12:58:34.944265,[]
2026-06-10,12:58:34.977632,[]
2026-06-10,12:58:35.010999,[]
2026-06-10,12:58:35.044366,[]
2026-06-10,12:58:35.077733,[]
2026-06-10,12:58:35.111100,[]
2026-06-10,12:58:35.144467,[]
2026-06-10,12:58:35.177834,[]
2026-06-10,12:58:35.211201,[]
2026-06-10,12:58:35.244568,[]
2026-06-10,12:58:35.277935,[]
2026-06-10,12:58:35.311302,[]
2026-06-10,12:58:35.344669,[]
2026-06-10,12:58:35.378036,[]
2026-06-10,12:58:35.411403,[]
2026-06-10,12:58:35.444770,[]
2026-06-10,12:58:35.478137,[]
2026-06-10,12:58:35.511504,[]
2026-06-10,12:58:35.544871,[]
2026-06-10,12:58:35.578238,[]
2026-06-10,12:58:35.611605,[]
2026-06-10,12:58:35.644972,[]
2026-06-10,12:58:35.678339,[]
2026-06-10,12:58:35.711706,[]
2026-06-10,12:58:35.745073,[]
2026-06-10,12:58:35.778440,[]
2026-06-10,12:58:35.811807,[]
2026-06-10,12:58:35.845174,[]
2026-06-10,12:58:35.878541,[]
2026-06-10,12:58:35.911908,[]
2026-06-10,12:58:35.945275,[]
2026-06-10,12:58:35.978642,[]
2026-06-10,12:58:36.012009,[]
2026-06-10,12:58:36.045376,[]
2026-06-10,12:58:36.078743,[]
2026-06-10,12:58:36.112110,[]
2026-06-10,12:58:36.145477,[]
2026-06-10,12:58:36.178844,[]
2026-06-10,12:58:36.212211,[]
2026-06-10,12:58:36.245578,[]
2026-06-10,12:58:36.278945,[]
2026-06-10,12:58:36.312312,[]
2026-06-10,12:58:36.345679,[]
2026-06-10,12:58:36.379046,[]
2026-06-10,12:58:36.412413,[]
2026-06-10,12:58:36.445780,[]
2026-06-10,12:58:36.479147,[]
2026-06-10,12:58:36.512514,[]
2026-06-10,12:58:36.545881,[]
2026-06-10,12:58:36.579248,[]
2026-06-10,12:58:36.612615,[]
2026-06-10,12:58:36.645982,[]
2026-06-10,12:58:36.679349,[]
2026-06-10,12:58:36.712716,[]
2026-06-10,12:58:36.746083,[]
2026-06-10,12:58:36.779450,[]
2026-06-10,12:58:36.812817,[]
2026-06-10,12:58:36.846184,[]
2026-06-10,12:58:36.879551,[]
2026-06-10,12:58:36.912918,[]
2026-06-10,12:58:36.946285,[]
2026-06-10,12:58:36.979652,[]
2026-06-10,12:58:37.013019,[]
2026-06-10,12:58:37.046386,[]
2026-06-10,12:58:37.079753,[]
2026-06-10,12:58:37.113120,[]
2026-06-10,12:58:37.146487,[]
2026-06-10,12:58:37.179854,[]
2026-06-10,12:58:37.213221,[]
2026-06-10,12:58:37.246588,[]
2026-06-10,12:58:37.279955,[]
2026-06-10,12:58:37.313322,[]
2026-06-10,12:58:37.346689,[]
2026-06-10,12:58:37.380056,[]
2026-06-10,12:58:37.413423,[]
2026-06-10,12:58:37.446790,[]
2026-06-10,12:58:37.480157,[]
2026-06-10,12:58:37.513524,[]
2026-06-10,12:58:37.546891,[]
2026-06-10,12:58:37.580258,[]
2026-06-10,12:58:37.613625,[]
2026-06-10,12:58:37.646992,[]
2026-06-10,12:58:37.680359,[]
2026-06-10,12:58:37.713726,[]
2026-06-10,12:58:37.747093,[]
2026-06-10,12:58:37.780460,[]
2026-06-10,12:58:37.813827,[]
2026-06-10,12:58:37.847194,[]
2026-06-10,12:58:37.880561,[]
2026-06-10,12:58:37.913928,[]
2026-06-10,12:58:37.947295,[]
2026-06-10,12:58:37.980662,[]
2026-06-10,12:58:38.014029,[]
2026-06-10,12:58:38.047396,[]
2026-06-10,12:58:38.080763,[]
2026-06-10,12:58:38.114130,[]
2026-06-10,12:58:38.147497,[]
2026-06-10,12:58:38.180864,[]
2026-06-10,12:58:38.214231,[]
2026-06-10,12:58:38.247598,[]
2026-06-10,12:58:38.280965,[]
2026-06-10,12:58:38.314332,[]
2026-06-10,12:58:38.347699,[]
2026-06-10,12:58:38.381066,[]
2026-06-10,12:58:38.414433,[]
2026-06-10,12:58:38.447800,[]
2026-06-10,12:58:38.481167,[]
2026-06-10,12:58:38.514534,[]
2026-06-10,12:58:38.547901,[]
2026-06-10,12:58:38.581268,[]
2026-06-10,12:58:38.614635,[]
2026-06-10,12:58:38.648002,[]
2026-06-10,12:58:38.681369,[]
2026-06-10,12:58:38.714736,[]
2026-06-10,12:58:38.748103,[]
2026-06-10,12:58:38.781470,[]
2026-06-10,12:58:38.814837,[]
2026-06-10,12:58:38.848204,[]
2026-06-10,12:58:38.881571,[]
2026-06-10,12:58:38.914938,[]
2026-06-10,12:58:38.948305,[]
2026-06-10,12:58:38.981672,[]
2026-06-10,12:58:39.015039,[]
2026-06-10,12:58:39.048406,[]
2026-06-10,12:58:39.081773,[]
2026-06-10,12:58:39.115140,[]
2026-06-10,12:58:39.148507,[]
2026-06-10,12:58:39.181874,[]
2026-06-10,12:58:39.215241,[]
2026-06-10,12:58:39.248608,[]
2026-06-10,12:58:39.281975,[]
2026-06-10,12:58:39.315342,[]
2026-06-10,12:58:39.348709,[]
2026-06-10,12:58:39.382076,[]
2026-06-10,12:58:39.415443,[]
2026-06-10,12:58:39.448810,[]
2026-06-10,12:58:39.482177,[]
2026-06-10,12:58:39.515544,[]
2026-06-10,12:58:39.548911,[]
2026-06-10,12:58:39.582278,[]
2026-06-10,12:58:39.615645,[]
2026-06-10,12:58:39.649012,[]
2026-06-10,12:58:39.682379,[]
2026-06-10,12:58:39.715746,[]
2026-06-10,12:58:39.749113,[]
2026-06-10,12:58:39.782480,[]
2026-06-10,12:58:39.815847,[]
2026-06-10,12:58:39.849214,[]
2026-06-10,12:58:39.882581,[]
2026-06-10,12:58:39.915948,[]
2026-06-10,12:58:39.949315,[]
2026-06-10,12:58:39.982682,[]
2026-06-10,12:58:40.016049,[]
2026-06-10,12:58:40.049416,[]
2026-06-10,12:58:40.082783,[]
2026-06-10,12:58:40.116150,[]
2026-06-10,12:58:40.149517,[]
2026-06-10,12:58:40.182884,[]
2026-06-10,12:58:40.216251,[]
2026-06-10,12:58:40.249618,[]
2026-06-10,12:58:40.282985,[]
2026-06-10,12:58:40.316352,[]
2026-06-10,12:58:40.349719,[]
2026-06-10,12:58:40.383086,[]
2026-06-10,12:58:40.416453,[]
2026-06-10,12:58:40.449820,[]
2026-06-10,12:58:40.483187,[]
2026-06-10,12:58:40.516554,[]
2026-06-10,12:58:40.549921,[]
2026-06-10,12:58:40.583288,[]
2026-06-10,12:58:40.616655,[]
2026-06-10,12:58:40.650022,[]
2026-06-10,12:58:40.683389,[]
2026-06-10,12:58:40.716756,[]
2026-06-10,12:58:40.750123,[]
2026-06-10,12:58:40.783490,[]
2026-06-10,12:58:40.816857,[]
2026-06-10,12:58:40.850224,[]
2026-06-10,12:58:40.883591,[]
2026-06-10,12:58:40.916958,[]
2026-06-10,12:58:40.950325,[]
2026-06-10,12:58:40.983692,[]
2026-06-10,12:58:41.017059,[]
2026-06-10,12:58:41.050426,[]
2026-06-10,12:58:41.083793,[]
2026-06-10,12:58:41.117160,[]
2026-06-10,12:58:41.150527,[]
2026-06-10,12:58:41.183894,[]
2026-06-10,12:58:41.217261,[]
2026-06-10,12:58:41.250628,[]
2026-06-10,12:58:41.283995,[]
2026-06-10,12:58:41.317362,[]
2026-06-10,12:58:41.350729,[]
2026-06-10,12:58:41.384096,[]
2026-06-10,12:58:41.417463,[]
2026-06-10,12:58:41.450830,[]
2026-06-10,12:58:41.484197,[]
2026-06-10,12:58:41.517564,[]
2026-06-10,12:58:41.550931,[]
2026-06-10,12:58:41.584298,[]
2026-06-10,12:58:41.617665,[]
2026-06-10,12:58:41.651032,[]
2026-06-10,12:58:41.684399,[]
2026-06-10,12:58:41.717766,[]
2026-06-10,12:58:41.751133,[]
2026-06-10,12:58:41.784500,[]
2026-06-10,12:58:41.817867,[]
2026-06-10,12:58:41.851234,[]
2026-06-10,12:58:41.884601,[]
2026-06-10,12:58:41.917968,[]
2026-06-10,12:58:41.951335,[]
2026-06-10,12:58:41.984702,[]
2026-06-10,12:58:42.018069,[]
2026-06-10,12:58:42.051436,[]
2026-06-10,12:58:42.084803,[]
2026-06-10,12:58:42.118170,[]
2026-06-10,12:58:42.151537,[]
2026-06-10,12:58:42.184904,[]
2026-06-10,12:58:42.218271,[]
2026-06-10,12:58:42.251638,[]
2026-06-10,12:58:42.285005,[]
2026-06-10,12:58:42.318372,[]
2026-06-10,12:58:42.351739,[]
2026-06-10,12:58:42.385106,[]
2026-06-10,12:58:42.418473,[]
2026-06-10,12:58:42.451840,[]
2026-06-10,12:58:42.485207,[]
2026-06-10,12:58:42.518574,[]
2026-06-10,12:58:42.551941,[]
2026-06-10,12:58:42.585308,[]
2026-06-10,12:58:42.618675,[]
2026-06-10,12:58:42.652042,[]
2026-06-10,12:58:42.685409,[]
2026-06-10,12:58:42.718776,[]
2026-06-10,12:58:42.752143,[]
2026-06-10,12:58:42.785510,[]
2026-06-10,12:58:42.818877,[]
2026-06-10,12:58:42.852244,[]
2026-06-10,12:58:42.885611,[]
2026-06-10,12:58:42.918978,[]
2026-06-10,12:58:42.952345,[]
2026-06-10,12:58:42.985712,[]
2026-06-10,12:58:43.019079,[]
2026-06-10,12:58:43.052446,[]
2026-06-10,12:58:43.085813,[]
2026-06-10,12:58:43.119180,[]
2026-06-10,12:58:43.152547,[]
2026-06-10,12:58:43.185914,[]
2026-06-10,12:58:43.219281,[]
2026-06-10,12:58:43.252648,[]
2026-06-10,12:58:43.286015,[]
2026-06-10,12:58:43.319382,[]
2026-06-10,12:58:43.352749,[]
2026-06-10,12:58:43.386116,[]
2026-06-10,12:58:43.419483,[]
2026-06-10,12:58:43.452850,[]
2026-06-10,12:58:43.486217,[]
2026-06-10,12:58:43.519584,[]
2026-06-10,12:58:43.552951,[]
2026-06-10,12:58:43.586318,[]
2026-06-10,12:58:43.619685,[]
2026-06-10,12:58:43.653052,[]
2026-06-10,12:58:43.686419,[]
2026-06-10,12:58:43.719786,[]
2026-06-10,12:58:43.753153,[]
2026-06-10,12:58:43.786520,[]
2026-06-10,12:58:43.819887,[]
2026-06-10,12:58:43.853254,[]
2026-06-10,12:58:43.886621,[]
2026-06-10,12:58:43.919988,[]
2026-06-10,12:58:43.953355,[]
2026-06-10,12:58:43.986722,[]
2026-06-10,12:58:44.020089,[]
2026-06-10,12:58:44.053456,[]
2026-06-10,12:58:44.086823,[]
2026-06-10,12:58:44.120190,[]
2026-06-10,12:58:44.153557,[]
2026-06-10,12:58:44.186924,[]
2026-06-10,12:58:44.220291,[]
2026-06-10,12:58:44.253658,[]
2026-06-10,12:58:44.287025,[]
2026-06-10,12:58:44.320392,[]
2026-06-10,12:58:44.353759,[]
2026-06-10,12:58:44.387126,[]
2026-06-10,12:58:44.420493,[]
2026-06-10,12:58:44.453860,[]
2026-06-10,12:58:44.487227,[]
2026-06-10,12:58:44.520594,[]
2026-06-10,12:58:44.553961,[]
2026-06-10,12:58:44.587328,[]
2026-06-10,12:58:44.620695,[]
2026-06-10,12:58:44.654062,[]
2026-06-10,12:58:44.687429,[]
2026-06-10,12:58:44.720796,[]
2026-06-10,12:58:44.754163,[]
2026-06-10,12:58:44.787530,[]
2026-06-10,12:58:44.820897,[]
2026-06-10,12:58:44.854264,['DY44576']
2026-06-10,12:58:44.887631,[]
2026-06-10,12:58:44.920998,[]
2026-06-10,12:58:44.954365,[]
2026-06-10,12:58:44.987732,[]
2026-06-10,12:58:45.021099,[]
2026-06-10,12:58:45.054466,[]
2026-06-10,12:58:45.087833,[]
2026-06-10,12:58:45.121200,[]
2026-06-10,12:58:45.154567,[]
2026-06-10,12:58:45.187934,[]
2026-06-10,12:58:45.221301,[]
2026-06-10,12:58:45.254668,[]
2026-06-10,12:58:45.288035,[]
2026-06-10,12:58:45.321402,[]
2026-06-10,12:58:45.354769,[]
2026-06-10,12:58:45.388136,[]
2026-06-10,12:58:45.421503,[]
2026-06-10,12:58:45.454870,[]
2026-06-10,12:58:45.488237,[]
2026-06-10,12:58:45.521604,[]
2026-06-10,12:58:45.554971,[]
2026-06-10,12:58:45.588338,[]
2026-06-10,12:58:45.621705,[]
2026-06-10,12:58:45.655072,[]
2026-06-10,12:58:45.688439,[]
2026-06-10,12:58:45.721806,[]
2026-06-10,12:58:45.755173,[]
2026-06-10,12:58:45.788540,[]
2026-06-10,12:58:45.821907,[]
2026-06-10,12:58:45.855274,[]
2026-06-10,12:58:45.888641,[]
2026-06-10,12:58:45.922008,[]
2026-06-10,12:58:45.955375,[]
2026-06-10,12:58:45.988742,[]
2026-06-10,12:58:46.022109,[]
2026-06-10,12:58:46.055476,[]
2026-06-10,12:58:46.088843,[]
2026-06-10,12:58:46.122210,[]
2026-06-10,12:58:46.155577,[]
2026-06-10,12:58:46.188944,[]
2026-06-10,12:58:46.222311,[]
2026-06-10,12:58:46.255678,[]
2026-06-10,12:58:46.289045,[]
2026-06-10,12:58:46.322412,[]
2026-06-10,12:58:46.355779,[]
2026-06-10,12:58:46.389146,[]
2026-06-10,12:58:46.422513,[]
2026-06-10,12:58:46.455880,[]
2026-06-10,12:58:46.489247,[]
2026-06-10,12:58:46.522614,[]
2026-06-10,12:58:46.555981,[]
2026-06-10,12:58:46.589348,[]
2026-06-10,12:58:46.622715,[]
2026-06-10,12:58:46.656082,[]
2026-06-10,12:58:46.689449,[]
2026-06-10,12:58:46.722816,[]
2026-06-10,12:58:46.756183,[]
2026-06-10,12:58:46.789550,[]
2026-06-10,12:58:46.822917,[]
2026-06-10,12:58:46.856284,[]
2026-06-10,12:58:46.889651,[]
2026-06-10,12:58:46.923018,[]
2026-06-10,12:58:46.956385,[]
2026-06-10,12:58:46.989752,[]
2026-06-10,12:58:47.023119,[]
2026-06-10,12:58:47.056486,[]
2026-06-10,12:58:47.089853,[]
2026-06-10,12:58:47.123220,[]
2026-06-10,12:58:47.156587,[]
2026-06-10,12:58:47.189954,[]
2026-06-10,12:58:47.223321,[]
2026-06-10,12:58:47.256688,[]
2026-06-10,12:58:47.290055,[]
2026-06-10,12:58:47.323422,[]
2026-06-10,12:58:47.356789,[]
2026-06-10,12:58:47.390156,[]
2026-06-10,12:58:47.423523,[]
2026-06-10,12:58:47.456890,[]
2026-06-10,12:58:47.490257,[]
2026-06-10,12:58:47.523624,[]
2026-06-10,12:58:47.556991,['EP87394']
2026-06-10,12:58:47.590358,['EP87394']
2026-06-10,12:58:47.623725,[]
2026-06-10,12:58:47.657092,[]
2026-06-10,12:58:47.690459,[]
2026-06-10,12:58:47.723826,[]
2026-06-10,12:58:47.757193,[]
2026-06-10,12:58:47.790560,[]
2026-06-10,12:58:47.823927,[]
2026-06-10,12:58:47.857294,[]
2026-06-10,12:58:47.890661,[]
2026-06-10,12:58:47.924028,[]
2026-06-10,12:58:47.957395,[]
2026-06-10,12:58:47.990762,[]
2026-06-10,12:58:48.024129,[]
2026-06-10,12:58:48.057496,[]
2026-06-10,12:58:48.090863,[]
2026-06-10,12:58:48.124230,[]
2026-06-10,12:58:48.157597,[]
2026-06-10,12:58:48.190964,[]
2026-06-10,12:58:48.224331,[]
2026-06-10,12:58:48.257698,[]
2026-06-10,12:58:48.291065,[]
2026-06-10,12:58:48.324432,[]
2026-06-10,12:58:48.357799,[]
2026-06-10,12:58:48.391166,[]
2026-06-10,12:58:48.424533,[]
2026-06-10,12:58:48.457900,[]
2026-06-10,12:58:48.491267,[]
2026-06-10,12:58:48.524634,[]
2026-06-10,12:58:48.558001,[]
2026-06-10,12:58:48.591368,[]
2026-06-10,12:58:48.624735,[]
2026-06-10,12:58:48.658102,[]
2026-06-10,12:58:48.691469,[]
2026-06-10,12:58:48.724836,[]
2026-06-10,12:58:48.758203,[]
2026-06-10,12:58:48.791570,[]
2026-06-10,12:58:48.824937,[]
2026-06-10,12:58:48.858304,[]
2026-06-10,12:58:48.891671,[]
2026-06-10,12:58:48.925038,[]
2026-06-10,12:58:48.958405,[]
2026-06-10,12:58:48.991772,[]
2026-06-10,12:58:49.025139,[]
2026-06-10,12:58:49.058506,[]
2026-06-10,12:58:49.091873,[]
2026-06-10,12:58:49.125240,[]
2026-06-10,12:58:49.158607,[]
2026-06-10,12:58:49.191974,[]
2026-06-10,12:58:49.225341,[]
2026-06-10,12:58:49.258708,[]
2026-06-10,12:58:49.292075,[]
2026-06-10,12:58:49.325442,[]
2026-06-10,12:58:49.358809,[]
2026-06-10,12:58:49.392176,[]
2026-06-10,12:58:49.425543,[]
2026-06-10,12:58:49.458910,[]
2026-06-10,12:58:49.492277,[]
2026-06-10,12:58:49.525644,[]
2026-06-10,12:58:49.559011,[]
2026-06-10,12:58:49.592378,[]
2026-06-10,12:58:49.625745,[]
2026-06-10,12:58:49.659112,[]
2026-06-10,12:58:49.692479,[]
2026-06-10,12:58:49.725846,[]
2026-06-10,12:58:49.759213,[]
2026-06-10,12:58:49.792580,[]
2026-06-10,12:58:49.825947,[]
2026-06-10,12:58:49.859314,[]
2026-06-10,12:58:49.892681,[]
2026-06-10,12:58:49.926048,[]
2026-06-10,12:58:49.959415,[]
2026-06-10,12:58:49.992782,[]
2026-06-10,12:58:50.026149,[]
2026-06-10,12:58:50.059516,[]
2026-06-10,12:58:50.092883,[]
2026-06-10,12:58:50.126250,[]
2026-06-10,12:58:50.159617,[]
2026-06-10,12:58:50.192984,[]
2026-06-10,12:58:50.226351,[]
2026-06-10,12:58:50.259718,[]
2026-06-10,12:58:50.293085,[]
2026-06-10,12:58:50.326452,[]
2026-06-10,12:58:50.359819,[]
2026-06-10,12:58:50.393186,[]
2026-06-10,12:58:50.426553,[]
2026-06-10,12:58:50.459920,[]
2026-06-10,12:58:50.493287,[]
2026-06-10,12:58:50.526654,[]
2026-06-10,12:58:50.560021,[]
2026-06-10,12:58:50.593388,[]
2026-06-10,12:58:50.626755,[]
2026-06-10,12:58:50.660122,[]
2026-06-10,12:58:50.693489,[]
2026-06-10,12:58:50.726856,[]
2026-06-10,12:58:50.760223,[]
2026-06-10,12:58:50.793590,[]
2026-06-10,12:58:50.826957,[]
2026-06-10,12:58:50.860324,[]
2026-06-10,12:58:50.893691,[]
2026-06-10,12:58:50.927058,[]
2026-06-10,12:58:50.960425,[]
2026-06-10,12:58:50.993792,[]
2026-06-10,12:58:51.027159,[]
2026-06-10,12:58:51.060526,[]
2026-06-10,12:58:51.093893,[]
2026-06-10,12:58:51.127260,[]
2026-06-10,12:58:51.160627,[]
2026-06-10,12:58:51.193994,[]
2026-06-10,12:58:51.227361,[]
2026-06-10,12:58:51.260728,[]
2026-06-10,12:58:51.294095,[]
2026-06-10,12:58:51.327462,[]
2026-06-10,12:58:51.360829,[]
2026-06-10,12:58:51.394196,[]
2026-06-10,12:58:51.427563,[]
2026-06-10,12:58:51.460930,[]
2026-06-10,12:58:51.494297,[]
2026-06-10,12:58:51.527664,[]
2026-06-10,12:58:51.561031,[]
2026-06-10,12:58:51.594398,[]
2026-06-10,12:58:51.627765,[]
2026-06-10,12:58:51.661132,[]
2026-06-10,12:58:51.694499,[]
2026-06-10,12:58:51.727866,[]
2026-06-10,12:58:51.761233,[]
2026-06-10,12:58:51.794600,[]
2026-06-10,12:58:51.827967,[]
2026-06-10,12:58:51.861334,[]
2026-06-10,12:58:51.894701,[]
2026-06-10,12:58:51.928068,[]
2026-06-10,12:58:51.961435,[]
2026-06-10,12:58:51.994802,[]
2026-06-10,12:58:52.028169,[]
2026-06-10,12:58:52.061536,[]
2026-06-10,12:58:52.094903,[]
2026-06-10,12:58:52.128270,[]
2026-06-10,12:58:52.161637,[]
2026-06-10,12:58:52.195004,[]
2026-06-10,12:58:52.228371,[]
2026-06-10,12:58:52.261738,[]
2026-06-10,12:58:52.295105,[]
2026-06-10,12:58:52.328472,[]
2026-06-10,12:58:52.361839,[]
2026-06-10,12:58:52.395206,[]
2026-06-10,12:58:52.428573,[]
2026-06-10,12:58:52.461940,[]
2026-06-10,12:58:52.495307,[]
2026-06-10,12:58:52.528674,[]
2026-06-10,12:58:52.562041,[]
2026-06-10,12:58:52.595408,[]
2026-06-10,12:58:52.628775,[]
2026-06-10,12:58:52.662142,[]
2026-06-10,12:58:52.695509,[]
2026-06-10,12:58:52.728876,[]
2026-06-10,12:58:52.762243,[]
2026-06-10,12:58:52.795610,[]
2026-06-10,12:58:52.828977,[]
2026-06-10,12:58:52.862344,[]
2026-06-10,12:58:52.895711,[]
2026-06-10,12:58:52.929078,[]
2026-06-10,12:58:52.962445,[]
2026-06-10,12:58:52.995812,[]
2026-06-10,12:58:53.029179,[]
2026-06-10,12:58:53.062546,[]
2026-06-10,12:58:53.095913,[]
2026-06-10,12:58:53.129280,[]
2026-06-10,12:58:53.162647,[]
2026-06-10,12:58:53.196014,[]
2026-06-10,12:58:53.229381,[]
2026-06-10,12:58:53.262748,[]
2026-06-10,12:58:53.296115,[]
2026-06-10,12:58:53.329482,[]
2026-06-10,12:58:53.362849,[]
2026-06-10,12:58:53.396216,[]
2026-06-10,12:58:53.429583,[]
2026-06-10,12:58:53.462950,[]
2026-06-10,12:58:53.496317,[]
2026-06-10,12:58:53.529684,[]
2026-06-10,12:58:53.563051,[]
2026-06-10,12:58:53.596418,[]
2026-06-10,12:58:53.629785,[]
2026-06-10,12:58:53.663152,[]
2026-06-10,12:58:53.696519,[]
2026-06-10,12:58:53.729886,[]
2026-06-10,12:58:53.763253,[]
2026-06-10,12:58:53.796620,[]
2026-06-10,12:58:53.829987,[]
2026-06-10,12:58:53.863354,[]
2026-06-10,12:58:53.896721,[]
2026-06-10,12:58:53.930088,[]
2026-06-10,12:58:53.963455,[]
2026-06-10,12:58:53.996822,[]
2026-06-10,12:58:54.030189,[]
2026-06-10,12:58:54.063556,[]
2026-06-10,12:58:54.096923,[]
2026-06-10,12:58:54.130290,[]
2026-06-10,12:58:54.163657,[]
2026-06-10,12:58:54.197024,[]
2026-06-10,12:58:54.230391,[]
2026-06-10,12:58:54.263758,[]
2026-06-10,12:58:54.297125,[]
2026-06-10,12:58:54.330492,[]
2026-06-10,12:58:54.363859,[]
2026-06-10,12:58:54.397226,[]
2026-06-10,12:58:54.430593,[]
2026-06-10,12:58:54.463960,[]
2026-06-10,12:58:54.497327,[]
2026-06-10,12:58:54.530694,[]
2026-06-10,12:58:54.564061,[]
2026-06-10,12:58:54.597428,[]
2026-06-10,12:58:54.630795,[]
2026-06-10,12:58:54.664162,[]
2026-06-10,12:58:54.697529,[]
2026-06-10,12:58:54.730896,[]
2026-06-10,12:58:54.764263,[]
2026-06-10,12:58:54.797630,[]
2026-06-10,12:58:54.830997,[]
2026-06-10,12:58:54.864364,[]
2026-06-10,12:58:54.897731,[]
2026-06-10,12:58:54.931098,[]
2026-06-10,12:58:54.964465,[]
2026-06-10,12:58:54.997832,[]
2026-06-10,12:58:55.031199,[]
2026-06-10,12:58:55.064566,[]
2026-06-10,12:58:55.097933,[]
2026-06-10,12:58:55.131300,[]
2026-06-10,12:58:55.164667,[]
2026-06-10,12:58:55.198034,[]
2026-06-10,12:58:55.231401,[]
2026-06-10,12:58:55.264768,[]
2026-06-10,12:58:55.298135,[]
2026-06-10,12:58:55.331502,[]
2026-06-10,12:58:55.364869,[]
2026-06-10,12:58:55.398236,[]
2026-06-10,12:58:55.431603,[]
2026-06-10,12:58:55.464970,[]
2026-06-10,12:58:55.498337,[]
2026-06-10,12:58:55.531704,[]
2026-06-10,12:58:55.565071,[]
2026-06-10,12:58:55.598438,[]
2026-06-10,12:58:55.631805,[]
2026-06-10,12:58:55.665172,['DE26602']
2026-06-10,12:58:55.698539,['DE26602']
2026-06-10,12:58:55.731906,['DE26602']
2026-06-10,12:58:55.765273,['DE26602']
2026-06-10,12:58:55.798640,[]
2026-06-10,12:58:55.832007,[]
2026-06-10,12:58:55.865374,[]
2026-06-10,12:58:55.898741,[]
2026-06-10,12:58:55.932108,[]
2026-06-10,12:58:55.965475,[]
2026-06-10,12:58:55.998842,[]
2026-06-10,12:58:56.032209,[]
2026-06-10,12:58:56.065576,[]
2026-06-10,12:58:56.098943,[]
2026-06-10,12:58:56.132310,[]
2026-06-10,12:58:56.165677,[]
2026-06-10,12:58:56.199044,[]
2026-06-10,12:58:56.232411,[]
2026-06-10,12:58:56.265778,[]
2026-06-10,12:58:56.299145,[]
2026-06-10,12:58:56.332512,[]
2026-06-10,12:58:56.365879,[]
2026-06-10,12:58:56.399246,[]
2026-06-10,12:58:56.432613,[]
2026-06-10,12:58:56.465980,[]
2026-06-10,12:58:56.499347,[]
2026-06-10,12:58:56.532714,[]
2026-06-10,12:58:56.566081,[]
2026-06-10,12:58:56.599448,[]
2026-06-10,12:58:56.632815,[]
2026-06-10,12:58:56.666182,[]
2026-06-10,12:58:56.699549,[]
2026-06-10,12:58:56.732916,[]
2026-06-10,12:58:56.766283,[]
2026-06-10,12:58:56.799650,[]
2026-06-10,12:58:56.833017,[]
2026-06-10,12:58:56.866384,[]
2026-06-10,12:58:56.899751,[]
2026-06-10,12:58:56.933118,[]
2026-06-10,12:58:56.966485,[]
2026-06-10,12:58:56.999852,[]
2026-06-10,12:58:57.033219,[]
2026-06-10,12:58:57.066586,[]
2026-06-10,12:58:57.099953,[]
2026-06-10,12:58:57.133320,[]
2026-06-10,12:58:57.166687,[]
2026-06-10,12:58:57.200054,[]
2026-06-10,12:58:57.233421,[]
2026-06-10,12:58:57.266788,[]
2026-06-10,12:58:57.300155,[]
2026-06-10,12:58:57.333522,[]
2026-06-10,12:58:57.366889,[]
2026-06-10,12:58:57.400256,[]
2026-06-10,12:58:57.433623,[]
2026-06-10,12:58:57.466990,[]
2026-06-10,12:58:57.500357,[]
2026-06-10,12:58:57.533724,[]
2026-06-10,12:58:57.567091,[]
2026-06-10,12:58:57.600458,[]
2026-06-10,12:58:57.633825,[]
2026-06-10,12:58:57.667192,[]
2026-06-10,12:58:57.700559,[]
2026-06-10,12:58:57.733926,[]
2026-06-10,12:58:57.767293,[]
2026-06-10,12:58:57.800660,[]
2026-06-10,12:58:57.834027,[]
2026-06-10,12:58:57.867394,[]
2026-06-10,12:58:57.900761,[]
2026-06-10,12:58:57.934128,[]
2026-06-10,12:58:57.967495,[]
2026-06-10,12:58:58.000862,[]
2026-06-10,12:58:58.034229,[]
2026-06-10,12:58:58.067596,[]
2026-06-10,12:58:58.100963,[]
2026-06-10,12:58:58.134330,[]
2026-06-10,12:58:58.167697,[]
2026-06-10,12:58:58.201064,[]
2026-06-10,12:58:58.234431,[]
2026-06-10,12:58:58.267798,[]
2026-06-10,12:58:58.301165,[]
2026-06-10,12:58:58.334532,[]
2026-06-10,12:58:58.367899,[]
2026-06-10,12:58:58.401266,[]
2026-06-10,12:58:58.434633,[]
2026-06-10,12:58:58.468000,[]
2026-06-10,12:58:58.501367,[]
2026-06-10,12:58:58.534734,[]
2026-06-10,12:58:58.568101,[]
2026-06-10,12:58:58.601468,[]
2026-06-10,12:58:58.634835,[]
2026-06-10,12:58:58.668202,[]
2026-06-10,12:58:58.701569,[]
2026-06-10,12:58:58.734936,[]
2026-06-10,12:58:58.768303,[]
2026-06-10,12:58:58.801670,[]
2026-06-10,12:58:58.835037,[]
2026-06-10,12:58:58.868404,[]
2026-06-10,12:58:58.901771,[]
2026-06-10,12:58:58.935138,[]
2026-06-10,12:58:58.968505,[]
2026-06-10,12:58:59.001872,[]
2026-06-10,12:58:59.035239,[]
2026-06-10,12:58:59.068606,[]
2026-06-10,12:58:59.101973,[]
2026-06-10,12:58:59.135340,[]
2026-06-10,12:58:59.168707,[]
2026-06-10,12:58:59.202074,[]
2026-06-10,12:58:59.235441,[]
2026-06-10,12:58:59.268808,[]
2026-06-10,12:58:59.302175,[]
2026-06-10,12:58:59.335542,[]
2026-06-10,12:58:59.368909,[]
2026-06-10,12:58:59.402276,[]
2026-06-10,12:58:59.435643,[]
2026-06-10,12:58:59.469010,[]
2026-06-10,12:58:59.502377,[]
2026-06-10,12:58:59.535744,[]
2026-06-10,12:58:59.569111,[]
2026-06-10,12:58:59.602478,[]
2026-06-10,12:58:59.635845,[]
2026-06-10,12:58:59.669212,[]
2026-06-10,12:58:59.702579,[]
2026-06-10,12:58:59.735946,[]
2026-06-10,12:58:59.769313,[]
2026-06-10,12:58:59.802680,[]
2026-06-10,12:58:59.836047,[]
2026-06-10,12:58:59.869414,[]
2026-06-10,12:58:59.902781,[]
2026-06-10,12:58:59.936148,[]
2026-06-10,12:58:59.969515,[]
2026-06-10,12:59:00.002882,[]
2026-06-10,12:59:00.036249,[]
2026-06-10,12:59:00.069616,[]
2026-06-10,12:59:00.102983,[]
2026-06-10,12:59:00.136350,[]
2026-06-10,12:59:00.169717,[]
2026-06-10,12:59:00.203084,[]
2026-06-10,12:59:00.236451,[]
2026-06-10,12:59:00.269818,[]
2026-06-10,12:59:00.303185,[]
2026-06-10,12:59:00.336552,[]
2026-06-10,12:59:00.369919,[]
2026-06-10,12:59:00.403286,[]
2026-06-10,12:59:00.436653,[]
2026-06-10,12:59:00.470020,[]
2026-06-10,12:59:00.503387,[]
2026-06-10,12:59:00.536754,[]
2026-06-10,12:59:00.570121,[]
2026-06-10,12:59:00.603488,[]
2026-06-10,12:59:00.636855,[]
2026-06-10,12:59:00.670222,[]
2026-06-10,12:59:00.703589,['EH18653']
2026-06-10,12:59:00.736956,['EH18653']
2026-06-10,12:59:00.770323,['EH18653']
2026-06-10,12:59:00.803690,['EH18653']
2026-06-10,12:59:00.837057,[]
2026-06-10,12:59:00.870424,[]
2026-06-10,12:59:00.903791,[]
2026-06-10,12:59:00.937158,[]
2026-06-10,12:59:00.970525,[]
2026-06-10,12:59:01.003892,[]
2026-06-10,12:59:01.037259,[]
2026-06-10,12:59:01.070626,[]
2026-06-10,12:59:01.103993,[]
2026-06-10,12:59:01.137360,[]
2026-06-10,12:59:01.170727,[]
2026-06-10,12:59:01.204094,[]
2026-06-10,12:59:01.237461,[]
2026-06-10,12:59:01.270828,[]
2026-06-10,12:59:01.304195,[]
2026-06-10,12:59:01.337562,[]
2026-06-10,12:59:01.370929,[]
2026-06-10,12:59:01.404296,[]
2026-06-10,12:59:01.437663,[]
2026-06-10,12:59:01.471030,[]
2026-06-10,12:59:01.504397,[]
2026-06-10,12:59:01.537764,[]
2026-06-10,12:59:01.571131,[]
2026-06-10,12:59:01.604498,[]
2026-06-10,12:59:01.637865,[]
2026-06-10,12:59:01.671232,[]
2026-06-10,12:59:01.704599,[]
2026-06-10,12:59:01.737966,[]
2026-06-10,12:59:01.771333,[]
2026-06-10,12:59:01.804700,[]
2026-06-10,12:59:01.838067,[]
2026-06-10,12:59:01.871434,[]
2026-06-10,12:59:01.904801,[]
2026-06-10,12:59:01.938168,[]
2026-06-10,12:59:01.971535,[]
2026-06-10,12:59:02.004902,[]
2026-06-10,12:59:02.038269,[]
2026-06-10,12:59:02.071636,[]
2026-06-10,12:59:02.105003,[]
2026-06-10,12:59:02.138370,[]
2026-06-10,12:59:02.171737,[]
2026-06-10,12:59:02.205104,[]
2026-06-10,12:59:02.238471,[]
2026-06-10,12:59:02.271838,[]
2026-06-10,12:59:02.305205,[]
2026-06-10,12:59:02.338572,[]
2026-06-10,12:59:02.371939,[]
2026-06-10,12:59:02.405306,[]
2026-06-10,12:59:02.438673,[]
2026-06-10,12:59:02.472040,[]
2026-06-10,12:59:02.505407,[]
2026-06-10,12:59:02.538774,[]
2026-06-10,12:59:02.572141,[]
2026-06-10,12:59:02.605508,[]
2026-06-10,12:59:02.638875,[]
2026-06-10,12:59:02.672242,[]
2026-06-10,12:59:02.705609,[]
2026-06-10,12:59:02.738976,[]
2026-06-10,12:59:02.772343,[]
2026-06-10,12:59:02.805710,[]
2026-06-10,12:59:02.839077,[]
2026-06-10,12:59:02.872444,[]
2026-06-10,12:59:02.905811,[]
2026-06-10,12:59:02.939178,[]
2026-06-10,12:59:02.972545,[]
2026-06-10,12:59:03.005912,[]
2026-06-10,12:59:03.039279,[]
2026-06-10,12:59:03.072646,[]
2026-06-10,12:59:03.106013,[]
2026-06-10,12:59:03.139380,[]
2026-06-10,12:59:03.172747,[]
2026-06-10,12:59:03.206114,[]
2026-06-10,12:59:03.239481,[]
2026-06-10,12:59:03.272848,[]
2026-06-10,12:59:03.306215,[]
2026-06-10,12:59:03.339582,[]
2026-06-10,12:59:03.372949,[]
2026-06-10,12:59:03.406316,[]
2026-06-10,12:59:03.439683,['DX51452']
2026-06-10,12:59:03.473050,[]
2026-06-10,12:59:03.506417,[]
2026-06-10,12:59:03.539784,[]
2026-06-10,12:59:03.573151,[]
2026-06-10,12:59:03.606518,[]
2026-06-10,12:59:03.639885,[]
2026-06-10,12:59:03.673252,[]
2026-06-10,12:59:03.706619,[]
2026-06-10,12:59:03.739986,[]
2026-06-10,12:59:03.773353,[]
2026-06-10,12:59:03.806720,[]
2026-06-10,12:59:03.840087,[]
2026-06-10,12:59:03.873454,[]
2026-06-10,12:59:03.906821,[]
2026-06-10,12:59:03.940188,[]
2026-06-10,12:59:03.973555,[]
2026-06-10,12:59:04.006922,[]
2026-06-10,12:59:04.040289,[]
2026-06-10,12:59:04.073656,[]
2026-06-10,12:59:04.107023,[]
2026-06-10,12:59:04.140390,[]
2026-06-10,12:59:04.173757,[]
2026-06-10,12:59:04.207124,[]
2026-06-10,12:59:04.240491,[]
2026-06-10,12:59:04.273858,[]
2026-06-10,12:59:04.307225,[]
2026-06-10,12:59:04.340592,[]
2026-06-10,12:59:04.373959,[]
2026-06-10,12:59:04.407326,[]
2026-06-10,12:59:04.440693,[]
2026-06-10,12:59:04.474060,[]
2026-06-10,12:59:04.507427,[]
2026-06-10,12:59:04.540794,[]
2026-06-10,12:59:04.574161,[]
2026-06-10,12:59:04.607528,[]
2026-06-10,12:59:04.640895,[]
2026-06-10,12:59:04.674262,[]
2026-06-10,12:59:04.707629,[]
2026-06-10,12:59:04.740996,[]
2026-06-10,12:59:04.774363,[]
2026-06-10,12:59:04.807730,[]
2026-06-10,12:59:04.841097,[]
2026-06-10,12:59:04.874464,[]
2026-06-10,12:59:04.907831,[]
2026-06-10,12:59:04.941198,[]
2026-06-10,12:59:04.974565,[]
2026-06-10,12:59:05.007932,[]
2026-06-10,12:59:05.041299,[]
2026-06-10,12:59:05.074666,[]
2026-06-10,12:59:05.108033,[]
2026-06-10,12:59:05.141400,[]
2026-06-10,12:59:05.174767,[]
2026-06-10,12:59:05.208134,[]
2026-06-10,12:59:05.241501,[]
2026-06-10,12:59:05.274868,[]
2026-06-10,12:59:05.308235,[]
2026-06-10,12:59:05.341602,[]
2026-06-10,12:59:05.374969,[]
2026-06-10,12:59:05.408336,[]
2026-06-10,12:59:05.441703,[]
2026-06-10,12:59:05.475070,[]
2026-06-10,12:59:05.508437,[]
2026-06-10,12:59:05.541804,[]
2026-06-10,12:59:05.575171,[]
2026-06-10,12:59:05.608538,[]
2026-06-10,12:59:05.641905,[]
2026-06-10,12:59:05.675272,[]
2026-06-10,12:59:05.708639,[]
2026-06-10,12:59:05.742006,[]
2026-06-10,12:59:05.775373,[]
2026-06-10,12:59:05.808740,[]
2026-06-10,12:59:05.842107,[]
2026-06-10,12:59:05.875474,[]
2026-06-10,12:59:05.908841,[]
2026-06-10,12:59:05.942208,[]
2026-06-10,12:59:05.975575,[]
2026-06-10,12:59:06.008942,[]
2026-06-10,12:59:06.042309,[]
2026-06-10,12:59:06.075676,[]
2026-06-10,12:59:06.109043,[]
2026-06-10,12:59:06.142410,[]
2026-06-10,12:59:06.175777,[]
2026-06-10,12:59:06.209144,[]
2026-06-10,12:59:06.242511,[]
2026-06-10,12:59:06.275878,[]
2026-06-10,12:59:06.309245,[]
2026-06-10,12:59:06.342612,[]
2026-06-10,12:59:06.375979,[]
2026-06-10,12:59:06.409346,[]
2026-06-10,12:59:06.442713,[]
2026-06-10,12:59:06.476080,[]
2026-06-10,12:59:06.509447,[]
2026-06-10,12:59:06.542814,[]
2026-06-10,12:59:06.576181,[]
2026-06-10,12:59:06.609548,[]
2026-06-10,12:59:06.642915,[]
2026-06-10,12:59:06.676282,[]
2026-06-10,12:59:06.709649,[]
2026-06-10,12:59:06.743016,[]
2026-06-10,12:59:06.776383,[]
2026-06-10,12:59:06.809750,[]
2026-06-10,12:59:06.843117,[]
2026-06-10,12:59:06.876484,[]
2026-06-10,12:59:06.909851,[]
2026-06-10,12:59:06.943218,[]
2026-06-10,12:59:06.976585,[]
2026-06-10,12:59:07.009952,[]
2026-06-10,12:59:07.043319,[]
2026-06-10,12:59:07.076686,[]
2026-06-10,12:59:07.110053,[]
2026-06-10,12:59:07.143420,[]
2026-06-10,12:59:07.176787,[]
2026-06-10,12:59:07.210154,[]
2026-06-10,12:59:07.243521,[]
2026-06-10,12:59:07.276888,[]
2026-06-10,12:59:07.310255,[]
2026-06-10,12:59:07.343622,[]
2026-06-10,12:59:07.376989,[]
2026-06-10,12:59:07.410356,[]
2026-06-10,12:59:07.443723,[]
2026-06-10,12:59:07.477090,[]
2026-06-10,12:59:07.510457,[]
2026-06-10,12:59:07.543824,[]
2026-06-10,12:59:07.577191,[]
2026-06-10,12:59:07.610558,[]
2026-06-10,12:59:07.643925,[]
2026-06-10,12:59:07.677292,[]
2026-06-10,12:59:07.710659,[]
2026-06-10,12:59:07.744026,[]
2026-06-10,12:59:07.777393,[]
2026-06-10,12:59:07.810760,[]
2026-06-10,12:59:07.844127,[]
2026-06-10,12:59:07.877494,[]
2026-06-10,12:59:07.910861,[]
2026-06-10,12:59:07.944228,[]
2026-06-10,12:59:07.977595,[]
2026-06-10,12:59:08.010962,[]
2026-06-10,12:59:08.044329,[]
2026-06-10,12:59:08.077696,[]
2026-06-10,12:59:08.111063,[]
2026-06-10,12:59:08.144430,[]
2026-06-10,12:59:08.177797,[]
2026-06-10,12:59:08.211164,[]
2026-06-10,12:59:08.244531,[]
2026-06-10,12:59:08.277898,[]
2026-06-10,12:59:08.311265,[]
2026-06-10,12:59:08.344632,[]
2026-06-10,12:59:08.377999,[]
2026-06-10,12:59:08.411366,[]
2026-06-10,12:59:08.444733,[]
2026-06-10,12:59:08.478100,[]
2026-06-10,12:59:08.511467,[]
2026-06-10,12:59:08.544834,[]
2026-06-10,12:59:08.578201,[]
2026-06-10,12:59:08.611568,[]
2026-06-10,12:59:08.644935,[]
2026-06-10,12:59:08.678302,[]
2026-06-10,12:59:08.711669,[]
2026-06-10,12:59:08.745036,[]
2026-06-10,12:59:08.778403,[]
2026-06-10,12:59:08.811770,[]
2026-06-10,12:59:08.845137,[]
2026-06-10,12:59:08.878504,[]
2026-06-10,12:59:08.911871,[]
2026-06-10,12:59:08.945238,[]
2026-06-10,12:59:08.978605,[]
2026-06-10,12:59:09.011972,[]
2026-06-10,12:59:09.045339,[]
2026-06-10,12:59:09.078706,[]
2026-06-10,12:59:09.112073,[]
2026-06-10,12:59:09.145440,[]
2026-06-10,12:59:09.178807,[]
2026-06-10,12:59:09.212174,[]
2026-06-10,12:59:09.245541,[]
2026-06-10,12:59:09.278908,[]
2026-06-10,12:59:09.312275,[]
2026-06-10,12:59:09.345642,[]
2026-06-10,12:59:09.379009,[]
2026-06-10,12:59:09.412376,[]
2026-06-10,12:59:09.445743,[]
2026-06-10,12:59:09.479110,[]
2026-06-10,12:59:09.512477,[]
2026-06-10,12:59:09.545844,[]
2026-06-10,12:59:09.579211,[]
2026-06-10,12:59:09.612578,[]
2026-06-10,12:59:09.645945,[]
2026-06-10,12:59:09.679312,[]
2026-06-10,12:59:09.712679,[]
2026-06-10,12:59:09.746046,[]
2026-06-10,12:59:09.779413,[]
2026-06-10,12:59:09.812780,[]
2026-06-10,12:59:09.846147,[]
2026-06-10,12:59:09.879514,[]
2026-06-10,12:59:09.912881,[]
2026-06-10,12:59:09.946248,[]
2026-06-10,12:59:09.979615,[]
2026-06-10,12:59:10.012982,[]
2026-06-10,12:59:10.046349,[]
2026-06-10,12:59:10.079716,[]
2026-06-10,12:59:10.113083,[]
2026-06-10,12:59:10.146450,[]
2026-06-10,12:59:10.179817,[]
2026-06-10,12:59:10.213184,[]
2026-06-10,12:59:10.246551,[]
2026-06-10,12:59:10.279918,[]
2026-06-10,12:59:10.313285,[]
2026-06-10,12:59:10.346652,[]
2026-06-10,12:59:10.380019,[]
2026-06-10,12:59:10.413386,[]
2026-06-10,12:59:10.446753,[]
2026-06-10,12:59:10.480120,[]
2026-06-10,12:59:10.513487,[]
2026-06-10,12:59:10.546854,[]
2026-06-10,12:59:10.580221,[]
2026-06-10,12:59:10.613588,[]
2026-06-10,12:59:10.646955,[]
2026-06-10,12:59:10.680322,[]
2026-06-10,12:59:10.713689,[]
2026-06-10,12:59:10.747056,[]
2026-06-10,12:59:10.780423,[]
2026-06-10,12:59:10.813790,[]
2026-06-10,12:59:10.847157,[]
2026-06-10,12:59:10.880524,[]
2026-06-10,12:59:10.913891,[]
2026-06-10,12:59:10.947258,[]
2026-06-10,12:59:10.980625,[]
2026-06-10,12:59:11.013992,[]
2026-06-10,12:59:11.047359,[]
2026-06-10,12:59:11.080726,[]
2026-06-10,12:59:11.114093,[]
2026-06-10,12:59:11.147460,[]
2026-06-10,12:59:11.180827,[]
2026-06-10,12:59:11.214194,[]
2026-06-10,12:59:11.247561,[]
2026-06-10,12:59:11.280928,[]
2026-06-10,12:59:11.314295,[]
2026-06-10,12:59:11.347662,[]
2026-06-10,12:59:11.381029,[]
2026-06-10,12:59:11.414396,[]
2026-06-10,12:59:11.447763,[]
2026-06-10,12:59:11.481130,[]
2026-06-10,12:59:11.514497,[]
2026-06-10,12:59:11.547864,[]
2026-06-10,12:59:11.581231,[]
2026-06-10,12:59:11.614598,[]
2026-06-10,12:59:11.647965,[]
2026-06-10,12:59:11.681332,[]
2026-06-10,12:59:11.714699,[]
2026-06-10,12:59:11.748066,[]
2026-06-10,12:59:11.781433,[]
2026-06-10,12:59:11.814800,[]
2026-06-10,12:59:11.848167,[]
2026-06-10,12:59:11.881534,[]
2026-06-10,12:59:11.914901,[]
2026-06-10,12:59:11.948268,[]
2026-06-10,12:59:11.981635,[]
2026-06-10,12:59:12.015002,[]
2026-06-10,12:59:12.048369,[]
2026-06-10,12:59:12.081736,[]
2026-06-10,12:59:12.115103,[]
2026-06-10,12:59:12.148470,[]
2026-06-10,12:59:12.181837,[]
2026-06-10,12:59:12.215204,[]
2026-06-10,12:59:12.248571,[]
2026-06-10,12:59:12.281938,[]
2026-06-10,12:59:12.315305,[]
2026-06-10,12:59:12.348672,[]
2026-06-10,12:59:12.382039,[]
2026-06-10,12:59:12.415406,[]
2026-06-10,12:59:12.448773,[]
2026-06-10,12:59:12.482140,[]
2026-06-10,12:59:12.515507,[]
2026-06-10,12:59:12.548874,[]
2026-06-10,12:59:12.582241,[]
2026-06-10,12:59:12.615608,[]
2026-06-10,12:59:12.648975,[]
2026-06-10,12:59:12.682342,[]
2026-06-10,12:59:12.715709,[]
2026-06-10,12:59:12.749076,[]
2026-06-10,12:59:12.782443,[]
2026-06-10,12:59:12.815810,[]
2026-06-10,12:59:12.849177,[]
2026-06-10,12:59:12.882544,[]
2026-06-10,12:59:12.915911,[]
2026-06-10,12:59:12.949278,[]
2026-06-10,12:59:12.982645,[]
2026-06-10,12:59:13.016012,[]
2026-06-10,12:59:13.049379,[]
2026-06-10,12:59:13.082746,[]
2026-06-10,12:59:13.116113,[]
2026-06-10,12:59:13.149480,[]
2026-06-10,12:59:13.182847,[]
2026-06-10,12:59:13.216214,[]
2026-06-10,12:59:13.249581,[]
2026-06-10,12:59:13.282948,[]
2026-06-10,12:59:13.316315,[]
2026-06-10,12:59:13.349682,[]
2026-06-10,12:59:13.383049,[]
2026-06-10,12:59:13.416416,[]
2026-06-10,12:59:13.449783,[]
2026-06-10,12:59:13.483150,[]
2026-06-10,12:59:13.516517,[]
2026-06-10,12:59:13.549884,[]
2026-06-10,12:59:13.583251,[]
2026-06-10,12:59:13.616618,[]
2026-06-10,12:59:13.649985,[]
2026-06-10,12:59:13.683352,[]
2026-06-10,12:59:13.716719,[]
2026-06-10,12:59:13.750086,[]
2026-06-10,12:59:13.783453,[]
2026-06-10,12:59:13.816820,[]
2026-06-10,12:59:13.850187,[]
2026-06-10,12:59:13.883554,[]
2026-06-10,12:59:13.916921,[]
2026-06-10,12:59:13.950288,[]
2026-06-10,12:59:13.983655,[]
2026-06-10,12:59:14.017022,[]
2026-06-10,12:59:14.050389,[]
2026-06-10,12:59:14.083756,[]
2026-06-10,12:59:14.117123,[]
2026-06-10,12:59:14.150490,[]
2026-06-10,12:59:14.183857,[]
2026-06-10,12:59:14.217224,[]
2026-06-10,12:59:14.250591,[]
2026-06-10,12:59:14.283958,[]
2026-06-10,12:59:14.317325,[]
2026-06-10,12:59:14.350692,[]
2026-06-10,12:59:14.384059,[]
2026-06-10,12:59:14.417426,[]
2026-06-10,12:59:14.450793,[]
2026-06-10,12:59:14.484160,[]
2026-06-10,12:59:14.517527,[]
2026-06-10,12:59:14.550894,[]
2026-06-10,12:59:14.584261,[]
2026-06-10,12:59:14.617628,[]
2026-06-10,12:59:14.650995,[]
2026-06-10,12:59:14.684362,[]
2026-06-10,12:59:14.717729,[]
2026-06-10,12:59:14.751096,[]
2026-06-10,12:59:14.784463,[]
2026-06-10,12:59:14.817830,[]
2026-06-10,12:59:14.851197,[]
2026-06-10,12:59:14.884564,[]
2026-06-10,12:59:14.917931,[]
2026-06-10,12:59:14.951298,[]
2026-06-10,12:59:14.984665,[]
2026-06-10,12:59:15.018032,[]
2026-06-10,12:59:15.051399,[]
2026-06-10,12:59:15.084766,[]
2026-06-10,12:59:15.118133,[]
2026-06-10,12:59:15.151500,[]
2026-06-10,12:59:15.184867,[]
2026-06-10,12:59:15.218234,[]
2026-06-10,12:59:15.251601,[]
2026-06-10,12:59:15.284968,[]
2026-06-10,12:59:15.318335,[]
2026-06-10,12:59:15.351702,[]
2026-06-10,12:59:15.385069,[]
2026-06-10,12:59:15.418436,[]
2026-06-10,12:59:15.451803,[]
2026-06-10,12:59:15.485170,[]
2026-06-10,12:59:15.518537,[]
2026-06-10,12:59:15.551904,[]
2026-06-10,12:59:15.585271,[]
2026-06-10,12:59:15.618638,[]
2026-06-10,12:59:15.652005,[]
2026-06-10,12:59:15.685372,[]
2026-06-10,12:59:15.718739,[]
2026-06-10,12:59:15.752106,[]
2026-06-10,12:59:15.785473,[]
2026-06-10,12:59:15.818840,[]
2026-06-10,12:59:15.852207,[]
2026-06-10,12:59:15.885574,[]
2026-06-10,12:59:15.918941,[]
2026-06-10,12:59:15.952308,[]
2026-06-10,12:59:15.985675,[]
2026-06-10,12:59:16.019042,[]
2026-06-10,12:59:16.052409,[]
2026-06-10,12:59:16.085776,[]
2026-06-10,12:59:16.119143,[]
2026-06-10,12:59:16.152510,[]
2026-06-10,12:59:16.185877,[]
2026-06-10,12:59:16.219244,[]
2026-06-10,12:59:16.252611,[]
2026-06-10,12:59:16.285978,[]
2026-06-10,12:59:16.319345,[]
2026-06-10,12:59:16.352712,[]
2026-06-10,12:59:16.386079,[]
2026-06-10,12:59:16.419446,[]
2026-06-10,12:59:16.452813,[]
2026-06-10,12:59:16.486180,[]
2026-06-10,12:59:16.519547,[]
2026-06-10,12:59:16.552914,[]
2026-06-10,12:59:16.586281,[]
2026-06-10,12:59:16.619648,[]
2026-06-10,12:59:16.653015,[]
2026-06-10,12:59:16.686382,[]
2026-06-10,12:59:16.719749,[]
2026-06-10,12:59:16.753116,[]
2026-06-10,12:59:16.786483,[]
2026-06-10,12:59:16.819850,[]
2026-06-10,12:59:16.853217,[]
2026-06-10,12:59:16.886584,[]
2026-06-10,12:59:16.919951,[]
2026-06-10,12:59:16.953318,[]
2026-06-10,12:59:16.986685,[]
2026-06-10,12:59:17.020052,[]
2026-06-10,12:59:17.053419,[]
2026-06-10,12:59:17.086786,[]
2026-06-10,12:59:17.120153,[]
2026-06-10,12:59:17.153520,[]
2026-06-10,12:59:17.186887,[]
2026-06-10,12:59:17.220254,[]
2026-06-10,12:59:17.253621,[]
2026-06-10,12:59:17.286988,[]
2026-06-10,12:59:17.320355,[]
2026-06-10,12:59:17.353722,[]
2026-06-10,12:59:17.387089,[]
2026-06-10,12:59:17.420456,[]
2026-06-10,12:59:17.453823,[]
2026-06-10,12:59:17.487190,[]
2026-06-10,12:59:17.520557,[]
2026-06-10,12:59:17.553924,[]
2026-06-10,12:59:17.587291,[]
2026-06-10,12:59:17.620658,[]
2026-06-10,12:59:17.654025,[]
2026-06-10,12:59:17.687392,[]
2026-06-10,12:59:17.720759,[]
2026-06-10,12:59:17.754126,[]
2026-06-10,12:59:17.787493,[]
2026-06-10,12:59:17.820860,[]
2026-06-10,12:59:17.854227,[]
2026-06-10,12:59:17.887594,[]
2026-06-10,12:59:17.920961,[]
2026-06-10,12:59:17.954328,[]
2026-06-10,12:59:17.987695,[]
2026-06-10,12:59:18.021062,[]
2026-06-10,12:59:18.054429,[]
2026-06-10,12:59:18.087796,[]
2026-06-10,12:59:18.121163,[]
2026-06-10,12:59:18.154530,[]
2026-06-10,12:59:18.187897,[]
2026-06-10,12:59:18.221264,[]
2026-06-10,12:59:18.254631,[]
2026-06-10,12:59:18.287998,[]
2026-06-10,12:59:18.321365,[]
2026-06-10,12:59:18.354732,[]
2026-06-10,12:59:18.388099,[]
2026-06-10,12:59:18.421466,[]
2026-06-10,12:59:18.454833,[]
2026-06-10,12:59:18.488200,[]
2026-06-10,12:59:18.521567,[]
2026-06-10,12:59:18.554934,[]
2026-06-10,12:59:18.588301,[]
2026-06-10,12:59:18.621668,[]
2026-06-10,12:59:18.655035,[]
2026-06-10,12:59:18.688402,[]
2026-06-10,12:59:18.721769,[]
2026-06-10,12:59:18.755136,[]
2026-06-10,12:59:18.788503,[]
2026-06-10,12:59:18.821870,[]
2026-06-10,12:59:18.855237,[]
2026-06-10,12:59:18.888604,[]
2026-06-10,12:59:18.921971,[]
2026-06-10,12:59:18.955338,[]
2026-06-10,12:59:18.988705,[]
2026-06-10,12:59:19.022072,[]
2026-06-10,12:59:19.055439,[]
2026-06-10,12:59:19.088806,[]
2026-06-10,12:59:19.122173,[]
2026-06-10,12:59:19.155540,[]
2026-06-10,12:59:19.188907,[]
2026-06-10,12:59:19.222274,[]
2026-06-10,12:59:19.255641,[]
2026-06-10,12:59:19.289008,[]
2026-06-10,12:59:19.322375,[]
2026-06-10,12:59:19.355742,[]
2026-06-10,12:59:19.389109,[]
2026-06-10,12:59:19.422476,[]
2026-06-10,12:59:19.455843,[]
2026-06-10,12:59:19.489210,[]
2026-06-10,12:59:19.522577,[]
2026-06-10,12:59:19.555944,[]
2026-06-10,12:59:19.589311,[]
2026-06-10,12:59:19.622678,[]
2026-06-10,12:59:19.656045,[]
2026-06-10,12:59:19.689412,[]
2026-06-10,12:59:19.722779,[]
2026-06-10,12:59:19.756146,[]
2026-06-10,12:59:19.789513,[]
2026-06-10,12:59:19.822880,[]
2026-06-10,12:59:19.856247,[]
2026-06-10,12:59:19.889614,[]
2026-06-10,12:59:19.922981,[]
2026-06-10,12:59:19.956348,[]
2026-06-10,12:59:19.989715,[]
2026-06-10,12:59:20.023082,[]
2026-06-10,12:59:20.056449,[]
2026-06-10,12:59:20.089816,[]
2026-06-10,12:59:20.123183,[]
2026-06-10,12:59:20.156550,[]
2026-06-10,12:59:20.189917,[]
2026-06-10,12:59:20.223284,[]
2026-06-10,12:59:20.256651,[]
2026-06-10,12:59:20.290018,[]
2026-06-10,12:59:20.323385,[]
2026-06-10,12:59:20.356752,[]
2026-06-10,12:59:20.390119,[]
2026-06-10,12:59:20.423486,[]
2026-06-10,12:59:20.456853,[]
2026-06-10,12:59:20.490220,[]
2026-06-10,12:59:20.523587,[]
2026-06-10,12:59:20.556954,[]
2026-06-10,12:59:20.590321,[]
2026-06-10,12:59:20.623688,[]
2026-06-10,12:59:20.657055,[]
2026-06-10,12:59:20.690422,[]
2026-06-10,12:59:20.723789,[]
2026-06-10,12:59:20.757156,[]
2026-06-10,12:59:20.790523,[]
2026-06-10,12:59:20.823890,[]
2026-06-10,12:59:20.857257,[]
2026-06-10,12:59:20.890624,[]
2026-06-10,12:59:20.923991,[]
2026-06-10,12:59:20.957358,[]
2026-06-10,12:59:20.990725,[]
2026-06-10,12:59:21.024092,[]
2026-06-10,12:59:21.057459,[]
2026-06-10,12:59:21.090826,[]
2026-06-10,12:59:21.124193,[]
2026-06-10,12:59:21.157560,[]
2026-06-10,12:59:21.190927,[]
2026-06-10,12:59:21.224294,[]
2026-06-10,12:59:21.257661,[]
2026-06-10,12:59:21.291028,[]
2026-06-10,12:59:21.324395,[]
2026-06-10,12:59:21.357762,[]
2026-06-10,12:59:21.391129,[]
2026-06-10,12:59:21.424496,[]
2026-06-10,12:59:21.457863,[]
2026-06-10,12:59:21.491230,[]
2026-06-10,12:59:21.524597,[]
2026-06-10,12:59:21.557964,[]
2026-06-10,12:59:21.591331,[]
2026-06-10,12:59:21.624698,[]
2026-06-10,12:59:21.658065,[]
2026-06-10,12:59:21.691432,[]
2026-06-10,12:59:21.724799,[]
2026-06-10,12:59:21.758166,[]
2026-06-10,12:59:21.791533,[]
2026-06-10,12:59:21.824900,[]
2026-06-10,12:59:21.858267,[]
2026-06-10,12:59:21.891634,[]
2026-06-10,12:59:21.925001,[]
2026-06-10,12:59:21.958368,[]
2026-06-10,12:59:21.991735,[]
2026-06-10,12:59:22.025102,[]
2026-06-10,12:59:22.058469,[]
2026-06-10,12:59:22.091836,[]
2026-06-10,12:59:22.125203,[]
2026-06-10,12:59:22.158570,[]
2026-06-10,12:59:22.191937,[]
2026-06-10,12:59:22.225304,[]
2026-06-10,12:59:22.258671,[]
2026-06-10,12:59:22.292038,[]
2026-06-10,12:59:22.325405,[]
2026-06-10,12:59:22.358772,[]
2026-06-10,12:59:22.392139,[]
2026-06-10,12:59:22.425506,[]
2026-06-10,12:59:22.458873,[]
2026-06-10,12:59:22.492240,[]
2026-06-10,12:59:22.525607,[]
2026-06-10,12:59:22.558974,[]
2026-06-10,12:59:22.592341,[]
2026-06-10,12:59:22.625708,[]
2026-06-10,12:59:22.659075,[]
2026-06-10,12:59:22.692442,[]
2026-06-10,12:59:22.725809,[]
2026-06-10,12:59:22.759176,[]
2026-06-10,12:59:22.792543,[]
2026-06-10,12:59:22.825910,[]
2026-06-10,12:59:22.859277,[]
2026-06-10,12:59:22.892644,[]
2026-06-10,12:59:22.926011,[]
2026-06-10,12:59:22.959378,[]
2026-06-10,12:59:22.992745,[]
2026-06-10,12:59:23.026112,[]
2026-06-10,12:59:23.059479,[]
2026-06-10,12:59:23.092846,[]
2026-06-10,12:59:23.126213,[]
2026-06-10,12:59:23.159580,[]
2026-06-10,12:59:23.192947,[]
2026-06-10,12:59:23.226314,[]
2026-06-10,12:59:23.259681,[]
2026-06-10,12:59:23.293048,[]
2026-06-10,12:59:23.326415,[]
2026-06-10,12:59:23.359782,[]
2026-06-10,12:59:23.393149,[]
2026-06-10,12:59:23.426516,[]
2026-06-10,12:59:23.459883,[]
2026-06-10,12:59:23.493250,[]
2026-06-10,12:59:23.526617,[]
2026-06-10,12:59:23.559984,[]
2026-06-10,12:59:23.593351,[]
2026-06-10,12:59:23.626718,[]
2026-06-10,12:59:23.660085,[]
2026-06-10,12:59:23.693452,[]
2026-06-10,12:59:23.726819,[]
2026-06-10,12:59:23.760186,[]
2026-06-10,12:59:23.793553,[]
2026-06-10,12:59:23.826920,[]
2026-06-10,12:59:23.860287,[]
2026-06-10,12:59:23.893654,[]
2026-06-10,12:59:23.927021,[]
2026-06-10,12:59:23.960388,[]
2026-06-10,12:59:23.993755,[]
2026-06-10,12:59:24.027122,[]
2026-06-10,12:59:24.060489,[]
2026-06-10,12:59:24.093856,[]
2026-06-10,12:59:24.127223,[]
2026-06-10,12:59:24.160590,[]
2026-06-10,12:59:24.193957,[]
2026-06-10,12:59:24.227324,[]
2026-06-10,12:59:24.260691,[]
2026-06-10,12:59:24.294058,[]
2026-06-10,12:59:24.327425,[]
2026-06-10,12:59:24.360792,[]
2026-06-10,12:59:24.394159,[]
2026-06-10,12:59:24.427526,[]
2026-06-10,12:59:24.460893,[]
2026-06-10,12:59:24.494260,[]
2026-06-10,12:59:24.527627,[]
2026-06-10,12:59:24.560994,[]
2026-06-10,12:59:24.594361,[]
2026-06-10,12:59:24.627728,[]
2026-06-10,12:59:24.661095,[]
2026-06-10,12:59:24.694462,[]
2026-06-10,12:59:24.727829,[]
2026-06-10,12:59:24.761196,[]
2026-06-10,12:59:24.794563,[]
2026-06-10,12:59:24.827930,[]
2026-06-10,12:59:24.861297,[]
2026-06-10,12:59:24.894664,[]
2026-06-10,12:59:24.928031,[]
2026-06-10,12:59:24.961398,[]
2026-06-10,12:59:24.994765,[]
2026-06-10,12:59:25.028132,[]
2026-06-10,12:59:25.061499,[]
2026-06-10,12:59:25.094866,[]
2026-06-10,12:59:25.128233,[]
2026-06-10,12:59:25.161600,[]
2026-06-10,12:59:25.194967,[]
2026-06-10,12:59:25.228334,[]
2026-06-10,12:59:25.261701,[]
2026-06-10,12:59:25.295068,[]
2026-06-10,12:59:25.328435,[]
2026-06-10,12:59:25.361802,[]
2026-06-10,12:59:25.395169,[]
2026-06-10,12:59:25.428536,[]
2026-06-10,12:59:25.461903,[]
2026-06-10,12:59:25.495270,[]
2026-06-10,12:59:25.528637,[]
2026-06-10,12:59:25.562004,[]
2026-06-10,12:59:25.595371,[]
2026-06-10,12:59:25.628738,[]
2026-06-10,12:59:25.662105,[]
2026-06-10,12:59:25.695472,[]
2026-06-10,12:59:25.728839,[]
2026-06-10,12:59:25.762206,[]
2026-06-10,12:59:25.795573,[]
2026-06-10,12:59:25.828940,[]
2026-06-10,12:59:25.862307,[]
2026-06-10,12:59:25.895674,[]
2026-06-10,12:59:25.929041,[]
2026-06-10,12:59:25.962408,[]
2026-06-10,12:59:25.995775,[]
2026-06-10,12:59:26.029142,[]
2026-06-10,12:59:26.062509,[]
2026-06-10,12:59:26.095876,[]
2026-06-10,12:59:26.129243,[]
2026-06-10,12:59:26.162610,[]
2026-06-10,12:59:26.195977,[]
2026-06-10,12:59:26.229344,[]
2026-06-10,12:59:26.262711,[]
2026-06-10,12:59:26.296078,[]
2026-06-10,12:59:26.329445,[]
2026-06-10,12:59:26.362812,[]
2026-06-10,12:59:26.396179,[]
2026-06-10,12:59:26.429546,[]
2026-06-10,12:59:26.462913,[]
2026-06-10,12:59:26.496280,[]
2026-06-10,12:59:26.529647,[]
2026-06-10,12:59:26.563014,[]
2026-06-10,12:59:26.596381,[]
2026-06-10,12:59:26.629748,[]
2026-06-10,12:59:26.663115,[]
2026-06-10,12:59:26.696482,[]
2026-06-10,12:59:26.729849,[]
2026-06-10,12:59:26.763216,[]
2026-06-10,12:59:26.796583,[]
2026-06-10,12:59:26.829950,[]
2026-06-10,12:59:26.863317,[]
2026-06-10,12:59:26.896684,[]
2026-06-10,12:59:26.930051,[]
2026-06-10,12:59:26.963418,[]
2026-06-10,12:59:26.996785,[]
2026-06-10,12:59:27.030152,[]
2026-06-10,12:59:27.063519,[]
2026-06-10,12:59:27.096886,[]
2026-06-10,12:59:27.130253,[]
2026-06-10,12:59:27.163620,[]
2026-06-10,12:59:27.196987,[]
2026-06-10,12:59:27.230354,[]
2026-06-10,12:59:27.263721,[]
2026-06-10,12:59:27.297088,[]
2026-06-10,12:59:27.330455,[]
2026-06-10,12:59:27.363822,[]
2026-06-10,12:59:27.397189,[]
2026-06-10,12:59:27.430556,[]
2026-06-10,12:59:27.463923,[]
2026-06-10,12:59:27.497290,[]
2026-06-10,12:59:27.530657,[]
2026-06-10,12:59:27.564024,[]
2026-06-10,12:59:27.597391,[]
2026-06-10,12:59:27.630758,[]
2026-06-10,12:59:27.664125,[]
2026-06-10,12:59:27.697492,[]
2026-06-10,12:59:27.730859,[]
2026-06-10,12:59:27.764226,[]
2026-06-10,12:59:27.797593,[]
2026-06-10,12:59:27.830960,[]
2026-06-10,12:59:27.864327,[]
2026-06-10,12:59:27.897694,[]
2026-06-10,12:59:27.931061,[]
2026-06-10,12:59:27.964428,[]
2026-06-10,12:59:27.997795,[]
2026-06-10,12:59:28.031162,[]
2026-06-10,12:59:28.064529,[]
2026-06-10,12:59:28.097896,[]
2026-06-10,12:59:28.131263,[]
2026-06-10,12:59:28.164630,[]
2026-06-10,12:59:28.197997,[]
2026-06-10,12:59:28.231364,[]
2026-06-10,12:59:28.264731,[]
2026-06-10,12:59:28.298098,[]
2026-06-10,12:59:28.331465,[]
2026-06-10,12:59:28.364832,[]
2026-06-10,12:59:28.398199,[]
2026-06-10,12:59:28.431566,[]
2026-06-10,12:59:28.464933,[]
2026-06-10,12:59:28.498300,[]
2026-06-10,12:59:28.531667,[]
2026-06-10,12:59:28.565034,[]
2026-06-10,12:59:28.598401,[]
2026-06-10,12:59:28.631768,[]
2026-06-10,12:59:28.665135,[]
2026-06-10,12:59:28.698502,[]
2026-06-10,12:59:28.731869,[]
2026-06-10,12:59:28.765236,[]
2026-06-10,12:59:28.798603,[]
2026-06-10,12:59:28.831970,[]
2026-06-10,12:59:28.865337,[]
2026-06-10,12:59:28.898704,[]
2026-06-10,12:59:28.932071,[]
2026-06-10,12:59:28.965438,[]
2026-06-10,12:59:28.998805,[]
2026-06-10,12:59:29.032172,[]
2026-06-10,12:59:29.065539,[]
2026-06-10,12:59:29.098906,[]
2026-06-10,12:59:29.132273,[]
2026-06-10,12:59:29.165640,[]
2026-06-10,12:59:29.199007,[]
2026-06-10,12:59:29.232374,[]
2026-06-10,12:59:29.265741,[]
2026-06-10,12:59:29.299108,[]
2026-06-10,12:59:29.332475,[]
2026-06-10,12:59:29.365842,[]
2026-06-10,12:59:29.399209,[]
2026-06-10,12:59:29.432576,[]
2026-06-10,12:59:29.465943,[]
2026-06-10,12:59:29.499310,[]
2026-06-10,12:59:29.532677,[]
2026-06-10,12:59:29.566044,[]
2026-06-10,12:59:29.599411,[]
2026-06-10,12:59:29.632778,[]
2026-06-10,12:59:29.666145,[]
2026-06-10,12:59:29.699512,[]
2026-06-10,12:59:29.732879,[]
2026-06-10,12:59:29.766246,[]
2026-06-10,12:59:29.799613,[]
2026-06-10,12:59:29.832980,[]
2026-06-10,12:59:29.866347,[]
2026-06-10,12:59:29.899714,[]
2026-06-10,12:59:29.933081,[]
2026-06-10,12:59:29.966448,[]
2026-06-10,12:59:29.999815,[]
2026-06-10,12:59:30.033182,[]
2026-06-10,12:59:30.066549,[]
2026-06-10,12:59:30.099916,[]
2026-06-10,12:59:30.133283,[]
2026-06-10,12:59:30.166650,[]
2026-06-10,12:59:30.200017,[]
2026-06-10,12:59:30.233384,[]
2026-06-10,12:59:30.266751,[]
2026-06-10,12:59:30.300118,[]
2026-06-10,12:59:30.333485,[]
2026-06-10,12:59:30.366852,[]
2026-06-10,12:59:30.400219,[]
2026-06-10,12:59:30.433586,[]
2026-06-10,12:59:30.466953,[]
2026-06-10,12:59:30.500320,[]
2026-06-10,12:59:30.533687,[]
2026-06-10,12:59:30.567054,[]
2026-06-10,12:59:30.600421,[]
2026-06-10,12:59:30.633788,[]
2026-06-10,12:59:30.667155,[]
2026-06-10,12:59:30.700522,[]
2026-06-10,12:59:30.733889,[]
2026-06-10,12:59:30.767256,[]
2026-06-10,12:59:30.800623,[]
2026-06-10,12:59:30.833990,[]
2026-06-10,12:59:30.867357,[]
2026-06-10,12:59:30.900724,[]
2026-06-10,12:59:30.934091,[]
2026-06-10,12:59:30.967458,[]
2026-06-10,12:59:31.000825,[]
2026-06-10,12:59:31.034192,[]
2026-06-10,12:59:31.067559,[]
2026-06-10,12:59:31.100926,[]
2026-06-10,12:59:31.134293,[]
2026-06-10,12:59:31.167660,[]
2026-06-10,12:59:31.201027,[]
2026-06-10,12:59:31.234394,[]
2026-06-10,12:59:31.267761,[]
2026-06-10,12:59:31.301128,[]
2026-06-10,12:59:31.334495,[]
2026-06-10,12:59:31.367862,[]
2026-06-10,12:59:31.401229,[]
2026-06-10,12:59:31.434596,[]
2026-06-10,12:59:31.467963,[]
2026-06-10,12:59:31.501330,[]
2026-06-10,12:59:31.534697,[]
2026-06-10,12:59:31.568064,[]
2026-06-10,12:59:31.601431,[]
2026-06-10,12:59:31.634798,[]
2026-06-10,12:59:31.668165,[]
2026-06-10,12:59:31.701532,[]
2026-06-10,12:59:31.734899,[]
2026-06-10,12:59:31.768266,[]
2026-06-10,12:59:31.801633,[]
2026-06-10,12:59:31.835000,[]
2026-06-10,12:59:31.868367,[]
2026-06-10,12:59:31.901734,[]
2026-06-10,12:59:31.935101,[]
2026-06-10,12:59:31.968468,[]
2026-06-10,12:59:32.001835,[]
2026-06-10,12:59:32.035202,[]
2026-06-10,12:59:32.068569,[]
2026-06-10,12:59:32.101936,[]
2026-06-10,12:59:32.135303,[]
2026-06-10,12:59:32.168670,[]
2026-06-10,12:59:32.202037,[]
2026-06-10,12:59:32.235404,[]
2026-06-10,12:59:32.268771,[]
2026-06-10,12:59:32.302138,[]
2026-06-10,12:59:32.335505,[]
2026-06-10,12:59:32.368872,[]
2026-06-10,12:59:32.402239,[]
2026-06-10,12:59:32.435606,[]
2026-06-10,12:59:32.468973,[]
2026-06-10,12:59:32.502340,[]
2026-06-10,12:59:32.535707,[]
2026-06-10,12:59:32.569074,[]
2026-06-10,12:59:32.602441,[]
2026-06-10,12:59:32.635808,[]
2026-06-10,12:59:32.669175,[]
2026-06-10,12:59:32.702542,[]
2026-06-10,12:59:32.735909,[]
2026-06-10,12:59:32.769276,[]
2026-06-10,12:59:32.802643,[]
2026-06-10,12:59:32.836010,[]
2026-06-10,12:59:32.869377,[]
2026-06-10,12:59:32.902744,[]
2026-06-10,12:59:32.936111,[]
2026-06-10,12:59:32.969478,[]
2026-06-10,12:59:33.002845,[]
2026-06-10,12:59:33.036212,[]
2026-06-10,12:59:33.069579,[]
2026-06-10,12:59:33.102946,[]
2026-06-10,12:59:33.136313,[]
2026-06-10,12:59:33.169680,[]
2026-06-10,12:59:33.203047,[]
2026-06-10,12:59:33.236414,[]
2026-06-10,12:59:33.269781,[]
2026-06-10,12:59:33.303148,[]
2026-06-10,12:59:33.336515,[]
2026-06-10,12:59:33.369882,[]
2026-06-10,12:59:33.403249,[]
2026-06-10,12:59:33.436616,[]
2026-06-10,12:59:33.469983,[]
2026-06-10,12:59:33.503350,[]
2026-06-10,12:59:33.536717,[]
2026-06-10,12:59:33.570084,[]
2026-06-10,12:59:33.603451,[]
2026-06-10,12:59:33.636818,[]
2026-06-10,12:59:33.670185,[]
2026-06-10,12:59:33.703552,[]
2026-06-10,12:59:33.736919,[]
2026-06-10,12:59:33.770286,[]
2026-06-10,12:59:33.803653,[]
2026-06-10,12:59:33.837020,[]
2026-06-10,12:59:33.870387,[]
2026-06-10,12:59:33.903754,[]
2026-06-10,12:59:33.937121,[]
2026-06-10,12:59:33.970488,[]
2026-06-10,12:59:34.003855,[]
2026-06-10,12:59:34.037222,[]
2026-06-10,12:59:34.070589,[]
2026-06-10,12:59:34.103956,[]
2026-06-10,12:59:34.137323,[]
2026-06-10,12:59:34.170690,[]
2026-06-10,12:59:34.204057,[]
2026-06-10,12:59:34.237424,[]
2026-06-10,12:59:34.270791,[]
2026-06-10,12:59:34.304158,[]
2026-06-10,12:59:34.337525,[]
2026-06-10,12:59:34.370892,[]
2026-06-10,12:59:34.404259,[]
2026-06-10,12:59:34.437626,[]
2026-06-10,12:59:34.470993,[]
2026-06-10,12:59:34.504360,[]
2026-06-10,12:59:34.537727,[]
2026-06-10,12:59:34.571094,[]
2026-06-10,12:59:34.604461,[]
2026-06-10,12:59:34.637828,[]
2026-06-10,12:59:34.671195,[]
2026-06-10,12:59:34.704562,[]
2026-06-10,12:59:34.737929,[]
2026-06-10,12:59:34.771296,[]
2026-06-10,12:59:34.804663,[]
2026-06-10,12:59:34.838030,[]
2026-06-10,12:59:34.871397,[]
2026-06-10,12:59:34.904764,[]
2026-06-10,12:59:34.938131,[]
2026-06-10,12:59:34.971498,[]
2026-06-10,12:59:35.004865,[]
2026-06-10,12:59:35.038232,[]
2026-06-10,12:59:35.071599,[]
2026-06-10,12:59:35.104966,[]
2026-06-10,12:59:35.138333,[]
2026-06-10,12:59:35.171700,[]
2026-06-10,12:59:35.205067,[]
2026-06-10,12:59:35.238434,[]
2026-06-10,12:59:35.271801,[]
2026-06-10,12:59:35.305168,[]
2026-06-10,12:59:35.338535,[]
2026-06-10,12:59:35.371902,[]
2026-06-10,12:59:35.405269,[]
2026-06-10,12:59:35.438636,[]
2026-06-10,12:59:35.472003,[]
2026-06-10,12:59:35.505370,[]
2026-06-10,12:59:35.538737,[]
2026-06-10,12:59:35.572104,[]
2026-06-10,12:59:35.605471,[]
2026-06-10,12:59:35.638838,[]
2026-06-10,12:59:35.672205,[]
2026-06-10,12:59:35.705572,[]
2026-06-10,12:59:35.738939,[]
2026-06-10,12:59:35.772306,[]
2026-06-10,12:59:35.805673,[]
2026-06-10,12:59:35.839040,[]
2026-06-10,12:59:35.872407,[]
2026-06-10,12:59:35.905774,[]
2026-06-10,12:59:35.939141,[]
2026-06-10,12:59:35.972508,[]
2026-06-10,12:59:36.005875,[]
2026-06-10,12:59:36.039242,[]
2026-06-10,12:59:36.072609,[]
2026-06-10,12:59:36.105976,[]
2026-06-10,12:59:36.139343,[]
2026-06-10,12:59:36.172710,[]
2026-06-10,12:59:36.206077,[]
2026-06-10,12:59:36.239444,[]
2026-06-10,12:59:36.272811,[]
2026-06-10,12:59:36.306178,[]
2026-06-10,12:59:36.339545,[]
2026-06-10,12:59:36.372912,[]
2026-06-10,12:59:36.406279,[]
2026-06-10,12:59:36.439646,[]
2026-06-10,12:59:36.473013,[]
2026-06-10,12:59:36.506380,[]
2026-06-10,12:59:36.539747,[]
2026-06-10,12:59:36.573114,[]
2026-06-10,12:59:36.606481,[]
2026-06-10,12:59:36.639848,[]
2026-06-10,12:59:36.673215,[]
2026-06-10,12:59:36.706582,[]
2026-06-10,12:59:36.739949,[]
2026-06-10,12:59:36.773316,[]
2026-06-10,12:59:36.806683,[]
2026-06-10,12:59:36.840050,[]
2026-06-10,12:59:36.873417,[]
2026-06-10,12:59:36.906784,[]
2026-06-10,12:59:36.940151,[]
2026-06-10,12:59:36.973518,[]
2026-06-10,12:59:37.006885,[]
2026-06-10,12:59:37.040252,[]
2026-06-10,12:59:37.073619,[]
2026-06-10,12:59:37.106986,[]
2026-06-10,12:59:37.140353,[]
2026-06-10,12:59:37.173720,[]
2026-06-10,12:59:37.207087,[]
2026-06-10,12:59:37.240454,[]
2026-06-10,12:59:37.273821,[]
2026-06-10,12:59:37.307188,[]
2026-06-10,12:59:37.340555,[]
2026-06-10,12:59:37.373922,[]
2026-06-10,12:59:37.407289,[]
2026-06-10,12:59:37.440656,[]
2026-06-10,12:59:37.474023,[]
2026-06-10,12:59:37.507390,[]
2026-06-10,12:59:37.540757,[]
2026-06-10,12:59:37.574124,[]
2026-06-10,12:59:37.607491,[]
2026-06-10,12:59:37.640858,[]
2026-06-10,12:59:37.674225,[]
2026-06-10,12:59:37.707592,[]
2026-06-10,12:59:37.740959,[]
2026-06-10,12:59:37.774326,[]
2026-06-10,12:59:37.807693,[]
2026-06-10,12:59:37.841060,[]
2026-06-10,12:59:37.874427,[]
2026-06-10,12:59:37.907794,[]
2026-06-10,12:59:37.941161,[]
2026-06-10,12:59:37.974528,[]
2026-06-10,12:59:38.007895,[]
2026-06-10,12:59:38.041262,[]
2026-06-10,12:59:38.074629,[]
2026-06-10,12:59:38.107996,[]
2026-06-10,12:59:38.141363,[]
2026-06-10,12:59:38.174730,[]
2026-06-10,12:59:38.208097,[]
2026-06-10,12:59:38.241464,[]
2026-06-10,12:59:38.274831,[]
2026-06-10,12:59:38.308198,[]
2026-06-10,12:59:38.341565,[]
2026-06-10,12:59:38.374932,[]
2026-06-10,12:59:38.408299,[]
2026-06-10,12:59:38.441666,[]
2026-06-10,12:59:38.475033,[]
2026-06-10,12:59:38.508400,[]
2026-06-10,12:59:38.541767,[]
2026-06-10,12:59:38.575134,[]
2026-06-10,12:59:38.608501,[]
2026-06-10,12:59:38.641868,[]
2026-06-10,12:59:38.675235,[]
2026-06-10,12:59:38.708602,[]
2026-06-10,12:59:38.741969,[]
2026-06-10,12:59:38.775336,[]
2026-06-10,12:59:38.808703,[]
2026-06-10,12:59:38.842070,[]
2026-06-10,12:59:38.875437,[]
2026-06-10,12:59:38.908804,[]
2026-06-10,12:59:38.942171,[]
2026-06-10,12:59:38.975538,[]
2026-06-10,12:59:39.008905,[]
2026-06-10,12:59:39.042272,[]
2026-06-10,12:59:39.075639,[]
2026-06-10,12:59:39.109006,[]
2026-06-10,12:59:39.142373,[]
2026-06-10,12:59:39.175740,[]
2026-06-10,12:59:39.209107,[]
2026-06-10,12:59:39.242474,[]
2026-06-10,12:59:39.275841,[]
2026-06-10,12:59:39.309208,[]
2026-06-10,12:59:39.342575,[]
2026-06-10,12:59:39.375942,[]
2026-06-10,12:59:39.409309,[]
2026-06-10,12:59:39.442676,[]
2026-06-10,12:59:39.476043,[]
2026-06-10,12:59:39.509410,[]
2026-06-10,12:59:39.542777,[]
2026-06-10,12:59:39.576144,[]
2026-06-10,12:59:39.609511,[]
2026-06-10,12:59:39.642878,[]
2026-06-10,12:59:39.676245,[]
2026-06-10,12:59:39.709612,[]
2026-06-10,12:59:39.742979,[]
2026-06-10,12:59:39.776346,[]
2026-06-10,12:59:39.809713,[]
2026-06-10,12:59:39.843080,[]
2026-06-10,12:59:39.876447,[]
2026-06-10,12:59:39.909814,[]
2026-06-10,12:59:39.943181,[]
2026-06-10,12:59:39.976548,[]
2026-06-10,12:59:40.009915,[]
2026-06-10,12:59:40.043282,[]
2026-06-10,12:59:40.076649,[]
2026-06-10,12:59:40.110016,[]
2026-06-10,12:59:40.143383,[]
2026-06-10,12:59:40.176750,[]
2026-06-10,12:59:40.210117,[]
2026-06-10,12:59:40.243484,[]
2026-06-10,12:59:40.276851,[]
2026-06-10,12:59:40.310218,[]
2026-06-10,12:59:40.343585,[]
2026-06-10,12:59:40.376952,[]
2026-06-10,12:59:40.410319,[]
2026-06-10,12:59:40.443686,[]
2026-06-10,12:59:40.477053,[]
2026-06-10,12:59:40.510420,[]
2026-06-10,12:59:40.543787,[]
2026-06-10,12:59:40.577154,[]
2026-06-10,12:59:40.610521,[]
2026-06-10,12:59:40.643888,[]
2026-06-10,12:59:40.677255,[]
2026-06-10,12:59:40.710622,[]
2026-06-10,12:59:40.743989,[]
2026-06-10,12:59:40.777356,[]
2026-06-10,12:59:40.810723,[]
2026-06-10,12:59:40.844090,[]
2026-06-10,12:59:40.877457,[]
2026-06-10,12:59:40.910824,[]
2026-06-10,12:59:40.944191,[]
2026-06-10,12:59:40.977558,[]
2026-06-10,12:59:41.010925,[]
2026-06-10,12:59:41.044292,[]
2026-06-10,12:59:41.077659,[]
2026-06-10,12:59:41.111026,[]
2026-06-10,12:59:41.144393,[]
2026-06-10,12:59:41.177760,[]
2026-06-10,12:59:41.211127,[]
2026-06-10,12:59:41.244494,[]
2026-06-10,12:59:41.277861,[]
2026-06-10,12:59:41.311228,[]
2026-06-10,12:59:41.344595,[]
2026-06-10,12:59:41.377962,[]
2026-06-10,12:59:41.411329,[]
2026-06-10,12:59:41.444696,[]
2026-06-10,12:59:41.478063,[]
2026-06-10,12:59:41.511430,[]
2026-06-10,12:59:41.544797,[]
2026-06-10,12:59:41.578164,[]
2026-06-10,12:59:41.611531,[]
2026-06-10,12:59:41.644898,[]
2026-06-10,12:59:41.678265,[]
2026-06-10,12:59:41.711632,[]
2026-06-10,12:59:41.744999,[]
2026-06-10,12:59:41.778366,[]
2026-06-10,12:59:41.811733,[]
2026-06-10,12:59:41.845100,[]
2026-06-10,12:59:41.878467,[]
2026-06-10,12:59:41.911834,[]
2026-06-10,12:59:41.945201,[]
2026-06-10,12:59:41.978568,[]
2026-06-10,12:59:42.011935,[]
2026-06-10,12:59:42.045302,[]
2026-06-10,12:59:42.078669,[]
2026-06-10,12:59:42.112036,[]
2026-06-10,12:59:42.145403,[]
2026-06-10,12:59:42.178770,[]
2026-06-10,12:59:42.212137,[]
2026-06-10,12:59:42.245504,[]
2026-06-10,12:59:42.278871,[]
2026-06-10,12:59:42.312238,[]
2026-06-10,12:59:42.345605,[]
2026-06-10,12:59:42.378972,[]
2026-06-10,12:59:42.412339,[]
2026-06-10,12:59:42.445706,[]
2026-06-10,12:59:42.479073,[]
2026-06-10,12:59:42.512440,[]
2026-06-10,12:59:42.545807,[]
2026-06-10,12:59:42.579174,[]
2026-06-10,12:59:42.612541,[]
2026-06-10,12:59:42.645908,[]
2026-06-10,12:59:42.679275,[]
2026-06-10,12:59:42.712642,[]
2026-06-10,12:59:42.746009,[]
2026-06-10,12:59:42.779376,[]
2026-06-10,12:59:42.812743,[]
2026-06-10,12:59:42.846110,[]
2026-06-10,12:59:42.879477,[]
2026-06-10,12:59:42.912844,[]
2026-06-10,12:59:42.946211,[]
2026-06-10,12:59:42.979578,[]
2026-06-10,12:59:43.012945,[]
2026-06-10,12:59:43.046312,[]
2026-06-10,12:59:43.079679,[]
2026-06-10,12:59:43.113046,[]
2026-06-10,12:59:43.146413,[]
2026-06-10,12:59:43.179780,[]
2026-06-10,12:59:43.213147,[]
2026-06-10,12:59:43.246514,[]
2026-06-10,12:59:43.279881,[]
2026-06-10,12:59:43.313248,[]
2026-06-10,12:59:43.346615,[]
2026-06-10,12:59:43.379982,[]
2026-06-10,12:59:43.413349,[]
2026-06-10,12:59:43.446716,[]
2026-06-10,12:59:43.480083,[]
2026-06-10,12:59:43.513450,[]
2026-06-10,12:59:43.546817,[]
2026-06-10,12:59:43.580184,[]
2026-06-10,12:59:43.613551,[]
2026-06-10,12:59:43.646918,[]
2026-06-10,12:59:43.680285,[]
2026-06-10,12:59:43.713652,[]
2026-06-10,12:59:43.747019,[]
2026-06-10,12:59:43.780386,[]
2026-06-10,12:59:43.813753,[]
2026-06-10,12:59:43.847120,[]
2026-06-10,12:59:43.880487,[]
2026-06-10,12:59:43.913854,[]
2026-06-10,12:59:43.947221,[]
2026-06-10,12:59:43.980588,[]
2026-06-10,12:59:44.013955,[]
2026-06-10,12:59:44.047322,[]
2026-06-10,12:59:44.080689,[]
2026-06-10,12:59:44.114056,[]
2026-06-10,12:59:44.147423,[]
2026-06-10,12:59:44.180790,[]
2026-06-10,12:59:44.214157,[]
2026-06-10,12:59:44.247524,[]
2026-06-10,12:59:44.280891,[]
2026-06-10,12:59:44.314258,[]
2026-06-10,12:59:44.347625,[]
2026-06-10,12:59:44.380992,[]
2026-06-10,12:59:44.414359,[]
2026-06-10,12:59:44.447726,[]
2026-06-10,12:59:44.481093,[]
2026-06-10,12:59:44.514460,[]
2026-06-10,12:59:44.547827,[]
2026-06-10,12:59:44.581194,[]
2026-06-10,12:59:44.614561,[]
2026-06-10,12:59:44.647928,[]
2026-06-10,12:59:44.681295,[]
2026-06-10,12:59:44.714662,[]
2026-06-10,12:59:44.748029,[]
2026-06-10,12:59:44.781396,[]
2026-06-10,12:59:44.814763,[]
2026-06-10,12:59:44.848130,[]
2026-06-10,12:59:44.881497,[]
2026-06-10,12:59:44.914864,[]
2026-06-10,12:59:44.948231,[]
2026-06-10,12:59:44.981598,[]
2026-06-10,12:59:45.014965,[]
2026-06-10,12:59:45.048332,[]
2026-06-10,12:59:45.081699,[]
2026-06-10,12:59:45.115066,[]
2026-06-10,12:59:45.148433,[]
2026-06-10,12:59:45.181800,[]
2026-06-10,12:59:45.215167,[]
2026-06-10,12:59:45.248534,[]
2026-06-10,12:59:45.281901,[]
2026-06-10,12:59:45.315268,[]
2026-06-10,12:59:45.348635,[]
2026-06-10,12:59:45.382002,[]
2026-06-10,12:59:45.415369,[]
2026-06-10,12:59:45.448736,[]
2026-06-10,12:59:45.482103,[]
2026-06-10,12:59:45.515470,[]
2026-06-10,12:59:45.548837,[]
2026-06-10,12:59:45.582204,[]
2026-06-10,12:59:45.615571,[]
2026-06-10,12:59:45.648938,[]
2026-06-10,12:59:45.682305,[]
2026-06-10,12:59:45.715672,[]
2026-06-10,12:59:45.749039,[]
2026-06-10,12:59:45.782406,[]
2026-06-10,12:59:45.815773,[]
2026-06-10,12:59:45.849140,[]
2026-06-10,12:59:45.882507,[]
2026-06-10,12:59:45.915874,[]
2026-06-10,12:59:45.949241,[]
2026-06-10,12:59:45.982608,[]
2026-06-10,12:59:46.015975,[]
2026-06-10,12:59:46.049342,[]
2026-06-10,12:59:46.082709,[]
2026-06-10,12:59:46.116076,[]
2026-06-10,12:59:46.149443,[]
2026-06-10,12:59:46.182810,[]
2026-06-10,12:59:46.216177,[]
2026-06-10,12:59:46.249544,[]
2026-06-10,12:59:46.282911,[]
2026-06-10,12:59:46.316278,[]
2026-06-10,12:59:46.349645,[]
2026-06-10,12:59:46.383012,[]
2026-06-10,12:59:46.416379,[]
2026-06-10,12:59:46.449746,[]
2026-06-10,12:59:46.483113,[]
2026-06-10,12:59:46.516480,[]
2026-06-10,12:59:46.549847,[]
2026-06-10,12:59:46.583214,[]
2026-06-10,12:59:46.616581,[]
2026-06-10,12:59:46.649948,[]
2026-06-10,12:59:46.683315,[]
2026-06-10,12:59:46.716682,[]
2026-06-10,12:59:46.750049,[]
2026-06-10,12:59:46.783416,[]
2026-06-10,12:59:46.816783,[]
2026-06-10,12:59:46.850150,[]
2026-06-10,12:59:46.883517,[]
2026-06-10,12:59:46.916884,[]
2026-06-10,12:59:46.950251,[]
2026-06-10,12:59:46.983618,[]
2026-06-10,12:59:47.016985,[]
2026-06-10,12:59:47.050352,[]
2026-06-10,12:59:47.083719,[]
2026-06-10,12:59:47.117086,[]
2026-06-10,12:59:47.150453,[]
2026-06-10,12:59:47.183820,[]
2026-06-10,12:59:47.217187,[]
2026-06-10,12:59:47.250554,[]
2026-06-10,12:59:47.283921,[]
2026-06-10,12:59:47.317288,[]
2026-06-10,12:59:47.350655,[]
2026-06-10,12:59:47.384022,[]
2026-06-10,12:59:47.417389,[]
2026-06-10,12:59:47.450756,[]
2026-06-10,12:59:47.484123,[]
2026-06-10,12:59:47.517490,[]
2026-06-10,12:59:47.550857,[]
2026-06-10,12:59:47.584224,[]
2026-06-10,12:59:47.617591,[]
2026-06-10,12:59:47.650958,[]
2026-06-10,12:59:47.684325,[]
2026-06-10,12:59:47.717692,[]
2026-06-10,12:59:47.751059,[]
2026-06-10,12:59:47.784426,[]
2026-06-10,12:59:47.817793,[]
2026-06-10,12:59:47.851160,[]
2026-06-10,12:59:47.884527,[]
2026-06-10,12:59:47.917894,[]
2026-06-10,12:59:47.951261,[]
2026-06-10,12:59:47.984628,[]
2026-06-10,12:59:48.017995,[]
2026-06-10,12:59:48.051362,[]
2026-06-10,12:59:48.084729,[]
2026-06-10,12:59:48.118096,[]
2026-06-10,12:59:48.151463,[]
2026-06-10,12:59:48.184830,[]
2026-06-10,12:59:48.218197,[]
2026-06-10,12:59:48.251564,[]
2026-06-10,12:59:48.284931,[]
2026-06-10,12:59:48.318298,[]
2026-06-10,12:59:48.351665,[]
2026-06-10,12:59:48.385032,[]
2026-06-10,12:59:48.418399,[]
2026-06-10,12:59:48.451766,[]
2026-06-10,12:59:48.485133,[]
2026-06-10,12:59:48.518500,[]
2026-06-10,12:59:48.551867,[]
2026-06-10,12:59:48.585234,[]
2026-06-10,12:59:48.618601,[]
2026-06-10,12:59:48.651968,[]
2026-06-10,12:59:48.685335,[]
2026-06-10,12:59:48.718702,[]
2026-06-10,12:59:48.752069,[]
2026-06-10,12:59:48.785436,[]
2026-06-10,12:59:48.818803,[]
2026-06-10,12:59:48.852170,[]
2026-06-10,12:59:48.885537,[]
2026-06-10,12:59:48.918904,[]
2026-06-10,12:59:48.952271,[]
2026-06-10,12:59:48.985638,[]
2026-06-10,12:59:49.019005,[]
2026-06-10,12:59:49.052372,[]
2026-06-10,12:59:49.085739,[]
2026-06-10,12:59:49.119106,[]
2026-06-10,12:59:49.152473,[]
2026-06-10,12:59:49.185840,[]
2026-06-10,12:59:49.219207,[]
2026-06-10,12:59:49.252574,[]
2026-06-10,12:59:49.285941,[]
2026-06-10,12:59:49.319308,[]
2026-06-10,12:59:49.352675,[]
2026-06-10,12:59:49.386042,[]
2026-06-10,12:59:49.419409,[]
2026-06-10,12:59:49.452776,[]
2026-06-10,12:59:49.486143,[]
2026-06-10,12:59:49.519510,[]
2026-06-10,12:59:49.552877,[]
2026-06-10,12:59:49.586244,[]
2026-06-10,12:59:49.619611,[]
2026-06-10,12:59:49.652978,[]
2026-06-10,12:59:49.686345,[]
2026-06-10,12:59:49.719712,[]
2026-06-10,12:59:49.753079,[]
2026-06-10,12:59:49.786446,[]
2026-06-10,12:59:49.819813,[]
2026-06-10,12:59:49.853180,[]
2026-06-10,12:59:49.886547,[]
2026-06-10,12:59:49.919914,[]
2026-06-10,12:59:49.953281,[]
2026-06-10,12:59:49.986648,[]
2026-06-10,12:59:50.020015,[]
2026-06-10,12:59:50.053382,[]
2026-06-10,12:59:50.086749,[]
2026-06-10,12:59:50.120116,[]
2026-06-10,12:59:50.153483,[]
2026-06-10,12:59:50.186850,[]
2026-06-10,12:59:50.220217,[]
2026-06-10,12:59:50.253584,[]
2026-06-10,12:59:50.286951,[]
2026-06-10,12:59:50.320318,[]
2026-06-10,12:59:50.353685,[]
2026-06-10,12:59:50.387052,[]
2026-06-10,12:59:50.420419,[]
2026-06-10,12:59:50.453786,[]
2026-06-10,12:59:50.487153,[]
2026-06-10,12:59:50.520520,[]
2026-06-10,12:59:50.553887,[]
2026-06-10,12:59:50.587254,[]
2026-06-10,12:59:50.620621,[]
2026-06-10,12:59:50.653988,[]
2026-06-10,12:59:50.687355,[]
2026-06-10,12:59:50.720722,[]
2026-06-10,12:59:50.754089,[]
2026-06-10,12:59:50.787456,[]
2026-06-10,12:59:50.820823,[]
2026-06-10,12:59:50.854190,[]
2026-06-10,12:59:50.887557,[]
2026-06-10,12:59:50.920924,[]
2026-06-10,12:59:50.954291,[]
2026-06-10,12:59:50.987658,[]
2026-06-10,12:59:51.021025,[]
2026-06-10,12:59:51.054392,[]
2026-06-10,12:59:51.087759,[]
2026-06-10,12:59:51.121126,[]
2026-06-10,12:59:51.154493,[]
2026-06-10,12:59:51.187860,[]
2026-06-10,12:59:51.221227,[]
2026-06-10,12:59:51.254594,[]
2026-06-10,12:59:51.287961,[]
2026-06-10,12:59:51.321328,[]
2026-06-10,12:59:51.354695,[]
2026-06-10,12:59:51.388062,[]
2026-06-10,12:59:51.421429,[]
2026-06-10,12:59:51.454796,[]
2026-06-10,12:59:51.488163,[]
2026-06-10,12:59:51.521530,[]
2026-06-10,12:59:51.554897,[]
2026-06-10,12:59:51.588264,[]
2026-06-10,12:59:51.621631,[]
2026-06-10,12:59:51.654998,[]
2026-06-10,12:59:51.688365,[]
2026-06-10,12:59:51.721732,[]
2026-06-10,12:59:51.755099,[]
2026-06-10,12:59:51.788466,[]
2026-06-10,12:59:51.821833,[]
2026-06-10,12:59:51.855200,[]
2026-06-10,12:59:51.888567,[]
2026-06-10,12:59:51.921934,[]
2026-06-10,12:59:51.955301,[]
2026-06-10,12:59:51.988668,[]
2026-06-10,12:59:52.022035,[]
2026-06-10,12:59:52.055402,[]
2026-06-10,12:59:52.088769,[]
2026-06-10,12:59:52.122136,[]
2026-06-10,12:59:52.155503,[]
2026-06-10,12:59:52.188870,[]
2026-06-10,12:59:52.222237,[]
2026-06-10,12:59:52.255604,[]
2026-06-10,12:59:52.288971,[]
2026-06-10,12:59:52.322338,[]
2026-06-10,12:59:52.355705,[]
2026-06-10,12:59:52.389072,[]
2026-06-10,12:59:52.422439,[]
2026-06-10,12:59:52.455806,[]
2026-06-10,12:59:52.489173,[]
2026-06-10,12:59:52.522540,[]
2026-06-10,12:59:52.555907,[]
2026-06-10,12:59:52.589274,[]
2026-06-10,12:59:52.622641,[]
2026-06-10,12:59:52.656008,[]
2026-06-10,12:59:52.689375,[]
2026-06-10,12:59:52.722742,[]
2026-06-10,12:59:52.756109,[]
2026-06-10,12:59:52.789476,[]
2026-06-10,12:59:52.822843,[]
2026-06-10,12:59:52.856210,[]
2026-06-10,12:59:52.889577,[]
2026-06-10,12:59:52.922944,[]
2026-06-10,12:59:52.956311,[]
2026-06-10,12:59:52.989678,[]
2026-06-10,12:59:53.023045,[]
2026-06-10,12:59:53.056412,[]
2026-06-10,12:59:53.089779,[]
2026-06-10,12:59:53.123146,[]
2026-06-10,12:59:53.156513,[]
2026-06-10,12:59:53.189880,[]
2026-06-10,12:59:53.223247,[]
2026-06-10,12:59:53.256614,[]
2026-06-10,12:59:53.289981,[]
2026-06-10,12:59:53.323348,[]
2026-06-10,12:59:53.356715,[]
2026-06-10,12:59:53.390082,[]
2026-06-10,12:59:53.423449,[]
2026-06-10,12:59:53.456816,[]
2026-06-10,12:59:53.490183,[]
2026-06-10,12:59:53.523550,[]
2026-06-10,12:59:53.556917,[]
2026-06-10,12:59:53.590284,[]
2026-06-10,12:59:53.623651,[]
2026-06-10,12:59:53.657018,[]
2026-06-10,12:59:53.690385,[]
2026-06-10,12:59:53.723752,[]
2026-06-10,12:59:53.757119,[]
2026-06-10,12:59:53.790486,[]
2026-06-10,12:59:53.823853,[]
2026-06-10,12:59:53.857220,[]
2026-06-10,12:59:53.890587,[]
2026-06-10,12:59:53.923954,[]
2026-06-10,12:59:53.957321,[]
2026-06-10,12:59:53.990688,[]
2026-06-10,12:59:54.024055,[]
2026-06-10,12:59:54.057422,[]
2026-06-10,12:59:54.090789,[]
2026-06-10,12:59:54.124156,[]
2026-06-10,12:59:54.157523,[]
2026-06-10,12:59:54.190890,[]
2026-06-10,12:59:54.224257,[]
2026-06-10,12:59:54.257624,['BL99871']
2026-06-10,12:59:54.290991,[]
2026-06-10,12:59:54.324358,[]
2026-06-10,12:59:54.357725,[]
2026-06-10,12:59:54.391092,[]
2026-06-10,12:59:54.424459,[]
2026-06-10,12:59:54.457826,[]
2026-06-10,12:59:54.491193,[]
2026-06-10,12:59:54.524560,[]
2026-06-10,12:59:54.557927,[]
2026-06-10,12:59:54.591294,[]
2026-06-10,12:59:54.624661,[]
2026-06-10,12:59:54.658028,[]
2026-06-10,12:59:54.691395,[]
2026-06-10,12:59:54.724762,[]
2026-06-10,12:59:54.758129,[]
2026-06-10,12:59:54.791496,[]
2026-06-10,12:59:54.824863,[]
2026-06-10,12:59:54.858230,[]
2026-06-10,12:59:54.891597,[]
2026-06-10,12:59:54.924964,[]
2026-06-10,12:59:54.958331,[]
2026-06-10,12:59:54.991698,[]
2026-06-10,12:59:55.025065,[]
2026-06-10,12:59:55.058432,[]
2026-06-10,12:59:55.091799,[]
2026-06-10,12:59:55.125166,[]
2026-06-10,12:59:55.158533,[]
2026-06-10,12:59:55.191900,[]
2026-06-10,12:59:55.225267,[]
2026-06-10,12:59:55.258634,[]
2026-06-10,12:59:55.292001,[]
2026-06-10,12:59:55.325368,[]
2026-06-10,12:59:55.358735,[]
2026-06-10,12:59:55.392102,[]
2026-06-10,12:59:55.425469,[]
2026-06-10,12:59:55.458836,[]
2026-06-10,12:59:55.492203,[]
2026-06-10,12:59:55.525570,[]
2026-06-10,12:59:55.558937,[]
2026-06-10,12:59:55.592304,[]
2026-06-10,12:59:55.625671,[]
2026-06-10,12:59:55.659038,[]
2026-06-10,12:59:55.692405,[]
2026-06-10,12:59:55.725772,[]
2026-06-10,12:59:55.759139,[]
2026-06-10,12:59:55.792506,[]
2026-06-10,12:59:55.825873,[]
2026-06-10,12:59:55.859240,[]
2026-06-10,12:59:55.892607,[]
2026-06-10,12:59:55.925974,[]
2026-06-10,12:59:55.959341,[]
2026-06-10,12:59:55.992708,[]
2026-06-10,12:59:56.026075,[]
2026-06-10,12:59:56.059442,[]
2026-06-10,12:59:56.092809,[]
2026-06-10,12:59:56.126176,[]
2026-06-10,12:59:56.159543,[]
2026-06-10,12:59:56.192910,[]
2026-06-10,12:59:56.226277,[]
2026-06-10,12:59:56.259644,[]
2026-06-10,12:59:56.293011,[]
2026-06-10,12:59:56.326378,[]
2026-06-10,12:59:56.359745,[]
2026-06-10,12:59:56.393112,[]
2026-06-10,12:59:56.426479,[]
2026-06-10,12:59:56.459846,[]
2026-06-10,12:59:56.493213,[]
2026-06-10,12:59:56.526580,[]
2026-06-10,12:59:56.559947,[]
2026-06-10,12:59:56.593314,[]
2026-06-10,12:59:56.626681,[]
2026-06-10,12:59:56.660048,[]
2026-06-10,12:59:56.693415,[]
2026-06-10,12:59:56.726782,[]
2026-06-10,12:59:56.760149,[]
2026-06-10,12:59:56.793516,[]
2026-06-10,12:59:56.826883,[]
2026-06-10,12:59:56.860250,[]
2026-06-10,12:59:56.893617,[]
2026-06-10,12:59:56.926984,[]
2026-06-10,12:59:56.960351,[]
2026-06-10,12:59:56.993718,[]
2026-06-10,12:59:57.027085,[]
2026-06-10,12:59:57.060452,[]
2026-06-10,12:59:57.093819,[]
2026-06-10,12:59:57.127186,[]
2026-06-10,12:59:57.160553,[]
2026-06-10,12:59:57.193920,[]
2026-06-10,12:59:57.227287,[]
2026-06-10,12:59:57.260654,[]
2026-06-10,12:59:57.294021,[]
2026-06-10,12:59:57.327388,[]
2026-06-10,12:59:57.360755,[]
2026-06-10,12:59:57.394122,[]
2026-06-10,12:59:57.427489,[]
2026-06-10,12:59:57.460856,[]
2026-06-10,12:59:57.494223,[]
2026-06-10,12:59:57.527590,[]
2026-06-10,12:59:57.560957,[]
2026-06-10,12:59:57.594324,[]
2026-06-10,12:59:57.627691,[]
2026-06-10,12:59:57.661058,[]
2026-06-10,12:59:57.694425,[]
2026-06-10,12:59:57.727792,[]
2026-06-10,12:59:57.761159,[]
2026-06-10,12:59:57.794526,[]
2026-06-10,12:59:57.827893,[]
2026-06-10,12:59:57.861260,[]
2026-06-10,12:59:57.894627,[]
2026-06-10,12:59:57.927994,[]
2026-06-10,12:59:57.961361,[]
2026-06-10,12:59:57.994728,[]
2026-06-10,12:59:58.028095,[]
2026-06-10,12:59:58.061462,[]
2026-06-10,12:59:58.094829,[]
2026-06-10,12:59:58.128196,[]
2026-06-10,12:59:58.161563,[]
2026-06-10,12:59:58.194930,[]
2026-06-10,12:59:58.228297,[]
2026-06-10,12:59:58.261664,[]
2026-06-10,12:59:58.295031,[]
2026-06-10,12:59:58.328398,[]
2026-06-10,12:59:58.361765,[]
2026-06-10,12:59:58.395132,[]
2026-06-10,12:59:58.428499,[]
2026-06-10,12:59:58.461866,[]
2026-06-10,12:59:58.495233,[]
2026-06-10,12:59:58.528600,[]
2026-06-10,12:59:58.561967,[]
2026-06-10,12:59:58.595334,[]
2026-06-10,12:59:58.628701,[]
2026-06-10,12:59:58.662068,[]
2026-06-10,12:59:58.695435,[]
2026-06-10,12:59:58.728802,[]
2026-06-10,12:59:58.762169,[]
2026-06-10,12:59:58.795536,[]
2026-06-10,12:59:58.828903,[]
2026-06-10,12:59:58.862270,[]
2026-06-10,12:59:58.895637,[]
2026-06-10,12:59:58.929004,[]
2026-06-10,12:59:58.962371,[]
2026-06-10,12:59:58.995738,[]
2026-06-10,12:59:59.029105,[]
2026-06-10,12:59:59.062472,[]
2026-06-10,12:59:59.095839,[]
2026-06-10,12:59:59.129206,[]
2026-06-10,12:59:59.162573,[]
2026-06-10,12:59:59.195940,[]
2026-06-10,12:59:59.229307,[]
2026-06-10,12:59:59.262674,[]
2026-06-10,12:59:59.296041,[]
2026-06-10,12:59:59.329408,[]
2026-06-10,12:59:59.362775,[]
2026-06-10,12:59:59.396142,[]
2026-06-10,12:59:59.429509,[]
2026-06-10,12:59:59.462876,[]
2026-06-10,12:59:59.496243,[]
2026-06-10,12:59:59.529610,['EN31670']
2026-06-10,12:59:59.562977,[]
2026-06-10,12:59:59.596344,[]
2026-06-10,12:59:59.629711,[]
2026-06-10,12:59:59.663078,[]
2026-06-10,12:59:59.696445,[]
2026-06-10,12:59:59.729812,[]
2026-06-10,12:59:59.763179,[]
2026-06-10,12:59:59.796546,[]
2026-06-10,12:59:59.829913,[]
2026-06-10,12:59:59.863280,[]
2026-06-10,12:59:59.896647,[]
2026-06-10,12:59:59.930014,[]
2026-06-10,12:59:59.963381,[]
2026-06-10,12:59:59.996748,[]
2026-06-10,13:00:00.030115,[]
2026-06-10,13:00:00.063482,[]
2026-06-10,13:00:00.096849,[]
2026-06-10,13:00:00.130216,[]
2026-06-10,13:00:00.163583,[]
2026-06-10,13:00:00.196950,[]
2026-06-10,13:00:00.230317,[]
2026-06-10,13:00:00.263684,[]
2026-06-10,13:00:00.297051,[]
2026-06-10,13:00:00.330418,[]
2026-06-10,13:00:00.363785,[]
2026-06-10,13:00:00.397152,[]
2026-06-10,13:00:00.430519,[]
2026-06-10,13:00:00.463886,[]
2026-06-10,13:00:00.497253,[]
2026-06-10,13:00:00.530620,[]
2026-06-10,13:00:00.563987,[]
2026-06-10,13:00:00.597354,[]
2026-06-10,13:00:00.630721,[]
2026-06-10,13:00:00.664088,[]
2026-06-10,13:00:00.697455,[]
2026-06-10,13:00:00.730822,[]
2026-06-10,13:00:00.764189,[]
2026-06-10,13:00:00.797556,[]
2026-06-10,13:00:00.830923,[]
2026-06-10,13:00:00.864290,[]
2026-06-10,13:00:00.897657,[]
2026-06-10,13:00:00.931024,[]
2026-06-10,13:00:00.964391,[]
2026-06-10,13:00:00.997758,[]
2026-06-10,13:00:01.031125,[]
2026-06-10,13:00:01.064492,[]
2026-06-10,13:00:01.097859,[]
2026-06-10,13:00:01.131226,[]
2026-06-10,13:00:01.164593,[]
2026-06-10,13:00:01.197960,[]
2026-06-10,13:00:01.231327,[]
2026-06-10,13:00:01.264694,[]
2026-06-10,13:00:01.298061,[]
2026-06-10,13:00:01.331428,[]
2026-06-10,13:00:01.364795,[]
2026-06-10,13:00:01.398162,[]
2026-06-10,13:00:01.431529,[]
2026-06-10,13:00:01.464896,[]
2026-06-10,13:00:01.498263,[]
2026-06-10,13:00:01.531630,[]
2026-06-10,13:00:01.564997,[]
2026-06-10,13:00:01.598364,[]
2026-06-10,13:00:01.631731,[]
2026-06-10,13:00:01.665098,[]
2026-06-10,13:00:01.698465,[]
2026-06-10,13:00:01.731832,[]
2026-06-10,13:00:01.765199,[]
2026-06-10,13:00:01.798566,[]
2026-06-10,13:00:01.831933,[]
2026-06-10,13:00:01.865300,[]
2026-06-10,13:00:01.898667,[]
2026-06-10,13:00:01.932034,[]
2026-06-10,13:00:01.965401,[]
2026-06-10,13:00:01.998768,[]
2026-06-10,13:00:02.032135,[]
2026-06-10,13:00:02.065502,[]
2026-06-10,13:00:02.098869,[]
2026-06-10,13:00:02.132236,[]
2026-06-10,13:00:02.165603,[]
2026-06-10,13:00:02.198970,[]
2026-06-10,13:00:02.232337,[]
2026-06-10,13:00:02.265704,[]
2026-06-10,13:00:02.299071,[]
2026-06-10,13:00:02.332438,[]
2026-06-10,13:00:02.365805,[]
2026-06-10,13:00:02.399172,[]
2026-06-10,13:00:02.432539,[]
2026-06-10,13:00:02.465906,[]
2026-06-10,13:00:02.499273,[]
2026-06-10,13:00:02.532640,[]
2026-06-10,13:00:02.566007,[]
2026-06-10,13:00:02.599374,[]
2026-06-10,13:00:02.632741,[]
2026-06-10,13:00:02.666108,[]
2026-06-10,13:00:02.699475,[]
2026-06-10,13:00:02.732842,[]
2026-06-10,13:00:02.766209,[]
2026-06-10,13:00:02.799576,[]
2026-06-10,13:00:02.832943,[]
2026-06-10,13:00:02.866310,[]
2026-06-10,13:00:02.899677,[]
2026-06-10,13:00:02.933044,[]
2026-06-10,13:00:02.966411,[]
2026-06-10,13:00:02.999778,[]
2026-06-10,13:00:03.033145,[]
2026-06-10,13:00:03.066512,[]
2026-06-10,13:00:03.099879,[]
2026-06-10,13:00:03.133246,[]
2026-06-10,13:00:03.166613,[]
2026-06-10,13:00:03.199980,[]
2026-06-10,13:00:03.233347,[]
2026-06-10,13:00:03.266714,[]
2026-06-10,13:00:03.300081,[]
2026-06-10,13:00:03.333448,[]
2026-06-10,13:00:03.366815,[]
2026-06-10,13:00:03.400182,[]
2026-06-10,13:00:03.433549,[]
2026-06-10,13:00:03.466916,[]
2026-06-10,13:00:03.500283,[]
2026-06-10,13:00:03.533650,[]
2026-06-10,13:00:03.567017,[]
2026-06-10,13:00:03.600384,[]
2026-06-10,13:00:03.633751,[]
2026-06-10,13:00:03.667118,[]
2026-06-10,13:00:03.700485,[]
2026-06-10,13:00:03.733852,[]
2026-06-10,13:00:03.767219,[]
2026-06-10,13:00:03.800586,[]
2026-06-10,13:00:03.833953,[]
2026-06-10,13:00:03.867320,[]
2026-06-10,13:00:03.900687,[]
2026-06-10,13:00:03.934054,[]
2026-06-10,13:00:03.967421,[]
2026-06-10,13:00:04.000788,[]
2026-06-10,13:00:04.034155,[]
2026-06-10,13:00:04.067522,[]
2026-06-10,13:00:04.100889,[]
2026-06-10,13:00:04.134256,[]
2026-06-10,13:00:04.167623,[]
2026-06-10,13:00:04.200990,[]
2026-06-10,13:00:04.234357,[]
2026-06-10,13:00:04.267724,[]
2026-06-10,13:00:04.301091,[]
2026-06-10,13:00:04.334458,[]
2026-06-10,13:00:04.367825,[]
2026-06-10,13:00:04.401192,[]
2026-06-10,13:00:04.434559,[]
2026-06-10,13:00:04.467926,[]
2026-06-10,13:00:04.501293,[]
2026-06-10,13:00:04.534660,[]
2026-06-10,13:00:04.568027,[]
2026-06-10,13:00:04.601394,[]
2026-06-10,13:00:04.634761,[]
2026-06-10,13:00:04.668128,[]
2026-06-10,13:00:04.701495,[]
2026-06-10,13:00:04.734862,[]
2026-06-10,13:00:04.768229,[]
2026-06-10,13:00:04.801596,[]
2026-06-10,13:00:04.834963,[]
2026-06-10,13:00:04.868330,[]
2026-06-10,13:00:04.901697,[]
2026-06-10,13:00:04.935064,[]
2026-06-10,13:00:04.968431,[]
2026-06-10,13:00:05.001798,[]
2026-06-10,13:00:05.035165,[]
2026-06-10,13:00:05.068532,[]
2026-06-10,13:00:05.101899,[]
2026-06-10,13:00:05.135266,[]
2026-06-10,13:00:05.168633,[]
2026-06-10,13:00:05.202000,[]
2026-06-10,13:00:05.235367,[]
2026-06-10,13:00:05.268734,[]
2026-06-10,13:00:05.302101,[]
2026-06-10,13:00:05.335468,[]
2026-06-10,13:00:05.368835,[]
2026-06-10,13:00:05.402202,[]
2026-06-10,13:00:05.435569,[]
2026-06-10,13:00:05.468936,[]
2026-06-10,13:00:05.502303,[]
2026-06-10,13:00:05.535670,[]
2026-06-10,13:00:05.569037,['CP48804']
2026-06-10,13:00:05.602404,['CP78804']
2026-06-10,13:00:05.635771,[]
2026-06-10,13:00:05.669138,[]
2026-06-10,13:00:05.702505,[]
2026-06-10,13:00:05.735872,[]
2026-06-10,13:00:05.769239,[]
2026-06-10,13:00:05.802606,[]
2026-06-10,13:00:05.835973,[]
2026-06-10,13:00:05.869340,[]
2026-06-10,13:00:05.902707,[]
2026-06-10,13:00:05.936074,[]
2026-06-10,13:00:05.969441,[]
2026-06-10,13:00:06.002808,[]
2026-06-10,13:00:06.036175,[]
2026-06-10,13:00:06.069542,[]
2026-06-10,13:00:06.102909,[]
2026-06-10,13:00:06.136276,[]
2026-06-10,13:00:06.169643,[]
2026-06-10,13:00:06.203010,[]
2026-06-10,13:00:06.236377,[]
2026-06-10,13:00:06.269744,[]
2026-06-10,13:00:06.303111,[]
2026-06-10,13:00:06.336478,[]
2026-06-10,13:00:06.369845,[]
2026-06-10,13:00:06.403212,[]
2026-06-10,13:00:06.436579,[]
2026-06-10,13:00:06.469946,[]
2026-06-10,13:00:06.503313,[]
2026-06-10,13:00:06.536680,[]
2026-06-10,13:00:06.570047,[]
2026-06-10,13:00:06.603414,[]
2026-06-10,13:00:06.636781,[]
2026-06-10,13:00:06.670148,[]
2026-06-10,13:00:06.703515,[]
2026-06-10,13:00:06.736882,[]
2026-06-10,13:00:06.770249,[]
2026-06-10,13:00:06.803616,[]
2026-06-10,13:00:06.836983,[]
2026-06-10,13:00:06.870350,[]
2026-06-10,13:00:06.903717,[]
2026-06-10,13:00:06.937084,[]
2026-06-10,13:00:06.970451,[]
2026-06-10,13:00:07.003818,[]
2026-06-10,13:00:07.037185,[]
2026-06-10,13:00:07.070552,[]
2026-06-10,13:00:07.103919,[]
2026-06-10,13:00:07.137286,[]
2026-06-10,13:00:07.170653,[]
2026-06-10,13:00:07.204020,[]
2026-06-10,13:00:07.237387,[]
2026-06-10,13:00:07.270754,[]
2026-06-10,13:00:07.304121,[]
2026-06-10,13:00:07.337488,[]
2026-06-10,13:00:07.370855,[]
2026-06-10,13:00:07.404222,[]
2026-06-10,13:00:07.437589,[]
2026-06-10,13:00:07.470956,[]
2026-06-10,13:00:07.504323,[]
2026-06-10,13:00:07.537690,[]
2026-06-10,13:00:07.571057,[]
2026-06-10,13:00:07.604424,[]
2026-06-10,13:00:07.637791,[]
2026-06-10,13:00:07.671158,[]
2026-06-10,13:00:07.704525,[]
2026-06-10,13:00:07.737892,[]
2026-06-10,13:00:07.771259,[]
2026-06-10,13:00:07.804626,[]
2026-06-10,13:00:07.837993,[]
2026-06-10,13:00:07.871360,[]
2026-06-10,13:00:07.904727,[]
2026-06-10,13:00:07.938094,['EC66831']
2026-06-10,13:00:07.971461,['EC66831']
2026-06-10,13:00:08.004828,['EC66831']
2026-06-10,13:00:08.038195,[]
2026-06-10,13:00:08.071562,[]
2026-06-10,13:00:08.104929,[]
2026-06-10,13:00:08.138296,[]
2026-06-10,13:00:08.171663,[]
2026-06-10,13:00:08.205030,[]
2026-06-10,13:00:08.238397,[]
2026-06-10,13:00:08.271764,[]
2026-06-10,13:00:08.305131,[]
2026-06-10,13:00:08.338498,[]
2026-06-10,13:00:08.371865,[]
2026-06-10,13:00:08.405232,[]
2026-06-10,13:00:08.438599,[]
2026-06-10,13:00:08.471966,[]
2026-06-10,13:00:08.505333,[]
2026-06-10,13:00:08.538700,[]
2026-06-10,13:00:08.572067,[]
2026-06-10,13:00:08.605434,[]
2026-06-10,13:00:08.638801,[]
2026-06-10,13:00:08.672168,[]
2026-06-10,13:00:08.705535,[]
2026-06-10,13:00:08.738902,[]
2026-06-10,13:00:08.772269,[]
2026-06-10,13:00:08.805636,[]
2026-06-10,13:00:08.839003,[]
2026-06-10,13:00:08.872370,[]
2026-06-10,13:00:08.905737,[]
2026-06-10,13:00:08.939104,[]
2026-06-10,13:00:08.972471,[]
2026-06-10,13:00:09.005838,[]
2026-06-10,13:00:09.039205,[]
2026-06-10,13:00:09.072572,[]
2026-06-10,13:00:09.105939,[]
2026-06-10,13:00:09.139306,[]
2026-06-10,13:00:09.172673,[]
2026-06-10,13:00:09.206040,[]
2026-06-10,13:00:09.239407,[]
2026-06-10,13:00:09.272774,[]
2026-06-10,13:00:09.306141,[]
2026-06-10,13:00:09.339508,[]
2026-06-10,13:00:09.372875,[]
2026-06-10,13:00:09.406242,[]
2026-06-10,13:00:09.439609,[]
2026-06-10,13:00:09.472976,[]
2026-06-10,13:00:09.506343,[]
2026-06-10,13:00:09.539710,[]
2026-06-10,13:00:09.573077,[]
2026-06-10,13:00:09.606444,[]
2026-06-10,13:00:09.639811,[]
2026-06-10,13:00:09.673178,[]
2026-06-10,13:00:09.706545,[]
2026-06-10,13:00:09.739912,[]
2026-06-10,13:00:09.773279,[]
2026-06-10,13:00:09.806646,[]
2026-06-10,13:00:09.840013,[]
2026-06-10,13:00:09.873380,[]
2026-06-10,13:00:09.906747,[]
2026-06-10,13:00:09.940114,[]
2026-06-10,13:00:09.973481,[]
2026-06-10,13:00:10.006848,[]
2026-06-10,13:00:10.040215,[]
2026-06-10,13:00:10.073582,[]
2026-06-10,13:00:10.106949,[]
2026-06-10,13:00:10.140316,[]
2026-06-10,13:00:10.173683,[]
2026-06-10,13:00:10.207050,[]
2026-06-10,13:00:10.240417,[]
2026-06-10,13:00:10.273784,[]
2026-06-10,13:00:10.307151,[]
2026-06-10,13:00:10.340518,[]
2026-06-10,13:00:10.373885,[]
2026-06-10,13:00:10.407252,[]
2026-06-10,13:00:10.440619,[]
2026-06-10,13:00:10.473986,[]
2026-06-10,13:00:10.507353,[]
2026-06-10,13:00:10.540720,[]
2026-06-10,13:00:10.574087,[]
2026-06-10,13:00:10.607454,[]
2026-06-10,13:00:10.640821,[]
2026-06-10,13:00:10.674188,[]
2026-06-10,13:00:10.707555,[]
2026-06-10,13:00:10.740922,[]
2026-06-10,13:00:10.774289,[]
2026-06-10,13:00:10.807656,[]
2026-06-10,13:00:10.841023,[]
2026-06-10,13:00:10.874390,[]
2026-06-10,13:00:10.907757,[]
2026-06-10,13:00:10.941124,[]
2026-06-10,13:00:10.974491,[]
2026-06-10,13:00:11.007858,['DR29395']
2026-06-10,13:00:11.041225,[]
2026-06-10,13:00:11.074592,[]
2026-06-10,13:00:11.107959,[]
2026-06-10,13:00:11.141326,[]
2026-06-10,13:00:11.174693,[]
2026-06-10,13:00:11.208060,[]
2026-06-10,13:00:11.241427,[]
2026-06-10,13:00:11.274794,[]
2026-06-10,13:00:11.308161,[]
2026-06-10,13:00:11.341528,[]
2026-06-10,13:00:11.374895,[]
2026-06-10,13:00:11.408262,[]
2026-06-10,13:00:11.441629,[]
2026-06-10,13:00:11.474996,[]
2026-06-10,13:00:11.508363,[]
2026-06-10,13:00:11.541730,[]
2026-06-10,13:00:11.575097,[]
2026-06-10,13:00:11.608464,[]
2026-06-10,13:00:11.641831,[]
2026-06-10,13:00:11.675198,[]
2026-06-10,13:00:11.708565,[]
2026-06-10,13:00:11.741932,[]
2026-06-10,13:00:11.775299,[]
2026-06-10,13:00:11.808666,[]
2026-06-10,13:00:11.842033,[]
2026-06-10,13:00:11.875400,[]
2026-06-10,13:00:11.908767,[]
2026-06-10,13:00:11.942134,[]
2026-06-10,13:00:11.975501,[]
2026-06-10,13:00:12.008868,[]
2026-06-10,13:00:12.042235,[]
2026-06-10,13:00:12.075602,[]
2026-06-10,13:00:12.108969,[]
2026-06-10,13:00:12.142336,[]
2026-06-10,13:00:12.175703,[]
2026-06-10,13:00:12.209070,[]
2026-06-10,13:00:12.242437,[]
2026-06-10,13:00:12.275804,[]
2026-06-10,13:00:12.309171,[]
2026-06-10,13:00:12.342538,[]
2026-06-10,13:00:12.375905,[]
2026-06-10,13:00:12.409272,[]
2026-06-10,13:00:12.442639,[]
2026-06-10,13:00:12.476006,[]
2026-06-10,13:00:12.509373,[]
2026-06-10,13:00:12.542740,[]
2026-06-10,13:00:12.576107,[]
2026-06-10,13:00:12.609474,[]
2026-06-10,13:00:12.642841,[]
2026-06-10,13:00:12.676208,[]
2026-06-10,13:00:12.709575,[]
2026-06-10,13:00:12.742942,[]
2026-06-10,13:00:12.776309,[]
2026-06-10,13:00:12.809676,[]
2026-06-10,13:00:12.843043,[]
2026-06-10,13:00:12.876410,[]
2026-06-10,13:00:12.909777,[]
2026-06-10,13:00:12.943144,[]
2026-06-10,13:00:12.976511,[]
2026-06-10,13:00:13.009878,[]
2026-06-10,13:00:13.043245,[]
2026-06-10,13:00:13.076612,[]
2026-06-10,13:00:13.109979,[]
2026-06-10,13:00:13.143346,[]
2026-06-10,13:00:13.176713,[]
2026-06-10,13:00:13.210080,[]
2026-06-10,13:00:13.243447,[]
2026-06-10,13:00:13.276814,[]
2026-06-10,13:00:13.310181,[]
2026-06-10,13:00:13.343548,[]
2026-06-10,13:00:13.376915,[]
2026-06-10,13:00:13.410282,[]
2026-06-10,13:00:13.443649,[]
2026-06-10,13:00:13.477016,[]
2026-06-10,13:00:13.510383,[]
2026-06-10,13:00:13.543750,[]
2026-06-10,13:00:13.577117,[]
2026-06-10,13:00:13.610484,[]
2026-06-10,13:00:13.643851,[]
2026-06-10,13:00:13.677218,[]
2026-06-10,13:00:13.710585,[]
2026-06-10,13:00:13.743952,[]
2026-06-10,13:00:13.777319,[]
2026-06-10,13:00:13.810686,[]
2026-06-10,13:00:13.844053,[]
2026-06-10,13:00:13.877420,[]
2026-06-10,13:00:13.910787,[]
2026-06-10,13:00:13.944154,[]
2026-06-10,13:00:13.977521,[]
2026-06-10,13:00:14.010888,[]
2026-06-10,13:00:14.044255,[]
2026-06-10,13:00:14.077622,[]
2026-06-10,13:00:14.110989,[]
2026-06-10,13:00:14.144356,[]
2026-06-10,13:00:14.177723,[]
2026-06-10,13:00:14.211090,[]
2026-06-10,13:00:14.244457,[]
2026-06-10,13:00:14.277824,[]
2026-06-10,13:00:14.311191,[]
2026-06-10,13:00:14.344558,[]
2026-06-10,13:00:14.377925,[]
2026-06-10,13:00:14.411292,[]
2026-06-10,13:00:14.444659,[]
2026-06-10,13:00:14.478026,[]
2026-06-10,13:00:14.511393,[]
2026-06-10,13:00:14.544760,[]
2026-06-10,13:00:14.578127,[]
2026-06-10,13:00:14.611494,[]
2026-06-10,13:00:14.644861,[]
2026-06-10,13:00:14.678228,[]
2026-06-10,13:00:14.711595,[]
2026-06-10,13:00:14.744962,[]
2026-06-10,13:00:14.778329,[]
2026-06-10,13:00:14.811696,[]
2026-06-10,13:00:14.845063,[]
2026-06-10,13:00:14.878430,[]
2026-06-10,13:00:14.911797,[]
2026-06-10,13:00:14.945164,[]
2026-06-10,13:00:14.978531,[]
2026-06-10,13:00:15.011898,[]
2026-06-10,13:00:15.045265,[]
2026-06-10,13:00:15.078632,[]
2026-06-10,13:00:15.111999,[]
2026-06-10,13:00:15.145366,[]
2026-06-10,13:00:15.178733,[]
2026-06-10,13:00:15.212100,[]
2026-06-10,13:00:15.245467,[]
2026-06-10,13:00:15.278834,[]
2026-06-10,13:00:15.312201,[]
2026-06-10,13:00:15.345568,[]
2026-06-10,13:00:15.378935,[]
2026-06-10,13:00:15.412302,[]
2026-06-10,13:00:15.445669,[]
2026-06-10,13:00:15.479036,[]
2026-06-10,13:00:15.512403,[]
2026-06-10,13:00:15.545770,[]
2026-06-10,13:00:15.579137,[]
2026-06-10,13:00:15.612504,[]
2026-06-10,13:00:15.645871,[]
2026-06-10,13:00:15.679238,[]
2026-06-10,13:00:15.712605,[]
2026-06-10,13:00:15.745972,[]
2026-06-10,13:00:15.779339,[]
2026-06-10,13:00:15.812706,[]
2026-06-10,13:00:15.846073,[]
2026-06-10,13:00:15.879440,[]
2026-06-10,13:00:15.912807,[]
2026-06-10,13:00:15.946174,[]
2026-06-10,13:00:15.979541,[]
2026-06-10,13:00:16.012908,[]
2026-06-10,13:00:16.046275,[]
2026-06-10,13:00:16.079642,[]
2026-06-10,13:00:16.113009,[]
2026-06-10,13:00:16.146376,[]
2026-06-10,13:00:16.179743,[]
2026-06-10,13:00:16.213110,[]
2026-06-10,13:00:16.246477,[]
2026-06-10,13:00:16.279844,[]
2026-06-10,13:00:16.313211,[]
2026-06-10,13:00:16.346578,[]
2026-06-10,13:00:16.379945,[]
2026-06-10,13:00:16.413312,[]
2026-06-10,13:00:16.446679,[]
2026-06-10,13:00:16.480046,[]
2026-06-10,13:00:16.513413,[]
2026-06-10,13:00:16.546780,[]
2026-06-10,13:00:16.580147,[]
2026-06-10,13:00:16.613514,[]
2026-06-10,13:00:16.646881,[]
2026-06-10,13:00:16.680248,[]
2026-06-10,13:00:16.713615,[]
2026-06-10,13:00:16.746982,[]
2026-06-10,13:00:16.780349,[]
2026-06-10,13:00:16.813716,[]
2026-06-10,13:00:16.847083,[]
2026-06-10,13:00:16.880450,[]
2026-06-10,13:00:16.913817,[]
2026-06-10,13:00:16.947184,[]
2026-06-10,13:00:16.980551,[]
2026-06-10,13:00:17.013918,[]
2026-06-10,13:00:17.047285,[]
2026-06-10,13:00:17.080652,[]
2026-06-10,13:00:17.114019,[]
2026-06-10,13:00:17.147386,[]
2026-06-10,13:00:17.180753,[]
2026-06-10,13:00:17.214120,[]
2026-06-10,13:00:17.247487,[]
2026-06-10,13:00:17.280854,[]
2026-06-10,13:00:17.314221,[]
2026-06-10,13:00:17.347588,[]
2026-06-10,13:00:17.380955,[]
2026-06-10,13:00:17.414322,[]
2026-06-10,13:00:17.447689,[]
2026-06-10,13:00:17.481056,[]
2026-06-10,13:00:17.514423,[]
2026-06-10,13:00:17.547790,[]
2026-06-10,13:00:17.581157,[]
2026-06-10,13:00:17.614524,[]
2026-06-10,13:00:17.647891,[]
2026-06-10,13:00:17.681258,[]
2026-06-10,13:00:17.714625,[]
2026-06-10,13:00:17.747992,[]
2026-06-10,13:00:17.781359,[]
2026-06-10,13:00:17.814726,[]
2026-06-10,13:00:17.848093,[]
2026-06-10,13:00:17.881460,[]
2026-06-10,13:00:17.914827,[]
2026-06-10,13:00:17.948194,[]
2026-06-10,13:00:17.981561,[]
2026-06-10,13:00:18.014928,[]
2026-06-10,13:00:18.048295,[]
2026-06-10,13:00:18.081662,[]
2026-06-10,13:00:18.115029,[]
2026-06-10,13:00:18.148396,[]
2026-06-10,13:00:18.181763,[]
2026-06-10,13:00:18.215130,[]
2026-06-10,13:00:18.248497,[]
2026-06-10,13:00:18.281864,[]
2026-06-10,13:00:18.315231,[]
2026-06-10,13:00:18.348598,[]
2026-06-10,13:00:18.381965,[]
2026-06-10,13:00:18.415332,[]
2026-06-10,13:00:18.448699,['DP22888']
2026-06-10,13:00:18.482066,['DP22888']
2026-06-10,13:00:18.515433,['DP22888']
2026-06-10,13:00:18.548800,[]
2026-06-10,13:00:18.582167,[]
2026-06-10,13:00:18.615534,[]
2026-06-10,13:00:18.648901,[]
2026-06-10,13:00:18.682268,[]
2026-06-10,13:00:18.715635,[]
2026-06-10,13:00:18.749002,[]
2026-06-10,13:00:18.782369,[]
2026-06-10,13:00:18.815736,[]
2026-06-10,13:00:18.849103,[]
2026-06-10,13:00:18.882470,[]
2026-06-10,13:00:18.915837,[]
2026-06-10,13:00:18.949204,[]
2026-06-10,13:00:18.982571,[]
2026-06-10,13:00:19.015938,[]
2026-06-10,13:00:19.049305,[]
2026-06-10,13:00:19.082672,[]
2026-06-10,13:00:19.116039,[]
2026-06-10,13:00:19.149406,[]
2026-06-10,13:00:19.182773,[]
2026-06-10,13:00:19.216140,[]
2026-06-10,13:00:19.249507,[]
2026-06-10,13:00:19.282874,[]
2026-06-10,13:00:19.316241,[]
2026-06-10,13:00:19.349608,[]
2026-06-10,13:00:19.382975,[]
2026-06-10,13:00:19.416342,[]
2026-06-10,13:00:19.449709,[]
2026-06-10,13:00:19.483076,[]
2026-06-10,13:00:19.516443,[]
2026-06-10,13:00:19.549810,[]
2026-06-10,13:00:19.583177,[]
2026-06-10,13:00:19.616544,[]
2026-06-10,13:00:19.649911,[]
2026-06-10,13:00:19.683278,[]
2026-06-10,13:00:19.716645,[]
2026-06-10,13:00:19.750012,[]
2026-06-10,13:00:19.783379,[]
2026-06-10,13:00:19.816746,[]
2026-06-10,13:00:19.850113,[]
2026-06-10,13:00:19.883480,[]
2026-06-10,13:00:19.916847,[]
2026-06-10,13:00:19.950214,[]
2026-06-10,13:00:19.983581,[]
2026-06-10,13:00:20.016948,[]
2026-06-10,13:00:20.050315,[]
2026-06-10,13:00:20.083682,[]
2026-06-10,13:00:20.117049,[]
2026-06-10,13:00:20.150416,[]
2026-06-10,13:00:20.183783,[]
2026-06-10,13:00:20.217150,[]
2026-06-10,13:00:20.250517,[]
2026-06-10,13:00:20.283884,[]
2026-06-10,13:00:20.317251,[]
2026-06-10,13:00:20.350618,[]
2026-06-10,13:00:20.383985,[]
2026-06-10,13:00:20.417352,[]
2026-06-10,13:00:20.450719,[]
2026-06-10,13:00:20.484086,[]
2026-06-10,13:00:20.517453,[]
2026-06-10,13:00:20.550820,[]
2026-06-10,13:00:20.584187,[]
2026-06-10,13:00:20.617554,[]
2026-06-10,13:00:20.650921,[]
2026-06-10,13:00:20.684288,[]
2026-06-10,13:00:20.717655,[]
2026-06-10,13:00:20.751022,[]
2026-06-10,13:00:20.784389,[]
2026-06-10,13:00:20.817756,[]
2026-06-10,13:00:20.851123,[]
2026-06-10,13:00:20.884490,[]
2026-06-10,13:00:20.917857,[]
2026-06-10,13:00:20.951224,[]
2026-06-10,13:00:20.984591,[]
2026-06-10,13:00:21.017958,[]
2026-06-10,13:00:21.051325,[]
2026-06-10,13:00:21.084692,[]
2026-06-10,13:00:21.118059,[]
2026-06-10,13:00:21.151426,[]
2026-06-10,13:00:21.184793,[]
2026-06-10,13:00:21.218160,[]
2026-06-10,13:00:21.251527,[]
2026-06-10,13:00:21.284894,[]
2026-06-10,13:00:21.318261,[]
2026-06-10,13:00:21.351628,[]
2026-06-10,13:00:21.384995,[]
2026-06-10,13:00:21.418362,[]
2026-06-10,13:00:21.451729,[]
2026-06-10,13:00:21.485096,[]
2026-06-10,13:00:21.518463,[]
2026-06-10,13:00:21.551830,[]
2026-06-10,13:00:21.585197,[]
2026-06-10,13:00:21.618564,[]
2026-06-10,13:00:21.651931,[]
2026-06-10,13:00:21.685298,[]
2026-06-10,13:00:21.718665,[]
2026-06-10,13:00:21.752032,[]
2026-06-10,13:00:21.785399,[]
2026-06-10,13:00:21.818766,[]
2026-06-10,13:00:21.852133,[]
2026-06-10,13:00:21.885500,[]
2026-06-10,13:00:21.918867,[]
2026-06-10,13:00:21.952234,[]
2026-06-10,13:00:21.985601,[]
2026-06-10,13:00:22.018968,[]
2026-06-10,13:00:22.052335,[]
2026-06-10,13:00:22.085702,[]
2026-06-10,13:00:22.119069,[]
2026-06-10,13:00:22.152436,[]
2026-06-10,13:00:22.185803,[]
2026-06-10,13:00:22.219170,[]
2026-06-10,13:00:22.252537,[]
2026-06-10,13:00:22.285904,[]
2026-06-10,13:00:22.319271,[]
2026-06-10,13:00:22.352638,[]
2026-06-10,13:00:22.386005,[]
2026-06-10,13:00:22.419372,[]
2026-06-10,13:00:22.452739,[]
2026-06-10,13:00:22.486106,[]
2026-06-10,13:00:22.519473,[]
2026-06-10,13:00:22.552840,[]
2026-06-10,13:00:22.586207,[]
2026-06-10,13:00:22.619574,[]
2026-06-10,13:00:22.652941,[]
2026-06-10,13:00:22.686308,[]
2026-06-10,13:00:22.719675,[]
2026-06-10,13:00:22.753042,[]
2026-06-10,13:00:22.786409,[]
2026-06-10,13:00:22.819776,[]
2026-06-10,13:00:22.853143,[]
2026-06-10,13:00:22.886510,[]
2026-06-10,13:00:22.919877,[]
2026-06-10,13:00:22.953244,[]
2026-06-10,13:00:22.986611,[]
2026-06-10,13:00:23.019978,[]
2026-06-10,13:00:23.053345,[]
2026-06-10,13:00:23.086712,[]
2026-06-10,13:00:23.120079,[]
2026-06-10,13:00:23.153446,[]
2026-06-10,13:00:23.186813,[]
2026-06-10,13:00:23.220180,[]
2026-06-10,13:00:23.253547,[]
2026-06-10,13:00:23.286914,[]
2026-06-10,13:00:23.320281,[]
2026-06-10,13:00:23.353648,[]
2026-06-10,13:00:23.387015,[]
2026-06-10,13:00:23.420382,[]
2026-06-10,13:00:23.453749,[]
2026-06-10,13:00:23.487116,[]
2026-06-10,13:00:23.520483,[]
2026-06-10,13:00:23.553850,[]
2026-06-10,13:00:23.587217,[]
2026-06-10,13:00:23.620584,[]
2026-06-10,13:00:23.653951,[]
2026-06-10,13:00:23.687318,[]
2026-06-10,13:00:23.720685,[]
2026-06-10,13:00:23.754052,[]
2026-06-10,13:00:23.787419,[]
2026-06-10,13:00:23.820786,[]
2026-06-10,13:00:23.854153,[]
2026-06-10,13:00:23.887520,[]
2026-06-10,13:00:23.920887,[]
2026-06-10,13:00:23.954254,[]
2026-06-10,13:00:23.987621,[]
2026-06-10,13:00:24.020988,[]
2026-06-10,13:00:24.054355,[]
2026-06-10,13:00:24.087722,[]
2026-06-10,13:00:24.121089,[]
2026-06-10,13:00:24.154456,[]
2026-06-10,13:00:24.187823,[]
2026-06-10,13:00:24.221190,[]
2026-06-10,13:00:24.254557,[]
2026-06-10,13:00:24.287924,[]
2026-06-10,13:00:24.321291,['DA85622']
2026-06-10,13:00:24.354658,['DA85622']
2026-06-10,13:00:24.388025,[]
2026-06-10,13:00:24.421392,[]
2026-06-10,13:00:24.454759,[]
2026-06-10,13:00:24.488126,[]
2026-06-10,13:00:24.521493,[]
2026-06-10,13:00:24.554860,[]
2026-06-10,13:00:24.588227,[]
2026-06-10,13:00:24.621594,[]
2026-06-10,13:00:24.654961,[]
2026-06-10,13:00:24.688328,[]
2026-06-10,13:00:24.721695,[]
2026-06-10,13:00:24.755062,[]
2026-06-10,13:00:24.788429,[]
2026-06-10,13:00:24.821796,[]
2026-06-10,13:00:24.855163,[]
2026-06-10,13:00:24.888530,[]
2026-06-10,13:00:24.921897,[]
2026-06-10,13:00:24.955264,[]
2026-06-10,13:00:24.988631,[]
2026-06-10,13:00:25.021998,[]
2026-06-10,13:00:25.055365,[]
2026-06-10,13:00:25.088732,[]
2026-06-10,13:00:25.122099,[]
2026-06-10,13:00:25.155466,[]
2026-06-10,13:00:25.188833,[]
2026-06-10,13:00:25.222200,[]
2026-06-10,13:00:25.255567,[]
2026-06-10,13:00:25.288934,[]
2026-06-10,13:00:25.322301,[]
2026-06-10,13:00:25.355668,[]
2026-06-10,13:00:25.389035,[]
2026-06-10,13:00:25.422402,[]
2026-06-10,13:00:25.455769,[]
2026-06-10,13:00:25.489136,[]
2026-06-10,13:00:25.522503,[]
2026-06-10,13:00:25.555870,[]
2026-06-10,13:00:25.589237,[]
2026-06-10,13:00:25.622604,[]
2026-06-10,13:00:25.655971,[]
2026-06-10,13:00:25.689338,[]
2026-06-10,13:00:25.722705,[]
2026-06-10,13:00:25.756072,[]
2026-06-10,13:00:25.789439,[]
2026-06-10,13:00:25.822806,[]
2026-06-10,13:00:25.856173,[]
2026-06-10,13:00:25.889540,[]
2026-06-10,13:00:25.922907,[]
2026-06-10,13:00:25.956274,[]
2026-06-10,13:00:25.989641,[]
2026-06-10,13:00:26.023008,[]
2026-06-10,13:00:26.056375,[]
2026-06-10,13:00:26.089742,[]
2026-06-10,13:00:26.123109,[]
2026-06-10,13:00:26.156476,[]
2026-06-10,13:00:26.189843,[]
2026-06-10,13:00:26.223210,[]
2026-06-10,13:00:26.256577,[]
2026-06-10,13:00:26.289944,[]
2026-06-10,13:00:26.323311,[]
2026-06-10,13:00:26.356678,[]
2026-06-10,13:00:26.390045,[]
2026-06-10,13:00:26.423412,[]
2026-06-10,13:00:26.456779,[]
2026-06-10,13:00:26.490146,[]
2026-06-10,13:00:26.523513,[]
2026-06-10,13:00:26.556880,[]
2026-06-10,13:00:26.590247,[]
2026-06-10,13:00:26.623614,[]
2026-06-10,13:00:26.656981,[]
2026-06-10,13:00:26.690348,[]
2026-06-10,13:00:26.723715,[]
2026-06-10,13:00:26.757082,[]
2026-06-10,13:00:26.790449,[]
2026-06-10,13:00:26.823816,[]
2026-06-10,13:00:26.857183,[]
2026-06-10,13:00:26.890550,[]
2026-06-10,13:00:26.923917,[]
2026-06-10,13:00:26.957284,[]
2026-06-10,13:00:26.990651,[]
2026-06-10,13:00:27.024018,[]
2026-06-10,13:00:27.057385,[]
2026-06-10,13:00:27.090752,[]
2026-06-10,13:00:27.124119,[]
2026-06-10,13:00:27.157486,[]
2026-06-10,13:00:27.190853,[]
2026-06-10,13:00:27.224220,[]
2026-06-10,13:00:27.257587,[]
2026-06-10,13:00:27.290954,[]
2026-06-10,13:00:27.324321,[]
2026-06-10,13:00:27.357688,[]
2026-06-10,13:00:27.391055,[]
2026-06-10,13:00:27.424422,[]
2026-06-10,13:00:27.457789,[]
2026-06-10,13:00:27.491156,[]
2026-06-10,13:00:27.524523,[]
2026-06-10,13:00:27.557890,['DV53318']
2026-06-10,13:00:27.591257,[]
2026-06-10,13:00:27.624624,[]
2026-06-10,13:00:27.657991,[]
2026-06-10,13:00:27.691358,[]
2026-06-10,13:00:27.724725,[]
2026-06-10,13:00:27.758092,[]
2026-06-10,13:00:27.791459,[]
2026-06-10,13:00:27.824826,[]
2026-06-10,13:00:27.858193,[]
2026-06-10,13:00:27.891560,[]
2026-06-10,13:00:27.924927,[]
2026-06-10,13:00:27.958294,[]
2026-06-10,13:00:27.991661,[]
2026-06-10,13:00:28.025028,[]
2026-06-10,13:00:28.058395,[]
2026-06-10,13:00:28.091762,[]
2026-06-10,13:00:28.125129,[]
2026-06-10,13:00:28.158496,[]
2026-06-10,13:00:28.191863,[]
2026-06-10,13:00:28.225230,[]
2026-06-10,13:00:28.258597,[]
2026-06-10,13:00:28.291964,[]
2026-06-10,13:00:28.325331,[]
2026-06-10,13:00:28.358698,[]
2026-06-10,13:00:28.392065,[]
2026-06-10,13:00:28.425432,[]
2026-06-10,13:00:28.458799,[]
2026-06-10,13:00:28.492166,[]
2026-06-10,13:00:28.525533,[]
2026-06-10,13:00:28.558900,[]
2026-06-10,13:00:28.592267,[]
2026-06-10,13:00:28.625634,[]
2026-06-10,13:00:28.659001,[]
2026-06-10,13:00:28.692368,[]
2026-06-10,13:00:28.725735,[]
2026-06-10,13:00:28.759102,[]
2026-06-10,13:00:28.792469,[]
2026-06-10,13:00:28.825836,[]
2026-06-10,13:00:28.859203,[]
2026-06-10,13:00:28.892570,[]
2026-06-10,13:00:28.925937,[]
2026-06-10,13:00:28.959304,[]
2026-06-10,13:00:28.992671,[]
2026-06-10,13:00:29.026038,[]
2026-06-10,13:00:29.059405,[]
2026-06-10,13:00:29.092772,[]
2026-06-10,13:00:29.126139,[]
2026-06-10,13:00:29.159506,[]
2026-06-10,13:00:29.192873,[]
2026-06-10,13:00:29.226240,[]
2026-06-10,13:00:29.259607,[]
2026-06-10,13:00:29.292974,[]
2026-06-10,13:00:29.326341,[]
2026-06-10,13:00:29.359708,[]
2026-06-10,13:00:29.393075,[]
2026-06-10,13:00:29.426442,[]
2026-06-10,13:00:29.459809,[]
2026-06-10,13:00:29.493176,[]
2026-06-10,13:00:29.526543,[]
2026-06-10,13:00:29.559910,[]
2026-06-10,13:00:29.593277,[]
2026-06-10,13:00:29.626644,[]
2026-06-10,13:00:29.660011,[]
2026-06-10,13:00:29.693378,[]
2026-06-10,13:00:29.726745,[]
2026-06-10,13:00:29.760112,[]
2026-06-10,13:00:29.793479,[]
2026-06-10,13:00:29.826846,['EK55922']
2026-06-10,13:00:29.860213,['EK55922']
2026-06-10,13:00:29.893580,['EK55922']
2026-06-10,13:00:29.926947,[]
2026-06-10,13:00:29.960314,[]
2026-06-10,13:00:29.993681,[]
2026-06-10,13:00:30.027048,[]
2026-06-10,13:00:30.060415,[]
2026-06-10,13:00:30.093782,[]
2026-06-10,13:00:30.127149,[]
2026-06-10,13:00:30.160516,[]
2026-06-10,13:00:30.193883,[]
2026-06-10,13:00:30.227250,[]
2026-06-10,13:00:30.260617,[]
2026-06-10,13:00:30.293984,[]
2026-06-10,13:00:30.327351,[]
2026-06-10,13:00:30.360718,[]
2026-06-10,13:00:30.394085,[]
2026-06-10,13:00:30.427452,[]
2026-06-10,13:00:30.460819,[]
2026-06-10,13:00:30.494186,[]
2026-06-10,13:00:30.527553,[]
2026-06-10,13:00:30.560920,[]
2026-06-10,13:00:30.594287,[]
2026-06-10,13:00:30.627654,[]
2026-06-10,13:00:30.661021,[]
2026-06-10,13:00:30.694388,[]
2026-06-10,13:00:30.727755,[]
2026-06-10,13:00:30.761122,[]
2026-06-10,13:00:30.794489,[]
2026-06-10,13:00:30.827856,[]
2026-06-10,13:00:30.861223,[]
2026-06-10,13:00:30.894590,[]
2026-06-10,13:00:30.927957,[]
2026-06-10,13:00:30.961324,[]
2026-06-10,13:00:30.994691,[]
2026-06-10,13:00:31.028058,[]
2026-06-10,13:00:31.061425,[]
2026-06-10,13:00:31.094792,[]
2026-06-10,13:00:31.128159,[]
2026-06-10,13:00:31.161526,[]
2026-06-10,13:00:31.194893,[]
2026-06-10,13:00:31.228260,[]
2026-06-10,13:00:31.261627,[]
2026-06-10,13:00:31.294994,[]
2026-06-10,13:00:31.328361,[]
2026-06-10,13:00:31.361728,[]
2026-06-10,13:00:31.395095,[]
2026-06-10,13:00:31.428462,[]
2026-06-10,13:00:31.461829,[]
2026-06-10,13:00:31.495196,[]
2026-06-10,13:00:31.528563,[]
2026-06-10,13:00:31.561930,[]
2026-06-10,13:00:31.595297,[]
2026-06-10,13:00:31.628664,[]
2026-06-10,13:00:31.662031,[]
2026-06-10,13:00:31.695398,[]
2026-06-10,13:00:31.728765,[]
2026-06-10,13:00:31.762132,[]
2026-06-10,13:00:31.795499,[]
2026-06-10,13:00:31.828866,[]
2026-06-10,13:00:31.862233,[]
2026-06-10,13:00:31.895600,[]
2026-06-10,13:00:31.928967,[]
2026-06-10,13:00:31.962334,[]
2026-06-10,13:00:31.995701,[]
2026-06-10,13:00:32.029068,[]
2026-06-10,13:00:32.062435,[]
2026-06-10,13:00:32.095802,[]
2026-06-10,13:00:32.129169,[]
2026-06-10,13:00:32.162536,[]
2026-06-10,13:00:32.195903,[]
2026-06-10,13:00:32.229270,[]
2026-06-10,13:00:32.262637,[]
2026-06-10,13:00:32.296004,[]
2026-06-10,13:00:32.329371,[]
2026-06-10,13:00:32.362738,[]
2026-06-10,13:00:32.396105,[]
2026-06-10,13:00:32.429472,[]
2026-06-10,13:00:32.462839,[]
2026-06-10,13:00:32.496206,[]
2026-06-10,13:00:32.529573,[]
2026-06-10,13:00:32.562940,[]
2026-06-10,13:00:32.596307,[]
2026-06-10,13:00:32.629674,[]
2026-06-10,13:00:32.663041,[]
2026-06-10,13:00:32.696408,[]
2026-06-10,13:00:32.729775,[]
2026-06-10,13:00:32.763142,[]
2026-06-10,13:00:32.796509,[]
2026-06-10,13:00:32.829876,[]
2026-06-10,13:00:32.863243,[]
2026-06-10,13:00:32.896610,[]
2026-06-10,13:00:32.929977,['EF95188']
2026-06-10,13:00:32.963344,['EF95188']
2026-06-10,13:00:32.996711,[]
2026-06-10,13:00:33.030078,[]
2026-06-10,13:00:33.063445,[]
2026-06-10,13:00:33.096812,[]
2026-06-10,13:00:33.130179,[]
2026-06-10,13:00:33.163546,[]
2026-06-10,13:00:33.196913,[]
2026-06-10,13:00:33.230280,[]
2026-06-10,13:00:33.263647,[]
2026-06-10,13:00:33.297014,[]
2026-06-10,13:00:33.330381,[]
2026-06-10,13:00:33.363748,[]
2026-06-10,13:00:33.397115,[]
2026-06-10,13:00:33.430482,[]
2026-06-10,13:00:33.463849,[]
2026-06-10,13:00:33.497216,[]
2026-06-10,13:00:33.530583,[]
2026-06-10,13:00:33.563950,[]
2026-06-10,13:00:33.597317,[]
2026-06-10,13:00:33.630684,[]
2026-06-10,13:00:33.664051,[]
2026-06-10,13:00:33.697418,[]
2026-06-10,13:00:33.730785,[]
2026-06-10,13:00:33.764152,[]
2026-06-10,13:00:33.797519,[]
2026-06-10,13:00:33.830886,[]
2026-06-10,13:00:33.864253,[]
2026-06-10,13:00:33.897620,[]
2026-06-10,13:00:33.930987,[]
2026-06-10,13:00:33.964354,[]
2026-06-10,13:00:33.997721,[]
2026-06-10,13:00:34.031088,[]
2026-06-10,13:00:34.064455,[]
2026-06-10,13:00:34.097822,[]
2026-06-10,13:00:34.131189,[]
2026-06-10,13:00:34.164556,[]
2026-06-10,13:00:34.197923,[]
2026-06-10,13:00:34.231290,[]
2026-06-10,13:00:34.264657,[]
2026-06-10,13:00:34.298024,[]
2026-06-10,13:00:34.331391,[]
2026-06-10,13:00:34.364758,[]
2026-06-10,13:00:34.398125,[]
2026-06-10,13:00:34.431492,[]
2026-06-10,13:00:34.464859,[]
2026-06-10,13:00:34.498226,[]
2026-06-10,13:00:34.531593,[]
2026-06-10,13:00:34.564960,[]
2026-06-10,13:00:34.598327,[]
2026-06-10,13:00:34.631694,[]
2026-06-10,13:00:34.665061,[]
2026-06-10,13:00:34.698428,[]
2026-06-10,13:00:34.731795,[]
2026-06-10,13:00:34.765162,[]
2026-06-10,13:00:34.798529,[]
2026-06-10,13:00:34.831896,[]
2026-06-10,13:00:34.865263,[]
2026-06-10,13:00:34.898630,[]
2026-06-10,13:00:34.931997,[]
2026-06-10,13:00:34.965364,[]
2026-06-10,13:00:34.998731,[]
2026-06-10,13:00:35.032098,[]
2026-06-10,13:00:35.065465,[]
2026-06-10,13:00:35.098832,[]
2026-06-10,13:00:35.132199,[]
2026-06-10,13:00:35.165566,[]
2026-06-10,13:00:35.198933,[]
2026-06-10,13:00:35.232300,[]
2026-06-10,13:00:35.265667,[]
2026-06-10,13:00:35.299034,[]
2026-06-10,13:00:35.332401,[]
2026-06-10,13:00:35.365768,[]
2026-06-10,13:00:35.399135,[]
2026-06-10,13:00:35.432502,[]
2026-06-10,13:00:35.465869,[]
2026-06-10,13:00:35.499236,[]
2026-06-10,13:00:35.532603,[]
2026-06-10,13:00:35.565970,[]
2026-06-10,13:00:35.599337,[]
2026-06-10,13:00:35.632704,[]
2026-06-10,13:00:35.666071,[]
2026-06-10,13:00:35.699438,[]
2026-06-10,13:00:35.732805,[]
2026-06-10,13:00:35.766172,[]
2026-06-10,13:00:35.799539,[]
2026-06-10,13:00:35.832906,[]
2026-06-10,13:00:35.866273,[]
2026-06-10,13:00:35.899640,[]
2026-06-10,13:00:35.933007,[]
2026-06-10,13:00:35.966374,[]
2026-06-10,13:00:35.999741,[]
2026-06-10,13:00:36.033108,[]
2026-06-10,13:00:36.066475,[]
2026-06-10,13:00:36.099842,[]
2026-06-10,13:00:36.133209,[]
2026-06-10,13:00:36.166576,[]
2026-06-10,13:00:36.199943,[]
2026-06-10,13:00:36.233310,[]
2026-06-10,13:00:36.266677,[]
2026-06-10,13:00:36.300044,[]
2026-06-10,13:00:36.333411,[]
2026-06-10,13:00:36.366778,[]
2026-06-10,13:00:36.400145,[]
2026-06-10,13:00:36.433512,[]
2026-06-10,13:00:36.466879,[]
2026-06-10,13:00:36.500246,[]
2026-06-10,13:00:36.533613,[]
2026-06-10,13:00:36.566980,[]
2026-06-10,13:00:36.600347,[]
2026-06-10,13:00:36.633714,[]
2026-06-10,13:00:36.667081,[]
2026-06-10,13:00:36.700448,[]
2026-06-10,13:00:36.733815,[]
2026-06-10,13:00:36.767182,[]
2026-06-10,13:00:36.800549,[]
2026-06-10,13:00:36.833916,[]
2026-06-10,13:00:36.867283,[]
2026-06-10,13:00:36.900650,[]
2026-06-10,13:00:36.934017,[]
2026-06-10,13:00:36.967384,[]
2026-06-10,13:00:37.000751,[]
2026-06-10,13:00:37.034118,[]
2026-06-10,13:00:37.067485,[]
2026-06-10,13:00:37.100852,[]
2026-06-10,13:00:37.134219,[]
2026-06-10,13:00:37.167586,[]
2026-06-10,13:00:37.200953,[]
2026-06-10,13:00:37.234320,[]
2026-06-10,13:00:37.267687,[]
2026-06-10,13:00:37.301054,[]
2026-06-10,13:00:37.334421,[]
2026-06-10,13:00:37.367788,[]
2026-06-10,13:00:37.401155,[]
2026-06-10,13:00:37.434522,[]
2026-06-10,13:00:37.467889,[]
2026-06-10,13:00:37.501256,[]
2026-06-10,13:00:37.534623,[]
2026-06-10,13:00:37.567990,[]
2026-06-10,13:00:37.601357,[]
2026-06-10,13:00:37.634724,[]
2026-06-10,13:00:37.668091,[]
2026-06-10,13:00:37.701458,[]
2026-06-10,13:00:37.734825,[]
2026-06-10,13:00:37.768192,[]
2026-06-10,13:00:37.801559,[]
2026-06-10,13:00:37.834926,[]
2026-06-10,13:00:37.868293,[]
2026-06-10,13:00:37.901660,[]
2026-06-10,13:00:37.935027,[]
2026-06-10,13:00:37.968394,[]
2026-06-10,13:00:38.001761,[]
2026-06-10,13:00:38.035128,[]
2026-06-10,13:00:38.068495,[]
2026-06-10,13:00:38.101862,[]
2026-06-10,13:00:38.135229,[]
2026-06-10,13:00:38.168596,[]
2026-06-10,13:00:38.201963,[]
2026-06-10,13:00:38.235330,[]
2026-06-10,13:00:38.268697,[]
2026-06-10,13:00:38.302064,[]
2026-06-10,13:00:38.335431,[]
2026-06-10,13:00:38.368798,[]
2026-06-10,13:00:38.402165,[]
2026-06-10,13:00:38.435532,[]
2026-06-10,13:00:38.468899,[]
2026-06-10,13:00:38.502266,[]
2026-06-10,13:00:38.535633,[]
2026-06-10,13:00:38.569000,[]
2026-06-10,13:00:38.602367,[]
2026-06-10,13:00:38.635734,[]
2026-06-10,13:00:38.669101,[]
2026-06-10,13:00:38.702468,[]
2026-06-10,13:00:38.735835,[]
2026-06-10,13:00:38.769202,[]
2026-06-10,13:00:38.802569,[]
2026-06-10,13:00:38.835936,[]
2026-06-10,13:00:38.869303,[]
2026-06-10,13:00:38.902670,[]
2026-06-10,13:00:38.936037,[]
2026-06-10,13:00:38.969404,[]
2026-06-10,13:00:39.002771,[]
2026-06-10,13:00:39.036138,[]
2026-06-10,13:00:39.069505,[]
2026-06-10,13:00:39.102872,[]
2026-06-10,13:00:39.136239,[]
2026-06-10,13:00:39.169606,[]
2026-06-10,13:00:39.202973,[]
2026-06-10,13:00:39.236340,[]
2026-06-10,13:00:39.269707,[]
2026-06-10,13:00:39.303074,[]
2026-06-10,13:00:39.336441,[]
2026-06-10,13:00:39.369808,[]
2026-06-10,13:00:39.403175,[]
2026-06-10,13:00:39.436542,[]
2026-06-10,13:00:39.469909,[]
2026-06-10,13:00:39.503276,[]
2026-06-10,13:00:39.536643,[]
2026-06-10,13:00:39.570010,[]
2026-06-10,13:00:39.603377,[]
2026-06-10,13:00:39.636744,[]
2026-06-10,13:00:39.670111,[]
2026-06-10,13:00:39.703478,[]
2026-06-10,13:00:39.736845,[]
2026-06-10,13:00:39.770212,[]
2026-06-10,13:00:39.803579,[]
2026-06-10,13:00:39.836946,[]
2026-06-10,13:00:39.870313,[]
2026-06-10,13:00:39.903680,[]
2026-06-10,13:00:39.937047,[]
2026-06-10,13:00:39.970414,[]
2026-06-10,13:00:40.003781,[]
2026-06-10,13:00:40.037148,[]
2026-06-10,13:00:40.070515,[]
2026-06-10,13:00:40.103882,[]
2026-06-10,13:00:40.137249,[]
2026-06-10,13:00:40.170616,[]
2026-06-10,13:00:40.203983,[]
2026-06-10,13:00:40.237350,[]
2026-06-10,13:00:40.270717,[]
2026-06-10,13:00:40.304084,[]
2026-06-10,13:00:40.337451,[]
2026-06-10,13:00:40.370818,[]
2026-06-10,13:00:40.404185,[]
2026-06-10,13:00:40.437552,[]
2026-06-10,13:00:40.470919,[]
2026-06-10,13:00:40.504286,[]
2026-06-10,13:00:40.537653,[]
2026-06-10,13:00:40.571020,[]
2026-06-10,13:00:40.604387,[]
2026-06-10,13:00:40.637754,[]
2026-06-10,13:00:40.671121,[]
2026-06-10,13:00:40.704488,[]
2026-06-10,13:00:40.737855,[]
2026-06-10,13:00:40.771222,[]
2026-06-10,13:00:40.804589,[]
2026-06-10,13:00:40.837956,[]
2026-06-10,13:00:40.871323,[]
2026-06-10,13:00:40.904690,[]
2026-06-10,13:00:40.938057,[]
2026-06-10,13:00:40.971424,[]
2026-06-10,13:00:41.004791,[]
2026-06-10,13:00:41.038158,[]
2026-06-10,13:00:41.071525,[]
2026-06-10,13:00:41.104892,[]
2026-06-10,13:00:41.138259,[]
2026-06-10,13:00:41.171626,[]
2026-06-10,13:00:41.204993,[]
2026-06-10,13:00:41.238360,[]
2026-06-10,13:00:41.271727,[]
2026-06-10,13:00:41.305094,[]
2026-06-10,13:00:41.338461,[]
2026-06-10,13:00:41.371828,[]
2026-06-10,13:00:41.405195,[]
2026-06-10,13:00:41.438562,[]
2026-06-10,13:00:41.471929,[]
2026-06-10,13:00:41.505296,[]
2026-06-10,13:00:41.538663,[]
2026-06-10,13:00:41.572030,[]
2026-06-10,13:00:41.605397,[]
2026-06-10,13:00:41.638764,[]
2026-06-10,13:00:41.672131,[]
2026-06-10,13:00:41.705498,[]
2026-06-10,13:00:41.738865,[]
2026-06-10,13:00:41.772232,[]
2026-06-10,13:00:41.805599,[]
2026-06-10,13:00:41.838966,[]
2026-06-10,13:00:41.872333,[]
2026-06-10,13:00:41.905700,[]
2026-06-10,13:00:41.939067,[]
2026-06-10,13:00:41.972434,[]
2026-06-10,13:00:42.005801,[]
2026-06-10,13:00:42.039168,[]
2026-06-10,13:00:42.072535,[]
2026-06-10,13:00:42.105902,[]
2026-06-10,13:00:42.139269,[]
2026-06-10,13:00:42.172636,[]
2026-06-10,13:00:42.206003,[]
2026-06-10,13:00:42.239370,[]
2026-06-10,13:00:42.272737,[]
2026-06-10,13:00:42.306104,[]
2026-06-10,13:00:42.339471,[]
2026-06-10,13:00:42.372838,[]
2026-06-10,13:00:42.406205,[]
2026-06-10,13:00:42.439572,[]
2026-06-10,13:00:42.472939,[]
2026-06-10,13:00:42.506306,[]
2026-06-10,13:00:42.539673,[]
2026-06-10,13:00:42.573040,[]
2026-06-10,13:00:42.606407,[]
2026-06-10,13:00:42.639774,[]
2026-06-10,13:00:42.673141,[]
2026-06-10,13:00:42.706508,[]
2026-06-10,13:00:42.739875,[]
2026-06-10,13:00:42.773242,[]
2026-06-10,13:00:42.806609,[]
2026-06-10,13:00:42.839976,[]
2026-06-10,13:00:42.873343,[]
2026-06-10,13:00:42.906710,[]
2026-06-10,13:00:42.940077,[]
2026-06-10,13:00:42.973444,[]
2026-06-10,13:00:43.006811,[]
2026-06-10,13:00:43.040178,[]
2026-06-10,13:00:43.073545,[]
2026-06-10,13:00:43.106912,[]
2026-06-10,13:00:43.140279,[]
2026-06-10,13:00:43.173646,[]
2026-06-10,13:00:43.207013,[]
2026-06-10,13:00:43.240380,[]
2026-06-10,13:00:43.273747,[]
2026-06-10,13:00:43.307114,[]
2026-06-10,13:00:43.340481,[]
2026-06-10,13:00:43.373848,[]
2026-06-10,13:00:43.407215,[]
2026-06-10,13:00:43.440582,[]
2026-06-10,13:00:43.473949,[]
2026-06-10,13:00:43.507316,[]
2026-06-10,13:00:43.540683,[]
2026-06-10,13:00:43.574050,[]
2026-06-10,13:00:43.607417,[]
2026-06-10,13:00:43.640784,[]
2026-06-10,13:00:43.674151,[]
2026-06-10,13:00:43.707518,[]
2026-06-10,13:00:43.740885,[]
2026-06-10,13:00:43.774252,[]
2026-06-10,13:00:43.807619,[]
2026-06-10,13:00:43.840986,[]
2026-06-10,13:00:43.874353,[]
2026-06-10,13:00:43.907720,[]
2026-06-10,13:00:43.941087,[]
2026-06-10,13:00:43.974454,[]
2026-06-10,13:00:44.007821,[]
2026-06-10,13:00:44.041188,[]
2026-06-10,13:00:44.074555,[]
2026-06-10,13:00:44.107922,[]
2026-06-10,13:00:44.141289,[]
2026-06-10,13:00:44.174656,[]
2026-06-10,13:00:44.208023,[]
2026-06-10,13:00:44.241390,[]
2026-06-10,13:00:44.274757,[]
2026-06-10,13:00:44.308124,[]
2026-06-10,13:00:44.341491,[]
2026-06-10,13:00:44.374858,[]
2026-06-10,13:00:44.408225,[]
2026-06-10,13:00:44.441592,[]
2026-06-10,13:00:44.474959,[]
2026-06-10,13:00:44.508326,[]
2026-06-10,13:00:44.541693,[]
2026-06-10,13:00:44.575060,[]
2026-06-10,13:00:44.608427,[]
2026-06-10,13:00:44.641794,[]
2026-06-10,13:00:44.675161,[]
2026-06-10,13:00:44.708528,[]
2026-06-10,13:00:44.741895,[]
2026-06-10,13:00:44.775262,[]
2026-06-10,13:00:44.808629,[]
2026-06-10,13:00:44.841996,[]
2026-06-10,13:00:44.875363,[]
2026-06-10,13:00:44.908730,[]
2026-06-10,13:00:44.942097,[]
2026-06-10,13:00:44.975464,[]
2026-06-10,13:00:45.008831,[]
2026-06-10,13:00:45.042198,[]
2026-06-10,13:00:45.075565,[]
2026-06-10,13:00:45.108932,[]
2026-06-10,13:00:45.142299,[]
2026-06-10,13:00:45.175666,[]
2026-06-10,13:00:45.209033,[]
2026-06-10,13:00:45.242400,[]
2026-06-10,13:00:45.275767,[]
2026-06-10,13:00:45.309134,[]
2026-06-10,13:00:45.342501,[]
2026-06-10,13:00:45.375868,[]
2026-06-10,13:00:45.409235,[]
2026-06-10,13:00:45.442602,[]
2026-06-10,13:00:45.475969,[]
2026-06-10,13:00:45.509336,[]
2026-06-10,13:00:45.542703,[]
2026-06-10,13:00:45.576070,[]
2026-06-10,13:00:45.609437,[]
2026-06-10,13:00:45.642804,[]
2026-06-10,13:00:45.676171,[]
2026-06-10,13:00:45.709538,[]
2026-06-10,13:00:45.742905,[]
2026-06-10,13:00:45.776272,[]
2026-06-10,13:00:45.809639,[]
2026-06-10,13:00:45.843006,[]
2026-06-10,13:00:45.876373,[]
2026-06-10,13:00:45.909740,[]
2026-06-10,13:00:45.943107,[]
2026-06-10,13:00:45.976474,[]
2026-06-10,13:00:46.009841,[]
2026-06-10,13:00:46.043208,[]
2026-06-10,13:00:46.076575,[]
2026-06-10,13:00:46.109942,[]
2026-06-10,13:00:46.143309,[]
2026-06-10,13:00:46.176676,[]
2026-06-10,13:00:46.210043,[]
2026-06-10,13:00:46.243410,[]
2026-06-10,13:00:46.276777,[]
2026-06-10,13:00:46.310144,[]
2026-06-10,13:00:46.343511,[]
2026-06-10,13:00:46.376878,[]
2026-06-10,13:00:46.410245,[]
2026-06-10,13:00:46.443612,[]
2026-06-10,13:00:46.476979,[]
2026-06-10,13:00:46.510346,[]
2026-06-10,13:00:46.543713,[]
2026-06-10,13:00:46.577080,[]
2026-06-10,13:00:46.610447,[]
2026-06-10,13:00:46.643814,[]
2026-06-10,13:00:46.677181,[]
2026-06-10,13:00:46.710548,[]
2026-06-10,13:00:46.743915,[]
2026-06-10,13:00:46.777282,[]
2026-06-10,13:00:46.810649,[]
2026-06-10,13:00:46.844016,[]
2026-06-10,13:00:46.877383,[]
2026-06-10,13:00:46.910750,[]
2026-06-10,13:00:46.944117,[]
2026-06-10,13:00:46.977484,[]
2026-06-10,13:00:47.010851,[]
2026-06-10,13:00:47.044218,[]
2026-06-10,13:00:47.077585,[]
2026-06-10,13:00:47.110952,[]
2026-06-10,13:00:47.144319,[]
2026-06-10,13:00:47.177686,[]
2026-06-10,13:00:47.211053,[]
2026-06-10,13:00:47.244420,[]
2026-06-10,13:00:47.277787,[]
2026-06-10,13:00:47.311154,[]
2026-06-10,13:00:47.344521,[]
2026-06-10,13:00:47.377888,[]
2026-06-10,13:00:47.411255,[]
2026-06-10,13:00:47.444622,[]
2026-06-10,13:00:47.477989,[]
2026-06-10,13:00:47.511356,[]
2026-06-10,13:00:47.544723,[]
2026-06-10,13:00:47.578090,[]
2026-06-10,13:00:47.611457,[]
2026-06-10,13:00:47.644824,[]
2026-06-10,13:00:47.678191,[]
2026-06-10,13:00:47.711558,[]
2026-06-10,13:00:47.744925,[]
2026-06-10,13:00:47.778292,[]
2026-06-10,13:00:47.811659,[]
2026-06-10,13:00:47.845026,[]
2026-06-10,13:00:47.878393,[]
2026-06-10,13:00:47.911760,[]
2026-06-10,13:00:47.945127,[]
2026-06-10,13:00:47.978494,[]
2026-06-10,13:00:48.011861,[]
2026-06-10,13:00:48.045228,[]
2026-06-10,13:00:48.078595,[]
2026-06-10,13:00:48.111962,[]
2026-06-10,13:00:48.145329,[]
2026-06-10,13:00:48.178696,[]
2026-06-10,13:00:48.212063,[]
2026-06-10,13:00:48.245430,[]
2026-06-10,13:00:48.278797,[]
2026-06-10,13:00:48.312164,[]
2026-06-10,13:00:48.345531,[]
2026-06-10,13:00:48.378898,[]
2026-06-10,13:00:48.412265,[]
2026-06-10,13:00:48.445632,[]
2026-06-10,13:00:48.478999,[]
2026-06-10,13:00:48.512366,[]
2026-06-10,13:00:48.545733,[]
2026-06-10,13:00:48.579100,[]
2026-06-10,13:00:48.612467,[]
2026-06-10,13:00:48.645834,[]
2026-06-10,13:00:48.679201,[]
2026-06-10,13:00:48.712568,[]
2026-06-10,13:00:48.745935,[]
2026-06-10,13:00:48.779302,[]
2026-06-10,13:00:48.812669,[]
2026-06-10,13:00:48.846036,[]
2026-06-10,13:00:48.879403,[]
2026-06-10,13:00:48.912770,[]
2026-06-10,13:00:48.946137,[]
2026-06-10,13:00:48.979504,[]
2026-06-10,13:00:49.012871,[]
2026-06-10,13:00:49.046238,[]
2026-06-10,13:00:49.079605,[]
2026-06-10,13:00:49.112972,[]
2026-06-10,13:00:49.146339,[]
2026-06-10,13:00:49.179706,[]
2026-06-10,13:00:49.213073,[]
2026-06-10,13:00:49.246440,[]
2026-06-10,13:00:49.279807,[]
2026-06-10,13:00:49.313174,[]
2026-06-10,13:00:49.346541,[]
2026-06-10,13:00:49.379908,[]
2026-06-10,13:00:49.413275,[]
2026-06-10,13:00:49.446642,[]
2026-06-10,13:00:49.480009,[]
2026-06-10,13:00:49.513376,[]
2026-06-10,13:00:49.546743,[]
2026-06-10,13:00:49.580110,[]
2026-06-10,13:00:49.613477,[]
2026-06-10,13:00:49.646844,[]
2026-06-10,13:00:49.680211,[]
2026-06-10,13:00:49.713578,[]
2026-06-10,13:00:49.746945,[]
2026-06-10,13:00:49.780312,[]
2026-06-10,13:00:49.813679,[]
2026-06-10,13:00:49.847046,[]
2026-06-10,13:00:49.880413,[]
2026-06-10,13:00:49.913780,[]
2026-06-10,13:00:49.947147,[]
2026-06-10,13:00:49.980514,[]
2026-06-10,13:00:50.013881,[]
2026-06-10,13:00:50.047248,[]
2026-06-10,13:00:50.080615,[]
2026-06-10,13:00:50.113982,[]
2026-06-10,13:00:50.147349,[]
2026-06-10,13:00:50.180716,[]
2026-06-10,13:00:50.214083,[]
2026-06-10,13:00:50.247450,[]
2026-06-10,13:00:50.280817,[]
2026-06-10,13:00:50.314184,[]
2026-06-10,13:00:50.347551,[]
2026-06-10,13:00:50.380918,[]
2026-06-10,13:00:50.414285,[]
2026-06-10,13:00:50.447652,[]
2026-06-10,13:00:50.481019,[]
2026-06-10,13:00:50.514386,[]
2026-06-10,13:00:50.547753,[]
2026-06-10,13:00:50.581120,[]
2026-06-10,13:00:50.614487,[]
2026-06-10,13:00:50.647854,[]
2026-06-10,13:00:50.681221,[]
2026-06-10,13:00:50.714588,[]
2026-06-10,13:00:50.747955,[]
2026-06-10,13:00:50.781322,[]
2026-06-10,13:00:50.814689,[]
2026-06-10,13:00:50.848056,[]
2026-06-10,13:00:50.881423,[]
2026-06-10,13:00:50.914790,[]
2026-06-10,13:00:50.948157,[]
2026-06-10,13:00:50.981524,[]
2026-06-10,13:00:51.014891,[]
2026-06-10,13:00:51.048258,[]
2026-06-10,13:00:51.081625,[]
2026-06-10,13:00:51.114992,[]
2026-06-10,13:00:51.148359,[]
2026-06-10,13:00:51.181726,[]
2026-06-10,13:00:51.215093,[]
2026-06-10,13:00:51.248460,[]
2026-06-10,13:00:51.281827,[]
2026-06-10,13:00:51.315194,[]
2026-06-10,13:00:51.348561,[]
2026-06-10,13:00:51.381928,[]
2026-06-10,13:00:51.415295,[]
2026-06-10,13:00:51.448662,[]
2026-06-10,13:00:51.482029,[]
2026-06-10,13:00:51.515396,[]
2026-06-10,13:00:51.548763,[]
2026-06-10,13:00:51.582130,[]
2026-06-10,13:00:51.615497,[]
2026-06-10,13:00:51.648864,[]
2026-06-10,13:00:51.682231,[]
2026-06-10,13:00:51.715598,[]
2026-06-10,13:00:51.748965,[]
2026-06-10,13:00:51.782332,[]
2026-06-10,13:00:51.815699,[]
2026-06-10,13:00:51.849066,[]
2026-06-10,13:00:51.882433,[]
2026-06-10,13:00:51.915800,[]
2026-06-10,13:00:51.949167,[]
2026-06-10,13:00:51.982534,[]
2026-06-10,13:00:52.015901,[]
2026-06-10,13:00:52.049268,[]
2026-06-10,13:00:52.082635,[]
2026-06-10,13:00:52.116002,[]
2026-06-10,13:00:52.149369,[]
2026-06-10,13:00:52.182736,[]
2026-06-10,13:00:52.216103,[]
2026-06-10,13:00:52.249470,[]
2026-06-10,13:00:52.282837,[]
2026-06-10,13:00:52.316204,[]
2026-06-10,13:00:52.349571,[]
2026-06-10,13:00:52.382938,[]
2026-06-10,13:00:52.416305,[]
2026-06-10,13:00:52.449672,[]
2026-06-10,13:00:52.483039,[]
2026-06-10,13:00:52.516406,[]
2026-06-10,13:00:52.549773,[]
2026-06-10,13:00:52.583140,[]
2026-06-10,13:00:52.616507,[]
2026-06-10,13:00:52.649874,[]
2026-06-10,13:00:52.683241,[]
2026-06-10,13:00:52.716608,[]
2026-06-10,13:00:52.749975,[]
2026-06-10,13:00:52.783342,[]
2026-06-10,13:00:52.816709,[]
2026-06-10,13:00:52.850076,[]
2026-06-10,13:00:52.883443,[]
2026-06-10,13:00:52.916810,[]
2026-06-10,13:00:52.950177,[]
2026-06-10,13:00:52.983544,[]
2026-06-10,13:00:53.016911,[]
2026-06-10,13:00:53.050278,[]
2026-06-10,13:00:53.083645,[]
2026-06-10,13:00:53.117012,[]
2026-06-10,13:00:53.150379,[]
2026-06-10,13:00:53.183746,[]
2026-06-10,13:00:53.217113,[]
2026-06-10,13:00:53.250480,[]
2026-06-10,13:00:53.283847,[]
2026-06-10,13:00:53.317214,[]
2026-06-10,13:00:53.350581,[]
2026-06-10,13:00:53.383948,[]
2026-06-10,13:00:53.417315,[]
2026-06-10,13:00:53.450682,[]
2026-06-10,13:00:53.484049,[]
2026-06-10,13:00:53.517416,[]
2026-06-10,13:00:53.550783,[]
2026-06-10,13:00:53.584150,[]
2026-06-10,13:00:53.617517,[]
2026-06-10,13:00:53.650884,[]
2026-06-10,13:00:53.684251,[]
2026-06-10,13:00:53.717618,[]
2026-06-10,13:00:53.750985,[]
2026-06-10,13:00:53.784352,[]
2026-06-10,13:00:53.817719,[]
2026-06-10,13:00:53.851086,[]
2026-06-10,13:00:53.884453,[]
2026-06-10,13:00:53.917820,[]
2026-06-10,13:00:53.951187,[]
2026-06-10,13:00:53.984554,[]
2026-06-10,13:00:54.017921,[]
2026-06-10,13:00:54.051288,[]
2026-06-10,13:00:54.084655,[]
2026-06-10,13:00:54.118022,[]
2026-06-10,13:00:54.151389,[]
2026-06-10,13:00:54.184756,[]
2026-06-10,13:00:54.218123,[]
2026-06-10,13:00:54.251490,[]
2026-06-10,13:00:54.284857,[]
2026-06-10,13:00:54.318224,[]
2026-06-10,13:00:54.351591,[]
2026-06-10,13:00:54.384958,[]
2026-06-10,13:00:54.418325,[]
2026-06-10,13:00:54.451692,[]
2026-06-10,13:00:54.485059,[]
2026-06-10,13:00:54.518426,[]
2026-06-10,13:00:54.551793,[]
2026-06-10,13:00:54.585160,[]
2026-06-10,13:00:54.618527,[]
2026-06-10,13:00:54.651894,[]
2026-06-10,13:00:54.685261,[]
2026-06-10,13:00:54.718628,[]
2026-06-10,13:00:54.751995,[]
2026-06-10,13:00:54.785362,[]
2026-06-10,13:00:54.818729,[]
2026-06-10,13:00:54.852096,[]
2026-06-10,13:00:54.885463,[]
2026-06-10,13:00:54.918830,[]
2026-06-10,13:00:54.952197,[]
2026-06-10,13:00:54.985564,[]
2026-06-10,13:00:55.018931,[]
2026-06-10,13:00:55.052298,[]
2026-06-10,13:00:55.085665,[]
2026-06-10,13:00:55.119032,[]
2026-06-10,13:00:55.152399,[]
2026-06-10,13:00:55.185766,[]
2026-06-10,13:00:55.219133,[]
2026-06-10,13:00:55.252500,[]
2026-06-10,13:00:55.285867,[]
2026-06-10,13:00:55.319234,[]
2026-06-10,13:00:55.352601,[]
2026-06-10,13:00:55.385968,[]
2026-06-10,13:00:55.419335,[]
2026-06-10,13:00:55.452702,[]
2026-06-10,13:00:55.486069,[]
2026-06-10,13:00:55.519436,[]
2026-06-10,13:00:55.552803,[]
2026-06-10,13:00:55.586170,[]
2026-06-10,13:00:55.619537,[]
2026-06-10,13:00:55.652904,[]
2026-06-10,13:00:55.686271,[]
2026-06-10,13:00:55.719638,[]
2026-06-10,13:00:55.753005,[]
2026-06-10,13:00:55.786372,[]
2026-06-10,13:00:55.819739,[]
2026-06-10,13:00:55.853106,[]
2026-06-10,13:00:55.886473,[]
2026-06-10,13:00:55.919840,[]
2026-06-10,13:00:55.953207,[]
2026-06-10,13:00:55.986574,[]
2026-06-10,13:00:56.019941,[]
2026-06-10,13:00:56.053308,[]
2026-06-10,13:00:56.086675,[]
2026-06-10,13:00:56.120042,[]
2026-06-10,13:00:56.153409,[]
2026-06-10,13:00:56.186776,[]
2026-06-10,13:00:56.220143,[]
2026-06-10,13:00:56.253510,[]
2026-06-10,13:00:56.286877,[]
2026-06-10,13:00:56.320244,[]
2026-06-10,13:00:56.353611,[]
2026-06-10,13:00:56.386978,[]
2026-06-10,13:00:56.420345,[]
2026-06-10,13:00:56.453712,[]
2026-06-10,13:00:56.487079,[]
2026-06-10,13:00:56.520446,[]
2026-06-10,13:00:56.553813,[]
2026-06-10,13:00:56.587180,[]
2026-06-10,13:00:56.620547,[]
2026-06-10,13:00:56.653914,[]
2026-06-10,13:00:56.687281,[]
2026-06-10,13:00:56.720648,[]
2026-06-10,13:00:56.754015,[]
2026-06-10,13:00:56.787382,[]
2026-06-10,13:00:56.820749,[]
2026-06-10,13:00:56.854116,[]
2026-06-10,13:00:56.887483,[]
2026-06-10,13:00:56.920850,[]
2026-06-10,13:00:56.954217,[]
2026-06-10,13:00:56.987584,[]
2026-06-10,13:00:57.020951,[]
2026-06-10,13:00:57.054318,[]
2026-06-10,13:00:57.087685,[]
2026-06-10,13:00:57.121052,[]
2026-06-10,13:00:57.154419,[]
2026-06-10,13:00:57.187786,[]
2026-06-10,13:00:57.221153,[]
2026-06-10,13:00:57.254520,[]
2026-06-10,13:00:57.287887,[]
2026-06-10,13:00:57.321254,[]
2026-06-10,13:00:57.354621,[]
2026-06-10,13:00:57.387988,[]
2026-06-10,13:00:57.421355,[]
2026-06-10,13:00:57.454722,[]
2026-06-10,13:00:57.488089,[]
2026-06-10,13:00:57.521456,[]
2026-06-10,13:00:57.554823,[]
2026-06-10,13:00:57.588190,[]
2026-06-10,13:00:57.621557,[]
2026-06-10,13:00:57.654924,[]
2026-06-10,13:00:57.688291,[]
2026-06-10,13:00:57.721658,[]
2026-06-10,13:00:57.755025,[]
2026-06-10,13:00:57.788392,[]
2026-06-10,13:00:57.821759,[]
2026-06-10,13:00:57.855126,[]
2026-06-10,13:00:57.888493,[]
2026-06-10,13:00:57.921860,[]
2026-06-10,13:00:57.955227,[]
2026-06-10,13:00:57.988594,[]
2026-06-10,13:00:58.021961,[]
2026-06-10,13:00:58.055328,[]
2026-06-10,13:00:58.088695,[]
2026-06-10,13:00:58.122062,[]
2026-06-10,13:00:58.155429,[]
2026-06-10,13:00:58.188796,[]
2026-06-10,13:00:58.222163,[]
2026-06-10,13:00:58.255530,[]
2026-06-10,13:00:58.288897,[]
2026-06-10,13:00:58.322264,[]
2026-06-10,13:00:58.355631,[]
2026-06-10,13:00:58.388998,[]
2026-06-10,13:00:58.422365,[]
2026-06-10,13:00:58.455732,[]
2026-06-10,13:00:58.489099,[]
2026-06-10,13:00:58.522466,[]
2026-06-10,13:00:58.555833,[]
2026-06-10,13:00:58.589200,[]
2026-06-10,13:00:58.622567,[]
2026-06-10,13:00:58.655934,[]
2026-06-10,13:00:58.689301,[]
2026-06-10,13:00:58.722668,[]
2026-06-10,13:00:58.756035,[]
2026-06-10,13:00:58.789402,[]
2026-06-10,13:00:58.822769,[]
2026-06-10,13:00:58.856136,[]
2026-06-10,13:00:58.889503,[]
2026-06-10,13:00:58.922870,[]
2026-06-10,13:00:58.956237,[]
2026-06-10,13:00:58.989604,[]
2026-06-10,13:00:59.022971,[]
2026-06-10,13:00:59.056338,[]
2026-06-10,13:00:59.089705,[]
2026-06-10,13:00:59.123072,[]
2026-06-10,13:00:59.156439,[]
2026-06-10,13:00:59.189806,[]
2026-06-10,13:00:59.223173,[]
2026-06-10,13:00:59.256540,[]
2026-06-10,13:00:59.289907,[]
2026-06-10,13:00:59.323274,[]
2026-06-10,13:00:59.356641,[]
2026-06-10,13:00:59.390008,[]
2026-06-10,13:00:59.423375,[]
2026-06-10,13:00:59.456742,[]
2026-06-10,13:00:59.490109,[]
2026-06-10,13:00:59.523476,[]
2026-06-10,13:00:59.556843,[]
2026-06-10,13:00:59.590210,[]
2026-06-10,13:00:59.623577,[]
2026-06-10,13:00:59.656944,[]
2026-06-10,13:00:59.690311,[]
2026-06-10,13:00:59.723678,[]
2026-06-10,13:00:59.757045,[]
2026-06-10,13:00:59.790412,[]
2026-06-10,13:00:59.823779,[]
2026-06-10,13:00:59.857146,[]
2026-06-10,13:00:59.890513,[]
2026-06-10,13:00:59.923880,[]
2026-06-10,13:00:59.957247,[]
2026-06-10,13:00:59.990614,[]
2026-06-10,13:01:00.023981,[]
2026-06-10,13:01:00.057348,[]
2026-06-10,13:01:00.090715,[]
2026-06-10,13:01:00.124082,[]
2026-06-10,13:01:00.157449,[]
2026-06-10,13:01:00.190816,[]
2026-06-10,13:01:00.224183,[]
2026-06-10,13:01:00.257550,[]
2026-06-10,13:01:00.290917,[]
2026-06-10,13:01:00.324284,[]
2026-06-10,13:01:00.357651,[]
2026-06-10,13:01:00.391018,[]
2026-06-10,13:01:00.424385,[]
2026-06-10,13:01:00.457752,[]
2026-06-10,13:01:00.491119,[]
2026-06-10,13:01:00.524486,[]
2026-06-10,13:01:00.557853,[]
2026-06-10,13:01:00.591220,[]
2026-06-10,13:01:00.624587,[]
2026-06-10,13:01:00.657954,[]
2026-06-10,13:01:00.691321,[]
2026-06-10,13:01:00.724688,[]
2026-06-10,13:01:00.758055,[]
2026-06-10,13:01:00.791422,[]
2026-06-10,13:01:00.824789,[]
2026-06-10,13:01:00.858156,[]
2026-06-10,13:01:00.891523,[]
2026-06-10,13:01:00.924890,[]
2026-06-10,13:01:00.958257,[]
2026-06-10,13:01:00.991624,[]
2026-06-10,13:01:01.024991,[]
2026-06-10,13:01:01.058358,[]
2026-06-10,13:01:01.091725,[]
2026-06-10,13:01:01.125092,[]
2026-06-10,13:01:01.158459,[]
2026-06-10,13:01:01.191826,[]
2026-06-10,13:01:01.225193,[]
2026-06-10,13:01:01.258560,[]
2026-06-10,13:01:01.291927,[]
2026-06-10,13:01:01.325294,[]
2026-06-10,13:01:01.358661,[]
2026-06-10,13:01:01.392028,[]
2026-06-10,13:01:01.425395,[]
2026-06-10,13:01:01.458762,[]
2026-06-10,13:01:01.492129,[]
2026-06-10,13:01:01.525496,[]
2026-06-10,13:01:01.558863,[]
2026-06-10,13:01:01.592230,[]
2026-06-10,13:01:01.625597,[]
2026-06-10,13:01:01.658964,[]
2026-06-10,13:01:01.692331,[]
2026-06-10,13:01:01.725698,[]
2026-06-10,13:01:01.759065,[]
2026-06-10,13:01:01.792432,[]
2026-06-10,13:01:01.825799,[]
2026-06-10,13:01:01.859166,[]
2026-06-10,13:01:01.892533,[]
2026-06-10,13:01:01.925900,[]
2026-06-10,13:01:01.959267,[]
2026-06-10,13:01:01.992634,[]
2026-06-10,13:01:02.026001,[]
2026-06-10,13:01:02.059368,[]
2026-06-10,13:01:02.092735,[]
2026-06-10,13:01:02.126102,[]
2026-06-10,13:01:02.159469,[]
2026-06-10,13:01:02.192836,[]
2026-06-10,13:01:02.226203,[]
2026-06-10,13:01:02.259570,[]
2026-06-10,13:01:02.292937,[]
2026-06-10,13:01:02.326304,[]
2026-06-10,13:01:02.359671,[]
2026-06-10,13:01:02.393038,[]
2026-06-10,13:01:02.426405,[]
2026-06-10,13:01:02.459772,[]
2026-06-10,13:01:02.493139,[]
2026-06-10,13:01:02.526506,[]
2026-06-10,13:01:02.559873,[]
2026-06-10,13:01:02.593240,[]
2026-06-10,13:01:02.626607,[]
2026-06-10,13:01:02.659974,[]
2026-06-10,13:01:02.693341,[]
2026-06-10,13:01:02.726708,[]
2026-06-10,13:01:02.760075,[]
2026-06-10,13:01:02.793442,[]
2026-06-10,13:01:02.826809,[]
2026-06-10,13:01:02.860176,[]
2026-06-10,13:01:02.893543,[]
2026-06-10,13:01:02.926910,[]
2026-06-10,13:01:02.960277,[]
2026-06-10,13:01:02.993644,[]
2026-06-10,13:01:03.027011,[]
2026-06-10,13:01:03.060378,[]
2026-06-10,13:01:03.093745,[]
2026-06-10,13:01:03.127112,[]
2026-06-10,13:01:03.160479,[]
2026-06-10,13:01:03.193846,[]
2026-06-10,13:01:03.227213,[]
2026-06-10,13:01:03.260580,[]
2026-06-10,13:01:03.293947,[]
2026-06-10,13:01:03.327314,[]
2026-06-10,13:01:03.360681,[]
2026-06-10,13:01:03.394048,[]
2026-06-10,13:01:03.427415,[]
2026-06-10,13:01:03.460782,[]
2026-06-10,13:01:03.494149,[]
2026-06-10,13:01:03.527516,[]
2026-06-10,13:01:03.560883,[]
2026-06-10,13:01:03.594250,[]
2026-06-10,13:01:03.627617,[]
2026-06-10,13:01:03.660984,[]
2026-06-10,13:01:03.694351,[]
2026-06-10,13:01:03.727718,[]
2026-06-10,13:01:03.761085,[]
2026-06-10,13:01:03.794452,[]
2026-06-10,13:01:03.827819,[]
2026-06-10,13:01:03.861186,[]
2026-06-10,13:01:03.894553,[]
2026-06-10,13:01:03.927920,[]
2026-06-10,13:01:03.961287,[]
2026-06-10,13:01:03.994654,[]
2026-06-10,13:01:04.028021,[]
2026-06-10,13:01:04.061388,[]
2026-06-10,13:01:04.094755,[]
2026-06-10,13:01:04.128122,[]
2026-06-10,13:01:04.161489,[]
2026-06-10,13:01:04.194856,[]
2026-06-10,13:01:04.228223,[]
2026-06-10,13:01:04.261590,[]
2026-06-10,13:01:04.294957,[]
2026-06-10,13:01:04.328324,[]
2026-06-10,13:01:04.361691,[]
2026-06-10,13:01:04.395058,[]
2026-06-10,13:01:04.428425,[]
2026-06-10,13:01:04.461792,[]
2026-06-10,13:01:04.495159,[]
2026-06-10,13:01:04.528526,[]
2026-06-10,13:01:04.561893,[]
2026-06-10,13:01:04.595260,[]
2026-06-10,13:01:04.628627,[]
2026-06-10,13:01:04.661994,[]
2026-06-10,13:01:04.695361,[]
2026-06-10,13:01:04.728728,[]
2026-06-10,13:01:04.762095,[]
2026-06-10,13:01:04.795462,[]
2026-06-10,13:01:04.828829,[]
2026-06-10,13:01:04.862196,[]
2026-06-10,13:01:04.895563,[]
2026-06-10,13:01:04.928930,[]
2026-06-10,13:01:04.962297,[]
2026-06-10,13:01:04.995664,[]
2026-06-10,13:01:05.029031,[]
2026-06-10,13:01:05.062398,[]
2026-06-10,13:01:05.095765,[]
2026-06-10,13:01:05.129132,[]
2026-06-10,13:01:05.162499,[]
2026-06-10,13:01:05.195866,[]
2026-06-10,13:01:05.229233,[]
2026-06-10,13:01:05.262600,[]
2026-06-10,13:01:05.295967,[]
2026-06-10,13:01:05.329334,[]
2026-06-10,13:01:05.362701,[]
2026-06-10,13:01:05.396068,[]
2026-06-10,13:01:05.429435,[]
2026-06-10,13:01:05.462802,[]
2026-06-10,13:01:05.496169,[]
2026-06-10,13:01:05.529536,[]
2026-06-10,13:01:05.562903,[]
2026-06-10,13:01:05.596270,[]
2026-06-10,13:01:05.629637,[]
2026-06-10,13:01:05.663004,[]
2026-06-10,13:01:05.696371,[]
2026-06-10,13:01:05.729738,[]
2026-06-10,13:01:05.763105,[]
2026-06-10,13:01:05.796472,[]
2026-06-10,13:01:05.829839,[]
2026-06-10,13:01:05.863206,[]
2026-06-10,13:01:05.896573,[]
2026-06-10,13:01:05.929940,[]
2026-06-10,13:01:05.963307,[]
2026-06-10,13:01:05.996674,[]
2026-06-10,13:01:06.030041,[]
2026-06-10,13:01:06.063408,[]
2026-06-10,13:01:06.096775,[]
2026-06-10,13:01:06.130142,[]
2026-06-10,13:01:06.163509,[]
2026-06-10,13:01:06.196876,[]
2026-06-10,13:01:06.230243,[]
2026-06-10,13:01:06.263610,[]
2026-06-10,13:01:06.296977,[]
2026-06-10,13:01:06.330344,[]
2026-06-10,13:01:06.363711,[]
2026-06-10,13:01:06.397078,[]
2026-06-10,13:01:06.430445,[]
2026-06-10,13:01:06.463812,[]
2026-06-10,13:01:06.497179,[]
2026-06-10,13:01:06.530546,[]
2026-06-10,13:01:06.563913,[]
2026-06-10,13:01:06.597280,[]
2026-06-10,13:01:06.630647,[]
2026-06-10,13:01:06.664014,[]
2026-06-10,13:01:06.697381,[]
2026-06-10,13:01:06.730748,[]
2026-06-10,13:01:06.764115,[]
2026-06-10,13:01:06.797482,[]
2026-06-10,13:01:06.830849,[]
2026-06-10,13:01:06.864216,[]
2026-06-10,13:01:06.897583,[]
2026-06-10,13:01:06.930950,[]
2026-06-10,13:01:06.964317,[]
2026-06-10,13:01:06.997684,[]
2026-06-10,13:01:07.031051,[]
2026-06-10,13:01:07.064418,[]
2026-06-10,13:01:07.097785,[]
2026-06-10,13:01:07.131152,[]
2026-06-10,13:01:07.164519,[]
2026-06-10,13:01:07.197886,[]
2026-06-10,13:01:07.231253,[]
2026-06-10,13:01:07.264620,[]
2026-06-10,13:01:07.297987,[]
2026-06-10,13:01:07.331354,[]
2026-06-10,13:01:07.364721,[]
2026-06-10,13:01:07.398088,[]
2026-06-10,13:01:07.431455,[]
2026-06-10,13:01:07.464822,[]
2026-06-10,13:01:07.498189,[]
2026-06-10,13:01:07.531556,[]
2026-06-10,13:01:07.564923,[]
2026-06-10,13:01:07.598290,[]
2026-06-10,13:01:07.631657,[]
2026-06-10,13:01:07.665024,[]
2026-06-10,13:01:07.698391,[]
2026-06-10,13:01:07.731758,[]
2026-06-10,13:01:07.765125,[]
2026-06-10,13:01:07.798492,[]
2026-06-10,13:01:07.831859,[]
2026-06-10,13:01:07.865226,[]
2026-06-10,13:01:07.898593,[]
2026-06-10,13:01:07.931960,[]
2026-06-10,13:01:07.965327,[]
2026-06-10,13:01:07.998694,[]
2026-06-10,13:01:08.032061,[]
2026-06-10,13:01:08.065428,[]
2026-06-10,13:01:08.098795,[]
2026-06-10,13:01:08.132162,[]
2026-06-10,13:01:08.165529,[]
2026-06-10,13:01:08.198896,[]
2026-06-10,13:01:08.232263,[]
2026-06-10,13:01:08.265630,[]
2026-06-10,13:01:08.298997,[]
2026-06-10,13:01:08.332364,[]
2026-06-10,13:01:08.365731,[]
2026-06-10,13:01:08.399098,[]
2026-06-10,13:01:08.432465,[]
2026-06-10,13:01:08.465832,[]
2026-06-10,13:01:08.499199,[]
2026-06-10,13:01:08.532566,[]
2026-06-10,13:01:08.565933,[]
2026-06-10,13:01:08.599300,[]
2026-06-10,13:01:08.632667,[]
2026-06-10,13:01:08.666034,[]
2026-06-10,13:01:08.699401,[]
2026-06-10,13:01:08.732768,[]
2026-06-10,13:01:08.766135,[]
2026-06-10,13:01:08.799502,[]
2026-06-10,13:01:08.832869,[]
2026-06-10,13:01:08.866236,[]
2026-06-10,13:01:08.899603,[]
2026-06-10,13:01:08.932970,[]
2026-06-10,13:01:08.966337,[]
2026-06-10,13:01:08.999704,[]
2026-06-10,13:01:09.033071,[]
2026-06-10,13:01:09.066438,[]
2026-06-10,13:01:09.099805,[]
2026-06-10,13:01:09.133172,[]
2026-06-10,13:01:09.166539,[]
2026-06-10,13:01:09.199906,[]
2026-06-10,13:01:09.233273,[]
2026-06-10,13:01:09.266640,[]
2026-06-10,13:01:09.300007,[]
2026-06-10,13:01:09.333374,[]
2026-06-10,13:01:09.366741,[]
2026-06-10,13:01:09.400108,[]
2026-06-10,13:01:09.433475,[]
2026-06-10,13:01:09.466842,[]
2026-06-10,13:01:09.500209,[]
2026-06-10,13:01:09.533576,[]
2026-06-10,13:01:09.566943,[]
2026-06-10,13:01:09.600310,[]
2026-06-10,13:01:09.633677,[]
2026-06-10,13:01:09.667044,[]
2026-06-10,13:01:09.700411,[]
2026-06-10,13:01:09.733778,[]
2026-06-10,13:01:09.767145,[]
2026-06-10,13:01:09.800512,[]
2026-06-10,13:01:09.833879,[]
2026-06-10,13:01:09.867246,[]
2026-06-10,13:01:09.900613,[]
2026-06-10,13:01:09.933980,[]
2026-06-10,13:01:09.967347,[]
2026-06-10,13:01:10.000714,[]
2026-06-10,13:01:10.034081,[]
2026-06-10,13:01:10.067448,[]
2026-06-10,13:01:10.100815,[]
2026-06-10,13:01:10.134182,[]
2026-06-10,13:01:10.167549,[]
2026-06-10,13:01:10.200916,[]
2026-06-10,13:01:10.234283,[]
2026-06-10,13:01:10.267650,[]
2026-06-10,13:01:10.301017,[]
2026-06-10,13:01:10.334384,[]
2026-06-10,13:01:10.367751,[]
2026-06-10,13:01:10.401118,[]
2026-06-10,13:01:10.434485,[]
2026-06-10,13:01:10.467852,[]
2026-06-10,13:01:10.501219,[]
2026-06-10,13:01:10.534586,[]
2026-06-10,13:01:10.567953,[]
2026-06-10,13:01:10.601320,[]
2026-06-10,13:01:10.634687,[]
2026-06-10,13:01:10.668054,[]
2026-06-10,13:01:10.701421,[]
2026-06-10,13:01:10.734788,[]
2026-06-10,13:01:10.768155,[]
2026-06-10,13:01:10.801522,[]
2026-06-10,13:01:10.834889,[]
2026-06-10,13:01:10.868256,[]
2026-06-10,13:01:10.901623,[]
2026-06-10,13:01:10.934990,[]
2026-06-10,13:01:10.968357,[]
2026-06-10,13:01:11.001724,[]
2026-06-10,13:01:11.035091,[]
2026-06-10,13:01:11.068458,[]
2026-06-10,13:01:11.101825,[]
2026-06-10,13:01:11.135192,[]
2026-06-10,13:01:11.168559,[]
2026-06-10,13:01:11.201926,[]
2026-06-10,13:01:11.235293,[]
2026-06-10,13:01:11.268660,[]
2026-06-10,13:01:11.302027,[]
2026-06-10,13:01:11.335394,[]
2026-06-10,13:01:11.368761,[]
2026-06-10,13:01:11.402128,[]
2026-06-10,13:01:11.435495,[]
2026-06-10,13:01:11.468862,[]
2026-06-10,13:01:11.502229,[]
2026-06-10,13:01:11.535596,[]
2026-06-10,13:01:11.568963,[]
2026-06-10,13:01:11.602330,[]
2026-06-10,13:01:11.635697,[]
2026-06-10,13:01:11.669064,[]
2026-06-10,13:01:11.702431,[]
2026-06-10,13:01:11.735798,[]
2026-06-10,13:01:11.769165,[]
2026-06-10,13:01:11.802532,[]
2026-06-10,13:01:11.835899,[]
2026-06-10,13:01:11.869266,[]
2026-06-10,13:01:11.902633,[]
2026-06-10,13:01:11.936000,[]
2026-06-10,13:01:11.969367,[]
2026-06-10,13:01:12.002734,[]
2026-06-10,13:01:12.036101,[]
2026-06-10,13:01:12.069468,[]
2026-06-10,13:01:12.102835,[]
2026-06-10,13:01:12.136202,[]
2026-06-10,13:01:12.169569,[]
2026-06-10,13:01:12.202936,[]
2026-06-10,13:01:12.236303,[]
2026-06-10,13:01:12.269670,[]
2026-06-10,13:01:12.303037,[]
2026-06-10,13:01:12.336404,[]
2026-06-10,13:01:12.369771,[]
2026-06-10,13:01:12.403138,[]
2026-06-10,13:01:12.436505,[]
2026-06-10,13:01:12.469872,[]
2026-06-10,13:01:12.503239,[]
2026-06-10,13:01:12.536606,[]
2026-06-10,13:01:12.569973,[]
2026-06-10,13:01:12.603340,[]
2026-06-10,13:01:12.636707,[]
2026-06-10,13:01:12.670074,[]
2026-06-10,13:01:12.703441,[]
2026-06-10,13:01:12.736808,[]
2026-06-10,13:01:12.770175,[]
2026-06-10,13:01:12.803542,[]
2026-06-10,13:01:12.836909,[]
2026-06-10,13:01:12.870276,[]
2026-06-10,13:01:12.903643,[]
2026-06-10,13:01:12.937010,[]
2026-06-10,13:01:12.970377,[]
2026-06-10,13:01:13.003744,[]
2026-06-10,13:01:13.037111,[]
2026-06-10,13:01:13.070478,[]
2026-06-10,13:01:13.103845,[]
2026-06-10,13:01:13.137212,[]
2026-06-10,13:01:13.170579,[]
2026-06-10,13:01:13.203946,[]
2026-06-10,13:01:13.237313,[]
2026-06-10,13:01:13.270680,[]
2026-06-10,13:01:13.304047,[]
2026-06-10,13:01:13.337414,[]
2026-06-10,13:01:13.370781,[]
2026-06-10,13:01:13.404148,[]
2026-06-10,13:01:13.437515,[]
2026-06-10,13:01:13.470882,[]
2026-06-10,13:01:13.504249,[]
2026-06-10,13:01:13.537616,[]
2026-06-10,13:01:13.570983,[]
2026-06-10,13:01:13.604350,[]
2026-06-10,13:01:13.637717,[]
2026-06-10,13:01:13.671084,[]
2026-06-10,13:01:13.704451,[]
2026-06-10,13:01:13.737818,[]
2026-06-10,13:01:13.771185,[]
2026-06-10,13:01:13.804552,[]
2026-06-10,13:01:13.837919,[]
2026-06-10,13:01:13.871286,[]
2026-06-10,13:01:13.904653,[]
2026-06-10,13:01:13.938020,[]
2026-06-10,13:01:13.971387,[]
2026-06-10,13:01:14.004754,[]
2026-06-10,13:01:14.038121,[]
2026-06-10,13:01:14.071488,[]
2026-06-10,13:01:14.104855,[]
2026-06-10,13:01:14.138222,[]
2026-06-10,13:01:14.171589,[]
2026-06-10,13:01:14.204956,[]
2026-06-10,13:01:14.238323,[]
2026-06-10,13:01:14.271690,[]
2026-06-10,13:01:14.305057,[]
2026-06-10,13:01:14.338424,[]
2026-06-10,13:01:14.371791,[]
2026-06-10,13:01:14.405158,[]
2026-06-10,13:01:14.438525,[]
2026-06-10,13:01:14.471892,[]
2026-06-10,13:01:14.505259,[]
2026-06-10,13:01:14.538626,[]
2026-06-10,13:01:14.571993,[]
2026-06-10,13:01:14.605360,[]
2026-06-10,13:01:14.638727,[]
2026-06-10,13:01:14.672094,[]
2026-06-10,13:01:14.705461,[]
2026-06-10,13:01:14.738828,[]
2026-06-10,13:01:14.772195,[]
2026-06-10,13:01:14.805562,[]
2026-06-10,13:01:14.838929,[]
2026-06-10,13:01:14.872296,[]
2026-06-10,13:01:14.905663,[]
2026-06-10,13:01:14.939030,[]
2026-06-10,13:01:14.972397,[]
2026-06-10,13:01:15.005764,[]
2026-06-10,13:01:15.039131,[]
2026-06-10,13:01:15.072498,[]
2026-06-10,13:01:15.105865,[]
2026-06-10,13:01:15.139232,[]
2026-06-10,13:01:15.172599,[]
2026-06-10,13:01:15.205966,[]
2026-06-10,13:01:15.239333,[]
2026-06-10,13:01:15.272700,[]
2026-06-10,13:01:15.306067,[]
2026-06-10,13:01:15.339434,[]
2026-06-10,13:01:15.372801,[]
2026-06-10,13:01:15.406168,[]
2026-06-10,13:01:15.439535,[]
2026-06-10,13:01:15.472902,[]
2026-06-10,13:01:15.506269,[]
2026-06-10,13:01:15.539636,[]
2026-06-10,13:01:15.573003,[]
2026-06-10,13:01:15.606370,[]
2026-06-10,13:01:15.639737,[]
2026-06-10,13:01:15.673104,[]
2026-06-10,13:01:15.706471,[]
2026-06-10,13:01:15.739838,[]
2026-06-10,13:01:15.773205,[]
2026-06-10,13:01:15.806572,[]
2026-06-10,13:01:15.839939,[]
2026-06-10,13:01:15.873306,[]
2026-06-10,13:01:15.906673,[]
2026-06-10,13:01:15.940040,[]
2026-06-10,13:01:15.973407,[]
2026-06-10,13:01:16.006774,[]
2026-06-10,13:01:16.040141,[]
2026-06-10,13:01:16.073508,[]
2026-06-10,13:01:16.106875,[]
2026-06-10,13:01:16.140242,[]
2026-06-10,13:01:16.173609,[]
2026-06-10,13:01:16.206976,[]
2026-06-10,13:01:16.240343,[]
2026-06-10,13:01:16.273710,[]
2026-06-10,13:01:16.307077,[]
2026-06-10,13:01:16.340444,[]
2026-06-10,13:01:16.373811,[]
2026-06-10,13:01:16.407178,[]
2026-06-10,13:01:16.440545,[]
2026-06-10,13:01:16.473912,[]
2026-06-10,13:01:16.507279,[]
2026-06-10,13:01:16.540646,[]
2026-06-10,13:01:16.574013,[]
2026-06-10,13:01:16.607380,[]
2026-06-10,13:01:16.640747,[]
2026-06-10,13:01:16.674114,[]
2026-06-10,13:01:16.707481,[]
2026-06-10,13:01:16.740848,[]
2026-06-10,13:01:16.774215,[]
2026-06-10,13:01:16.807582,[]
2026-06-10,13:01:16.840949,[]
2026-06-10,13:01:16.874316,[]
2026-06-10,13:01:16.907683,[]
2026-06-10,13:01:16.941050,[]
2026-06-10,13:01:16.974417,[]
2026-06-10,13:01:17.007784,[]
2026-06-10,13:01:17.041151,[]
2026-06-10,13:01:17.074518,[]
2026-06-10,13:01:17.107885,[]
2026-06-10,13:01:17.141252,[]
2026-06-10,13:01:17.174619,[]
2026-06-10,13:01:17.207986,[]
2026-06-10,13:01:17.241353,[]
2026-06-10,13:01:17.274720,[]
2026-06-10,13:01:17.308087,[]
2026-06-10,13:01:17.341454,[]
2026-06-10,13:01:17.374821,[]
2026-06-10,13:01:17.408188,[]
2026-06-10,13:01:17.441555,[]
2026-06-10,13:01:17.474922,[]
2026-06-10,13:01:17.508289,[]
2026-06-10,13:01:17.541656,[]
2026-06-10,13:01:17.575023,[]
2026-06-10,13:01:17.608390,[]
2026-06-10,13:01:17.641757,[]
2026-06-10,13:01:17.675124,[]
2026-06-10,13:01:17.708491,[]
2026-06-10,13:01:17.741858,[]
2026-06-10,13:01:17.775225,[]
2026-06-10,13:01:17.808592,[]
2026-06-10,13:01:17.841959,[]
2026-06-10,13:01:17.875326,[]
2026-06-10,13:01:17.908693,[]
2026-06-10,13:01:17.942060,[]
2026-06-10,13:01:17.975427,[]
2026-06-10,13:01:18.008794,[]
2026-06-10,13:01:18.042161,[]
2026-06-10,13:01:18.075528,[]
2026-06-10,13:01:18.108895,[]
2026-06-10,13:01:18.142262,[]
2026-06-10,13:01:18.175629,[]
2026-06-10,13:01:18.208996,[]
2026-06-10,13:01:18.242363,[]
2026-06-10,13:01:18.275730,[]
2026-06-10,13:01:18.309097,[]
2026-06-10,13:01:18.342464,[]
2026-06-10,13:01:18.375831,[]
2026-06-10,13:01:18.409198,[]
2026-06-10,13:01:18.442565,[]
2026-06-10,13:01:18.475932,[]
2026-06-10,13:01:18.509299,[]
2026-06-10,13:01:18.542666,[]
2026-06-10,13:01:18.576033,[]
2026-06-10,13:01:18.609400,[]
2026-06-10,13:01:18.642767,[]
2026-06-10,13:01:18.676134,[]
2026-06-10,13:01:18.709501,[]
2026-06-10,13:01:18.742868,[]
2026-06-10,13:01:18.776235,[]
2026-06-10,13:01:18.809602,[]
2026-06-10,13:01:18.842969,[]
2026-06-10,13:01:18.876336,[]
2026-06-10,13:01:18.909703,[]
2026-06-10,13:01:18.943070,[]
2026-06-10,13:01:18.976437,[]
2026-06-10,13:01:19.009804,[]
2026-06-10,13:01:19.043171,[]
2026-06-10,13:01:19.076538,[]
2026-06-10,13:01:19.109905,[]
2026-06-10,13:01:19.143272,[]
2026-06-10,13:01:19.176639,[]
2026-06-10,13:01:19.210006,[]
2026-06-10,13:01:19.243373,[]
2026-06-10,13:01:19.276740,[]
2026-06-10,13:01:19.310107,[]
2026-06-10,13:01:19.343474,[]
2026-06-10,13:01:19.376841,[]
2026-06-10,13:01:19.410208,[]
2026-06-10,13:01:19.443575,[]
2026-06-10,13:01:19.476942,[]
2026-06-10,13:01:19.510309,[]
2026-06-10,13:01:19.543676,[]
2026-06-10,13:01:19.577043,[]
2026-06-10,13:01:19.610410,[]
2026-06-10,13:01:19.643777,[]
2026-06-10,13:01:19.677144,[]
2026-06-10,13:01:19.710511,[]
2026-06-10,13:01:19.743878,[]
2026-06-10,13:01:19.777245,[]
2026-06-10,13:01:19.810612,[]
2026-06-10,13:01:19.843979,[]
2026-06-10,13:01:19.877346,[]
2026-06-10,13:01:19.910713,[]
2026-06-10,13:01:19.944080,[]
2026-06-10,13:01:19.977447,[]
2026-06-10,13:01:20.010814,[]
2026-06-10,13:01:20.044181,[]
2026-06-10,13:01:20.077548,[]
2026-06-10,13:01:20.110915,[]
2026-06-10,13:01:20.144282,[]
2026-06-10,13:01:20.177649,[]
2026-06-10,13:01:20.211016,[]
2026-06-10,13:01:20.244383,[]
2026-06-10,13:01:20.277750,[]
2026-06-10,13:01:20.311117,[]
2026-06-10,13:01:20.344484,[]
2026-06-10,13:01:20.377851,[]
2026-06-10,13:01:20.411218,[]
2026-06-10,13:01:20.444585,[]
2026-06-10,13:01:20.477952,[]
2026-06-10,13:01:20.511319,[]
2026-06-10,13:01:20.544686,[]
2026-06-10,13:01:20.578053,[]
2026-06-10,13:01:20.611420,[]
2026-06-10,13:01:20.644787,[]
2026-06-10,13:01:20.678154,[]
2026-06-10,13:01:20.711521,[]
2026-06-10,13:01:20.744888,[]
2026-06-10,13:01:20.778255,[]
2026-06-10,13:01:20.811622,[]
2026-06-10,13:01:20.844989,[]
2026-06-10,13:01:20.878356,[]
2026-06-10,13:01:20.911723,[]
2026-06-10,13:01:20.945090,[]
2026-06-10,13:01:20.978457,[]
2026-06-10,13:01:21.011824,[]
2026-06-10,13:01:21.045191,[]
2026-06-10,13:01:21.078558,[]
2026-06-10,13:01:21.111925,[]
2026-06-10,13:01:21.145292,[]
2026-06-10,13:01:21.178659,[]
2026-06-10,13:01:21.212026,[]
2026-06-10,13:01:21.245393,[]
2026-06-10,13:01:21.278760,[]
2026-06-10,13:01:21.312127,[]
2026-06-10,13:01:21.345494,[]
2026-06-10,13:01:21.378861,[]
2026-06-10,13:01:21.412228,[]
2026-06-10,13:01:21.445595,[]
2026-06-10,13:01:21.478962,[]
2026-06-10,13:01:21.512329,[]
2026-06-10,13:01:21.545696,[]
2026-06-10,13:01:21.579063,[]
2026-06-10,13:01:21.612430,[]
2026-06-10,13:01:21.645797,[]
2026-06-10,13:01:21.679164,[]
2026-06-10,13:01:21.712531,[]
2026-06-10,13:01:21.745898,[]
2026-06-10,13:01:21.779265,[]
2026-06-10,13:01:21.812632,['DV52871']
2026-06-10,13:01:21.845999,[]
2026-06-10,13:01:21.879366,[]
2026-06-10,13:01:21.912733,[]
2026-06-10,13:01:21.946100,[]
2026-06-10,13:01:21.979467,[]
2026-06-10,13:01:22.012834,[]
2026-06-10,13:01:22.046201,[]
2026-06-10,13:01:22.079568,[]
2026-06-10,13:01:22.112935,[]
2026-06-10,13:01:22.146302,[]
2026-06-10,13:01:22.179669,[]
2026-06-10,13:01:22.213036,[]
2026-06-10,13:01:22.246403,[]
2026-06-10,13:01:22.279770,[]
2026-06-10,13:01:22.313137,[]
2026-06-10,13:01:22.346504,[]
2026-06-10,13:01:22.379871,[]
2026-06-10,13:01:22.413238,[]
2026-06-10,13:01:22.446605,[]
2026-06-10,13:01:22.479972,[]
2026-06-10,13:01:22.513339,[]
2026-06-10,13:01:22.546706,[]
2026-06-10,13:01:22.580073,[]
2026-06-10,13:01:22.613440,[]
2026-06-10,13:01:22.646807,[]
2026-06-10,13:01:22.680174,[]
2026-06-10,13:01:22.713541,[]
2026-06-10,13:01:22.746908,[]
2026-06-10,13:01:22.780275,[]
2026-06-10,13:01:22.813642,[]
2026-06-10,13:01:22.847009,[]
2026-06-10,13:01:22.880376,[]
2026-06-10,13:01:22.913743,[]
2026-06-10,13:01:22.947110,[]
2026-06-10,13:01:22.980477,[]
2026-06-10,13:01:23.013844,[]
2026-06-10,13:01:23.047211,[]
2026-06-10,13:01:23.080578,[]
2026-06-10,13:01:23.113945,[]
2026-06-10,13:01:23.147312,[]
2026-06-10,13:01:23.180679,[]
2026-06-10,13:01:23.214046,[]
2026-06-10,13:01:23.247413,[]
2026-06-10,13:01:23.280780,[]
2026-06-10,13:01:23.314147,[]
2026-06-10,13:01:23.347514,[]
2026-06-10,13:01:23.380881,[]
2026-06-10,13:01:23.414248,[]
2026-06-10,13:01:23.447615,[]
2026-06-10,13:01:23.480982,[]
2026-06-10,13:01:23.514349,[]
2026-06-10,13:01:23.547716,[]
2026-06-10,13:01:23.581083,[]
2026-06-10,13:01:23.614450,[]
2026-06-10,13:01:23.647817,[]
2026-06-10,13:01:23.681184,[]
2026-06-10,13:01:23.714551,[]
2026-06-10,13:01:23.747918,[]
2026-06-10,13:01:23.781285,[]
2026-06-10,13:01:23.814652,[]
2026-06-10,13:01:23.848019,[]
2026-06-10,13:01:23.881386,[]
2026-06-10,13:01:23.914753,[]
2026-06-10,13:01:23.948120,[]
2026-06-10,13:01:23.981487,[]
2026-06-10,13:01:24.014854,[]
2026-06-10,13:01:24.048221,[]
2026-06-10,13:01:24.081588,[]
2026-06-10,13:01:24.114955,[]
2026-06-10,13:01:24.148322,[]
2026-06-10,13:01:24.181689,[]
2026-06-10,13:01:24.215056,[]
2026-06-10,13:01:24.248423,[]
2026-06-10,13:01:24.281790,[]
2026-06-10,13:01:24.315157,[]
2026-06-10,13:01:24.348524,[]
2026-06-10,13:01:24.381891,[]
2026-06-10,13:01:24.415258,[]
2026-06-10,13:01:24.448625,[]
2026-06-10,13:01:24.481992,[]
2026-06-10,13:01:24.515359,[]
2026-06-10,13:01:24.548726,[]
2026-06-10,13:01:24.582093,[]
2026-06-10,13:01:24.615460,[]
2026-06-10,13:01:24.648827,[]
2026-06-10,13:01:24.682194,[]
2026-06-10,13:01:24.715561,[]
2026-06-10,13:01:24.748928,[]
2026-06-10,13:01:24.782295,[]
2026-06-10,13:01:24.815662,[]
2026-06-10,13:01:24.849029,[]
2026-06-10,13:01:24.882396,[]
2026-06-10,13:01:24.915763,[]
2026-06-10,13:01:24.949130,[]
2026-06-10,13:01:24.982497,[]
2026-06-10,13:01:25.015864,[]
2026-06-10,13:01:25.049231,[]
2026-06-10,13:01:25.082598,[]
2026-06-10,13:01:25.115965,[]
2026-06-10,13:01:25.149332,[]
2026-06-10,13:01:25.182699,[]
2026-06-10,13:01:25.216066,[]
2026-06-10,13:01:25.249433,[]
2026-06-10,13:01:25.282800,[]
2026-06-10,13:01:25.316167,[]
2026-06-10,13:01:25.349534,[]
2026-06-10,13:01:25.382901,[]
2026-06-10,13:01:25.416268,[]
2026-06-10,13:01:25.449635,[]
2026-06-10,13:01:25.483002,[]
2026-06-10,13:01:25.516369,[]
2026-06-10,13:01:25.549736,[]
2026-06-10,13:01:25.583103,[]
2026-06-10,13:01:25.616470,[]
2026-06-10,13:01:25.649837,[]
2026-06-10,13:01:25.683204,[]
2026-06-10,13:01:25.716571,[]
2026-06-10,13:01:25.749938,[]
2026-06-10,13:01:25.783305,[]
2026-06-10,13:01:25.816672,[]
2026-06-10,13:01:25.850039,[]
2026-06-10,13:01:25.883406,[]
2026-06-10,13:01:25.916773,[]
2026-06-10,13:01:25.950140,[]
2026-06-10,13:01:25.983507,[]
2026-06-10,13:01:26.016874,[]
2026-06-10,13:01:26.050241,[]
2026-06-10,13:01:26.083608,[]
2026-06-10,13:01:26.116975,[]
2026-06-10,13:01:26.150342,[]
2026-06-10,13:01:26.183709,[]
2026-06-10,13:01:26.217076,[]
2026-06-10,13:01:26.250443,[]
2026-06-10,13:01:26.283810,[]
2026-06-10,13:01:26.317177,[]
2026-06-10,13:01:26.350544,[]
2026-06-10,13:01:26.383911,[]
2026-06-10,13:01:26.417278,[]
2026-06-10,13:01:26.450645,[]
2026-06-10,13:01:26.484012,[]
2026-06-10,13:01:26.517379,[]
2026-06-10,13:01:26.550746,[]
2026-06-10,13:01:26.584113,[]
2026-06-10,13:01:26.617480,[]
2026-06-10,13:01:26.650847,[]
2026-06-10,13:01:26.684214,[]
2026-06-10,13:01:26.717581,[]
2026-06-10,13:01:26.750948,[]
2026-06-10,13:01:26.784315,[]
2026-06-10,13:01:26.817682,[]
2026-06-10,13:01:26.851049,[]
2026-06-10,13:01:26.884416,[]
2026-06-10,13:01:26.917783,[]
2026-06-10,13:01:26.951150,[]
2026-06-10,13:01:26.984517,[]
2026-06-10,13:01:27.017884,[]
2026-06-10,13:01:27.051251,[]
2026-06-10,13:01:27.084618,[]
2026-06-10,13:01:27.117985,[]
2026-06-10,13:01:27.151352,[]
2026-06-10,13:01:27.184719,[]
2026-06-10,13:01:27.218086,[]
2026-06-10,13:01:27.251453,[]
2026-06-10,13:01:27.284820,[]
2026-06-10,13:01:27.318187,[]
2026-06-10,13:01:27.351554,[]
2026-06-10,13:01:27.384921,[]
2026-06-10,13:01:27.418288,[]
2026-06-10,13:01:27.451655,[]
2026-06-10,13:01:27.485022,[]
2026-06-10,13:01:27.518389,[]
2026-06-10,13:01:27.551756,[]
2026-06-10,13:01:27.585123,[]
2026-06-10,13:01:27.618490,[]
2026-06-10,13:01:27.651857,[]
2026-06-10,13:01:27.685224,[]
2026-06-10,13:01:27.718591,[]
2026-06-10,13:01:27.751958,[]
2026-06-10,13:01:27.785325,[]
2026-06-10,13:01:27.818692,[]
2026-06-10,13:01:27.852059,[]
2026-06-10,13:01:27.885426,[]
2026-06-10,13:01:27.918793,[]
2026-06-10,13:01:27.952160,[]
2026-06-10,13:01:27.985527,[]
2026-06-10,13:01:28.018894,[]
2026-06-10,13:01:28.052261,[]
2026-06-10,13:01:28.085628,[]
2026-06-10,13:01:28.118995,[]
2026-06-10,13:01:28.152362,[]
2026-06-10,13:01:28.185729,[]
2026-06-10,13:01:28.219096,[]
2026-06-10,13:01:28.252463,[]
2026-06-10,13:01:28.285830,[]
2026-06-10,13:01:28.319197,[]
2026-06-10,13:01:28.352564,[]
2026-06-10,13:01:28.385931,[]
2026-06-10,13:01:28.419298,[]
2026-06-10,13:01:28.452665,[]
2026-06-10,13:01:28.486032,[]
2026-06-10,13:01:28.519399,[]
2026-06-10,13:01:28.552766,[]
2026-06-10,13:01:28.586133,[]
2026-06-10,13:01:28.619500,[]
2026-06-10,13:01:28.652867,[]
2026-06-10,13:01:28.686234,[]
2026-06-10,13:01:28.719601,[]
2026-06-10,13:01:28.752968,[]
2026-06-10,13:01:28.786335,[]
2026-06-10,13:01:28.819702,[]
2026-06-10,13:01:28.853069,[]
2026-06-10,13:01:28.886436,[]
2026-06-10,13:01:28.919803,[]
2026-06-10,13:01:28.953170,[]
2026-06-10,13:01:28.986537,[]
2026-06-10,13:01:29.019904,[]
2026-06-10,13:01:29.053271,[]
2026-06-10,13:01:29.086638,[]
2026-06-10,13:01:29.120005,[]
2026-06-10,13:01:29.153372,[]
2026-06-10,13:01:29.186739,[]
2026-06-10,13:01:29.220106,[]
2026-06-10,13:01:29.253473,[]
2026-06-10,13:01:29.286840,[]
2026-06-10,13:01:29.320207,[]
2026-06-10,13:01:29.353574,[]
2026-06-10,13:01:29.386941,[]
2026-06-10,13:01:29.420308,[]
2026-06-10,13:01:29.453675,[]
2026-06-10,13:01:29.487042,[]
2026-06-10,13:01:29.520409,[]
2026-06-10,13:01:29.553776,[]
2026-06-10,13:01:29.587143,[]
2026-06-10,13:01:29.620510,[]
2026-06-10,13:01:29.653877,[]
2026-06-10,13:01:29.687244,[]
2026-06-10,13:01:29.720611,[]
2026-06-10,13:01:29.753978,[]
2026-06-10,13:01:29.787345,[]
2026-06-10,13:01:29.820712,[]
2026-06-10,13:01:29.854079,[]
2026-06-10,13:01:29.887446,[]
2026-06-10,13:01:29.920813,[]
2026-06-10,13:01:29.954180,[]
2026-06-10,13:01:29.987547,[]
2026-06-10,13:01:30.020914,[]
2026-06-10,13:01:30.054281,[]
2026-06-10,13:01:30.087648,[]
2026-06-10,13:01:30.121015,[]
2026-06-10,13:01:30.154382,[]
2026-06-10,13:01:30.187749,[]
2026-06-10,13:01:30.221116,[]
2026-06-10,13:01:30.254483,[]
2026-06-10,13:01:30.287850,[]
2026-06-10,13:01:30.321217,[]
2026-06-10,13:01:30.354584,[]
2026-06-10,13:01:30.387951,[]
2026-06-10,13:01:30.421318,[]
2026-06-10,13:01:30.454685,[]
2026-06-10,13:01:30.488052,[]
2026-06-10,13:01:30.521419,[]
2026-06-10,13:01:30.554786,[]
2026-06-10,13:01:30.588153,[]
2026-06-10,13:01:30.621520,[]
2026-06-10,13:01:30.654887,[]
2026-06-10,13:01:30.688254,[]
2026-06-10,13:01:30.721621,[]
2026-06-10,13:01:30.754988,[]
2026-06-10,13:01:30.788355,[]
2026-06-10,13:01:30.821722,[]
2026-06-10,13:01:30.855089,[]
2026-06-10,13:01:30.888456,[]
2026-06-10,13:01:30.921823,[]
2026-06-10,13:01:30.955190,[]
2026-06-10,13:01:30.988557,[]
2026-06-10,13:01:31.021924,[]
2026-06-10,13:01:31.055291,[]
2026-06-10,13:01:31.088658,[]
2026-06-10,13:01:31.122025,[]
2026-06-10,13:01:31.155392,[]
2026-06-10,13:01:31.188759,[]
2026-06-10,13:01:31.222126,[]
2026-06-10,13:01:31.255493,[]
2026-06-10,13:01:31.288860,[]
2026-06-10,13:01:31.322227,[]
2026-06-10,13:01:31.355594,[]
2026-06-10,13:01:31.388961,[]
2026-06-10,13:01:31.422328,[]
2026-06-10,13:01:31.455695,[]
2026-06-10,13:01:31.489062,[]
2026-06-10,13:01:31.522429,[]
2026-06-10,13:01:31.555796,[]
2026-06-10,13:01:31.589163,[]
2026-06-10,13:01:31.622530,[]
2026-06-10,13:01:31.655897,[]
2026-06-10,13:01:31.689264,[]
2026-06-10,13:01:31.722631,[]
2026-06-10,13:01:31.755998,[]
2026-06-10,13:01:31.789365,[]
2026-06-10,13:01:31.822732,[]
2026-06-10,13:01:31.856099,[]
2026-06-10,13:01:31.889466,[]
2026-06-10,13:01:31.922833,[]
2026-06-10,13:01:31.956200,[]
2026-06-10,13:01:31.989567,[]
2026-06-10,13:01:32.022934,[]
2026-06-10,13:01:32.056301,[]
2026-06-10,13:01:32.089668,[]
2026-06-10,13:01:32.123035,[]
2026-06-10,13:01:32.156402,[]
2026-06-10,13:01:32.189769,[]
2026-06-10,13:01:32.223136,[]
2026-06-10,13:01:32.256503,[]
2026-06-10,13:01:32.289870,[]
2026-06-10,13:01:32.323237,[]
2026-06-10,13:01:32.356604,[]
2026-06-10,13:01:32.389971,[]
2026-06-10,13:01:32.423338,[]
2026-06-10,13:01:32.456705,[]
2026-06-10,13:01:32.490072,[]
2026-06-10,13:01:32.523439,[]
2026-06-10,13:01:32.556806,[]
2026-06-10,13:01:32.590173,[]
2026-06-10,13:01:32.623540,[]
2026-06-10,13:01:32.656907,[]
2026-06-10,13:01:32.690274,[]
2026-06-10,13:01:32.723641,[]
2026-06-10,13:01:32.757008,[]
2026-06-10,13:01:32.790375,[]
2026-06-10,13:01:32.823742,[]
2026-06-10,13:01:32.857109,[]
2026-06-10,13:01:32.890476,[]
2026-06-10,13:01:32.923843,[]
2026-06-10,13:01:32.957210,[]
2026-06-10,13:01:32.990577,[]
2026-06-10,13:01:33.023944,[]
2026-06-10,13:01:33.057311,[]
2026-06-10,13:01:33.090678,[]
2026-06-10,13:01:33.124045,[]
2026-06-10,13:01:33.157412,[]
2026-06-10,13:01:33.190779,[]
2026-06-10,13:01:33.224146,[]
2026-06-10,13:01:33.257513,[]
2026-06-10,13:01:33.290880,[]
2026-06-10,13:01:33.324247,[]
2026-06-10,13:01:33.357614,[]
2026-06-10,13:01:33.390981,[]
2026-06-10,13:01:33.424348,[]
2026-06-10,13:01:33.457715,[]
2026-06-10,13:01:33.491082,[]
2026-06-10,13:01:33.524449,[]
2026-06-10,13:01:33.557816,[]
2026-06-10,13:01:33.591183,[]
2026-06-10,13:01:33.624550,[]
2026-06-10,13:01:33.657917,[]
2026-06-10,13:01:33.691284,[]
2026-06-10,13:01:33.724651,[]
2026-06-10,13:01:33.758018,[]
2026-06-10,13:01:33.791385,[]
2026-06-10,13:01:33.824752,[]
2026-06-10,13:01:33.858119,[]
2026-06-10,13:01:33.891486,[]
2026-06-10,13:01:33.924853,[]
2026-06-10,13:01:33.958220,[]
2026-06-10,13:01:33.991587,[]
2026-06-10,13:01:34.024954,[]
2026-06-10,13:01:34.058321,[]
2026-06-10,13:01:34.091688,[]
2026-06-10,13:01:34.125055,[]
2026-06-10,13:01:34.158422,[]
2026-06-10,13:01:34.191789,[]
2026-06-10,13:01:34.225156,[]
2026-06-10,13:01:34.258523,[]
2026-06-10,13:01:34.291890,[]
2026-06-10,13:01:34.325257,[]
2026-06-10,13:01:34.358624,[]
2026-06-10,13:01:34.391991,[]
2026-06-10,13:01:34.425358,[]
2026-06-10,13:01:34.458725,[]
2026-06-10,13:01:34.492092,[]
2026-06-10,13:01:34.525459,[]
2026-06-10,13:01:34.558826,[]
2026-06-10,13:01:34.592193,[]
2026-06-10,13:01:34.625560,[]
2026-06-10,13:01:34.658927,[]
2026-06-10,13:01:34.692294,[]
2026-06-10,13:01:34.725661,[]
2026-06-10,13:01:34.759028,[]
2026-06-10,13:01:34.792395,[]
2026-06-10,13:01:34.825762,[]
2026-06-10,13:01:34.859129,[]
2026-06-10,13:01:34.892496,[]
2026-06-10,13:01:34.925863,[]
2026-06-10,13:01:34.959230,[]
2026-06-10,13:01:34.992597,[]
2026-06-10,13:01:35.025964,[]
2026-06-10,13:01:35.059331,[]
2026-06-10,13:01:35.092698,[]
2026-06-10,13:01:35.126065,[]
2026-06-10,13:01:35.159432,[]
2026-06-10,13:01:35.192799,[]
2026-06-10,13:01:35.226166,[]
2026-06-10,13:01:35.259533,[]
2026-06-10,13:01:35.292900,[]
2026-06-10,13:01:35.326267,[]
2026-06-10,13:01:35.359634,[]
2026-06-10,13:01:35.393001,[]
2026-06-10,13:01:35.426368,[]
2026-06-10,13:01:35.459735,[]
2026-06-10,13:01:35.493102,[]
2026-06-10,13:01:35.526469,[]
2026-06-10,13:01:35.559836,[]
2026-06-10,13:01:35.593203,[]
2026-06-10,13:01:35.626570,[]
2026-06-10,13:01:35.659937,[]
2026-06-10,13:01:35.693304,[]
2026-06-10,13:01:35.726671,[]
2026-06-10,13:01:35.760038,[]
2026-06-10,13:01:35.793405,[]
2026-06-10,13:01:35.826772,[]
2026-06-10,13:01:35.860139,[]
2026-06-10,13:01:35.893506,[]
2026-06-10,13:01:35.926873,[]
2026-06-10,13:01:35.960240,[]
2026-06-10,13:01:35.993607,[]
2026-06-10,13:01:36.026974,[]
2026-06-10,13:01:36.060341,[]
2026-06-10,13:01:36.093708,[]
2026-06-10,13:01:36.127075,[]
2026-06-10,13:01:36.160442,[]
2026-06-10,13:01:36.193809,[]
2026-06-10,13:01:36.227176,[]
2026-06-10,13:01:36.260543,[]
2026-06-10,13:01:36.293910,[]
2026-06-10,13:01:36.327277,[]
2026-06-10,13:01:36.360644,[]
2026-06-10,13:01:36.394011,[]
2026-06-10,13:01:36.427378,[]
2026-06-10,13:01:36.460745,[]
2026-06-10,13:01:36.494112,[]
2026-06-10,13:01:36.527479,[]
2026-06-10,13:01:36.560846,[]
2026-06-10,13:01:36.594213,[]
2026-06-10,13:01:36.627580,[]
2026-06-10,13:01:36.660947,[]
2026-06-10,13:01:36.694314,[]
2026-06-10,13:01:36.727681,[]
2026-06-10,13:01:36.761048,[]
2026-06-10,13:01:36.794415,[]
2026-06-10,13:01:36.827782,[]
2026-06-10,13:01:36.861149,[]
2026-06-10,13:01:36.894516,[]
2026-06-10,13:01:36.927883,[]
2026-06-10,13:01:36.961250,[]
2026-06-10,13:01:36.994617,[]
2026-06-10,13:01:37.027984,[]
2026-06-10,13:01:37.061351,[]
2026-06-10,13:01:37.094718,[]
2026-06-10,13:01:37.128085,[]
2026-06-10,13:01:37.161452,[]
2026-06-10,13:01:37.194819,[]
2026-06-10,13:01:37.228186,[]
2026-06-10,13:01:37.261553,[]
2026-06-10,13:01:37.294920,[]
2026-06-10,13:01:37.328287,[]
2026-06-10,13:01:37.361654,[]
2026-06-10,13:01:37.395021,[]
2026-06-10,13:01:37.428388,[]
2026-06-10,13:01:37.461755,[]
2026-06-10,13:01:37.495122,[]
2026-06-10,13:01:37.528489,[]
2026-06-10,13:01:37.561856,[]
2026-06-10,13:01:37.595223,[]
2026-06-10,13:01:37.628590,[]
2026-06-10,13:01:37.661957,[]
2026-06-10,13:01:37.695324,[]
2026-06-10,13:01:37.728691,[]
2026-06-10,13:01:37.762058,[]
2026-06-10,13:01:37.795425,[]
2026-06-10,13:01:37.828792,[]
2026-06-10,13:01:37.862159,[]
2026-06-10,13:01:37.895526,[]
2026-06-10,13:01:37.928893,[]
2026-06-10,13:01:37.962260,[]
2026-06-10,13:01:37.995627,[]
2026-06-10,13:01:38.028994,[]
2026-06-10,13:01:38.062361,[]
2026-06-10,13:01:38.095728,[]
2026-06-10,13:01:38.129095,[]
2026-06-10,13:01:38.162462,[]
2026-06-10,13:01:38.195829,[]
2026-06-10,13:01:38.229196,[]
2026-06-10,13:01:38.262563,[]
2026-06-10,13:01:38.295930,[]
2026-06-10,13:01:38.329297,[]
2026-06-10,13:01:38.362664,[]
2026-06-10,13:01:38.396031,[]
2026-06-10,13:01:38.429398,[]
2026-06-10,13:01:38.462765,[]
2026-06-10,13:01:38.496132,[]
2026-06-10,13:01:38.529499,[]
2026-06-10,13:01:38.562866,[]
2026-06-10,13:01:38.596233,[]
2026-06-10,13:01:38.629600,[]
2026-06-10,13:01:38.662967,[]
2026-06-10,13:01:38.696334,[]
2026-06-10,13:01:38.729701,[]
2026-06-10,13:01:38.763068,[]
2026-06-10,13:01:38.796435,[]
2026-06-10,13:01:38.829802,[]
2026-06-10,13:01:38.863169,[]
2026-06-10,13:01:38.896536,[]
2026-06-10,13:01:38.929903,[]
2026-06-10,13:01:38.963270,[]
2026-06-10,13:01:38.996637,[]
2026-06-10,13:01:39.030004,[]
2026-06-10,13:01:39.063371,[]
2026-06-10,13:01:39.096738,[]
2026-06-10,13:01:39.130105,[]
2026-06-10,13:01:39.163472,[]
2026-06-10,13:01:39.196839,[]
2026-06-10,13:01:39.230206,[]
2026-06-10,13:01:39.263573,[]
2026-06-10,13:01:39.296940,[]
2026-06-10,13:01:39.330307,[]
2026-06-10,13:01:39.363674,[]
2026-06-10,13:01:39.397041,[]
2026-06-10,13:01:39.430408,[]
2026-06-10,13:01:39.463775,[]
2026-06-10,13:01:39.497142,[]
2026-06-10,13:01:39.530509,[]
2026-06-10,13:01:39.563876,[]
2026-06-10,13:01:39.597243,[]
2026-06-10,13:01:39.630610,[]
2026-06-10,13:01:39.663977,[]
2026-06-10,13:01:39.697344,[]
2026-06-10,13:01:39.730711,[]
2026-06-10,13:01:39.764078,[]
2026-06-10,13:01:39.797445,[]
2026-06-10,13:01:39.830812,[]
2026-06-10,13:01:39.864179,[]
2026-06-10,13:01:39.897546,[]
2026-06-10,13:01:39.930913,[]
2026-06-10,13:01:39.964280,[]
2026-06-10,13:01:39.997647,[]
2026-06-10,13:01:40.031014,[]
2026-06-10,13:01:40.064381,[]
2026-06-10,13:01:40.097748,[]
2026-06-10,13:01:40.131115,[]
2026-06-10,13:01:40.164482,[]
2026-06-10,13:01:40.197849,[]
2026-06-10,13:01:40.231216,[]
2026-06-10,13:01:40.264583,[]
2026-06-10,13:01:40.297950,[]
2026-06-10,13:01:40.331317,[]
2026-06-10,13:01:40.364684,[]
2026-06-10,13:01:40.398051,[]
2026-06-10,13:01:40.431418,[]
2026-06-10,13:01:40.464785,[]
2026-06-10,13:01:40.498152,[]
2026-06-10,13:01:40.531519,[]
2026-06-10,13:01:40.564886,[]
2026-06-10,13:01:40.598253,[]
2026-06-10,13:01:40.631620,[]
2026-06-10,13:01:40.664987,[]
2026-06-10,13:01:40.698354,[]
2026-06-10,13:01:40.731721,[]
2026-06-10,13:01:40.765088,[]
2026-06-10,13:01:40.798455,[]
2026-06-10,13:01:40.831822,[]
2026-06-10,13:01:40.865189,[]
2026-06-10,13:01:40.898556,[]
2026-06-10,13:01:40.931923,[]
2026-06-10,13:01:40.965290,[]
2026-06-10,13:01:40.998657,[]
2026-06-10,13:01:41.032024,[]
2026-06-10,13:01:41.065391,[]
2026-06-10,13:01:41.098758,[]
2026-06-10,13:01:41.132125,[]
2026-06-10,13:01:41.165492,[]
2026-06-10,13:01:41.198859,[]
2026-06-10,13:01:41.232226,[]
2026-06-10,13:01:41.265593,[]
2026-06-10,13:01:41.298960,[]
2026-06-10,13:01:41.332327,[]
2026-06-10,13:01:41.365694,[]
2026-06-10,13:01:41.399061,[]
2026-06-10,13:01:41.432428,[]
2026-06-10,13:01:41.465795,[]
2026-06-10,13:01:41.499162,['DY60121']
2026-06-10,13:01:41.532529,[]
2026-06-10,13:01:41.565896,[]
2026-06-10,13:01:41.599263,[]
2026-06-10,13:01:41.632630,[]
2026-06-10,13:01:41.665997,[]
2026-06-10,13:01:41.699364,[]
2026-06-10,13:01:41.732731,[]
2026-06-10,13:01:41.766098,[]
2026-06-10,13:01:41.799465,[]
2026-06-10,13:01:41.832832,[]
2026-06-10,13:01:41.866199,[]
2026-06-10,13:01:41.899566,[]
2026-06-10,13:01:41.932933,[]
2026-06-10,13:01:41.966300,[]
2026-06-10,13:01:41.999667,[]
2026-06-10,13:01:42.033034,[]
2026-06-10,13:01:42.066401,[]
2026-06-10,13:01:42.099768,[]
2026-06-10,13:01:42.133135,[]
2026-06-10,13:01:42.166502,[]
2026-06-10,13:01:42.199869,[]
2026-06-10,13:01:42.233236,[]
2026-06-10,13:01:42.266603,[]
2026-06-10,13:01:42.299970,[]
2026-06-10,13:01:42.333337,[]
2026-06-10,13:01:42.366704,[]
2026-06-10,13:01:42.400071,[]
2026-06-10,13:01:42.433438,[]
2026-06-10,13:01:42.466805,[]
2026-06-10,13:01:42.500172,[]
2026-06-10,13:01:42.533539,[]
2026-06-10,13:01:42.566906,[]
2026-06-10,13:01:42.600273,[]
2026-06-10,13:01:42.633640,[]
2026-06-10,13:01:42.667007,[]
2026-06-10,13:01:42.700374,[]
2026-06-10,13:01:42.733741,[]
2026-06-10,13:01:42.767108,[]
2026-06-10,13:01:42.800475,[]
2026-06-10,13:01:42.833842,[]
2026-06-10,13:01:42.867209,[]
2026-06-10,13:01:42.900576,[]
2026-06-10,13:01:42.933943,[]
2026-06-10,13:01:42.967310,[]
2026-06-10,13:01:43.000677,[]
2026-06-10,13:01:43.034044,[]
2026-06-10,13:01:43.067411,[]
2026-06-10,13:01:43.100778,[]
2026-06-10,13:01:43.134145,[]
2026-06-10,13:01:43.167512,[]
2026-06-10,13:01:43.200879,[]
2026-06-10,13:01:43.234246,[]
2026-06-10,13:01:43.267613,[]
2026-06-10,13:01:43.300980,[]
2026-06-10,13:01:43.334347,[]
2026-06-10,13:01:43.367714,[]
2026-06-10,13:01:43.401081,[]
2026-06-10,13:01:43.434448,[]
2026-06-10,13:01:43.467815,[]
2026-06-10,13:01:43.501182,[]
2026-06-10,13:01:43.534549,[]
2026-06-10,13:01:43.567916,[]
2026-06-10,13:01:43.601283,[]
2026-06-10,13:01:43.634650,[]
2026-06-10,13:01:43.668017,[]
2026-06-10,13:01:43.701384,[]
2026-06-10,13:01:43.734751,[]
2026-06-10,13:01:43.768118,[]
2026-06-10,13:01:43.801485,[]
2026-06-10,13:01:43.834852,[]
2026-06-10,13:01:43.868219,[]
2026-06-10,13:01:43.901586,[]
2026-06-10,13:01:43.934953,[]
2026-06-10,13:01:43.968320,[]
2026-06-10,13:01:44.001687,[]
2026-06-10,13:01:44.035054,[]
2026-06-10,13:01:44.068421,[]
2026-06-10,13:01:44.101788,[]
2026-06-10,13:01:44.135155,[]
2026-06-10,13:01:44.168522,[]
2026-06-10,13:01:44.201889,[]
2026-06-10,13:01:44.235256,[]
2026-06-10,13:01:44.268623,[]
2026-06-10,13:01:44.301990,[]
2026-06-10,13:01:44.335357,['ED58366']
2026-06-10,13:01:44.368724,['ED58366']
2026-06-10,13:01:44.402091,['ED58366']
2026-06-10,13:01:44.435458,['ED58366']
2026-06-10,13:01:44.468825,[]
2026-06-10,13:01:44.502192,[]
2026-06-10,13:01:44.535559,[]
2026-06-10,13:01:44.568926,[]
2026-06-10,13:01:44.602293,[]
2026-06-10,13:01:44.635660,[]
2026-06-10,13:01:44.669027,[]
2026-06-10,13:01:44.702394,[]
2026-06-10,13:01:44.735761,[]
2026-06-10,13:01:44.769128,[]
2026-06-10,13:01:44.802495,[]
2026-06-10,13:01:44.835862,[]
2026-06-10,13:01:44.869229,[]
2026-06-10,13:01:44.902596,[]
2026-06-10,13:01:44.935963,[]
2026-06-10,13:01:44.969330,[]
2026-06-10,13:01:45.002697,[]
2026-06-10,13:01:45.036064,[]
2026-06-10,13:01:45.069431,[]
2026-06-10,13:01:45.102798,[]
2026-06-10,13:01:45.136165,[]
2026-06-10,13:01:45.169532,[]
2026-06-10,13:01:45.202899,[]
2026-06-10,13:01:45.236266,[]
2026-06-10,13:01:45.269633,[]
2026-06-10,13:01:45.303000,[]
2026-06-10,13:01:45.336367,[]
2026-06-10,13:01:45.369734,[]
2026-06-10,13:01:45.403101,[]
2026-06-10,13:01:45.436468,[]
2026-06-10,13:01:45.469835,[]
2026-06-10,13:01:45.503202,[]
2026-06-10,13:01:45.536569,[]
2026-06-10,13:01:45.569936,[]
2026-06-10,13:01:45.603303,[]
2026-06-10,13:01:45.636670,[]
2026-06-10,13:01:45.670037,[]
2026-06-10,13:01:45.703404,[]
2026-06-10,13:01:45.736771,[]
2026-06-10,13:01:45.770138,[]
2026-06-10,13:01:45.803505,[]
2026-06-10,13:01:45.836872,[]
2026-06-10,13:01:45.870239,[]
2026-06-10,13:01:45.903606,[]
2026-06-10,13:01:45.936973,[]
2026-06-10,13:01:45.970340,[]
2026-06-10,13:01:46.003707,[]
2026-06-10,13:01:46.037074,[]
2026-06-10,13:01:46.070441,[]
2026-06-10,13:01:46.103808,[]
2026-06-10,13:01:46.137175,[]
2026-06-10,13:01:46.170542,[]
2026-06-10,13:01:46.203909,[]
2026-06-10,13:01:46.237276,[]
2026-06-10,13:01:46.270643,[]
2026-06-10,13:01:46.304010,[]
2026-06-10,13:01:46.337377,[]
2026-06-10,13:01:46.370744,[]
2026-06-10,13:01:46.404111,[]
2026-06-10,13:01:46.437478,[]
2026-06-10,13:01:46.470845,[]
2026-06-10,13:01:46.504212,[]
2026-06-10,13:01:46.537579,[]
