Date,Time,plates
2026-06-10,12:07:22,[]
2026-06-10,12:07:22.033367,[]
2026-06-10,12:07:22.066734,[]
2026-06-10,12:07:22.100101,[]
2026-06-10,12:07:22.133468,[]
2026-06-10,12:07:22.166835,[]
2026-06-10,12:07:22.200202,[]
2026-06-10,12:07:22.233569,[]
2026-06-10,12:07:22.266936,[]
2026-06-10,12:07:22.300303,[]
2026-06-10,12:07:22.333670,[]
2026-06-10,12:07:22.367037,[]
2026-06-10,12:07:22.400404,[]
2026-06-10,12:07:22.433771,[]
2026-06-10,12:07:22.467138,[]
2026-06-10,12:07:22.500505,[]
2026-06-10,12:07:22.533872,[]
2026-06-10,12:07:22.567239,[]
2026-06-10,12:07:22.600606,[]
2026-06-10,12:07:22.633973,[]
2026-06-10,12:07:22.667340,[]
2026-06-10,12:07:22.700707,[]
2026-06-10,12:07:22.734074,[]
2026-06-10,12:07:22.767441,[]
2026-06-10,12:07:22.800808,[]
2026-06-10,12:07:22.834175,[]
2026-06-10,12:07:22.867542,[]
2026-06-10,12:07:22.900909,[]
2026-06-10,12:07:22.934276,[]
2026-06-10,12:07:22.967643,[]
2026-06-10,12:07:23.001010,[]
2026-06-10,12:07:23.034377,[]
2026-06-10,12:07:23.067744,[]
2026-06-10,12:07:23.101111,[]
2026-06-10,12:07:23.134478,[]
2026-06-10,12:07:23.167845,[]
2026-06-10,12:07:23.201212,[]
2026-06-10,12:07:23.234579,[]
2026-06-10,12:07:23.267946,[]
2026-06-10,12:07:23.301313,[]
2026-06-10,12:07:23.334680,[]
2026-06-10,12:07:23.368047,[]
2026-06-10,12:07:23.401414,[]
2026-06-10,12:07:23.434781,[]
2026-06-10,12:07:23.468148,[]
2026-06-10,12:07:23.501515,[]
2026-06-10,12:07:23.534882,[]
2026-06-10,12:07:23.568249,[]
2026-06-10,12:07:23.601616,[]
2026-06-10,12:07:23.634983,[]
2026-06-10,12:07:23.668350,[]
2026-06-10,12:07:23.701717,[]
2026-06-10,12:07:23.735084,[]
2026-06-10,12:07:23.768451,[]
2026-06-10,12:07:23.801818,[]
2026-06-10,12:07:23.835185,[]
2026-06-10,12:07:23.868552,[]
2026-06-10,12:07:23.901919,[]
2026-06-10,12:07:23.935286,[]
2026-06-10,12:07:23.968653,[]
2026-06-10,12:07:24.002020,[]
2026-06-10,12:07:24.035387,[]
2026-06-10,12:07:24.068754,[]
2026-06-10,12:07:24.102121,[]
2026-06-10,12:07:24.135488,[]
2026-06-10,12:07:24.168855,[]
2026-06-10,12:07:24.202222,[]
2026-06-10,12:07:24.235589,[]
2026-06-10,12:07:24.268956,[]
2026-06-10,12:07:24.302323,[]
2026-06-10,12:07:24.335690,[]
2026-06-10,12:07:24.369057,[]
2026-06-10,12:07:24.402424,[]
2026-06-10,12:07:24.435791,[]
2026-06-10,12:07:24.469158,[]
2026-06-10,12:07:24.502525,[]
2026-06-10,12:07:24.535892,[]
2026-06-10,12:07:24.569259,[]
2026-06-10,12:07:24.602626,[]
2026-06-10,12:07:24.635993,[]
2026-06-10,12:07:24.669360,[]
2026-06-10,12:07:24.702727,[]
2026-06-10,12:07:24.736094,[]
2026-06-10,12:07:24.769461,[]
2026-06-10,12:07:24.802828,[]
2026-06-10,12:07:24.836195,[]
2026-06-10,12:07:24.869562,[]
2026-06-10,12:07:24.902929,[]
2026-06-10,12:07:24.936296,[]
2026-06-10,12:07:24.969663,[]
2026-06-10,12:07:25.003030,[]
2026-06-10,12:07:25.036397,[]
2026-06-10,12:07:25.069764,[]
2026-06-10,12:07:25.103131,[]
2026-06-10,12:07:25.136498,[]
2026-06-10,12:07:25.169865,[]
2026-06-10,12:07:25.203232,[]
2026-06-10,12:07:25.236599,[]
2026-06-10,12:07:25.269966,[]
2026-06-10,12:07:25.303333,[]
2026-06-10,12:07:25.336700,[]
2026-06-10,12:07:25.370067,[]
2026-06-10,12:07:25.403434,[]
2026-06-10,12:07:25.436801,[]
2026-06-10,12:07:25.470168,[]
2026-06-10,12:07:25.503535,[]
2026-06-10,12:07:25.536902,[]
2026-06-10,12:07:25.570269,[]
2026-06-10,12:07:25.603636,[]
2026-06-10,12:07:25.637003,[]
2026-06-10,12:07:25.670370,[]
2026-06-10,12:07:25.703737,[]
2026-06-10,12:07:25.737104,[]
2026-06-10,12:07:25.770471,[]
2026-06-10,12:07:25.803838,[]
2026-06-10,12:07:25.837205,[]
2026-06-10,12:07:25.870572,[]
2026-06-10,12:07:25.903939,[]
2026-06-10,12:07:25.937306,[]
2026-06-10,12:07:25.970673,[]
2026-06-10,12:07:26.004040,[]
2026-06-10,12:07:26.037407,[]
2026-06-10,12:07:26.070774,[]
2026-06-10,12:07:26.104141,[]
2026-06-10,12:07:26.137508,[]
2026-06-10,12:07:26.170875,[]
2026-06-10,12:07:26.204242,[]
2026-06-10,12:07:26.237609,[]
2026-06-10,12:07:26.270976,[]
2026-06-10,12:07:26.304343,[]
2026-06-10,12:07:26.337710,[]
2026-06-10,12:07:26.371077,[]
2026-06-10,12:07:26.404444,[]
2026-06-10,12:07:26.437811,[]
2026-06-10,12:07:26.471178,[]
2026-06-10,12:07:26.504545,[]
2026-06-10,12:07:26.537912,[]
2026-06-10,12:07:26.571279,[]
2026-06-10,12:07:26.604646,[]
2026-06-10,12:07:26.638013,[]
2026-06-10,12:07:26.671380,[]
2026-06-10,12:07:26.704747,[]
2026-06-10,12:07:26.738114,[]
2026-06-10,12:07:26.771481,[]
2026-06-10,12:07:26.804848,[]
2026-06-10,12:07:26.838215,[]
2026-06-10,12:07:26.871582,[]
2026-06-10,12:07:26.904949,[]
2026-06-10,12:07:26.938316,[]
2026-06-10,12:07:26.971683,[]
2026-06-10,12:07:27.005050,[]
2026-06-10,12:07:27.038417,[]
2026-06-10,12:07:27.071784,[]
2026-06-10,12:07:27.105151,[]
2026-06-10,12:07:27.138518,[]
2026-06-10,12:07:27.171885,[]
2026-06-10,12:07:27.205252,[]
2026-06-10,12:07:27.238619,[]
2026-06-10,12:07:27.271986,[]
2026-06-10,12:07:27.305353,[]
2026-06-10,12:07:27.338720,[]
2026-06-10,12:07:27.372087,[]
2026-06-10,12:07:27.405454,[]
2026-06-10,12:07:27.438821,[]
2026-06-10,12:07:27.472188,[]
2026-06-10,12:07:27.505555,[]
2026-06-10,12:07:27.538922,[]
2026-06-10,12:07:27.572289,[]
2026-06-10,12:07:27.605656,[]
2026-06-10,12:07:27.639023,[]
2026-06-10,12:07:27.672390,[]
2026-06-10,12:07:27.705757,[]
2026-06-10,12:07:27.739124,[]
2026-06-10,12:07:27.772491,[]
2026-06-10,12:07:27.805858,[]
2026-06-10,12:07:27.839225,[]
2026-06-10,12:07:27.872592,[]
2026-06-10,12:07:27.905959,[]
2026-06-10,12:07:27.939326,[]
2026-06-10,12:07:27.972693,[]
2026-06-10,12:07:28.006060,[]
2026-06-10,12:07:28.039427,[]
2026-06-10,12:07:28.072794,[]
2026-06-10,12:07:28.106161,[]
2026-06-10,12:07:28.139528,[]
2026-06-10,12:07:28.172895,[]
2026-06-10,12:07:28.206262,[]
2026-06-10,12:07:28.239629,[]
2026-06-10,12:07:28.272996,[]
2026-06-10,12:07:28.306363,[]
2026-06-10,12:07:28.339730,[]
2026-06-10,12:07:28.373097,[]
2026-06-10,12:07:28.406464,[]
2026-06-10,12:07:28.439831,[]
2026-06-10,12:07:28.473198,[]
2026-06-10,12:07:28.506565,[]
2026-06-10,12:07:28.539932,[]
2026-06-10,12:07:28.573299,[]
2026-06-10,12:07:28.606666,[]
2026-06-10,12:07:28.640033,[]
2026-06-10,12:07:28.673400,[]
2026-06-10,12:07:28.706767,[]
2026-06-10,12:07:28.740134,[]
2026-06-10,12:07:28.773501,[]
2026-06-10,12:07:28.806868,[]
2026-06-10,12:07:28.840235,[]
2026-06-10,12:07:28.873602,[]
2026-06-10,12:07:28.906969,[]
2026-06-10,12:07:28.940336,[]
2026-06-10,12:07:28.973703,[]
2026-06-10,12:07:29.007070,[]
2026-06-10,12:07:29.040437,[]
2026-06-10,12:07:29.073804,[]
2026-06-10,12:07:29.107171,[]
2026-06-10,12:07:29.140538,[]
2026-06-10,12:07:29.173905,[]
2026-06-10,12:07:29.207272,[]
2026-06-10,12:07:29.240639,[]
2026-06-10,12:07:29.274006,[]
2026-06-10,12:07:29.307373,[]
2026-06-10,12:07:29.340740,[]
2026-06-10,12:07:29.374107,[]
2026-06-10,12:07:29.407474,[]
2026-06-10,12:07:29.440841,[]
2026-06-10,12:07:29.474208,[]
2026-06-10,12:07:29.507575,[]
2026-06-10,12:07:29.540942,[]
2026-06-10,12:07:29.574309,[]
2026-06-10,12:07:29.607676,[]
2026-06-10,12:07:29.641043,[]
2026-06-10,12:07:29.674410,[]
2026-06-10,12:07:29.707777,[]
2026-06-10,12:07:29.741144,[]
2026-06-10,12:07:29.774511,[]
2026-06-10,12:07:29.807878,[]
2026-06-10,12:07:29.841245,[]
2026-06-10,12:07:29.874612,[]
2026-06-10,12:07:29.907979,[]
2026-06-10,12:07:29.941346,[]
2026-06-10,12:07:29.974713,[]
2026-06-10,12:07:30.008080,[]
2026-06-10,12:07:30.041447,[]
2026-06-10,12:07:30.074814,[]
2026-06-10,12:07:30.108181,[]
2026-06-10,12:07:30.141548,[]
2026-06-10,12:07:30.174915,[]
2026-06-10,12:07:30.208282,[]
2026-06-10,12:07:30.241649,[]
2026-06-10,12:07:30.275016,[]
2026-06-10,12:07:30.308383,[]
2026-06-10,12:07:30.341750,[]
2026-06-10,12:07:30.375117,[]
2026-06-10,12:07:30.408484,[]
2026-06-10,12:07:30.441851,[]
2026-06-10,12:07:30.475218,[]
2026-06-10,12:07:30.508585,[]
2026-06-10,12:07:30.541952,[]
2026-06-10,12:07:30.575319,[]
2026-06-10,12:07:30.608686,[]
2026-06-10,12:07:30.642053,[]
2026-06-10,12:07:30.675420,[]
2026-06-10,12:07:30.708787,[]
2026-06-10,12:07:30.742154,[]
2026-06-10,12:07:30.775521,[]
2026-06-10,12:07:30.808888,[]
2026-06-10,12:07:30.842255,[]
2026-06-10,12:07:30.875622,[]
2026-06-10,12:07:30.908989,[]
2026-06-10,12:07:30.942356,[]
2026-06-10,12:07:30.975723,[]
2026-06-10,12:07:31.009090,[]
2026-06-10,12:07:31.042457,[]
2026-06-10,12:07:31.075824,[]
2026-06-10,12:07:31.109191,[]
2026-06-10,12:07:31.142558,[]
2026-06-10,12:07:31.175925,[]
2026-06-10,12:07:31.209292,[]
2026-06-10,12:07:31.242659,[]
2026-06-10,12:07:31.276026,[]
2026-06-10,12:07:31.309393,[]
2026-06-10,12:07:31.342760,[]
2026-06-10,12:07:31.376127,[]
2026-06-10,12:07:31.409494,[]
2026-06-10,12:07:31.442861,[]
2026-06-10,12:07:31.476228,[]
2026-06-10,12:07:31.509595,[]
2026-06-10,12:07:31.542962,[]
2026-06-10,12:07:31.576329,[]
2026-06-10,12:07:31.609696,[]
2026-06-10,12:07:31.643063,[]
2026-06-10,12:07:31.676430,[]
2026-06-10,12:07:31.709797,[]
2026-06-10,12:07:31.743164,[]
2026-06-10,12:07:31.776531,[]
2026-06-10,12:07:31.809898,[]
2026-06-10,12:07:31.843265,[]
2026-06-10,12:07:31.876632,[]
2026-06-10,12:07:31.909999,[]
2026-06-10,12:07:31.943366,[]
2026-06-10,12:07:31.976733,[]
2026-06-10,12:07:32.010100,[]
2026-06-10,12:07:32.043467,[]
2026-06-10,12:07:32.076834,[]
2026-06-10,12:07:32.110201,[]
2026-06-10,12:07:32.143568,[]
2026-06-10,12:07:32.176935,[]
2026-06-10,12:07:32.210302,[]
2026-06-10,12:07:32.243669,[]
2026-06-10,12:07:32.277036,[]
2026-06-10,12:07:32.310403,[]
2026-06-10,12:07:32.343770,[]
2026-06-10,12:07:32.377137,[]
2026-06-10,12:07:32.410504,[]
2026-06-10,12:07:32.443871,[]
2026-06-10,12:07:32.477238,[]
2026-06-10,12:07:32.510605,[]
2026-06-10,12:07:32.543972,[]
2026-06-10,12:07:32.577339,[]
2026-06-10,12:07:32.610706,[]
2026-06-10,12:07:32.644073,[]
2026-06-10,12:07:32.677440,[]
2026-06-10,12:07:32.710807,[]
2026-06-10,12:07:32.744174,[]
2026-06-10,12:07:32.777541,[]
2026-06-10,12:07:32.810908,[]
2026-06-10,12:07:32.844275,[]
2026-06-10,12:07:32.877642,[]
2026-06-10,12:07:32.911009,[]
2026-06-10,12:07:32.944376,[]
2026-06-10,12:07:32.977743,[]
2026-06-10,12:07:33.011110,[]
2026-06-10,12:07:33.044477,[]
2026-06-10,12:07:33.077844,[]
2026-06-10,12:07:33.111211,[]
2026-06-10,12:07:33.144578,[]
2026-06-10,12:07:33.177945,[]
2026-06-10,12:07:33.211312,[]
2026-06-10,12:07:33.244679,[]
2026-06-10,12:07:33.278046,[]
2026-06-10,12:07:33.311413,[]
2026-06-10,12:07:33.344780,[]
2026-06-10,12:07:33.378147,[]
2026-06-10,12:07:33.411514,[]
2026-06-10,12:07:33.444881,[]
2026-06-10,12:07:33.478248,[]
2026-06-10,12:07:33.511615,[]
2026-06-10,12:07:33.544982,[]
2026-06-10,12:07:33.578349,[]
2026-06-10,12:07:33.611716,[]
2026-06-10,12:07:33.645083,[]
2026-06-10,12:07:33.678450,[]
2026-06-10,12:07:33.711817,[]
2026-06-10,12:07:33.745184,[]
2026-06-10,12:07:33.778551,[]
2026-06-10,12:07:33.811918,[]
2026-06-10,12:07:33.845285,[]
2026-06-10,12:07:33.878652,[]
2026-06-10,12:07:33.912019,[]
2026-06-10,12:07:33.945386,[]
2026-06-10,12:07:33.978753,[]
2026-06-10,12:07:34.012120,[]
2026-06-10,12:07:34.045487,[]
2026-06-10,12:07:34.078854,[]
2026-06-10,12:07:34.112221,[]
2026-06-10,12:07:34.145588,[]
2026-06-10,12:07:34.178955,[]
2026-06-10,12:07:34.212322,[]
2026-06-10,12:07:34.245689,[]
2026-06-10,12:07:34.279056,[]
2026-06-10,12:07:34.312423,[]
2026-06-10,12:07:34.345790,[]
2026-06-10,12:07:34.379157,[]
2026-06-10,12:07:34.412524,[]
2026-06-10,12:07:34.445891,[]
2026-06-10,12:07:34.479258,[]
2026-06-10,12:07:34.512625,[]
2026-06-10,12:07:34.545992,[]
2026-06-10,12:07:34.579359,[]
2026-06-10,12:07:34.612726,[]
2026-06-10,12:07:34.646093,[]
2026-06-10,12:07:34.679460,[]
2026-06-10,12:07:34.712827,[]
2026-06-10,12:07:34.746194,[]
2026-06-10,12:07:34.779561,[]
2026-06-10,12:07:34.812928,[]
2026-06-10,12:07:34.846295,[]
2026-06-10,12:07:34.879662,[]
2026-06-10,12:07:34.913029,[]
2026-06-10,12:07:34.946396,[]
2026-06-10,12:07:34.979763,[]
2026-06-10,12:07:35.013130,[]
2026-06-10,12:07:35.046497,[]
2026-06-10,12:07:35.079864,[]
2026-06-10,12:07:35.113231,[]
2026-06-10,12:07:35.146598,[]
2026-06-10,12:07:35.179965,[]
2026-06-10,12:07:35.213332,[]
2026-06-10,12:07:35.246699,[]
2026-06-10,12:07:35.280066,[]
2026-06-10,12:07:35.313433,[]
2026-06-10,12:07:35.346800,[]
2026-06-10,12:07:35.380167,[]
2026-06-10,12:07:35.413534,[]
2026-06-10,12:07:35.446901,[]
2026-06-10,12:07:35.480268,[]
2026-06-10,12:07:35.513635,[]
2026-06-10,12:07:35.547002,[]
2026-06-10,12:07:35.580369,[]
2026-06-10,12:07:35.613736,[]
2026-06-10,12:07:35.647103,[]
2026-06-10,12:07:35.680470,[]
2026-06-10,12:07:35.713837,[]
2026-06-10,12:07:35.747204,[]
2026-06-10,12:07:35.780571,[]
2026-06-10,12:07:35.813938,[]
2026-06-10,12:07:35.847305,[]
2026-06-10,12:07:35.880672,[]
2026-06-10,12:07:35.914039,[]
2026-06-10,12:07:35.947406,[]
2026-06-10,12:07:35.980773,[]
2026-06-10,12:07:36.014140,[]
2026-06-10,12:07:36.047507,[]
2026-06-10,12:07:36.080874,[]
2026-06-10,12:07:36.114241,[]
2026-06-10,12:07:36.147608,[]
2026-06-10,12:07:36.180975,[]
2026-06-10,12:07:36.214342,[]
2026-06-10,12:07:36.247709,[]
2026-06-10,12:07:36.281076,[]
2026-06-10,12:07:36.314443,[]
2026-06-10,12:07:36.347810,[]
2026-06-10,12:07:36.381177,[]
2026-06-10,12:07:36.414544,[]
2026-06-10,12:07:36.447911,[]
2026-06-10,12:07:36.481278,[]
2026-06-10,12:07:36.514645,[]
2026-06-10,12:07:36.548012,[]
2026-06-10,12:07:36.581379,[]
2026-06-10,12:07:36.614746,[]
2026-06-10,12:07:36.648113,[]
2026-06-10,12:07:36.681480,[]
2026-06-10,12:07:36.714847,[]
2026-06-10,12:07:36.748214,[]
2026-06-10,12:07:36.781581,[]
2026-06-10,12:07:36.814948,[]
2026-06-10,12:07:36.848315,[]
2026-06-10,12:07:36.881682,[]
2026-06-10,12:07:36.915049,[]
2026-06-10,12:07:36.948416,[]
2026-06-10,12:07:36.981783,[]
2026-06-10,12:07:37.015150,[]
2026-06-10,12:07:37.048517,[]
2026-06-10,12:07:37.081884,[]
2026-06-10,12:07:37.115251,[]
2026-06-10,12:07:37.148618,[]
2026-06-10,12:07:37.181985,[]
2026-06-10,12:07:37.215352,[]
2026-06-10,12:07:37.248719,[]
2026-06-10,12:07:37.282086,[]
2026-06-10,12:07:37.315453,[]
2026-06-10,12:07:37.348820,[]
2026-06-10,12:07:37.382187,[]
2026-06-10,12:07:37.415554,[]
2026-06-10,12:07:37.448921,[]
2026-06-10,12:07:37.482288,[]
2026-06-10,12:07:37.515655,[]
2026-06-10,12:07:37.549022,[]
2026-06-10,12:07:37.582389,[]
2026-06-10,12:07:37.615756,[]
2026-06-10,12:07:37.649123,[]
2026-06-10,12:07:37.682490,[]
2026-06-10,12:07:37.715857,[]
2026-06-10,12:07:37.749224,[]
2026-06-10,12:07:37.782591,[]
2026-06-10,12:07:37.815958,[]
2026-06-10,12:07:37.849325,[]
2026-06-10,12:07:37.882692,[]
2026-06-10,12:07:37.916059,[]
2026-06-10,12:07:37.949426,[]
2026-06-10,12:07:37.982793,[]
2026-06-10,12:07:38.016160,[]
2026-06-10,12:07:38.049527,[]
2026-06-10,12:07:38.082894,[]
2026-06-10,12:07:38.116261,[]
2026-06-10,12:07:38.149628,[]
2026-06-10,12:07:38.182995,[]
2026-06-10,12:07:38.216362,[]
2026-06-10,12:07:38.249729,[]
2026-06-10,12:07:38.283096,[]
2026-06-10,12:07:38.316463,[]
2026-06-10,12:07:38.349830,[]
2026-06-10,12:07:38.383197,[]
2026-06-10,12:07:38.416564,[]
2026-06-10,12:07:38.449931,[]
2026-06-10,12:07:38.483298,[]
2026-06-10,12:07:38.516665,[]
2026-06-10,12:07:38.550032,[]
2026-06-10,12:07:38.583399,[]
2026-06-10,12:07:38.616766,[]
2026-06-10,12:07:38.650133,[]
2026-06-10,12:07:38.683500,[]
2026-06-10,12:07:38.716867,[]
2026-06-10,12:07:38.750234,[]
2026-06-10,12:07:38.783601,[]
2026-06-10,12:07:38.816968,[]
2026-06-10,12:07:38.850335,[]
2026-06-10,12:07:38.883702,[]
2026-06-10,12:07:38.917069,[]
2026-06-10,12:07:38.950436,[]
2026-06-10,12:07:38.983803,[]
2026-06-10,12:07:39.017170,[]
2026-06-10,12:07:39.050537,[]
2026-06-10,12:07:39.083904,[]
2026-06-10,12:07:39.117271,[]
2026-06-10,12:07:39.150638,[]
2026-06-10,12:07:39.184005,[]
2026-06-10,12:07:39.217372,[]
2026-06-10,12:07:39.250739,[]
2026-06-10,12:07:39.284106,[]
2026-06-10,12:07:39.317473,[]
2026-06-10,12:07:39.350840,[]
2026-06-10,12:07:39.384207,[]
2026-06-10,12:07:39.417574,[]
2026-06-10,12:07:39.450941,[]
2026-06-10,12:07:39.484308,[]
2026-06-10,12:07:39.517675,[]
2026-06-10,12:07:39.551042,[]
2026-06-10,12:07:39.584409,[]
2026-06-10,12:07:39.617776,[]
2026-06-10,12:07:39.651143,[]
2026-06-10,12:07:39.684510,[]
2026-06-10,12:07:39.717877,[]
2026-06-10,12:07:39.751244,[]
2026-06-10,12:07:39.784611,[]
2026-06-10,12:07:39.817978,[]
2026-06-10,12:07:39.851345,[]
2026-06-10,12:07:39.884712,[]
2026-06-10,12:07:39.918079,[]
2026-06-10,12:07:39.951446,[]
2026-06-10,12:07:39.984813,[]
2026-06-10,12:07:40.018180,[]
2026-06-10,12:07:40.051547,[]
2026-06-10,12:07:40.084914,[]
2026-06-10,12:07:40.118281,[]
2026-06-10,12:07:40.151648,[]
2026-06-10,12:07:40.185015,[]
2026-06-10,12:07:40.218382,[]
2026-06-10,12:07:40.251749,[]
2026-06-10,12:07:40.285116,[]
2026-06-10,12:07:40.318483,[]
2026-06-10,12:07:40.351850,[]
2026-06-10,12:07:40.385217,[]
2026-06-10,12:07:40.418584,[]
2026-06-10,12:07:40.451951,[]
2026-06-10,12:07:40.485318,[]
2026-06-10,12:07:40.518685,[]
2026-06-10,12:07:40.552052,[]
2026-06-10,12:07:40.585419,[]
2026-06-10,12:07:40.618786,[]
2026-06-10,12:07:40.652153,[]
2026-06-10,12:07:40.685520,[]
2026-06-10,12:07:40.718887,[]
2026-06-10,12:07:40.752254,[]
2026-06-10,12:07:40.785621,[]
2026-06-10,12:07:40.818988,[]
2026-06-10,12:07:40.852355,[]
2026-06-10,12:07:40.885722,[]
2026-06-10,12:07:40.919089,[]
2026-06-10,12:07:40.952456,[]
2026-06-10,12:07:40.985823,[]
2026-06-10,12:07:41.019190,[]
2026-06-10,12:07:41.052557,[]
2026-06-10,12:07:41.085924,[]
2026-06-10,12:07:41.119291,[]
2026-06-10,12:07:41.152658,[]
2026-06-10,12:07:41.186025,[]
2026-06-10,12:07:41.219392,[]
2026-06-10,12:07:41.252759,[]
2026-06-10,12:07:41.286126,[]
2026-06-10,12:07:41.319493,[]
2026-06-10,12:07:41.352860,[]
2026-06-10,12:07:41.386227,[]
2026-06-10,12:07:41.419594,[]
2026-06-10,12:07:41.452961,[]
2026-06-10,12:07:41.486328,[]
2026-06-10,12:07:41.519695,[]
2026-06-10,12:07:41.553062,[]
2026-06-10,12:07:41.586429,[]
2026-06-10,12:07:41.619796,[]
2026-06-10,12:07:41.653163,[]
2026-06-10,12:07:41.686530,[]
2026-06-10,12:07:41.719897,[]
2026-06-10,12:07:41.753264,[]
2026-06-10,12:07:41.786631,[]
2026-06-10,12:07:41.819998,[]
2026-06-10,12:07:41.853365,[]
2026-06-10,12:07:41.886732,[]
2026-06-10,12:07:41.920099,[]
2026-06-10,12:07:41.953466,[]
2026-06-10,12:07:41.986833,[]
2026-06-10,12:07:42.020200,[]
2026-06-10,12:07:42.053567,[]
2026-06-10,12:07:42.086934,[]
2026-06-10,12:07:42.120301,[]
2026-06-10,12:07:42.153668,[]
2026-06-10,12:07:42.187035,[]
2026-06-10,12:07:42.220402,[]
2026-06-10,12:07:42.253769,[]
2026-06-10,12:07:42.287136,[]
2026-06-10,12:07:42.320503,[]
2026-06-10,12:07:42.353870,[]
2026-06-10,12:07:42.387237,[]
2026-06-10,12:07:42.420604,[]
2026-06-10,12:07:42.453971,[]
2026-06-10,12:07:42.487338,[]
2026-06-10,12:07:42.520705,[]
2026-06-10,12:07:42.554072,[]
2026-06-10,12:07:42.587439,[]
2026-06-10,12:07:42.620806,[]
2026-06-10,12:07:42.654173,[]
2026-06-10,12:07:42.687540,[]
2026-06-10,12:07:42.720907,[]
2026-06-10,12:07:42.754274,[]
2026-06-10,12:07:42.787641,[]
2026-06-10,12:07:42.821008,[]
2026-06-10,12:07:42.854375,[]
2026-06-10,12:07:42.887742,[]
2026-06-10,12:07:42.921109,[]
2026-06-10,12:07:42.954476,[]
2026-06-10,12:07:42.987843,[]
2026-06-10,12:07:43.021210,[]
2026-06-10,12:07:43.054577,[]
2026-06-10,12:07:43.087944,[]
2026-06-10,12:07:43.121311,[]
2026-06-10,12:07:43.154678,[]
2026-06-10,12:07:43.188045,[]
2026-06-10,12:07:43.221412,[]
2026-06-10,12:07:43.254779,[]
2026-06-10,12:07:43.288146,[]
2026-06-10,12:07:43.321513,[]
2026-06-10,12:07:43.354880,[]
2026-06-10,12:07:43.388247,[]
2026-06-10,12:07:43.421614,[]
2026-06-10,12:07:43.454981,[]
2026-06-10,12:07:43.488348,[]
2026-06-10,12:07:43.521715,[]
2026-06-10,12:07:43.555082,[]
2026-06-10,12:07:43.588449,[]
2026-06-10,12:07:43.621816,[]
2026-06-10,12:07:43.655183,[]
2026-06-10,12:07:43.688550,[]
2026-06-10,12:07:43.721917,[]
2026-06-10,12:07:43.755284,[]
2026-06-10,12:07:43.788651,[]
2026-06-10,12:07:43.822018,[]
2026-06-10,12:07:43.855385,[]
2026-06-10,12:07:43.888752,[]
2026-06-10,12:07:43.922119,[]
2026-06-10,12:07:43.955486,[]
2026-06-10,12:07:43.988853,[]
2026-06-10,12:07:44.022220,[]
2026-06-10,12:07:44.055587,[]
2026-06-10,12:07:44.088954,[]
2026-06-10,12:07:44.122321,[]
2026-06-10,12:07:44.155688,[]
2026-06-10,12:07:44.189055,[]
2026-06-10,12:07:44.222422,[]
2026-06-10,12:07:44.255789,[]
2026-06-10,12:07:44.289156,[]
2026-06-10,12:07:44.322523,[]
2026-06-10,12:07:44.355890,[]
2026-06-10,12:07:44.389257,[]
2026-06-10,12:07:44.422624,[]
2026-06-10,12:07:44.455991,[]
2026-06-10,12:07:44.489358,[]
2026-06-10,12:07:44.522725,[]
2026-06-10,12:07:44.556092,[]
2026-06-10,12:07:44.589459,[]
2026-06-10,12:07:44.622826,[]
2026-06-10,12:07:44.656193,[]
2026-06-10,12:07:44.689560,[]
2026-06-10,12:07:44.722927,[]
2026-06-10,12:07:44.756294,[]
2026-06-10,12:07:44.789661,[]
2026-06-10,12:07:44.823028,[]
2026-06-10,12:07:44.856395,[]
2026-06-10,12:07:44.889762,[]
2026-06-10,12:07:44.923129,[]
2026-06-10,12:07:44.956496,[]
2026-06-10,12:07:44.989863,[]
2026-06-10,12:07:45.023230,[]
2026-06-10,12:07:45.056597,[]
2026-06-10,12:07:45.089964,[]
2026-06-10,12:07:45.123331,[]
2026-06-10,12:07:45.156698,[]
2026-06-10,12:07:45.190065,[]
2026-06-10,12:07:45.223432,[]
2026-06-10,12:07:45.256799,[]
2026-06-10,12:07:45.290166,[]
2026-06-10,12:07:45.323533,[]
2026-06-10,12:07:45.356900,[]
2026-06-10,12:07:45.390267,[]
2026-06-10,12:07:45.423634,[]
2026-06-10,12:07:45.457001,[]
2026-06-10,12:07:45.490368,[]
2026-06-10,12:07:45.523735,[]
2026-06-10,12:07:45.557102,[]
2026-06-10,12:07:45.590469,[]
2026-06-10,12:07:45.623836,[]
2026-06-10,12:07:45.657203,[]
2026-06-10,12:07:45.690570,[]
2026-06-10,12:07:45.723937,[]
2026-06-10,12:07:45.757304,[]
2026-06-10,12:07:45.790671,[]
2026-06-10,12:07:45.824038,[]
2026-06-10,12:07:45.857405,[]
2026-06-10,12:07:45.890772,[]
2026-06-10,12:07:45.924139,[]
2026-06-10,12:07:45.957506,[]
2026-06-10,12:07:45.990873,[]
2026-06-10,12:07:46.024240,[]
2026-06-10,12:07:46.057607,[]
2026-06-10,12:07:46.090974,[]
2026-06-10,12:07:46.124341,[]
2026-06-10,12:07:46.157708,[]
2026-06-10,12:07:46.191075,[]
2026-06-10,12:07:46.224442,[]
2026-06-10,12:07:46.257809,[]
2026-06-10,12:07:46.291176,[]
2026-06-10,12:07:46.324543,[]
2026-06-10,12:07:46.357910,[]
2026-06-10,12:07:46.391277,[]
2026-06-10,12:07:46.424644,[]
2026-06-10,12:07:46.458011,[]
2026-06-10,12:07:46.491378,[]
2026-06-10,12:07:46.524745,[]
2026-06-10,12:07:46.558112,[]
2026-06-10,12:07:46.591479,[]
2026-06-10,12:07:46.624846,[]
2026-06-10,12:07:46.658213,[]
2026-06-10,12:07:46.691580,[]
2026-06-10,12:07:46.724947,[]
2026-06-10,12:07:46.758314,[]
2026-06-10,12:07:46.791681,[]
2026-06-10,12:07:46.825048,[]
2026-06-10,12:07:46.858415,[]
2026-06-10,12:07:46.891782,[]
2026-06-10,12:07:46.925149,[]
2026-06-10,12:07:46.958516,[]
2026-06-10,12:07:46.991883,[]
2026-06-10,12:07:47.025250,[]
2026-06-10,12:07:47.058617,[]
2026-06-10,12:07:47.091984,[]
2026-06-10,12:07:47.125351,[]
2026-06-10,12:07:47.158718,[]
2026-06-10,12:07:47.192085,[]
2026-06-10,12:07:47.225452,[]
2026-06-10,12:07:47.258819,[]
2026-06-10,12:07:47.292186,[]
2026-06-10,12:07:47.325553,[]
2026-06-10,12:07:47.358920,[]
2026-06-10,12:07:47.392287,[]
2026-06-10,12:07:47.425654,[]
2026-06-10,12:07:47.459021,[]
2026-06-10,12:07:47.492388,[]
2026-06-10,12:07:47.525755,[]
2026-06-10,12:07:47.559122,[]
2026-06-10,12:07:47.592489,[]
2026-06-10,12:07:47.625856,[]
2026-06-10,12:07:47.659223,[]
2026-06-10,12:07:47.692590,[]
2026-06-10,12:07:47.725957,[]
2026-06-10,12:07:47.759324,[]
2026-06-10,12:07:47.792691,[]
2026-06-10,12:07:47.826058,[]
2026-06-10,12:07:47.859425,[]
2026-06-10,12:07:47.892792,[]
2026-06-10,12:07:47.926159,[]
2026-06-10,12:07:47.959526,[]
2026-06-10,12:07:47.992893,[]
2026-06-10,12:07:48.026260,[]
2026-06-10,12:07:48.059627,[]
2026-06-10,12:07:48.092994,[]
2026-06-10,12:07:48.126361,[]
2026-06-10,12:07:48.159728,[]
2026-06-10,12:07:48.193095,[]
2026-06-10,12:07:48.226462,[]
2026-06-10,12:07:48.259829,[]
2026-06-10,12:07:48.293196,[]
2026-06-10,12:07:48.326563,[]
2026-06-10,12:07:48.359930,[]
2026-06-10,12:07:48.393297,[]
2026-06-10,12:07:48.426664,[]
2026-06-10,12:07:48.460031,[]
2026-06-10,12:07:48.493398,[]
2026-06-10,12:07:48.526765,[]
2026-06-10,12:07:48.560132,[]
2026-06-10,12:07:48.593499,[]
2026-06-10,12:07:48.626866,[]
2026-06-10,12:07:48.660233,[]
2026-06-10,12:07:48.693600,[]
2026-06-10,12:07:48.726967,[]
2026-06-10,12:07:48.760334,[]
2026-06-10,12:07:48.793701,[]
2026-06-10,12:07:48.827068,[]
2026-06-10,12:07:48.860435,[]
2026-06-10,12:07:48.893802,[]
2026-06-10,12:07:48.927169,[]
2026-06-10,12:07:48.960536,[]
2026-06-10,12:07:48.993903,[]
2026-06-10,12:07:49.027270,[]
2026-06-10,12:07:49.060637,[]
2026-06-10,12:07:49.094004,[]
2026-06-10,12:07:49.127371,[]
2026-06-10,12:07:49.160738,[]
2026-06-10,12:07:49.194105,[]
2026-06-10,12:07:49.227472,[]
2026-06-10,12:07:49.260839,[]
2026-06-10,12:07:49.294206,[]
2026-06-10,12:07:49.327573,[]
2026-06-10,12:07:49.360940,[]
2026-06-10,12:07:49.394307,[]
2026-06-10,12:07:49.427674,[]
2026-06-10,12:07:49.461041,[]
2026-06-10,12:07:49.494408,[]
2026-06-10,12:07:49.527775,[]
2026-06-10,12:07:49.561142,[]
2026-06-10,12:07:49.594509,[]
2026-06-10,12:07:49.627876,[]
2026-06-10,12:07:49.661243,[]
2026-06-10,12:07:49.694610,[]
2026-06-10,12:07:49.727977,[]
2026-06-10,12:07:49.761344,[]
2026-06-10,12:07:49.794711,[]
2026-06-10,12:07:49.828078,[]
2026-06-10,12:07:49.861445,[]
2026-06-10,12:07:49.894812,[]
2026-06-10,12:07:49.928179,[]
2026-06-10,12:07:49.961546,[]
2026-06-10,12:07:49.994913,[]
2026-06-10,12:07:50.028280,[]
2026-06-10,12:07:50.061647,[]
2026-06-10,12:07:50.095014,[]
2026-06-10,12:07:50.128381,[]
2026-06-10,12:07:50.161748,[]
2026-06-10,12:07:50.195115,[]
2026-06-10,12:07:50.228482,[]
2026-06-10,12:07:50.261849,[]
2026-06-10,12:07:50.295216,[]
2026-06-10,12:07:50.328583,[]
2026-06-10,12:07:50.361950,[]
2026-06-10,12:07:50.395317,[]
2026-06-10,12:07:50.428684,[]
2026-06-10,12:07:50.462051,[]
2026-06-10,12:07:50.495418,[]
2026-06-10,12:07:50.528785,[]
2026-06-10,12:07:50.562152,[]
2026-06-10,12:07:50.595519,[]
2026-06-10,12:07:50.628886,[]
2026-06-10,12:07:50.662253,[]
2026-06-10,12:07:50.695620,[]
2026-06-10,12:07:50.728987,[]
2026-06-10,12:07:50.762354,[]
2026-06-10,12:07:50.795721,[]
2026-06-10,12:07:50.829088,[]
2026-06-10,12:07:50.862455,[]
2026-06-10,12:07:50.895822,[]
2026-06-10,12:07:50.929189,[]
2026-06-10,12:07:50.962556,[]
2026-06-10,12:07:50.995923,[]
2026-06-10,12:07:51.029290,[]
2026-06-10,12:07:51.062657,[]
2026-06-10,12:07:51.096024,['CL69526']
2026-06-10,12:07:51.129391,['CL69526']
2026-06-10,12:07:51.162758,['CL69526']
2026-06-10,12:07:51.196125,['CL69526']
2026-06-10,12:07:51.229492,[]
2026-06-10,12:07:51.262859,[]
2026-06-10,12:07:51.296226,[]
2026-06-10,12:07:51.329593,[]
2026-06-10,12:07:51.362960,[]
2026-06-10,12:07:51.396327,[]
2026-06-10,12:07:51.429694,[]
2026-06-10,12:07:51.463061,[]
2026-06-10,12:07:51.496428,[]
2026-06-10,12:07:51.529795,[]
2026-06-10,12:07:51.563162,[]
2026-06-10,12:07:51.596529,[]
2026-06-10,12:07:51.629896,[]
2026-06-10,12:07:51.663263,[]
2026-06-10,12:07:51.696630,[]
2026-06-10,12:07:51.729997,[]
2026-06-10,12:07:51.763364,[]
2026-06-10,12:07:51.796731,[]
2026-06-10,12:07:51.830098,[]
2026-06-10,12:07:51.863465,[]
2026-06-10,12:07:51.896832,[]
2026-06-10,12:07:51.930199,[]
2026-06-10,12:07:51.963566,[]
2026-06-10,12:07:51.996933,[]
2026-06-10,12:07:52.030300,[]
2026-06-10,12:07:52.063667,[]
2026-06-10,12:07:52.097034,[]
2026-06-10,12:07:52.130401,[]
2026-06-10,12:07:52.163768,[]
2026-06-10,12:07:52.197135,[]
2026-06-10,12:07:52.230502,[]
2026-06-10,12:07:52.263869,[]
2026-06-10,12:07:52.297236,[]
2026-06-10,12:07:52.330603,[]
2026-06-10,12:07:52.363970,[]
2026-06-10,12:07:52.397337,[]
2026-06-10,12:07:52.430704,[]
2026-06-10,12:07:52.464071,[]
2026-06-10,12:07:52.497438,[]
2026-06-10,12:07:52.530805,[]
2026-06-10,12:07:52.564172,[]
2026-06-10,12:07:52.597539,[]
2026-06-10,12:07:52.630906,[]
2026-06-10,12:07:52.664273,[]
2026-06-10,12:07:52.697640,[]
2026-06-10,12:07:52.731007,[]
2026-06-10,12:07:52.764374,[]
2026-06-10,12:07:52.797741,[]
2026-06-10,12:07:52.831108,[]
2026-06-10,12:07:52.864475,[]
2026-06-10,12:07:52.897842,[]
2026-06-10,12:07:52.931209,[]
2026-06-10,12:07:52.964576,[]
2026-06-10,12:07:52.997943,[]
2026-06-10,12:07:53.031310,[]
2026-06-10,12:07:53.064677,[]
2026-06-10,12:07:53.098044,[]
2026-06-10,12:07:53.131411,[]
2026-06-10,12:07:53.164778,[]
2026-06-10,12:07:53.198145,[]
2026-06-10,12:07:53.231512,[]
2026-06-10,12:07:53.264879,[]
2026-06-10,12:07:53.298246,[]
2026-06-10,12:07:53.331613,[]
2026-06-10,12:07:53.364980,[]
2026-06-10,12:07:53.398347,[]
2026-06-10,12:07:53.431714,[]
2026-06-10,12:07:53.465081,[]
2026-06-10,12:07:53.498448,[]
2026-06-10,12:07:53.531815,[]
2026-06-10,12:07:53.565182,[]
2026-06-10,12:07:53.598549,[]
2026-06-10,12:07:53.631916,[]
2026-06-10,12:07:53.665283,[]
2026-06-10,12:07:53.698650,[]
2026-06-10,12:07:53.732017,[]
2026-06-10,12:07:53.765384,[]
2026-06-10,12:07:53.798751,[]
2026-06-10,12:07:53.832118,[]
2026-06-10,12:07:53.865485,[]
2026-06-10,12:07:53.898852,[]
2026-06-10,12:07:53.932219,[]
2026-06-10,12:07:53.965586,[]
2026-06-10,12:07:53.998953,[]
2026-06-10,12:07:54.032320,[]
2026-06-10,12:07:54.065687,[]
2026-06-10,12:07:54.099054,[]
2026-06-10,12:07:54.132421,[]
2026-06-10,12:07:54.165788,[]
2026-06-10,12:07:54.199155,[]
2026-06-10,12:07:54.232522,[]
2026-06-10,12:07:54.265889,[]
2026-06-10,12:07:54.299256,[]
2026-06-10,12:07:54.332623,[]
2026-06-10,12:07:54.365990,[]
2026-06-10,12:07:54.399357,[]
2026-06-10,12:07:54.432724,[]
2026-06-10,12:07:54.466091,[]
2026-06-10,12:07:54.499458,[]
2026-06-10,12:07:54.532825,[]
2026-06-10,12:07:54.566192,[]
2026-06-10,12:07:54.599559,[]
2026-06-10,12:07:54.632926,[]
2026-06-10,12:07:54.666293,[]
2026-06-10,12:07:54.699660,[]
2026-06-10,12:07:54.733027,[]
2026-06-10,12:07:54.766394,[]
2026-06-10,12:07:54.799761,[]
2026-06-10,12:07:54.833128,[]
2026-06-10,12:07:54.866495,[]
2026-06-10,12:07:54.899862,[]
2026-06-10,12:07:54.933229,[]
2026-06-10,12:07:54.966596,[]
2026-06-10,12:07:54.999963,[]
2026-06-10,12:07:55.033330,[]
2026-06-10,12:07:55.066697,[]
2026-06-10,12:07:55.100064,[]
2026-06-10,12:07:55.133431,[]
2026-06-10,12:07:55.166798,[]
2026-06-10,12:07:55.200165,[]
2026-06-10,12:07:55.233532,[]
2026-06-10,12:07:55.266899,[]
2026-06-10,12:07:55.300266,[]
2026-06-10,12:07:55.333633,[]
2026-06-10,12:07:55.367000,[]
2026-06-10,12:07:55.400367,[]
2026-06-10,12:07:55.433734,[]
2026-06-10,12:07:55.467101,[]
2026-06-10,12:07:55.500468,[]
2026-06-10,12:07:55.533835,[]
2026-06-10,12:07:55.567202,[]
2026-06-10,12:07:55.600569,[]
2026-06-10,12:07:55.633936,[]
2026-06-10,12:07:55.667303,[]
2026-06-10,12:07:55.700670,[]
2026-06-10,12:07:55.734037,[]
2026-06-10,12:07:55.767404,[]
2026-06-10,12:07:55.800771,[]
2026-06-10,12:07:55.834138,[]
2026-06-10,12:07:55.867505,[]
2026-06-10,12:07:55.900872,[]
2026-06-10,12:07:55.934239,[]
2026-06-10,12:07:55.967606,[]
2026-06-10,12:07:56.000973,[]
2026-06-10,12:07:56.034340,[]
2026-06-10,12:07:56.067707,[]
2026-06-10,12:07:56.101074,[]
2026-06-10,12:07:56.134441,[]
2026-06-10,12:07:56.167808,[]
2026-06-10,12:07:56.201175,[]
2026-06-10,12:07:56.234542,[]
2026-06-10,12:07:56.267909,[]
2026-06-10,12:07:56.301276,[]
2026-06-10,12:07:56.334643,[]
2026-06-10,12:07:56.368010,[]
2026-06-10,12:07:56.401377,[]
2026-06-10,12:07:56.434744,[]
2026-06-10,12:07:56.468111,[]
2026-06-10,12:07:56.501478,[]
2026-06-10,12:07:56.534845,[]
2026-06-10,12:07:56.568212,[]
2026-06-10,12:07:56.601579,[]
2026-06-10,12:07:56.634946,[]
2026-06-10,12:07:56.668313,[]
2026-06-10,12:07:56.701680,[]
2026-06-10,12:07:56.735047,[]
2026-06-10,12:07:56.768414,[]
2026-06-10,12:07:56.801781,[]
2026-06-10,12:07:56.835148,[]
2026-06-10,12:07:56.868515,[]
2026-06-10,12:07:56.901882,[]
2026-06-10,12:07:56.935249,[]
2026-06-10,12:07:56.968616,[]
2026-06-10,12:07:57.001983,[]
2026-06-10,12:07:57.035350,[]
2026-06-10,12:07:57.068717,[]
2026-06-10,12:07:57.102084,[]
2026-06-10,12:07:57.135451,[]
2026-06-10,12:07:57.168818,[]
2026-06-10,12:07:57.202185,[]
2026-06-10,12:07:57.235552,[]
2026-06-10,12:07:57.268919,[]
2026-06-10,12:07:57.302286,[]
2026-06-10,12:07:57.335653,[]
2026-06-10,12:07:57.369020,[]
2026-06-10,12:07:57.402387,[]
2026-06-10,12:07:57.435754,[]
2026-06-10,12:07:57.469121,[]
2026-06-10,12:07:57.502488,[]
2026-06-10,12:07:57.535855,[]
2026-06-10,12:07:57.569222,[]
2026-06-10,12:07:57.602589,[]
2026-06-10,12:07:57.635956,[]
2026-06-10,12:07:57.669323,[]
2026-06-10,12:07:57.702690,[]
2026-06-10,12:07:57.736057,[]
2026-06-10,12:07:57.769424,[]
2026-06-10,12:07:57.802791,[]
2026-06-10,12:07:57.836158,[]
2026-06-10,12:07:57.869525,[]
2026-06-10,12:07:57.902892,[]
2026-06-10,12:07:57.936259,[]
2026-06-10,12:07:57.969626,[]
2026-06-10,12:07:58.002993,[]
2026-06-10,12:07:58.036360,[]
2026-06-10,12:07:58.069727,[]
2026-06-10,12:07:58.103094,[]
2026-06-10,12:07:58.136461,[]
2026-06-10,12:07:58.169828,[]
2026-06-10,12:07:58.203195,[]
2026-06-10,12:07:58.236562,[]
2026-06-10,12:07:58.269929,[]
2026-06-10,12:07:58.303296,[]
2026-06-10,12:07:58.336663,[]
2026-06-10,12:07:58.370030,[]
2026-06-10,12:07:58.403397,[]
2026-06-10,12:07:58.436764,[]
2026-06-10,12:07:58.470131,[]
2026-06-10,12:07:58.503498,[]
2026-06-10,12:07:58.536865,[]
2026-06-10,12:07:58.570232,[]
2026-06-10,12:07:58.603599,[]
2026-06-10,12:07:58.636966,[]
2026-06-10,12:07:58.670333,[]
2026-06-10,12:07:58.703700,[]
2026-06-10,12:07:58.737067,[]
2026-06-10,12:07:58.770434,[]
2026-06-10,12:07:58.803801,[]
2026-06-10,12:07:58.837168,[]
2026-06-10,12:07:58.870535,[]
2026-06-10,12:07:58.903902,[]
2026-06-10,12:07:58.937269,[]
2026-06-10,12:07:58.970636,[]
2026-06-10,12:07:59.004003,[]
2026-06-10,12:07:59.037370,[]
2026-06-10,12:07:59.070737,[]
2026-06-10,12:07:59.104104,[]
2026-06-10,12:07:59.137471,[]
2026-06-10,12:07:59.170838,[]
2026-06-10,12:07:59.204205,[]
2026-06-10,12:07:59.237572,[]
2026-06-10,12:07:59.270939,[]
2026-06-10,12:07:59.304306,[]
2026-06-10,12:07:59.337673,[]
2026-06-10,12:07:59.371040,[]
2026-06-10,12:07:59.404407,[]
2026-06-10,12:07:59.437774,[]
2026-06-10,12:07:59.471141,[]
2026-06-10,12:07:59.504508,[]
2026-06-10,12:07:59.537875,[]
2026-06-10,12:07:59.571242,[]
2026-06-10,12:07:59.604609,[]
2026-06-10,12:07:59.637976,[]
2026-06-10,12:07:59.671343,[]
2026-06-10,12:07:59.704710,[]
2026-06-10,12:07:59.738077,[]
2026-06-10,12:07:59.771444,[]
2026-06-10,12:07:59.804811,[]
2026-06-10,12:07:59.838178,[]
2026-06-10,12:07:59.871545,[]
2026-06-10,12:07:59.904912,[]
2026-06-10,12:07:59.938279,[]
2026-06-10,12:07:59.971646,[]
2026-06-10,12:08:00.005013,[]
2026-06-10,12:08:00.038380,[]
2026-06-10,12:08:00.071747,[]
2026-06-10,12:08:00.105114,[]
2026-06-10,12:08:00.138481,[]
2026-06-10,12:08:00.171848,[]
2026-06-10,12:08:00.205215,[]
2026-06-10,12:08:00.238582,[]
2026-06-10,12:08:00.271949,[]
2026-06-10,12:08:00.305316,[]
2026-06-10,12:08:00.338683,[]
2026-06-10,12:08:00.372050,[]
2026-06-10,12:08:00.405417,[]
2026-06-10,12:08:00.438784,[]
2026-06-10,12:08:00.472151,[]
2026-06-10,12:08:00.505518,[]
2026-06-10,12:08:00.538885,[]
2026-06-10,12:08:00.572252,[]
2026-06-10,12:08:00.605619,[]
2026-06-10,12:08:00.638986,[]
2026-06-10,12:08:00.672353,[]
2026-06-10,12:08:00.705720,[]
2026-06-10,12:08:00.739087,[]
2026-06-10,12:08:00.772454,[]
2026-06-10,12:08:00.805821,[]
2026-06-10,12:08:00.839188,['CX86466']
2026-06-10,12:08:00.872555,[]
2026-06-10,12:08:00.905922,[]
2026-06-10,12:08:00.939289,[]
2026-06-10,12:08:00.972656,[]
2026-06-10,12:08:01.006023,[]
2026-06-10,12:08:01.039390,[]
2026-06-10,12:08:01.072757,[]
2026-06-10,12:08:01.106124,[]
2026-06-10,12:08:01.139491,[]
2026-06-10,12:08:01.172858,[]
2026-06-10,12:08:01.206225,[]
2026-06-10,12:08:01.239592,[]
2026-06-10,12:08:01.272959,[]
2026-06-10,12:08:01.306326,[]
2026-06-10,12:08:01.339693,[]
2026-06-10,12:08:01.373060,[]
2026-06-10,12:08:01.406427,[]
2026-06-10,12:08:01.439794,[]
2026-06-10,12:08:01.473161,[]
2026-06-10,12:08:01.506528,[]
2026-06-10,12:08:01.539895,[]
2026-06-10,12:08:01.573262,[]
2026-06-10,12:08:01.606629,[]
2026-06-10,12:08:01.639996,[]
2026-06-10,12:08:01.673363,[]
2026-06-10,12:08:01.706730,[]
2026-06-10,12:08:01.740097,[]
2026-06-10,12:08:01.773464,[]
2026-06-10,12:08:01.806831,[]
2026-06-10,12:08:01.840198,[]
2026-06-10,12:08:01.873565,[]
2026-06-10,12:08:01.906932,[]
2026-06-10,12:08:01.940299,[]
2026-06-10,12:08:01.973666,[]
2026-06-10,12:08:02.007033,[]
2026-06-10,12:08:02.040400,[]
2026-06-10,12:08:02.073767,[]
2026-06-10,12:08:02.107134,[]
2026-06-10,12:08:02.140501,[]
2026-06-10,12:08:02.173868,[]
2026-06-10,12:08:02.207235,[]
2026-06-10,12:08:02.240602,[]
2026-06-10,12:08:02.273969,[]
2026-06-10,12:08:02.307336,[]
2026-06-10,12:08:02.340703,[]
2026-06-10,12:08:02.374070,[]
2026-06-10,12:08:02.407437,[]
2026-06-10,12:08:02.440804,[]
2026-06-10,12:08:02.474171,[]
2026-06-10,12:08:02.507538,[]
2026-06-10,12:08:02.540905,[]
2026-06-10,12:08:02.574272,[]
2026-06-10,12:08:02.607639,[]
2026-06-10,12:08:02.641006,[]
2026-06-10,12:08:02.674373,[]
2026-06-10,12:08:02.707740,[]
2026-06-10,12:08:02.741107,[]
2026-06-10,12:08:02.774474,[]
2026-06-10,12:08:02.807841,[]
2026-06-10,12:08:02.841208,[]
2026-06-10,12:08:02.874575,[]
2026-06-10,12:08:02.907942,[]
2026-06-10,12:08:02.941309,[]
2026-06-10,12:08:02.974676,[]
2026-06-10,12:08:03.008043,['DS66826']
2026-06-10,12:08:03.041410,['DS66826']
2026-06-10,12:08:03.074777,['DS66826']
2026-06-10,12:08:03.108144,[]
2026-06-10,12:08:03.141511,[]
2026-06-10,12:08:03.174878,[]
2026-06-10,12:08:03.208245,[]
2026-06-10,12:08:03.241612,[]
2026-06-10,12:08:03.274979,[]
2026-06-10,12:08:03.308346,[]
2026-06-10,12:08:03.341713,[]
2026-06-10,12:08:03.375080,[]
2026-06-10,12:08:03.408447,[]
2026-06-10,12:08:03.441814,[]
2026-06-10,12:08:03.475181,[]
2026-06-10,12:08:03.508548,[]
2026-06-10,12:08:03.541915,[]
2026-06-10,12:08:03.575282,[]
2026-06-10,12:08:03.608649,[]
2026-06-10,12:08:03.642016,[]
2026-06-10,12:08:03.675383,[]
2026-06-10,12:08:03.708750,[]
2026-06-10,12:08:03.742117,[]
2026-06-10,12:08:03.775484,[]
2026-06-10,12:08:03.808851,[]
2026-06-10,12:08:03.842218,[]
2026-06-10,12:08:03.875585,[]
2026-06-10,12:08:03.908952,[]
2026-06-10,12:08:03.942319,[]
2026-06-10,12:08:03.975686,[]
2026-06-10,12:08:04.009053,[]
2026-06-10,12:08:04.042420,[]
2026-06-10,12:08:04.075787,[]
2026-06-10,12:08:04.109154,[]
2026-06-10,12:08:04.142521,[]
2026-06-10,12:08:04.175888,[]
2026-06-10,12:08:04.209255,[]
2026-06-10,12:08:04.242622,[]
2026-06-10,12:08:04.275989,[]
2026-06-10,12:08:04.309356,[]
2026-06-10,12:08:04.342723,[]
2026-06-10,12:08:04.376090,[]
2026-06-10,12:08:04.409457,[]
2026-06-10,12:08:04.442824,[]
2026-06-10,12:08:04.476191,[]
2026-06-10,12:08:04.509558,[]
2026-06-10,12:08:04.542925,[]
2026-06-10,12:08:04.576292,[]
2026-06-10,12:08:04.609659,[]
2026-06-10,12:08:04.643026,[]
2026-06-10,12:08:04.676393,[]
2026-06-10,12:08:04.709760,[]
2026-06-10,12:08:04.743127,[]
2026-06-10,12:08:04.776494,[]
2026-06-10,12:08:04.809861,[]
2026-06-10,12:08:04.843228,[]
2026-06-10,12:08:04.876595,[]
2026-06-10,12:08:04.909962,[]
2026-06-10,12:08:04.943329,[]
2026-06-10,12:08:04.976696,[]
2026-06-10,12:08:05.010063,[]
2026-06-10,12:08:05.043430,[]
2026-06-10,12:08:05.076797,[]
2026-06-10,12:08:05.110164,[]
2026-06-10,12:08:05.143531,[]
2026-06-10,12:08:05.176898,[]
2026-06-10,12:08:05.210265,[]
2026-06-10,12:08:05.243632,[]
2026-06-10,12:08:05.276999,[]
2026-06-10,12:08:05.310366,[]
2026-06-10,12:08:05.343733,[]
2026-06-10,12:08:05.377100,[]
2026-06-10,12:08:05.410467,[]
2026-06-10,12:08:05.443834,[]
2026-06-10,12:08:05.477201,[]
2026-06-10,12:08:05.510568,['BK99375']
2026-06-10,12:08:05.543935,['BK99375']
2026-06-10,12:08:05.577302,['BK99375']
2026-06-10,12:08:05.610669,[]
2026-06-10,12:08:05.644036,[]
2026-06-10,12:08:05.677403,[]
2026-06-10,12:08:05.710770,[]
2026-06-10,12:08:05.744137,[]
2026-06-10,12:08:05.777504,[]
2026-06-10,12:08:05.810871,[]
2026-06-10,12:08:05.844238,[]
2026-06-10,12:08:05.877605,[]
2026-06-10,12:08:05.910972,[]
2026-06-10,12:08:05.944339,[]
2026-06-10,12:08:05.977706,[]
2026-06-10,12:08:06.011073,[]
2026-06-10,12:08:06.044440,[]
2026-06-10,12:08:06.077807,[]
2026-06-10,12:08:06.111174,[]
2026-06-10,12:08:06.144541,[]
2026-06-10,12:08:06.177908,[]
2026-06-10,12:08:06.211275,[]
2026-06-10,12:08:06.244642,[]
2026-06-10,12:08:06.278009,[]
2026-06-10,12:08:06.311376,[]
2026-06-10,12:08:06.344743,[]
2026-06-10,12:08:06.378110,[]
2026-06-10,12:08:06.411477,[]
2026-06-10,12:08:06.444844,[]
2026-06-10,12:08:06.478211,[]
2026-06-10,12:08:06.511578,[]
2026-06-10,12:08:06.544945,[]
2026-06-10,12:08:06.578312,[]
2026-06-10,12:08:06.611679,[]
2026-06-10,12:08:06.645046,[]
2026-06-10,12:08:06.678413,[]
2026-06-10,12:08:06.711780,[]
2026-06-10,12:08:06.745147,[]
2026-06-10,12:08:06.778514,[]
2026-06-10,12:08:06.811881,[]
2026-06-10,12:08:06.845248,[]
2026-06-10,12:08:06.878615,[]
2026-06-10,12:08:06.911982,[]
2026-06-10,12:08:06.945349,[]
2026-06-10,12:08:06.978716,[]
2026-06-10,12:08:07.012083,[]
2026-06-10,12:08:07.045450,[]
2026-06-10,12:08:07.078817,[]
2026-06-10,12:08:07.112184,[]
2026-06-10,12:08:07.145551,[]
2026-06-10,12:08:07.178918,[]
2026-06-10,12:08:07.212285,[]
2026-06-10,12:08:07.245652,[]
2026-06-10,12:08:07.279019,[]
2026-06-10,12:08:07.312386,[]
2026-06-10,12:08:07.345753,[]
2026-06-10,12:08:07.379120,[]
2026-06-10,12:08:07.412487,[]
2026-06-10,12:08:07.445854,[]
2026-06-10,12:08:07.479221,[]
2026-06-10,12:08:07.512588,[]
2026-06-10,12:08:07.545955,[]
2026-06-10,12:08:07.579322,[]
2026-06-10,12:08:07.612689,[]
2026-06-10,12:08:07.646056,[]
2026-06-10,12:08:07.679423,[]
2026-06-10,12:08:07.712790,[]
2026-06-10,12:08:07.746157,[]
2026-06-10,12:08:07.779524,[]
2026-06-10,12:08:07.812891,[]
2026-06-10,12:08:07.846258,[]
2026-06-10,12:08:07.879625,[]
2026-06-10,12:08:07.912992,[]
2026-06-10,12:08:07.946359,[]
2026-06-10,12:08:07.979726,[]
2026-06-10,12:08:08.013093,[]
2026-06-10,12:08:08.046460,[]
2026-06-10,12:08:08.079827,[]
2026-06-10,12:08:08.113194,[]
2026-06-10,12:08:08.146561,[]
2026-06-10,12:08:08.179928,[]
2026-06-10,12:08:08.213295,[]
2026-06-10,12:08:08.246662,[]
2026-06-10,12:08:08.280029,[]
2026-06-10,12:08:08.313396,[]
2026-06-10,12:08:08.346763,[]
2026-06-10,12:08:08.380130,[]
2026-06-10,12:08:08.413497,[]
2026-06-10,12:08:08.446864,[]
2026-06-10,12:08:08.480231,[]
2026-06-10,12:08:08.513598,[]
2026-06-10,12:08:08.546965,[]
2026-06-10,12:08:08.580332,[]
2026-06-10,12:08:08.613699,[]
2026-06-10,12:08:08.647066,[]
2026-06-10,12:08:08.680433,[]
2026-06-10,12:08:08.713800,[]
2026-06-10,12:08:08.747167,[]
2026-06-10,12:08:08.780534,[]
2026-06-10,12:08:08.813901,['CU69292']
2026-06-10,12:08:08.847268,['CU69292']
2026-06-10,12:08:08.880635,['CU69222']
2026-06-10,12:08:08.914002,[]
2026-06-10,12:08:08.947369,[]
2026-06-10,12:08:08.980736,[]
2026-06-10,12:08:09.014103,[]
2026-06-10,12:08:09.047470,[]
2026-06-10,12:08:09.080837,[]
2026-06-10,12:08:09.114204,[]
2026-06-10,12:08:09.147571,[]
2026-06-10,12:08:09.180938,[]
2026-06-10,12:08:09.214305,[]
2026-06-10,12:08:09.247672,[]
2026-06-10,12:08:09.281039,[]
2026-06-10,12:08:09.314406,[]
2026-06-10,12:08:09.347773,[]
2026-06-10,12:08:09.381140,[]
2026-06-10,12:08:09.414507,[]
2026-06-10,12:08:09.447874,[]
2026-06-10,12:08:09.481241,[]
2026-06-10,12:08:09.514608,[]
2026-06-10,12:08:09.547975,[]
2026-06-10,12:08:09.581342,[]
2026-06-10,12:08:09.614709,[]
2026-06-10,12:08:09.648076,[]
2026-06-10,12:08:09.681443,[]
2026-06-10,12:08:09.714810,[]
2026-06-10,12:08:09.748177,[]
2026-06-10,12:08:09.781544,[]
2026-06-10,12:08:09.814911,[]
2026-06-10,12:08:09.848278,[]
2026-06-10,12:08:09.881645,[]
2026-06-10,12:08:09.915012,[]
2026-06-10,12:08:09.948379,[]
2026-06-10,12:08:09.981746,[]
2026-06-10,12:08:10.015113,[]
2026-06-10,12:08:10.048480,[]
2026-06-10,12:08:10.081847,[]
2026-06-10,12:08:10.115214,[]
2026-06-10,12:08:10.148581,[]
2026-06-10,12:08:10.181948,[]
2026-06-10,12:08:10.215315,[]
2026-06-10,12:08:10.248682,[]
2026-06-10,12:08:10.282049,[]
2026-06-10,12:08:10.315416,[]
2026-06-10,12:08:10.348783,[]
2026-06-10,12:08:10.382150,[]
2026-06-10,12:08:10.415517,[]
2026-06-10,12:08:10.448884,[]
2026-06-10,12:08:10.482251,[]
2026-06-10,12:08:10.515618,[]
2026-06-10,12:08:10.548985,[]
2026-06-10,12:08:10.582352,[]
2026-06-10,12:08:10.615719,[]
2026-06-10,12:08:10.649086,[]
2026-06-10,12:08:10.682453,[]
2026-06-10,12:08:10.715820,[]
2026-06-10,12:08:10.749187,[]
2026-06-10,12:08:10.782554,[]
2026-06-10,12:08:10.815921,[]
2026-06-10,12:08:10.849288,[]
2026-06-10,12:08:10.882655,[]
2026-06-10,12:08:10.916022,[]
2026-06-10,12:08:10.949389,[]
2026-06-10,12:08:10.982756,[]
2026-06-10,12:08:11.016123,[]
2026-06-10,12:08:11.049490,[]
2026-06-10,12:08:11.082857,[]
2026-06-10,12:08:11.116224,[]
2026-06-10,12:08:11.149591,[]
2026-06-10,12:08:11.182958,[]
2026-06-10,12:08:11.216325,[]
2026-06-10,12:08:11.249692,[]
2026-06-10,12:08:11.283059,[]
2026-06-10,12:08:11.316426,[]
2026-06-10,12:08:11.349793,[]
2026-06-10,12:08:11.383160,[]
2026-06-10,12:08:11.416527,[]
2026-06-10,12:08:11.449894,[]
2026-06-10,12:08:11.483261,[]
2026-06-10,12:08:11.516628,[]
2026-06-10,12:08:11.549995,['EE61017']
2026-06-10,12:08:11.583362,['EE61017']
2026-06-10,12:08:11.616729,['EE61017']
2026-06-10,12:08:11.650096,['EE61017']
2026-06-10,12:08:11.683463,[]
2026-06-10,12:08:11.716830,[]
2026-06-10,12:08:11.750197,[]
2026-06-10,12:08:11.783564,[]
2026-06-10,12:08:11.816931,[]
2026-06-10,12:08:11.850298,[]
2026-06-10,12:08:11.883665,[]
2026-06-10,12:08:11.917032,[]
2026-06-10,12:08:11.950399,[]
2026-06-10,12:08:11.983766,[]
2026-06-10,12:08:12.017133,[]
2026-06-10,12:08:12.050500,[]
2026-06-10,12:08:12.083867,[]
2026-06-10,12:08:12.117234,[]
2026-06-10,12:08:12.150601,[]
2026-06-10,12:08:12.183968,[]
2026-06-10,12:08:12.217335,[]
2026-06-10,12:08:12.250702,[]
2026-06-10,12:08:12.284069,[]
2026-06-10,12:08:12.317436,[]
2026-06-10,12:08:12.350803,[]
2026-06-10,12:08:12.384170,[]
2026-06-10,12:08:12.417537,[]
2026-06-10,12:08:12.450904,[]
2026-06-10,12:08:12.484271,[]
2026-06-10,12:08:12.517638,[]
2026-06-10,12:08:12.551005,[]
2026-06-10,12:08:12.584372,[]
2026-06-10,12:08:12.617739,[]
2026-06-10,12:08:12.651106,[]
2026-06-10,12:08:12.684473,[]
2026-06-10,12:08:12.717840,[]
2026-06-10,12:08:12.751207,[]
2026-06-10,12:08:12.784574,[]
2026-06-10,12:08:12.817941,[]
2026-06-10,12:08:12.851308,[]
2026-06-10,12:08:12.884675,[]
2026-06-10,12:08:12.918042,[]
2026-06-10,12:08:12.951409,[]
2026-06-10,12:08:12.984776,[]
2026-06-10,12:08:13.018143,[]
2026-06-10,12:08:13.051510,[]
2026-06-10,12:08:13.084877,[]
2026-06-10,12:08:13.118244,[]
2026-06-10,12:08:13.151611,[]
2026-06-10,12:08:13.184978,[]
2026-06-10,12:08:13.218345,[]
2026-06-10,12:08:13.251712,[]
2026-06-10,12:08:13.285079,[]
2026-06-10,12:08:13.318446,[]
2026-06-10,12:08:13.351813,[]
2026-06-10,12:08:13.385180,[]
2026-06-10,12:08:13.418547,[]
2026-06-10,12:08:13.451914,[]
2026-06-10,12:08:13.485281,[]
2026-06-10,12:08:13.518648,[]
2026-06-10,12:08:13.552015,[]
2026-06-10,12:08:13.585382,[]
2026-06-10,12:08:13.618749,[]
2026-06-10,12:08:13.652116,[]
2026-06-10,12:08:13.685483,[]
2026-06-10,12:08:13.718850,[]
2026-06-10,12:08:13.752217,[]
2026-06-10,12:08:13.785584,[]
2026-06-10,12:08:13.818951,[]
2026-06-10,12:08:13.852318,[]
2026-06-10,12:08:13.885685,[]
2026-06-10,12:08:13.919052,[]
2026-06-10,12:08:13.952419,[]
2026-06-10,12:08:13.985786,[]
2026-06-10,12:08:14.019153,[]
2026-06-10,12:08:14.052520,[]
2026-06-10,12:08:14.085887,[]
2026-06-10,12:08:14.119254,[]
2026-06-10,12:08:14.152621,[]
2026-06-10,12:08:14.185988,[]
2026-06-10,12:08:14.219355,[]
2026-06-10,12:08:14.252722,[]
2026-06-10,12:08:14.286089,[]
2026-06-10,12:08:14.319456,[]
2026-06-10,12:08:14.352823,[]
2026-06-10,12:08:14.386190,[]
2026-06-10,12:08:14.419557,[]
2026-06-10,12:08:14.452924,[]
2026-06-10,12:08:14.486291,[]
2026-06-10,12:08:14.519658,[]
2026-06-10,12:08:14.553025,[]
2026-06-10,12:08:14.586392,[]
2026-06-10,12:08:14.619759,[]
2026-06-10,12:08:14.653126,[]
2026-06-10,12:08:14.686493,['EH68943']
2026-06-10,12:08:14.719860,[]
2026-06-10,12:08:14.753227,[]
2026-06-10,12:08:14.786594,[]
2026-06-10,12:08:14.819961,[]
2026-06-10,12:08:14.853328,[]
2026-06-10,12:08:14.886695,[]
2026-06-10,12:08:14.920062,[]
2026-06-10,12:08:14.953429,[]
2026-06-10,12:08:14.986796,[]
2026-06-10,12:08:15.020163,[]
2026-06-10,12:08:15.053530,[]
2026-06-10,12:08:15.086897,[]
2026-06-10,12:08:15.120264,[]
2026-06-10,12:08:15.153631,[]
2026-06-10,12:08:15.186998,[]
2026-06-10,12:08:15.220365,[]
2026-06-10,12:08:15.253732,[]
2026-06-10,12:08:15.287099,[]
2026-06-10,12:08:15.320466,[]
2026-06-10,12:08:15.353833,[]
2026-06-10,12:08:15.387200,[]
2026-06-10,12:08:15.420567,[]
2026-06-10,12:08:15.453934,[]
2026-06-10,12:08:15.487301,[]
2026-06-10,12:08:15.520668,[]
2026-06-10,12:08:15.554035,[]
2026-06-10,12:08:15.587402,[]
2026-06-10,12:08:15.620769,[]
2026-06-10,12:08:15.654136,[]
2026-06-10,12:08:15.687503,[]
2026-06-10,12:08:15.720870,[]
2026-06-10,12:08:15.754237,[]
2026-06-10,12:08:15.787604,[]
2026-06-10,12:08:15.820971,[]
2026-06-10,12:08:15.854338,[]
2026-06-10,12:08:15.887705,[]
2026-06-10,12:08:15.921072,[]
2026-06-10,12:08:15.954439,[]
2026-06-10,12:08:15.987806,[]
2026-06-10,12:08:16.021173,[]
2026-06-10,12:08:16.054540,[]
2026-06-10,12:08:16.087907,[]
2026-06-10,12:08:16.121274,[]
2026-06-10,12:08:16.154641,[]
2026-06-10,12:08:16.188008,[]
2026-06-10,12:08:16.221375,[]
2026-06-10,12:08:16.254742,[]
2026-06-10,12:08:16.288109,[]
2026-06-10,12:08:16.321476,[]
2026-06-10,12:08:16.354843,[]
2026-06-10,12:08:16.388210,[]
2026-06-10,12:08:16.421577,[]
2026-06-10,12:08:16.454944,[]
2026-06-10,12:08:16.488311,[]
2026-06-10,12:08:16.521678,[]
2026-06-10,12:08:16.555045,[]
2026-06-10,12:08:16.588412,[]
2026-06-10,12:08:16.621779,[]
2026-06-10,12:08:16.655146,[]
2026-06-10,12:08:16.688513,[]
2026-06-10,12:08:16.721880,[]
2026-06-10,12:08:16.755247,[]
2026-06-10,12:08:16.788614,[]
2026-06-10,12:08:16.821981,[]
2026-06-10,12:08:16.855348,[]
2026-06-10,12:08:16.888715,[]
2026-06-10,12:08:16.922082,[]
2026-06-10,12:08:16.955449,[]
2026-06-10,12:08:16.988816,[]
2026-06-10,12:08:17.022183,[]
2026-06-10,12:08:17.055550,[]
2026-06-10,12:08:17.088917,[]
2026-06-10,12:08:17.122284,[]
2026-06-10,12:08:17.155651,[]
2026-06-10,12:08:17.189018,[]
2026-06-10,12:08:17.222385,[]
2026-06-10,12:08:17.255752,[]
2026-06-10,12:08:17.289119,[]
2026-06-10,12:08:17.322486,[]
2026-06-10,12:08:17.355853,[]
2026-06-10,12:08:17.389220,[]
2026-06-10,12:08:17.422587,[]
2026-06-10,12:08:17.455954,[]
2026-06-10,12:08:17.489321,[]
2026-06-10,12:08:17.522688,[]
2026-06-10,12:08:17.556055,[]
2026-06-10,12:08:17.589422,[]
2026-06-10,12:08:17.622789,[]
2026-06-10,12:08:17.656156,[]
2026-06-10,12:08:17.689523,[]
2026-06-10,12:08:17.722890,[]
2026-06-10,12:08:17.756257,[]
2026-06-10,12:08:17.789624,[]
2026-06-10,12:08:17.822991,[]
2026-06-10,12:08:17.856358,[]
2026-06-10,12:08:17.889725,[]
2026-06-10,12:08:17.923092,[]
2026-06-10,12:08:17.956459,[]
2026-06-10,12:08:17.989826,[]
2026-06-10,12:08:18.023193,[]
2026-06-10,12:08:18.056560,[]
2026-06-10,12:08:18.089927,[]
2026-06-10,12:08:18.123294,[]
2026-06-10,12:08:18.156661,[]
2026-06-10,12:08:18.190028,[]
2026-06-10,12:08:18.223395,[]
2026-06-10,12:08:18.256762,[]
2026-06-10,12:08:18.290129,[]
2026-06-10,12:08:18.323496,[]
2026-06-10,12:08:18.356863,[]
2026-06-10,12:08:18.390230,[]
2026-06-10,12:08:18.423597,[]
2026-06-10,12:08:18.456964,[]
2026-06-10,12:08:18.490331,[]
2026-06-10,12:08:18.523698,[]
2026-06-10,12:08:18.557065,[]
2026-06-10,12:08:18.590432,[]
2026-06-10,12:08:18.623799,[]
2026-06-10,12:08:18.657166,[]
2026-06-10,12:08:18.690533,[]
2026-06-10,12:08:18.723900,[]
2026-06-10,12:08:18.757267,[]
2026-06-10,12:08:18.790634,[]
2026-06-10,12:08:18.824001,[]
2026-06-10,12:08:18.857368,[]
2026-06-10,12:08:18.890735,[]
2026-06-10,12:08:18.924102,[]
2026-06-10,12:08:18.957469,[]
2026-06-10,12:08:18.990836,[]
2026-06-10,12:08:19.024203,[]
2026-06-10,12:08:19.057570,[]
2026-06-10,12:08:19.090937,[]
2026-06-10,12:08:19.124304,[]
2026-06-10,12:08:19.157671,[]
2026-06-10,12:08:19.191038,[]
2026-06-10,12:08:19.224405,[]
2026-06-10,12:08:19.257772,[]
2026-06-10,12:08:19.291139,[]
2026-06-10,12:08:19.324506,[]
2026-06-10,12:08:19.357873,[]
2026-06-10,12:08:19.391240,[]
2026-06-10,12:08:19.424607,[]
2026-06-10,12:08:19.457974,[]
2026-06-10,12:08:19.491341,[]
2026-06-10,12:08:19.524708,[]
2026-06-10,12:08:19.558075,[]
2026-06-10,12:08:19.591442,[]
2026-06-10,12:08:19.624809,[]
2026-06-10,12:08:19.658176,[]
2026-06-10,12:08:19.691543,[]
2026-06-10,12:08:19.724910,[]
2026-06-10,12:08:19.758277,[]
2026-06-10,12:08:19.791644,[]
2026-06-10,12:08:19.825011,[]
2026-06-10,12:08:19.858378,[]
2026-06-10,12:08:19.891745,[]
2026-06-10,12:08:19.925112,[]
2026-06-10,12:08:19.958479,[]
2026-06-10,12:08:19.991846,[]
2026-06-10,12:08:20.025213,[]
2026-06-10,12:08:20.058580,[]
2026-06-10,12:08:20.091947,[]
2026-06-10,12:08:20.125314,[]
2026-06-10,12:08:20.158681,[]
2026-06-10,12:08:20.192048,[]
2026-06-10,12:08:20.225415,[]
2026-06-10,12:08:20.258782,[]
2026-06-10,12:08:20.292149,[]
2026-06-10,12:08:20.325516,[]
2026-06-10,12:08:20.358883,[]
2026-06-10,12:08:20.392250,[]
2026-06-10,12:08:20.425617,[]
2026-06-10,12:08:20.458984,[]
2026-06-10,12:08:20.492351,[]
2026-06-10,12:08:20.525718,[]
2026-06-10,12:08:20.559085,[]
2026-06-10,12:08:20.592452,['EJ84248']
2026-06-10,12:08:20.625819,['EJ84248']
2026-06-10,12:08:20.659186,['EJ84248']
2026-06-10,12:08:20.692553,[]
2026-06-10,12:08:20.725920,[]
2026-06-10,12:08:20.759287,[]
2026-06-10,12:08:20.792654,[]
2026-06-10,12:08:20.826021,[]
2026-06-10,12:08:20.859388,[]
2026-06-10,12:08:20.892755,[]
2026-06-10,12:08:20.926122,[]
2026-06-10,12:08:20.959489,[]
2026-06-10,12:08:20.992856,[]
2026-06-10,12:08:21.026223,[]
2026-06-10,12:08:21.059590,[]
2026-06-10,12:08:21.092957,[]
2026-06-10,12:08:21.126324,[]
2026-06-10,12:08:21.159691,[]
2026-06-10,12:08:21.193058,[]
2026-06-10,12:08:21.226425,[]
2026-06-10,12:08:21.259792,[]
2026-06-10,12:08:21.293159,[]
2026-06-10,12:08:21.326526,[]
2026-06-10,12:08:21.359893,[]
2026-06-10,12:08:21.393260,[]
2026-06-10,12:08:21.426627,[]
2026-06-10,12:08:21.459994,[]
2026-06-10,12:08:21.493361,[]
2026-06-10,12:08:21.526728,[]
2026-06-10,12:08:21.560095,[]
2026-06-10,12:08:21.593462,[]
2026-06-10,12:08:21.626829,[]
2026-06-10,12:08:21.660196,[]
2026-06-10,12:08:21.693563,[]
2026-06-10,12:08:21.726930,[]
2026-06-10,12:08:21.760297,[]
2026-06-10,12:08:21.793664,[]
2026-06-10,12:08:21.827031,[]
2026-06-10,12:08:21.860398,[]
2026-06-10,12:08:21.893765,[]
2026-06-10,12:08:21.927132,[]
2026-06-10,12:08:21.960499,[]
2026-06-10,12:08:21.993866,[]
2026-06-10,12:08:22.027233,[]
2026-06-10,12:08:22.060600,[]
2026-06-10,12:08:22.093967,[]
2026-06-10,12:08:22.127334,[]
2026-06-10,12:08:22.160701,[]
2026-06-10,12:08:22.194068,[]
2026-06-10,12:08:22.227435,[]
2026-06-10,12:08:22.260802,[]
2026-06-10,12:08:22.294169,[]
2026-06-10,12:08:22.327536,[]
2026-06-10,12:08:22.360903,[]
2026-06-10,12:08:22.394270,[]
2026-06-10,12:08:22.427637,[]
2026-06-10,12:08:22.461004,[]
2026-06-10,12:08:22.494371,[]
2026-06-10,12:08:22.527738,[]
2026-06-10,12:08:22.561105,[]
2026-06-10,12:08:22.594472,[]
2026-06-10,12:08:22.627839,[]
2026-06-10,12:08:22.661206,[]
2026-06-10,12:08:22.694573,[]
2026-06-10,12:08:22.727940,[]
2026-06-10,12:08:22.761307,[]
2026-06-10,12:08:22.794674,[]
2026-06-10,12:08:22.828041,[]
2026-06-10,12:08:22.861408,[]
2026-06-10,12:08:22.894775,[]
2026-06-10,12:08:22.928142,[]
2026-06-10,12:08:22.961509,[]
2026-06-10,12:08:22.994876,[]
2026-06-10,12:08:23.028243,[]
2026-06-10,12:08:23.061610,[]
2026-06-10,12:08:23.094977,[]
2026-06-10,12:08:23.128344,[]
2026-06-10,12:08:23.161711,[]
2026-06-10,12:08:23.195078,[]
2026-06-10,12:08:23.228445,[]
2026-06-10,12:08:23.261812,[]
2026-06-10,12:08:23.295179,[]
2026-06-10,12:08:23.328546,[]
2026-06-10,12:08:23.361913,[]
2026-06-10,12:08:23.395280,[]
2026-06-10,12:08:23.428647,[]
2026-06-10,12:08:23.462014,[]
2026-06-10,12:08:23.495381,[]
2026-06-10,12:08:23.528748,[]
2026-06-10,12:08:23.562115,[]
2026-06-10,12:08:23.595482,[]
2026-06-10,12:08:23.628849,[]
2026-06-10,12:08:23.662216,[]
2026-06-10,12:08:23.695583,[]
2026-06-10,12:08:23.728950,[]
2026-06-10,12:08:23.762317,[]
2026-06-10,12:08:23.795684,[]
2026-06-10,12:08:23.829051,[]
2026-06-10,12:08:23.862418,[]
2026-06-10,12:08:23.895785,[]
2026-06-10,12:08:23.929152,[]
2026-06-10,12:08:23.962519,[]
2026-06-10,12:08:23.995886,[]
2026-06-10,12:08:24.029253,[]
2026-06-10,12:08:24.062620,[]
2026-06-10,12:08:24.095987,[]
2026-06-10,12:08:24.129354,[]
2026-06-10,12:08:24.162721,[]
2026-06-10,12:08:24.196088,[]
2026-06-10,12:08:24.229455,[]
2026-06-10,12:08:24.262822,[]
2026-06-10,12:08:24.296189,[]
2026-06-10,12:08:24.329556,[]
2026-06-10,12:08:24.362923,[]
2026-06-10,12:08:24.396290,[]
2026-06-10,12:08:24.429657,[]
2026-06-10,12:08:24.463024,[]
2026-06-10,12:08:24.496391,[]
2026-06-10,12:08:24.529758,[]
2026-06-10,12:08:24.563125,[]
2026-06-10,12:08:24.596492,[]
2026-06-10,12:08:24.629859,[]
2026-06-10,12:08:24.663226,[]
2026-06-10,12:08:24.696593,[]
2026-06-10,12:08:24.729960,[]
2026-06-10,12:08:24.763327,[]
2026-06-10,12:08:24.796694,[]
2026-06-10,12:08:24.830061,[]
2026-06-10,12:08:24.863428,[]
2026-06-10,12:08:24.896795,[]
2026-06-10,12:08:24.930162,[]
2026-06-10,12:08:24.963529,[]
2026-06-10,12:08:24.996896,[]
2026-06-10,12:08:25.030263,[]
2026-06-10,12:08:25.063630,[]
2026-06-10,12:08:25.096997,[]
2026-06-10,12:08:25.130364,[]
2026-06-10,12:08:25.163731,[]
2026-06-10,12:08:25.197098,[]
2026-06-10,12:08:25.230465,[]
2026-06-10,12:08:25.263832,[]
2026-06-10,12:08:25.297199,[]
2026-06-10,12:08:25.330566,[]
2026-06-10,12:08:25.363933,[]
2026-06-10,12:08:25.397300,[]
2026-06-10,12:08:25.430667,[]
2026-06-10,12:08:25.464034,[]
2026-06-10,12:08:25.497401,[]
2026-06-10,12:08:25.530768,[]
2026-06-10,12:08:25.564135,[]
2026-06-10,12:08:25.597502,[]
2026-06-10,12:08:25.630869,[]
2026-06-10,12:08:25.664236,[]
2026-06-10,12:08:25.697603,[]
2026-06-10,12:08:25.730970,[]
2026-06-10,12:08:25.764337,[]
2026-06-10,12:08:25.797704,[]
2026-06-10,12:08:25.831071,[]
2026-06-10,12:08:25.864438,[]
2026-06-10,12:08:25.897805,[]
2026-06-10,12:08:25.931172,[]
2026-06-10,12:08:25.964539,[]
2026-06-10,12:08:25.997906,[]
2026-06-10,12:08:26.031273,[]
2026-06-10,12:08:26.064640,[]
2026-06-10,12:08:26.098007,[]
2026-06-10,12:08:26.131374,[]
2026-06-10,12:08:26.164741,[]
2026-06-10,12:08:26.198108,[]
2026-06-10,12:08:26.231475,[]
2026-06-10,12:08:26.264842,[]
2026-06-10,12:08:26.298209,[]
2026-06-10,12:08:26.331576,[]
2026-06-10,12:08:26.364943,[]
2026-06-10,12:08:26.398310,[]
2026-06-10,12:08:26.431677,[]
2026-06-10,12:08:26.465044,[]
2026-06-10,12:08:26.498411,[]
2026-06-10,12:08:26.531778,[]
2026-06-10,12:08:26.565145,[]
2026-06-10,12:08:26.598512,[]
2026-06-10,12:08:26.631879,[]
2026-06-10,12:08:26.665246,[]
2026-06-10,12:08:26.698613,[]
2026-06-10,12:08:26.731980,[]
2026-06-10,12:08:26.765347,[]
2026-06-10,12:08:26.798714,[]
2026-06-10,12:08:26.832081,[]
2026-06-10,12:08:26.865448,[]
2026-06-10,12:08:26.898815,[]
2026-06-10,12:08:26.932182,[]
2026-06-10,12:08:26.965549,[]
2026-06-10,12:08:26.998916,[]
2026-06-10,12:08:27.032283,[]
2026-06-10,12:08:27.065650,[]
2026-06-10,12:08:27.099017,[]
2026-06-10,12:08:27.132384,[]
2026-06-10,12:08:27.165751,[]
2026-06-10,12:08:27.199118,[]
2026-06-10,12:08:27.232485,[]
2026-06-10,12:08:27.265852,[]
2026-06-10,12:08:27.299219,[]
2026-06-10,12:08:27.332586,[]
2026-06-10,12:08:27.365953,[]
2026-06-10,12:08:27.399320,[]
2026-06-10,12:08:27.432687,[]
2026-06-10,12:08:27.466054,[]
2026-06-10,12:08:27.499421,[]
2026-06-10,12:08:27.532788,[]
2026-06-10,12:08:27.566155,[]
2026-06-10,12:08:27.599522,[]
2026-06-10,12:08:27.632889,[]
2026-06-10,12:08:27.666256,[]
2026-06-10,12:08:27.699623,[]
2026-06-10,12:08:27.732990,[]
2026-06-10,12:08:27.766357,[]
2026-06-10,12:08:27.799724,[]
2026-06-10,12:08:27.833091,[]
2026-06-10,12:08:27.866458,[]
2026-06-10,12:08:27.899825,[]
2026-06-10,12:08:27.933192,[]
2026-06-10,12:08:27.966559,[]
2026-06-10,12:08:27.999926,[]
2026-06-10,12:08:28.033293,[]
2026-06-10,12:08:28.066660,[]
2026-06-10,12:08:28.100027,[]
2026-06-10,12:08:28.133394,[]
2026-06-10,12:08:28.166761,[]
2026-06-10,12:08:28.200128,[]
2026-06-10,12:08:28.233495,[]
2026-06-10,12:08:28.266862,[]
2026-06-10,12:08:28.300229,[]
2026-06-10,12:08:28.333596,[]
2026-06-10,12:08:28.366963,[]
2026-06-10,12:08:28.400330,[]
2026-06-10,12:08:28.433697,[]
2026-06-10,12:08:28.467064,[]
2026-06-10,12:08:28.500431,[]
2026-06-10,12:08:28.533798,[]
2026-06-10,12:08:28.567165,[]
2026-06-10,12:08:28.600532,[]
2026-06-10,12:08:28.633899,[]
2026-06-10,12:08:28.667266,[]
2026-06-10,12:08:28.700633,[]
2026-06-10,12:08:28.734000,[]
2026-06-10,12:08:28.767367,[]
2026-06-10,12:08:28.800734,[]
2026-06-10,12:08:28.834101,[]
2026-06-10,12:08:28.867468,[]
2026-06-10,12:08:28.900835,[]
2026-06-10,12:08:28.934202,[]
2026-06-10,12:08:28.967569,[]
2026-06-10,12:08:29.000936,[]
2026-06-10,12:08:29.034303,[]
2026-06-10,12:08:29.067670,[]
2026-06-10,12:08:29.101037,[]
2026-06-10,12:08:29.134404,[]
2026-06-10,12:08:29.167771,[]
2026-06-10,12:08:29.201138,[]
2026-06-10,12:08:29.234505,[]
2026-06-10,12:08:29.267872,[]
2026-06-10,12:08:29.301239,[]
2026-06-10,12:08:29.334606,[]
2026-06-10,12:08:29.367973,[]
2026-06-10,12:08:29.401340,[]
2026-06-10,12:08:29.434707,[]
2026-06-10,12:08:29.468074,[]
2026-06-10,12:08:29.501441,[]
2026-06-10,12:08:29.534808,[]
2026-06-10,12:08:29.568175,[]
2026-06-10,12:08:29.601542,[]
2026-06-10,12:08:29.634909,[]
2026-06-10,12:08:29.668276,[]
2026-06-10,12:08:29.701643,[]
2026-06-10,12:08:29.735010,[]
2026-06-10,12:08:29.768377,[]
2026-06-10,12:08:29.801744,[]
2026-06-10,12:08:29.835111,[]
2026-06-10,12:08:29.868478,[]
2026-06-10,12:08:29.901845,[]
2026-06-10,12:08:29.935212,[]
2026-06-10,12:08:29.968579,[]
2026-06-10,12:08:30.001946,[]
2026-06-10,12:08:30.035313,[]
2026-06-10,12:08:30.068680,[]
2026-06-10,12:08:30.102047,[]
2026-06-10,12:08:30.135414,[]
2026-06-10,12:08:30.168781,[]
2026-06-10,12:08:30.202148,[]
2026-06-10,12:08:30.235515,[]
2026-06-10,12:08:30.268882,[]
2026-06-10,12:08:30.302249,[]
2026-06-10,12:08:30.335616,[]
2026-06-10,12:08:30.368983,[]
2026-06-10,12:08:30.402350,[]
2026-06-10,12:08:30.435717,[]
2026-06-10,12:08:30.469084,[]
2026-06-10,12:08:30.502451,[]
2026-06-10,12:08:30.535818,[]
2026-06-10,12:08:30.569185,[]
2026-06-10,12:08:30.602552,[]
2026-06-10,12:08:30.635919,[]
2026-06-10,12:08:30.669286,[]
2026-06-10,12:08:30.702653,[]
2026-06-10,12:08:30.736020,[]
2026-06-10,12:08:30.769387,[]
2026-06-10,12:08:30.802754,[]
2026-06-10,12:08:30.836121,[]
2026-06-10,12:08:30.869488,[]
2026-06-10,12:08:30.902855,[]
2026-06-10,12:08:30.936222,[]
2026-06-10,12:08:30.969589,[]
2026-06-10,12:08:31.002956,[]
2026-06-10,12:08:31.036323,[]
2026-06-10,12:08:31.069690,[]
2026-06-10,12:08:31.103057,[]
2026-06-10,12:08:31.136424,[]
2026-06-10,12:08:31.169791,[]
2026-06-10,12:08:31.203158,[]
2026-06-10,12:08:31.236525,[]
2026-06-10,12:08:31.269892,[]
2026-06-10,12:08:31.303259,[]
2026-06-10,12:08:31.336626,[]
2026-06-10,12:08:31.369993,[]
2026-06-10,12:08:31.403360,[]
2026-06-10,12:08:31.436727,[]
2026-06-10,12:08:31.470094,[]
2026-06-10,12:08:31.503461,[]
2026-06-10,12:08:31.536828,[]
2026-06-10,12:08:31.570195,[]
2026-06-10,12:08:31.603562,[]
2026-06-10,12:08:31.636929,[]
2026-06-10,12:08:31.670296,[]
2026-06-10,12:08:31.703663,[]
2026-06-10,12:08:31.737030,[]
2026-06-10,12:08:31.770397,[]
2026-06-10,12:08:31.803764,[]
2026-06-10,12:08:31.837131,[]
2026-06-10,12:08:31.870498,[]
2026-06-10,12:08:31.903865,[]
2026-06-10,12:08:31.937232,[]
2026-06-10,12:08:31.970599,[]
2026-06-10,12:08:32.003966,[]
2026-06-10,12:08:32.037333,[]
2026-06-10,12:08:32.070700,[]
2026-06-10,12:08:32.104067,[]
2026-06-10,12:08:32.137434,[]
2026-06-10,12:08:32.170801,[]
2026-06-10,12:08:32.204168,[]
2026-06-10,12:08:32.237535,[]
2026-06-10,12:08:32.270902,[]
2026-06-10,12:08:32.304269,[]
2026-06-10,12:08:32.337636,[]
2026-06-10,12:08:32.371003,[]
2026-06-10,12:08:32.404370,[]
2026-06-10,12:08:32.437737,[]
2026-06-10,12:08:32.471104,[]
2026-06-10,12:08:32.504471,[]
2026-06-10,12:08:32.537838,[]
2026-06-10,12:08:32.571205,[]
2026-06-10,12:08:32.604572,[]
2026-06-10,12:08:32.637939,[]
2026-06-10,12:08:32.671306,[]
2026-06-10,12:08:32.704673,[]
2026-06-10,12:08:32.738040,[]
2026-06-10,12:08:32.771407,[]
2026-06-10,12:08:32.804774,[]
2026-06-10,12:08:32.838141,[]
2026-06-10,12:08:32.871508,[]
2026-06-10,12:08:32.904875,[]
2026-06-10,12:08:32.938242,[]
2026-06-10,12:08:32.971609,[]
2026-06-10,12:08:33.004976,[]
2026-06-10,12:08:33.038343,[]
2026-06-10,12:08:33.071710,[]
2026-06-10,12:08:33.105077,[]
2026-06-10,12:08:33.138444,[]
2026-06-10,12:08:33.171811,[]
2026-06-10,12:08:33.205178,[]
2026-06-10,12:08:33.238545,[]
2026-06-10,12:08:33.271912,[]
2026-06-10,12:08:33.305279,[]
2026-06-10,12:08:33.338646,[]
2026-06-10,12:08:33.372013,[]
2026-06-10,12:08:33.405380,[]
2026-06-10,12:08:33.438747,[]
2026-06-10,12:08:33.472114,[]
2026-06-10,12:08:33.505481,[]
2026-06-10,12:08:33.538848,[]
2026-06-10,12:08:33.572215,[]
2026-06-10,12:08:33.605582,[]
2026-06-10,12:08:33.638949,[]
2026-06-10,12:08:33.672316,[]
2026-06-10,12:08:33.705683,[]
2026-06-10,12:08:33.739050,[]
2026-06-10,12:08:33.772417,[]
2026-06-10,12:08:33.805784,[]
2026-06-10,12:08:33.839151,[]
2026-06-10,12:08:33.872518,[]
2026-06-10,12:08:33.905885,[]
2026-06-10,12:08:33.939252,[]
2026-06-10,12:08:33.972619,[]
2026-06-10,12:08:34.005986,[]
2026-06-10,12:08:34.039353,[]
2026-06-10,12:08:34.072720,[]
2026-06-10,12:08:34.106087,[]
2026-06-10,12:08:34.139454,[]
2026-06-10,12:08:34.172821,[]
2026-06-10,12:08:34.206188,[]
2026-06-10,12:08:34.239555,[]
2026-06-10,12:08:34.272922,[]
2026-06-10,12:08:34.306289,[]
2026-06-10,12:08:34.339656,[]
2026-06-10,12:08:34.373023,[]
2026-06-10,12:08:34.406390,[]
2026-06-10,12:08:34.439757,[]
2026-06-10,12:08:34.473124,[]
2026-06-10,12:08:34.506491,[]
2026-06-10,12:08:34.539858,[]
2026-06-10,12:08:34.573225,[]
2026-06-10,12:08:34.606592,[]
2026-06-10,12:08:34.639959,[]
2026-06-10,12:08:34.673326,[]
2026-06-10,12:08:34.706693,[]
2026-06-10,12:08:34.740060,[]
2026-06-10,12:08:34.773427,[]
2026-06-10,12:08:34.806794,[]
2026-06-10,12:08:34.840161,[]
2026-06-10,12:08:34.873528,[]
2026-06-10,12:08:34.906895,[]
2026-06-10,12:08:34.940262,[]
2026-06-10,12:08:34.973629,[]
2026-06-10,12:08:35.006996,[]
2026-06-10,12:08:35.040363,[]
2026-06-10,12:08:35.073730,[]
2026-06-10,12:08:35.107097,[]
2026-06-10,12:08:35.140464,[]
2026-06-10,12:08:35.173831,[]
2026-06-10,12:08:35.207198,[]
2026-06-10,12:08:35.240565,[]
2026-06-10,12:08:35.273932,[]
2026-06-10,12:08:35.307299,[]
2026-06-10,12:08:35.340666,[]
2026-06-10,12:08:35.374033,[]
2026-06-10,12:08:35.407400,[]
2026-06-10,12:08:35.440767,[]
2026-06-10,12:08:35.474134,[]
2026-06-10,12:08:35.507501,[]
2026-06-10,12:08:35.540868,[]
2026-06-10,12:08:35.574235,[]
2026-06-10,12:08:35.607602,[]
2026-06-10,12:08:35.640969,[]
2026-06-10,12:08:35.674336,[]
2026-06-10,12:08:35.707703,[]
2026-06-10,12:08:35.741070,[]
2026-06-10,12:08:35.774437,[]
2026-06-10,12:08:35.807804,[]
2026-06-10,12:08:35.841171,[]
2026-06-10,12:08:35.874538,[]
2026-06-10,12:08:35.907905,[]
2026-06-10,12:08:35.941272,[]
2026-06-10,12:08:35.974639,[]
2026-06-10,12:08:36.008006,[]
2026-06-10,12:08:36.041373,[]
2026-06-10,12:08:36.074740,[]
2026-06-10,12:08:36.108107,[]
2026-06-10,12:08:36.141474,[]
2026-06-10,12:08:36.174841,[]
2026-06-10,12:08:36.208208,[]
2026-06-10,12:08:36.241575,[]
2026-06-10,12:08:36.274942,[]
2026-06-10,12:08:36.308309,[]
2026-06-10,12:08:36.341676,[]
2026-06-10,12:08:36.375043,[]
2026-06-10,12:08:36.408410,[]
2026-06-10,12:08:36.441777,[]
2026-06-10,12:08:36.475144,[]
2026-06-10,12:08:36.508511,[]
2026-06-10,12:08:36.541878,[]
2026-06-10,12:08:36.575245,[]
2026-06-10,12:08:36.608612,['CG66431']
2026-06-10,12:08:36.641979,['CG66431']
2026-06-10,12:08:36.675346,['CG66431']
2026-06-10,12:08:36.708713,['CG66431']
2026-06-10,12:08:36.742080,[]
2026-06-10,12:08:36.775447,[]
2026-06-10,12:08:36.808814,[]
2026-06-10,12:08:36.842181,[]
2026-06-10,12:08:36.875548,[]
2026-06-10,12:08:36.908915,[]
2026-06-10,12:08:36.942282,[]
2026-06-10,12:08:36.975649,[]
2026-06-10,12:08:37.009016,[]
2026-06-10,12:08:37.042383,[]
2026-06-10,12:08:37.075750,[]
2026-06-10,12:08:37.109117,[]
2026-06-10,12:08:37.142484,[]
2026-06-10,12:08:37.175851,[]
2026-06-10,12:08:37.209218,[]
2026-06-10,12:08:37.242585,[]
2026-06-10,12:08:37.275952,[]
2026-06-10,12:08:37.309319,[]
2026-06-10,12:08:37.342686,[]
2026-06-10,12:08:37.376053,[]
2026-06-10,12:08:37.409420,[]
2026-06-10,12:08:37.442787,[]
2026-06-10,12:08:37.476154,[]
2026-06-10,12:08:37.509521,[]
2026-06-10,12:08:37.542888,[]
2026-06-10,12:08:37.576255,[]
2026-06-10,12:08:37.609622,[]
2026-06-10,12:08:37.642989,[]
2026-06-10,12:08:37.676356,[]
2026-06-10,12:08:37.709723,[]
2026-06-10,12:08:37.743090,[]
2026-06-10,12:08:37.776457,[]
2026-06-10,12:08:37.809824,[]
2026-06-10,12:08:37.843191,[]
2026-06-10,12:08:37.876558,[]
2026-06-10,12:08:37.909925,[]
2026-06-10,12:08:37.943292,[]
2026-06-10,12:08:37.976659,[]
2026-06-10,12:08:38.010026,[]
2026-06-10,12:08:38.043393,[]
2026-06-10,12:08:38.076760,[]
2026-06-10,12:08:38.110127,[]
2026-06-10,12:08:38.143494,[]
2026-06-10,12:08:38.176861,[]
2026-06-10,12:08:38.210228,[]
2026-06-10,12:08:38.243595,[]
2026-06-10,12:08:38.276962,[]
2026-06-10,12:08:38.310329,[]
2026-06-10,12:08:38.343696,[]
2026-06-10,12:08:38.377063,[]
2026-06-10,12:08:38.410430,[]
2026-06-10,12:08:38.443797,[]
2026-06-10,12:08:38.477164,[]
2026-06-10,12:08:38.510531,[]
2026-06-10,12:08:38.543898,[]
2026-06-10,12:08:38.577265,[]
2026-06-10,12:08:38.610632,[]
2026-06-10,12:08:38.643999,[]
2026-06-10,12:08:38.677366,[]
2026-06-10,12:08:38.710733,[]
2026-06-10,12:08:38.744100,[]
2026-06-10,12:08:38.777467,[]
2026-06-10,12:08:38.810834,[]
2026-06-10,12:08:38.844201,[]
2026-06-10,12:08:38.877568,[]
2026-06-10,12:08:38.910935,[]
2026-06-10,12:08:38.944302,[]
2026-06-10,12:08:38.977669,[]
2026-06-10,12:08:39.011036,[]
2026-06-10,12:08:39.044403,[]
2026-06-10,12:08:39.077770,[]
2026-06-10,12:08:39.111137,[]
2026-06-10,12:08:39.144504,[]
2026-06-10,12:08:39.177871,[]
2026-06-10,12:08:39.211238,[]
2026-06-10,12:08:39.244605,[]
2026-06-10,12:08:39.277972,[]
2026-06-10,12:08:39.311339,[]
2026-06-10,12:08:39.344706,[]
2026-06-10,12:08:39.378073,[]
2026-06-10,12:08:39.411440,[]
2026-06-10,12:08:39.444807,[]
2026-06-10,12:08:39.478174,[]
2026-06-10,12:08:39.511541,[]
2026-06-10,12:08:39.544908,[]
2026-06-10,12:08:39.578275,[]
2026-06-10,12:08:39.611642,[]
2026-06-10,12:08:39.645009,[]
2026-06-10,12:08:39.678376,[]
2026-06-10,12:08:39.711743,[]
2026-06-10,12:08:39.745110,[]
2026-06-10,12:08:39.778477,[]
2026-06-10,12:08:39.811844,[]
2026-06-10,12:08:39.845211,[]
2026-06-10,12:08:39.878578,[]
2026-06-10,12:08:39.911945,[]
2026-06-10,12:08:39.945312,[]
2026-06-10,12:08:39.978679,[]
2026-06-10,12:08:40.012046,[]
2026-06-10,12:08:40.045413,[]
2026-06-10,12:08:40.078780,[]
2026-06-10,12:08:40.112147,[]
2026-06-10,12:08:40.145514,[]
2026-06-10,12:08:40.178881,[]
2026-06-10,12:08:40.212248,[]
2026-06-10,12:08:40.245615,[]
2026-06-10,12:08:40.278982,[]
2026-06-10,12:08:40.312349,[]
2026-06-10,12:08:40.345716,[]
2026-06-10,12:08:40.379083,[]
2026-06-10,12:08:40.412450,[]
2026-06-10,12:08:40.445817,[]
2026-06-10,12:08:40.479184,[]
2026-06-10,12:08:40.512551,[]
2026-06-10,12:08:40.545918,[]
2026-06-10,12:08:40.579285,[]
2026-06-10,12:08:40.612652,[]
2026-06-10,12:08:40.646019,[]
2026-06-10,12:08:40.679386,[]
2026-06-10,12:08:40.712753,[]
2026-06-10,12:08:40.746120,[]
2026-06-10,12:08:40.779487,[]
2026-06-10,12:08:40.812854,[]
2026-06-10,12:08:40.846221,[]
2026-06-10,12:08:40.879588,[]
2026-06-10,12:08:40.912955,[]
2026-06-10,12:08:40.946322,[]
2026-06-10,12:08:40.979689,[]
2026-06-10,12:08:41.013056,[]
2026-06-10,12:08:41.046423,[]
2026-06-10,12:08:41.079790,[]
2026-06-10,12:08:41.113157,[]
2026-06-10,12:08:41.146524,[]
2026-06-10,12:08:41.179891,[]
2026-06-10,12:08:41.213258,[]
2026-06-10,12:08:41.246625,[]
2026-06-10,12:08:41.279992,[]
2026-06-10,12:08:41.313359,[]
2026-06-10,12:08:41.346726,[]
2026-06-10,12:08:41.380093,[]
2026-06-10,12:08:41.413460,[]
2026-06-10,12:08:41.446827,[]
2026-06-10,12:08:41.480194,[]
2026-06-10,12:08:41.513561,[]
2026-06-10,12:08:41.546928,[]
2026-06-10,12:08:41.580295,[]
2026-06-10,12:08:41.613662,[]
2026-06-10,12:08:41.647029,[]
2026-06-10,12:08:41.680396,[]
2026-06-10,12:08:41.713763,[]
2026-06-10,12:08:41.747130,[]
2026-06-10,12:08:41.780497,[]
2026-06-10,12:08:41.813864,[]
2026-06-10,12:08:41.847231,[]
2026-06-10,12:08:41.880598,[]
2026-06-10,12:08:41.913965,[]
2026-06-10,12:08:41.947332,[]
2026-06-10,12:08:41.980699,[]
2026-06-10,12:08:42.014066,[]
2026-06-10,12:08:42.047433,[]
2026-06-10,12:08:42.080800,[]
2026-06-10,12:08:42.114167,[]
2026-06-10,12:08:42.147534,[]
2026-06-10,12:08:42.180901,[]
2026-06-10,12:08:42.214268,[]
2026-06-10,12:08:42.247635,[]
2026-06-10,12:08:42.281002,[]
2026-06-10,12:08:42.314369,[]
2026-06-10,12:08:42.347736,[]
2026-06-10,12:08:42.381103,[]
2026-06-10,12:08:42.414470,[]
2026-06-10,12:08:42.447837,[]
2026-06-10,12:08:42.481204,[]
2026-06-10,12:08:42.514571,[]
2026-06-10,12:08:42.547938,[]
2026-06-10,12:08:42.581305,[]
2026-06-10,12:08:42.614672,[]
2026-06-10,12:08:42.648039,[]
2026-06-10,12:08:42.681406,[]
2026-06-10,12:08:42.714773,[]
2026-06-10,12:08:42.748140,[]
2026-06-10,12:08:42.781507,[]
2026-06-10,12:08:42.814874,[]
2026-06-10,12:08:42.848241,[]
2026-06-10,12:08:42.881608,[]
2026-06-10,12:08:42.914975,[]
2026-06-10,12:08:42.948342,[]
2026-06-10,12:08:42.981709,[]
2026-06-10,12:08:43.015076,[]
2026-06-10,12:08:43.048443,[]
2026-06-10,12:08:43.081810,[]
2026-06-10,12:08:43.115177,[]
2026-06-10,12:08:43.148544,[]
2026-06-10,12:08:43.181911,[]
2026-06-10,12:08:43.215278,[]
2026-06-10,12:08:43.248645,[]
2026-06-10,12:08:43.282012,[]
2026-06-10,12:08:43.315379,[]
2026-06-10,12:08:43.348746,[]
2026-06-10,12:08:43.382113,[]
2026-06-10,12:08:43.415480,[]
2026-06-10,12:08:43.448847,[]
2026-06-10,12:08:43.482214,[]
2026-06-10,12:08:43.515581,[]
2026-06-10,12:08:43.548948,[]
2026-06-10,12:08:43.582315,[]
2026-06-10,12:08:43.615682,[]
2026-06-10,12:08:43.649049,[]
2026-06-10,12:08:43.682416,[]
2026-06-10,12:08:43.715783,[]
2026-06-10,12:08:43.749150,[]
2026-06-10,12:08:43.782517,[]
2026-06-10,12:08:43.815884,[]
2026-06-10,12:08:43.849251,[]
2026-06-10,12:08:43.882618,[]
2026-06-10,12:08:43.915985,[]
2026-06-10,12:08:43.949352,[]
2026-06-10,12:08:43.982719,[]
2026-06-10,12:08:44.016086,[]
2026-06-10,12:08:44.049453,[]
2026-06-10,12:08:44.082820,[]
2026-06-10,12:08:44.116187,[]
2026-06-10,12:08:44.149554,[]
2026-06-10,12:08:44.182921,[]
2026-06-10,12:08:44.216288,[]
2026-06-10,12:08:44.249655,[]
2026-06-10,12:08:44.283022,[]
2026-06-10,12:08:44.316389,[]
2026-06-10,12:08:44.349756,[]
2026-06-10,12:08:44.383123,[]
2026-06-10,12:08:44.416490,[]
2026-06-10,12:08:44.449857,[]
2026-06-10,12:08:44.483224,[]
2026-06-10,12:08:44.516591,[]
2026-06-10,12:08:44.549958,[]
2026-06-10,12:08:44.583325,[]
2026-06-10,12:08:44.616692,[]
2026-06-10,12:08:44.650059,[]
2026-06-10,12:08:44.683426,[]
2026-06-10,12:08:44.716793,[]
2026-06-10,12:08:44.750160,[]
2026-06-10,12:08:44.783527,[]
2026-06-10,12:08:44.816894,[]
2026-06-10,12:08:44.850261,[]
2026-06-10,12:08:44.883628,[]
2026-06-10,12:08:44.916995,[]
2026-06-10,12:08:44.950362,[]
2026-06-10,12:08:44.983729,[]
2026-06-10,12:08:45.017096,[]
2026-06-10,12:08:45.050463,[]
2026-06-10,12:08:45.083830,[]
2026-06-10,12:08:45.117197,[]
2026-06-10,12:08:45.150564,[]
2026-06-10,12:08:45.183931,[]
2026-06-10,12:08:45.217298,[]
2026-06-10,12:08:45.250665,[]
2026-06-10,12:08:45.284032,[]
2026-06-10,12:08:45.317399,[]
2026-06-10,12:08:45.350766,[]
2026-06-10,12:08:45.384133,[]
2026-06-10,12:08:45.417500,[]
2026-06-10,12:08:45.450867,[]
2026-06-10,12:08:45.484234,[]
2026-06-10,12:08:45.517601,[]
2026-06-10,12:08:45.550968,[]
2026-06-10,12:08:45.584335,[]
2026-06-10,12:08:45.617702,[]
2026-06-10,12:08:45.651069,[]
2026-06-10,12:08:45.684436,[]
2026-06-10,12:08:45.717803,[]
2026-06-10,12:08:45.751170,[]
2026-06-10,12:08:45.784537,[]
2026-06-10,12:08:45.817904,[]
2026-06-10,12:08:45.851271,[]
2026-06-10,12:08:45.884638,[]
2026-06-10,12:08:45.918005,[]
2026-06-10,12:08:45.951372,[]
2026-06-10,12:08:45.984739,[]
2026-06-10,12:08:46.018106,[]
2026-06-10,12:08:46.051473,[]
2026-06-10,12:08:46.084840,[]
2026-06-10,12:08:46.118207,[]
2026-06-10,12:08:46.151574,[]
2026-06-10,12:08:46.184941,[]
2026-06-10,12:08:46.218308,[]
2026-06-10,12:08:46.251675,[]
2026-06-10,12:08:46.285042,[]
2026-06-10,12:08:46.318409,[]
2026-06-10,12:08:46.351776,[]
2026-06-10,12:08:46.385143,[]
2026-06-10,12:08:46.418510,[]
2026-06-10,12:08:46.451877,[]
2026-06-10,12:08:46.485244,[]
2026-06-10,12:08:46.518611,[]
2026-06-10,12:08:46.551978,[]
2026-06-10,12:08:46.585345,[]
2026-06-10,12:08:46.618712,[]
2026-06-10,12:08:46.652079,[]
2026-06-10,12:08:46.685446,[]
2026-06-10,12:08:46.718813,[]
2026-06-10,12:08:46.752180,[]
2026-06-10,12:08:46.785547,[]
2026-06-10,12:08:46.818914,[]
2026-06-10,12:08:46.852281,[]
2026-06-10,12:08:46.885648,[]
2026-06-10,12:08:46.919015,[]
2026-06-10,12:08:46.952382,[]
2026-06-10,12:08:46.985749,[]
2026-06-10,12:08:47.019116,[]
2026-06-10,12:08:47.052483,[]
2026-06-10,12:08:47.085850,[]
2026-06-10,12:08:47.119217,[]
2026-06-10,12:08:47.152584,[]
2026-06-10,12:08:47.185951,[]
2026-06-10,12:08:47.219318,[]
2026-06-10,12:08:47.252685,[]
2026-06-10,12:08:47.286052,[]
2026-06-10,12:08:47.319419,[]
2026-06-10,12:08:47.352786,[]
2026-06-10,12:08:47.386153,[]
2026-06-10,12:08:47.419520,[]
2026-06-10,12:08:47.452887,[]
2026-06-10,12:08:47.486254,[]
2026-06-10,12:08:47.519621,[]
2026-06-10,12:08:47.552988,[]
2026-06-10,12:08:47.586355,[]
2026-06-10,12:08:47.619722,[]
2026-06-10,12:08:47.653089,[]
2026-06-10,12:08:47.686456,[]
2026-06-10,12:08:47.719823,[]
2026-06-10,12:08:47.753190,[]
2026-06-10,12:08:47.786557,[]
2026-06-10,12:08:47.819924,[]
2026-06-10,12:08:47.853291,[]
2026-06-10,12:08:47.886658,[]
2026-06-10,12:08:47.920025,[]
2026-06-10,12:08:47.953392,[]
2026-06-10,12:08:47.986759,[]
2026-06-10,12:08:48.020126,[]
2026-06-10,12:08:48.053493,[]
2026-06-10,12:08:48.086860,[]
2026-06-10,12:08:48.120227,[]
2026-06-10,12:08:48.153594,[]
2026-06-10,12:08:48.186961,[]
2026-06-10,12:08:48.220328,[]
2026-06-10,12:08:48.253695,[]
2026-06-10,12:08:48.287062,[]
2026-06-10,12:08:48.320429,[]
2026-06-10,12:08:48.353796,[]
2026-06-10,12:08:48.387163,[]
2026-06-10,12:08:48.420530,[]
2026-06-10,12:08:48.453897,[]
2026-06-10,12:08:48.487264,[]
2026-06-10,12:08:48.520631,[]
2026-06-10,12:08:48.553998,[]
2026-06-10,12:08:48.587365,[]
2026-06-10,12:08:48.620732,[]
2026-06-10,12:08:48.654099,[]
2026-06-10,12:08:48.687466,[]
2026-06-10,12:08:48.720833,[]
2026-06-10,12:08:48.754200,[]
2026-06-10,12:08:48.787567,[]
2026-06-10,12:08:48.820934,[]
2026-06-10,12:08:48.854301,[]
2026-06-10,12:08:48.887668,[]
2026-06-10,12:08:48.921035,[]
2026-06-10,12:08:48.954402,[]
2026-06-10,12:08:48.987769,[]
2026-06-10,12:08:49.021136,[]
2026-06-10,12:08:49.054503,[]
2026-06-10,12:08:49.087870,[]
2026-06-10,12:08:49.121237,[]
2026-06-10,12:08:49.154604,[]
2026-06-10,12:08:49.187971,[]
2026-06-10,12:08:49.221338,[]
2026-06-10,12:08:49.254705,[]
2026-06-10,12:08:49.288072,[]
2026-06-10,12:08:49.321439,[]
2026-06-10,12:08:49.354806,[]
2026-06-10,12:08:49.388173,[]
2026-06-10,12:08:49.421540,[]
2026-06-10,12:08:49.454907,[]
2026-06-10,12:08:49.488274,[]
2026-06-10,12:08:49.521641,[]
2026-06-10,12:08:49.555008,[]
2026-06-10,12:08:49.588375,[]
2026-06-10,12:08:49.621742,[]
2026-06-10,12:08:49.655109,[]
2026-06-10,12:08:49.688476,[]
2026-06-10,12:08:49.721843,[]
2026-06-10,12:08:49.755210,[]
2026-06-10,12:08:49.788577,[]
2026-06-10,12:08:49.821944,[]
2026-06-10,12:08:49.855311,[]
2026-06-10,12:08:49.888678,[]
2026-06-10,12:08:49.922045,[]
2026-06-10,12:08:49.955412,[]
2026-06-10,12:08:49.988779,[]
2026-06-10,12:08:50.022146,[]
2026-06-10,12:08:50.055513,[]
2026-06-10,12:08:50.088880,[]
2026-06-10,12:08:50.122247,[]
2026-06-10,12:08:50.155614,[]
2026-06-10,12:08:50.188981,[]
2026-06-10,12:08:50.222348,[]
2026-06-10,12:08:50.255715,[]
2026-06-10,12:08:50.289082,[]
2026-06-10,12:08:50.322449,[]
2026-06-10,12:08:50.355816,[]
2026-06-10,12:08:50.389183,[]
2026-06-10,12:08:50.422550,[]
2026-06-10,12:08:50.455917,[]
2026-06-10,12:08:50.489284,[]
2026-06-10,12:08:50.522651,[]
2026-06-10,12:08:50.556018,[]
2026-06-10,12:08:50.589385,[]
2026-06-10,12:08:50.622752,[]
2026-06-10,12:08:50.656119,[]
2026-06-10,12:08:50.689486,[]
2026-06-10,12:08:50.722853,[]
2026-06-10,12:08:50.756220,[]
2026-06-10,12:08:50.789587,[]
2026-06-10,12:08:50.822954,[]
2026-06-10,12:08:50.856321,[]
2026-06-10,12:08:50.889688,[]
2026-06-10,12:08:50.923055,[]
2026-06-10,12:08:50.956422,[]
2026-06-10,12:08:50.989789,[]
2026-06-10,12:08:51.023156,[]
2026-06-10,12:08:51.056523,[]
2026-06-10,12:08:51.089890,[]
2026-06-10,12:08:51.123257,[]
2026-06-10,12:08:51.156624,[]
2026-06-10,12:08:51.189991,[]
2026-06-10,12:08:51.223358,[]
2026-06-10,12:08:51.256725,[]
2026-06-10,12:08:51.290092,[]
2026-06-10,12:08:51.323459,[]
2026-06-10,12:08:51.356826,[]
2026-06-10,12:08:51.390193,[]
2026-06-10,12:08:51.423560,[]
2026-06-10,12:08:51.456927,[]
2026-06-10,12:08:51.490294,[]
2026-06-10,12:08:51.523661,[]
2026-06-10,12:08:51.557028,[]
2026-06-10,12:08:51.590395,[]
2026-06-10,12:08:51.623762,[]
2026-06-10,12:08:51.657129,[]
2026-06-10,12:08:51.690496,[]
2026-06-10,12:08:51.723863,[]
2026-06-10,12:08:51.757230,[]
2026-06-10,12:08:51.790597,[]
2026-06-10,12:08:51.823964,[]
2026-06-10,12:08:51.857331,[]
2026-06-10,12:08:51.890698,[]
2026-06-10,12:08:51.924065,[]
2026-06-10,12:08:51.957432,[]
2026-06-10,12:08:51.990799,[]
2026-06-10,12:08:52.024166,[]
2026-06-10,12:08:52.057533,[]
2026-06-10,12:08:52.090900,[]
2026-06-10,12:08:52.124267,[]
2026-06-10,12:08:52.157634,[]
2026-06-10,12:08:52.191001,[]
2026-06-10,12:08:52.224368,[]
2026-06-10,12:08:52.257735,[]
2026-06-10,12:08:52.291102,[]
2026-06-10,12:08:52.324469,[]
2026-06-10,12:08:52.357836,[]
2026-06-10,12:08:52.391203,[]
2026-06-10,12:08:52.424570,[]
2026-06-10,12:08:52.457937,[]
2026-06-10,12:08:52.491304,[]
2026-06-10,12:08:52.524671,[]
2026-06-10,12:08:52.558038,[]
2026-06-10,12:08:52.591405,[]
2026-06-10,12:08:52.624772,[]
2026-06-10,12:08:52.658139,[]
2026-06-10,12:08:52.691506,[]
2026-06-10,12:08:52.724873,[]
2026-06-10,12:08:52.758240,[]
2026-06-10,12:08:52.791607,[]
2026-06-10,12:08:52.824974,[]
2026-06-10,12:08:52.858341,[]
2026-06-10,12:08:52.891708,[]
2026-06-10,12:08:52.925075,[]
2026-06-10,12:08:52.958442,[]
2026-06-10,12:08:52.991809,[]
2026-06-10,12:08:53.025176,[]
2026-06-10,12:08:53.058543,[]
2026-06-10,12:08:53.091910,[]
2026-06-10,12:08:53.125277,[]
2026-06-10,12:08:53.158644,[]
2026-06-10,12:08:53.192011,[]
2026-06-10,12:08:53.225378,[]
2026-06-10,12:08:53.258745,[]
2026-06-10,12:08:53.292112,[]
2026-06-10,12:08:53.325479,[]
2026-06-10,12:08:53.358846,[]
2026-06-10,12:08:53.392213,[]
2026-06-10,12:08:53.425580,[]
2026-06-10,12:08:53.458947,[]
2026-06-10,12:08:53.492314,[]
2026-06-10,12:08:53.525681,[]
2026-06-10,12:08:53.559048,[]
2026-06-10,12:08:53.592415,[]
2026-06-10,12:08:53.625782,[]
2026-06-10,12:08:53.659149,[]
2026-06-10,12:08:53.692516,[]
2026-06-10,12:08:53.725883,[]
2026-06-10,12:08:53.759250,[]
2026-06-10,12:08:53.792617,[]
2026-06-10,12:08:53.825984,[]
2026-06-10,12:08:53.859351,[]
2026-06-10,12:08:53.892718,[]
2026-06-10,12:08:53.926085,[]
2026-06-10,12:08:53.959452,[]
2026-06-10,12:08:53.992819,[]
2026-06-10,12:08:54.026186,[]
2026-06-10,12:08:54.059553,[]
2026-06-10,12:08:54.092920,[]
2026-06-10,12:08:54.126287,[]
2026-06-10,12:08:54.159654,[]
2026-06-10,12:08:54.193021,[]
2026-06-10,12:08:54.226388,[]
2026-06-10,12:08:54.259755,[]
2026-06-10,12:08:54.293122,[]
2026-06-10,12:08:54.326489,[]
2026-06-10,12:08:54.359856,[]
2026-06-10,12:08:54.393223,[]
2026-06-10,12:08:54.426590,[]
2026-06-10,12:08:54.459957,[]
2026-06-10,12:08:54.493324,[]
2026-06-10,12:08:54.526691,[]
2026-06-10,12:08:54.560058,[]
2026-06-10,12:08:54.593425,[]
2026-06-10,12:08:54.626792,[]
2026-06-10,12:08:54.660159,[]
2026-06-10,12:08:54.693526,[]
2026-06-10,12:08:54.726893,[]
2026-06-10,12:08:54.760260,[]
2026-06-10,12:08:54.793627,[]
2026-06-10,12:08:54.826994,[]
2026-06-10,12:08:54.860361,[]
2026-06-10,12:08:54.893728,[]
2026-06-10,12:08:54.927095,[]
2026-06-10,12:08:54.960462,[]
2026-06-10,12:08:54.993829,[]
2026-06-10,12:08:55.027196,[]
2026-06-10,12:08:55.060563,[]
2026-06-10,12:08:55.093930,[]
2026-06-10,12:08:55.127297,[]
2026-06-10,12:08:55.160664,[]
2026-06-10,12:08:55.194031,[]
2026-06-10,12:08:55.227398,[]
2026-06-10,12:08:55.260765,[]
2026-06-10,12:08:55.294132,[]
2026-06-10,12:08:55.327499,[]
2026-06-10,12:08:55.360866,[]
2026-06-10,12:08:55.394233,[]
2026-06-10,12:08:55.427600,[]
2026-06-10,12:08:55.460967,[]
2026-06-10,12:08:55.494334,[]
2026-06-10,12:08:55.527701,[]
2026-06-10,12:08:55.561068,[]
2026-06-10,12:08:55.594435,[]
2026-06-10,12:08:55.627802,[]
2026-06-10,12:08:55.661169,[]
2026-06-10,12:08:55.694536,[]
2026-06-10,12:08:55.727903,[]
2026-06-10,12:08:55.761270,[]
2026-06-10,12:08:55.794637,[]
2026-06-10,12:08:55.828004,[]
2026-06-10,12:08:55.861371,[]
2026-06-10,12:08:55.894738,[]
2026-06-10,12:08:55.928105,[]
2026-06-10,12:08:55.961472,[]
2026-06-10,12:08:55.994839,[]
2026-06-10,12:08:56.028206,[]
2026-06-10,12:08:56.061573,[]
2026-06-10,12:08:56.094940,[]
2026-06-10,12:08:56.128307,[]
2026-06-10,12:08:56.161674,[]
2026-06-10,12:08:56.195041,[]
2026-06-10,12:08:56.228408,[]
2026-06-10,12:08:56.261775,[]
2026-06-10,12:08:56.295142,[]
2026-06-10,12:08:56.328509,[]
2026-06-10,12:08:56.361876,[]
2026-06-10,12:08:56.395243,[]
2026-06-10,12:08:56.428610,[]
2026-06-10,12:08:56.461977,[]
2026-06-10,12:08:56.495344,[]
2026-06-10,12:08:56.528711,[]
2026-06-10,12:08:56.562078,[]
2026-06-10,12:08:56.595445,[]
2026-06-10,12:08:56.628812,[]
2026-06-10,12:08:56.662179,[]
2026-06-10,12:08:56.695546,[]
2026-06-10,12:08:56.728913,[]
2026-06-10,12:08:56.762280,[]
2026-06-10,12:08:56.795647,[]
2026-06-10,12:08:56.829014,[]
2026-06-10,12:08:56.862381,[]
2026-06-10,12:08:56.895748,[]
2026-06-10,12:08:56.929115,[]
2026-06-10,12:08:56.962482,[]
2026-06-10,12:08:56.995849,[]
2026-06-10,12:08:57.029216,[]
2026-06-10,12:08:57.062583,[]
2026-06-10,12:08:57.095950,[]
2026-06-10,12:08:57.129317,[]
2026-06-10,12:08:57.162684,[]
2026-06-10,12:08:57.196051,[]
2026-06-10,12:08:57.229418,[]
2026-06-10,12:08:57.262785,[]
2026-06-10,12:08:57.296152,[]
2026-06-10,12:08:57.329519,[]
2026-06-10,12:08:57.362886,[]
2026-06-10,12:08:57.396253,[]
2026-06-10,12:08:57.429620,[]
2026-06-10,12:08:57.462987,[]
2026-06-10,12:08:57.496354,[]
2026-06-10,12:08:57.529721,[]
2026-06-10,12:08:57.563088,[]
2026-06-10,12:08:57.596455,[]
2026-06-10,12:08:57.629822,[]
2026-06-10,12:08:57.663189,[]
2026-06-10,12:08:57.696556,[]
2026-06-10,12:08:57.729923,[]
2026-06-10,12:08:57.763290,[]
2026-06-10,12:08:57.796657,[]
2026-06-10,12:08:57.830024,[]
2026-06-10,12:08:57.863391,[]
2026-06-10,12:08:57.896758,[]
2026-06-10,12:08:57.930125,[]
2026-06-10,12:08:57.963492,[]
2026-06-10,12:08:57.996859,[]
2026-06-10,12:08:58.030226,[]
2026-06-10,12:08:58.063593,[]
2026-06-10,12:08:58.096960,[]
2026-06-10,12:08:58.130327,[]
2026-06-10,12:08:58.163694,[]
2026-06-10,12:08:58.197061,[]
2026-06-10,12:08:58.230428,[]
2026-06-10,12:08:58.263795,[]
2026-06-10,12:08:58.297162,[]
2026-06-10,12:08:58.330529,[]
2026-06-10,12:08:58.363896,[]
2026-06-10,12:08:58.397263,[]
2026-06-10,12:08:58.430630,[]
2026-06-10,12:08:58.463997,[]
2026-06-10,12:08:58.497364,[]
2026-06-10,12:08:58.530731,[]
2026-06-10,12:08:58.564098,[]
2026-06-10,12:08:58.597465,[]
2026-06-10,12:08:58.630832,[]
2026-06-10,12:08:58.664199,[]
2026-06-10,12:08:58.697566,[]
2026-06-10,12:08:58.730933,[]
2026-06-10,12:08:58.764300,[]
2026-06-10,12:08:58.797667,[]
2026-06-10,12:08:58.831034,[]
2026-06-10,12:08:58.864401,[]
2026-06-10,12:08:58.897768,[]
2026-06-10,12:08:58.931135,[]
2026-06-10,12:08:58.964502,[]
2026-06-10,12:08:58.997869,[]
2026-06-10,12:08:59.031236,[]
2026-06-10,12:08:59.064603,[]
2026-06-10,12:08:59.097970,[]
2026-06-10,12:08:59.131337,[]
2026-06-10,12:08:59.164704,[]
2026-06-10,12:08:59.198071,[]
2026-06-10,12:08:59.231438,[]
2026-06-10,12:08:59.264805,[]
2026-06-10,12:08:59.298172,[]
2026-06-10,12:08:59.331539,[]
2026-06-10,12:08:59.364906,[]
2026-06-10,12:08:59.398273,[]
2026-06-10,12:08:59.431640,[]
2026-06-10,12:08:59.465007,[]
2026-06-10,12:08:59.498374,[]
2026-06-10,12:08:59.531741,[]
2026-06-10,12:08:59.565108,[]
2026-06-10,12:08:59.598475,[]
2026-06-10,12:08:59.631842,[]
2026-06-10,12:08:59.665209,[]
2026-06-10,12:08:59.698576,[]
2026-06-10,12:08:59.731943,[]
2026-06-10,12:08:59.765310,[]
2026-06-10,12:08:59.798677,[]
2026-06-10,12:08:59.832044,[]
2026-06-10,12:08:59.865411,[]
2026-06-10,12:08:59.898778,[]
2026-06-10,12:08:59.932145,[]
2026-06-10,12:08:59.965512,[]
2026-06-10,12:08:59.998879,[]
2026-06-10,12:09:00.032246,[]
2026-06-10,12:09:00.065613,[]
2026-06-10,12:09:00.098980,[]
2026-06-10,12:09:00.132347,[]
2026-06-10,12:09:00.165714,[]
2026-06-10,12:09:00.199081,[]
2026-06-10,12:09:00.232448,[]
2026-06-10,12:09:00.265815,[]
2026-06-10,12:09:00.299182,[]
2026-06-10,12:09:00.332549,[]
2026-06-10,12:09:00.365916,[]
2026-06-10,12:09:00.399283,[]
2026-06-10,12:09:00.432650,[]
2026-06-10,12:09:00.466017,[]
2026-06-10,12:09:00.499384,[]
2026-06-10,12:09:00.532751,[]
2026-06-10,12:09:00.566118,[]
2026-06-10,12:09:00.599485,[]
2026-06-10,12:09:00.632852,[]
2026-06-10,12:09:00.666219,[]
2026-06-10,12:09:00.699586,[]
2026-06-10,12:09:00.732953,[]
2026-06-10,12:09:00.766320,[]
2026-06-10,12:09:00.799687,[]
2026-06-10,12:09:00.833054,[]
2026-06-10,12:09:00.866421,[]
2026-06-10,12:09:00.899788,[]
2026-06-10,12:09:00.933155,[]
2026-06-10,12:09:00.966522,[]
2026-06-10,12:09:00.999889,[]
2026-06-10,12:09:01.033256,[]
2026-06-10,12:09:01.066623,[]
2026-06-10,12:09:01.099990,[]
2026-06-10,12:09:01.133357,[]
2026-06-10,12:09:01.166724,[]
2026-06-10,12:09:01.200091,[]
2026-06-10,12:09:01.233458,[]
2026-06-10,12:09:01.266825,[]
2026-06-10,12:09:01.300192,[]
2026-06-10,12:09:01.333559,[]
2026-06-10,12:09:01.366926,[]
2026-06-10,12:09:01.400293,[]
2026-06-10,12:09:01.433660,[]
2026-06-10,12:09:01.467027,[]
2026-06-10,12:09:01.500394,[]
2026-06-10,12:09:01.533761,[]
2026-06-10,12:09:01.567128,[]
2026-06-10,12:09:01.600495,[]
2026-06-10,12:09:01.633862,[]
2026-06-10,12:09:01.667229,[]
2026-06-10,12:09:01.700596,[]
2026-06-10,12:09:01.733963,[]
2026-06-10,12:09:01.767330,[]
2026-06-10,12:09:01.800697,[]
2026-06-10,12:09:01.834064,[]
2026-06-10,12:09:01.867431,[]
2026-06-10,12:09:01.900798,[]
2026-06-10,12:09:01.934165,[]
2026-06-10,12:09:01.967532,[]
2026-06-10,12:09:02.000899,[]
2026-06-10,12:09:02.034266,[]
2026-06-10,12:09:02.067633,[]
2026-06-10,12:09:02.101000,[]
2026-06-10,12:09:02.134367,[]
2026-06-10,12:09:02.167734,[]
2026-06-10,12:09:02.201101,[]
2026-06-10,12:09:02.234468,[]
2026-06-10,12:09:02.267835,[]
2026-06-10,12:09:02.301202,[]
2026-06-10,12:09:02.334569,[]
2026-06-10,12:09:02.367936,[]
2026-06-10,12:09:02.401303,[]
2026-06-10,12:09:02.434670,[]
2026-06-10,12:09:02.468037,[]
2026-06-10,12:09:02.501404,[]
2026-06-10,12:09:02.534771,[]
2026-06-10,12:09:02.568138,[]
2026-06-10,12:09:02.601505,[]
2026-06-10,12:09:02.634872,[]
2026-06-10,12:09:02.668239,[]
2026-06-10,12:09:02.701606,[]
2026-06-10,12:09:02.734973,[]
2026-06-10,12:09:02.768340,[]
2026-06-10,12:09:02.801707,[]
2026-06-10,12:09:02.835074,[]
2026-06-10,12:09:02.868441,[]
2026-06-10,12:09:02.901808,[]
2026-06-10,12:09:02.935175,[]
2026-06-10,12:09:02.968542,[]
2026-06-10,12:09:03.001909,[]
2026-06-10,12:09:03.035276,[]
2026-06-10,12:09:03.068643,[]
2026-06-10,12:09:03.102010,[]
2026-06-10,12:09:03.135377,[]
2026-06-10,12:09:03.168744,[]
2026-06-10,12:09:03.202111,[]
2026-06-10,12:09:03.235478,[]
2026-06-10,12:09:03.268845,[]
2026-06-10,12:09:03.302212,[]
2026-06-10,12:09:03.335579,[]
2026-06-10,12:09:03.368946,[]
2026-06-10,12:09:03.402313,[]
2026-06-10,12:09:03.435680,[]
2026-06-10,12:09:03.469047,[]
2026-06-10,12:09:03.502414,[]
2026-06-10,12:09:03.535781,[]
2026-06-10,12:09:03.569148,[]
2026-06-10,12:09:03.602515,[]
2026-06-10,12:09:03.635882,[]
2026-06-10,12:09:03.669249,[]
2026-06-10,12:09:03.702616,[]
2026-06-10,12:09:03.735983,[]
2026-06-10,12:09:03.769350,[]
2026-06-10,12:09:03.802717,[]
2026-06-10,12:09:03.836084,[]
2026-06-10,12:09:03.869451,[]
2026-06-10,12:09:03.902818,[]
2026-06-10,12:09:03.936185,[]
2026-06-10,12:09:03.969552,[]
2026-06-10,12:09:04.002919,[]
2026-06-10,12:09:04.036286,[]
2026-06-10,12:09:04.069653,[]
2026-06-10,12:09:04.103020,[]
2026-06-10,12:09:04.136387,[]
2026-06-10,12:09:04.169754,[]
2026-06-10,12:09:04.203121,[]
2026-06-10,12:09:04.236488,[]
2026-06-10,12:09:04.269855,[]
2026-06-10,12:09:04.303222,[]
2026-06-10,12:09:04.336589,[]
2026-06-10,12:09:04.369956,[]
2026-06-10,12:09:04.403323,[]
2026-06-10,12:09:04.436690,[]
2026-06-10,12:09:04.470057,[]
2026-06-10,12:09:04.503424,[]
2026-06-10,12:09:04.536791,[]
2026-06-10,12:09:04.570158,[]
2026-06-10,12:09:04.603525,[]
2026-06-10,12:09:04.636892,[]
2026-06-10,12:09:04.670259,[]
2026-06-10,12:09:04.703626,[]
2026-06-10,12:09:04.736993,[]
2026-06-10,12:09:04.770360,[]
2026-06-10,12:09:04.803727,[]
2026-06-10,12:09:04.837094,[]
2026-06-10,12:09:04.870461,[]
2026-06-10,12:09:04.903828,[]
2026-06-10,12:09:04.937195,[]
2026-06-10,12:09:04.970562,[]
2026-06-10,12:09:05.003929,[]
2026-06-10,12:09:05.037296,[]
2026-06-10,12:09:05.070663,[]
2026-06-10,12:09:05.104030,[]
2026-06-10,12:09:05.137397,[]
2026-06-10,12:09:05.170764,[]
2026-06-10,12:09:05.204131,[]
2026-06-10,12:09:05.237498,[]
2026-06-10,12:09:05.270865,[]
2026-06-10,12:09:05.304232,[]
2026-06-10,12:09:05.337599,[]
2026-06-10,12:09:05.370966,[]
2026-06-10,12:09:05.404333,[]
2026-06-10,12:09:05.437700,[]
2026-06-10,12:09:05.471067,[]
2026-06-10,12:09:05.504434,[]
2026-06-10,12:09:05.537801,[]
2026-06-10,12:09:05.571168,[]
2026-06-10,12:09:05.604535,[]
2026-06-10,12:09:05.637902,[]
2026-06-10,12:09:05.671269,[]
2026-06-10,12:09:05.704636,[]
2026-06-10,12:09:05.738003,[]
2026-06-10,12:09:05.771370,[]
2026-06-10,12:09:05.804737,[]
2026-06-10,12:09:05.838104,[]
2026-06-10,12:09:05.871471,[]
2026-06-10,12:09:05.904838,[]
2026-06-10,12:09:05.938205,[]
2026-06-10,12:09:05.971572,[]
2026-06-10,12:09:06.004939,[]
2026-06-10,12:09:06.038306,[]
2026-06-10,12:09:06.071673,[]
2026-06-10,12:09:06.105040,[]
2026-06-10,12:09:06.138407,[]
2026-06-10,12:09:06.171774,[]
2026-06-10,12:09:06.205141,[]
2026-06-10,12:09:06.238508,[]
2026-06-10,12:09:06.271875,[]
2026-06-10,12:09:06.305242,[]
2026-06-10,12:09:06.338609,[]
2026-06-10,12:09:06.371976,[]
2026-06-10,12:09:06.405343,[]
2026-06-10,12:09:06.438710,[]
2026-06-10,12:09:06.472077,[]
2026-06-10,12:09:06.505444,[]
2026-06-10,12:09:06.538811,[]
2026-06-10,12:09:06.572178,[]
2026-06-10,12:09:06.605545,[]
2026-06-10,12:09:06.638912,[]
2026-06-10,12:09:06.672279,[]
2026-06-10,12:09:06.705646,[]
2026-06-10,12:09:06.739013,[]
2026-06-10,12:09:06.772380,[]
2026-06-10,12:09:06.805747,[]
2026-06-10,12:09:06.839114,[]
2026-06-10,12:09:06.872481,[]
2026-06-10,12:09:06.905848,[]
2026-06-10,12:09:06.939215,[]
2026-06-10,12:09:06.972582,[]
2026-06-10,12:09:07.005949,[]
2026-06-10,12:09:07.039316,[]
2026-06-10,12:09:07.072683,[]
2026-06-10,12:09:07.106050,[]
2026-06-10,12:09:07.139417,[]
2026-06-10,12:09:07.172784,[]
2026-06-10,12:09:07.206151,[]
2026-06-10,12:09:07.239518,[]
2026-06-10,12:09:07.272885,[]
2026-06-10,12:09:07.306252,[]
2026-06-10,12:09:07.339619,[]
2026-06-10,12:09:07.372986,[]
2026-06-10,12:09:07.406353,[]
2026-06-10,12:09:07.439720,[]
2026-06-10,12:09:07.473087,[]
2026-06-10,12:09:07.506454,[]
2026-06-10,12:09:07.539821,[]
2026-06-10,12:09:07.573188,[]
2026-06-10,12:09:07.606555,[]
2026-06-10,12:09:07.639922,[]
2026-06-10,12:09:07.673289,[]
2026-06-10,12:09:07.706656,[]
2026-06-10,12:09:07.740023,[]
2026-06-10,12:09:07.773390,[]
2026-06-10,12:09:07.806757,[]
2026-06-10,12:09:07.840124,[]
2026-06-10,12:09:07.873491,[]
2026-06-10,12:09:07.906858,[]
2026-06-10,12:09:07.940225,[]
2026-06-10,12:09:07.973592,[]
2026-06-10,12:09:08.006959,[]
2026-06-10,12:09:08.040326,[]
2026-06-10,12:09:08.073693,[]
2026-06-10,12:09:08.107060,[]
2026-06-10,12:09:08.140427,[]
2026-06-10,12:09:08.173794,[]
2026-06-10,12:09:08.207161,[]
2026-06-10,12:09:08.240528,[]
2026-06-10,12:09:08.273895,[]
2026-06-10,12:09:08.307262,[]
2026-06-10,12:09:08.340629,[]
2026-06-10,12:09:08.373996,[]
2026-06-10,12:09:08.407363,[]
2026-06-10,12:09:08.440730,[]
2026-06-10,12:09:08.474097,[]
2026-06-10,12:09:08.507464,[]
2026-06-10,12:09:08.540831,[]
2026-06-10,12:09:08.574198,[]
2026-06-10,12:09:08.607565,[]
2026-06-10,12:09:08.640932,[]
2026-06-10,12:09:08.674299,[]
2026-06-10,12:09:08.707666,[]
2026-06-10,12:09:08.741033,[]
2026-06-10,12:09:08.774400,[]
2026-06-10,12:09:08.807767,[]
2026-06-10,12:09:08.841134,[]
2026-06-10,12:09:08.874501,[]
2026-06-10,12:09:08.907868,[]
2026-06-10,12:09:08.941235,[]
2026-06-10,12:09:08.974602,[]
2026-06-10,12:09:09.007969,[]
2026-06-10,12:09:09.041336,[]
2026-06-10,12:09:09.074703,[]
2026-06-10,12:09:09.108070,[]
2026-06-10,12:09:09.141437,[]
2026-06-10,12:09:09.174804,[]
2026-06-10,12:09:09.208171,[]
2026-06-10,12:09:09.241538,[]
2026-06-10,12:09:09.274905,[]
2026-06-10,12:09:09.308272,[]
2026-06-10,12:09:09.341639,[]
2026-06-10,12:09:09.375006,[]
2026-06-10,12:09:09.408373,[]
2026-06-10,12:09:09.441740,[]
2026-06-10,12:09:09.475107,[]
2026-06-10,12:09:09.508474,[]
2026-06-10,12:09:09.541841,[]
2026-06-10,12:09:09.575208,[]
2026-06-10,12:09:09.608575,[]
2026-06-10,12:09:09.641942,[]
2026-06-10,12:09:09.675309,[]
2026-06-10,12:09:09.708676,[]
2026-06-10,12:09:09.742043,[]
2026-06-10,12:09:09.775410,[]
2026-06-10,12:09:09.808777,[]
2026-06-10,12:09:09.842144,[]
2026-06-10,12:09:09.875511,[]
2026-06-10,12:09:09.908878,[]
2026-06-10,12:09:09.942245,[]
2026-06-10,12:09:09.975612,[]
2026-06-10,12:09:10.008979,[]
2026-06-10,12:09:10.042346,[]
2026-06-10,12:09:10.075713,[]
2026-06-10,12:09:10.109080,[]
2026-06-10,12:09:10.142447,[]
2026-06-10,12:09:10.175814,[]
2026-06-10,12:09:10.209181,[]
2026-06-10,12:09:10.242548,[]
2026-06-10,12:09:10.275915,[]
2026-06-10,12:09:10.309282,[]
2026-06-10,12:09:10.342649,[]
2026-06-10,12:09:10.376016,[]
2026-06-10,12:09:10.409383,[]
2026-06-10,12:09:10.442750,[]
2026-06-10,12:09:10.476117,[]
2026-06-10,12:09:10.509484,[]
2026-06-10,12:09:10.542851,[]
2026-06-10,12:09:10.576218,[]
2026-06-10,12:09:10.609585,[]
2026-06-10,12:09:10.642952,[]
2026-06-10,12:09:10.676319,[]
2026-06-10,12:09:10.709686,[]
2026-06-10,12:09:10.743053,[]
2026-06-10,12:09:10.776420,[]
2026-06-10,12:09:10.809787,[]
2026-06-10,12:09:10.843154,[]
2026-06-10,12:09:10.876521,[]
2026-06-10,12:09:10.909888,[]
2026-06-10,12:09:10.943255,[]
2026-06-10,12:09:10.976622,[]
2026-06-10,12:09:11.009989,[]
2026-06-10,12:09:11.043356,[]
2026-06-10,12:09:11.076723,[]
2026-06-10,12:09:11.110090,[]
2026-06-10,12:09:11.143457,[]
2026-06-10,12:09:11.176824,[]
2026-06-10,12:09:11.210191,[]
2026-06-10,12:09:11.243558,[]
2026-06-10,12:09:11.276925,[]
2026-06-10,12:09:11.310292,[]
2026-06-10,12:09:11.343659,[]
2026-06-10,12:09:11.377026,[]
2026-06-10,12:09:11.410393,[]
2026-06-10,12:09:11.443760,[]
2026-06-10,12:09:11.477127,[]
2026-06-10,12:09:11.510494,[]
2026-06-10,12:09:11.543861,[]
2026-06-10,12:09:11.577228,[]
2026-06-10,12:09:11.610595,[]
2026-06-10,12:09:11.643962,[]
2026-06-10,12:09:11.677329,[]
2026-06-10,12:09:11.710696,[]
2026-06-10,12:09:11.744063,[]
2026-06-10,12:09:11.777430,[]
2026-06-10,12:09:11.810797,[]
2026-06-10,12:09:11.844164,[]
2026-06-10,12:09:11.877531,[]
2026-06-10,12:09:11.910898,[]
2026-06-10,12:09:11.944265,[]
2026-06-10,12:09:11.977632,[]
2026-06-10,12:09:12.010999,[]
2026-06-10,12:09:12.044366,[]
2026-06-10,12:09:12.077733,[]
2026-06-10,12:09:12.111100,[]
2026-06-10,12:09:12.144467,[]
2026-06-10,12:09:12.177834,[]
2026-06-10,12:09:12.211201,[]
2026-06-10,12:09:12.244568,[]
2026-06-10,12:09:12.277935,[]
2026-06-10,12:09:12.311302,[]
2026-06-10,12:09:12.344669,[]
2026-06-10,12:09:12.378036,[]
2026-06-10,12:09:12.411403,[]
2026-06-10,12:09:12.444770,[]
2026-06-10,12:09:12.478137,[]
2026-06-10,12:09:12.511504,[]
2026-06-10,12:09:12.544871,[]
2026-06-10,12:09:12.578238,[]
2026-06-10,12:09:12.611605,[]
2026-06-10,12:09:12.644972,[]
2026-06-10,12:09:12.678339,[]
2026-06-10,12:09:12.711706,[]
2026-06-10,12:09:12.745073,[]
2026-06-10,12:09:12.778440,[]
2026-06-10,12:09:12.811807,[]
2026-06-10,12:09:12.845174,[]
2026-06-10,12:09:12.878541,[]
2026-06-10,12:09:12.911908,[]
2026-06-10,12:09:12.945275,[]
2026-06-10,12:09:12.978642,[]
2026-06-10,12:09:13.012009,[]
2026-06-10,12:09:13.045376,[]
2026-06-10,12:09:13.078743,[]
2026-06-10,12:09:13.112110,[]
2026-06-10,12:09:13.145477,[]
2026-06-10,12:09:13.178844,[]
2026-06-10,12:09:13.212211,[]
2026-06-10,12:09:13.245578,[]
2026-06-10,12:09:13.278945,[]
2026-06-10,12:09:13.312312,[]
2026-06-10,12:09:13.345679,[]
2026-06-10,12:09:13.379046,[]
2026-06-10,12:09:13.412413,[]
2026-06-10,12:09:13.445780,[]
2026-06-10,12:09:13.479147,[]
2026-06-10,12:09:13.512514,[]
2026-06-10,12:09:13.545881,[]
2026-06-10,12:09:13.579248,[]
2026-06-10,12:09:13.612615,[]
2026-06-10,12:09:13.645982,[]
2026-06-10,12:09:13.679349,[]
2026-06-10,12:09:13.712716,['EP20186']
2026-06-10,12:09:13.746083,[]
2026-06-10,12:09:13.779450,[]
2026-06-10,12:09:13.812817,[]
2026-06-10,12:09:13.846184,[]
2026-06-10,12:09:13.879551,[]
2026-06-10,12:09:13.912918,[]
2026-06-10,12:09:13.946285,[]
2026-06-10,12:09:13.979652,[]
2026-06-10,12:09:14.013019,[]
2026-06-10,12:09:14.046386,[]
2026-06-10,12:09:14.079753,[]
2026-06-10,12:09:14.113120,[]
2026-06-10,12:09:14.146487,[]
2026-06-10,12:09:14.179854,[]
2026-06-10,12:09:14.213221,[]
2026-06-10,12:09:14.246588,[]
2026-06-10,12:09:14.279955,[]
2026-06-10,12:09:14.313322,[]
2026-06-10,12:09:14.346689,[]
2026-06-10,12:09:14.380056,[]
2026-06-10,12:09:14.413423,[]
2026-06-10,12:09:14.446790,[]
2026-06-10,12:09:14.480157,[]
2026-06-10,12:09:14.513524,[]
2026-06-10,12:09:14.546891,[]
2026-06-10,12:09:14.580258,[]
2026-06-10,12:09:14.613625,[]
2026-06-10,12:09:14.646992,[]
2026-06-10,12:09:14.680359,[]
2026-06-10,12:09:14.713726,[]
2026-06-10,12:09:14.747093,[]
2026-06-10,12:09:14.780460,[]
2026-06-10,12:09:14.813827,[]
2026-06-10,12:09:14.847194,[]
2026-06-10,12:09:14.880561,[]
2026-06-10,12:09:14.913928,[]
2026-06-10,12:09:14.947295,[]
2026-06-10,12:09:14.980662,[]
2026-06-10,12:09:15.014029,[]
2026-06-10,12:09:15.047396,[]
2026-06-10,12:09:15.080763,[]
2026-06-10,12:09:15.114130,[]
2026-06-10,12:09:15.147497,[]
2026-06-10,12:09:15.180864,[]
2026-06-10,12:09:15.214231,[]
2026-06-10,12:09:15.247598,[]
2026-06-10,12:09:15.280965,[]
2026-06-10,12:09:15.314332,[]
2026-06-10,12:09:15.347699,[]
2026-06-10,12:09:15.381066,[]
2026-06-10,12:09:15.414433,[]
2026-06-10,12:09:15.447800,[]
2026-06-10,12:09:15.481167,[]
2026-06-10,12:09:15.514534,[]
2026-06-10,12:09:15.547901,[]
2026-06-10,12:09:15.581268,[]
2026-06-10,12:09:15.614635,[]
2026-06-10,12:09:15.648002,[]
2026-06-10,12:09:15.681369,[]
2026-06-10,12:09:15.714736,[]
2026-06-10,12:09:15.748103,[]
2026-06-10,12:09:15.781470,[]
2026-06-10,12:09:15.814837,[]
2026-06-10,12:09:15.848204,[]
2026-06-10,12:09:15.881571,[]
2026-06-10,12:09:15.914938,[]
2026-06-10,12:09:15.948305,[]
2026-06-10,12:09:15.981672,[]
2026-06-10,12:09:16.015039,[]
2026-06-10,12:09:16.048406,[]
2026-06-10,12:09:16.081773,[]
2026-06-10,12:09:16.115140,[]
2026-06-10,12:09:16.148507,[]
2026-06-10,12:09:16.181874,[]
2026-06-10,12:09:16.215241,[]
2026-06-10,12:09:16.248608,[]
2026-06-10,12:09:16.281975,[]
2026-06-10,12:09:16.315342,[]
2026-06-10,12:09:16.348709,[]
2026-06-10,12:09:16.382076,[]
2026-06-10,12:09:16.415443,[]
2026-06-10,12:09:16.448810,[]
2026-06-10,12:09:16.482177,[]
2026-06-10,12:09:16.515544,[]
2026-06-10,12:09:16.548911,[]
2026-06-10,12:09:16.582278,[]
2026-06-10,12:09:16.615645,[]
2026-06-10,12:09:16.649012,['BM99629']
2026-06-10,12:09:16.682379,[]
2026-06-10,12:09:16.715746,[]
2026-06-10,12:09:16.749113,[]
2026-06-10,12:09:16.782480,[]
2026-06-10,12:09:16.815847,[]
2026-06-10,12:09:16.849214,[]
2026-06-10,12:09:16.882581,[]
2026-06-10,12:09:16.915948,[]
2026-06-10,12:09:16.949315,[]
2026-06-10,12:09:16.982682,[]
2026-06-10,12:09:17.016049,[]
2026-06-10,12:09:17.049416,[]
2026-06-10,12:09:17.082783,[]
2026-06-10,12:09:17.116150,[]
2026-06-10,12:09:17.149517,[]
2026-06-10,12:09:17.182884,[]
2026-06-10,12:09:17.216251,[]
2026-06-10,12:09:17.249618,[]
2026-06-10,12:09:17.282985,[]
2026-06-10,12:09:17.316352,[]
2026-06-10,12:09:17.349719,[]
2026-06-10,12:09:17.383086,[]
2026-06-10,12:09:17.416453,[]
2026-06-10,12:09:17.449820,[]
2026-06-10,12:09:17.483187,[]
2026-06-10,12:09:17.516554,[]
2026-06-10,12:09:17.549921,[]
2026-06-10,12:09:17.583288,[]
2026-06-10,12:09:17.616655,[]
2026-06-10,12:09:17.650022,[]
2026-06-10,12:09:17.683389,[]
2026-06-10,12:09:17.716756,[]
2026-06-10,12:09:17.750123,[]
2026-06-10,12:09:17.783490,[]
2026-06-10,12:09:17.816857,[]
2026-06-10,12:09:17.850224,[]
2026-06-10,12:09:17.883591,[]
2026-06-10,12:09:17.916958,[]
2026-06-10,12:09:17.950325,[]
2026-06-10,12:09:17.983692,[]
2026-06-10,12:09:18.017059,[]
2026-06-10,12:09:18.050426,[]
2026-06-10,12:09:18.083793,[]
2026-06-10,12:09:18.117160,[]
2026-06-10,12:09:18.150527,[]
2026-06-10,12:09:18.183894,[]
2026-06-10,12:09:18.217261,[]
2026-06-10,12:09:18.250628,[]
2026-06-10,12:09:18.283995,[]
2026-06-10,12:09:18.317362,[]
2026-06-10,12:09:18.350729,['DH66342']
2026-06-10,12:09:18.384096,['DH66342']
2026-06-10,12:09:18.417463,['DH66342']
2026-06-10,12:09:18.450830,['DH66342']
2026-06-10,12:09:18.484197,[]
2026-06-10,12:09:18.517564,[]
2026-06-10,12:09:18.550931,[]
2026-06-10,12:09:18.584298,[]
2026-06-10,12:09:18.617665,[]
2026-06-10,12:09:18.651032,[]
2026-06-10,12:09:18.684399,[]
2026-06-10,12:09:18.717766,[]
2026-06-10,12:09:18.751133,[]
2026-06-10,12:09:18.784500,[]
2026-06-10,12:09:18.817867,[]
2026-06-10,12:09:18.851234,[]
2026-06-10,12:09:18.884601,[]
2026-06-10,12:09:18.917968,[]
2026-06-10,12:09:18.951335,[]
2026-06-10,12:09:18.984702,[]
2026-06-10,12:09:19.018069,[]
2026-06-10,12:09:19.051436,[]
2026-06-10,12:09:19.084803,[]
2026-06-10,12:09:19.118170,[]
2026-06-10,12:09:19.151537,[]
2026-06-10,12:09:19.184904,[]
2026-06-10,12:09:19.218271,[]
2026-06-10,12:09:19.251638,[]
2026-06-10,12:09:19.285005,[]
2026-06-10,12:09:19.318372,[]
2026-06-10,12:09:19.351739,[]
2026-06-10,12:09:19.385106,[]
2026-06-10,12:09:19.418473,[]
2026-06-10,12:09:19.451840,[]
2026-06-10,12:09:19.485207,[]
2026-06-10,12:09:19.518574,[]
2026-06-10,12:09:19.551941,[]
2026-06-10,12:09:19.585308,[]
2026-06-10,12:09:19.618675,[]
2026-06-10,12:09:19.652042,[]
2026-06-10,12:09:19.685409,[]
2026-06-10,12:09:19.718776,[]
2026-06-10,12:09:19.752143,[]
2026-06-10,12:09:19.785510,[]
2026-06-10,12:09:19.818877,[]
2026-06-10,12:09:19.852244,[]
2026-06-10,12:09:19.885611,[]
2026-06-10,12:09:19.918978,[]
2026-06-10,12:09:19.952345,[]
2026-06-10,12:09:19.985712,[]
2026-06-10,12:09:20.019079,[]
2026-06-10,12:09:20.052446,[]
2026-06-10,12:09:20.085813,[]
2026-06-10,12:09:20.119180,[]
2026-06-10,12:09:20.152547,[]
2026-06-10,12:09:20.185914,[]
2026-06-10,12:09:20.219281,[]
2026-06-10,12:09:20.252648,[]
2026-06-10,12:09:20.286015,[]
2026-06-10,12:09:20.319382,[]
2026-06-10,12:09:20.352749,[]
2026-06-10,12:09:20.386116,[]
2026-06-10,12:09:20.419483,[]
2026-06-10,12:09:20.452850,[]
2026-06-10,12:09:20.486217,[]
2026-06-10,12:09:20.519584,[]
2026-06-10,12:09:20.552951,['EK39471']
2026-06-10,12:09:20.586318,['EK39471']
2026-06-10,12:09:20.619685,['EK39471']
2026-06-10,12:09:20.653052,['EK39471']
2026-06-10,12:09:20.686419,[]
2026-06-10,12:09:20.719786,[]
2026-06-10,12:09:20.753153,[]
2026-06-10,12:09:20.786520,[]
2026-06-10,12:09:20.819887,[]
2026-06-10,12:09:20.853254,[]
2026-06-10,12:09:20.886621,[]
2026-06-10,12:09:20.919988,[]
2026-06-10,12:09:20.953355,[]
2026-06-10,12:09:20.986722,[]
2026-06-10,12:09:21.020089,[]
2026-06-10,12:09:21.053456,[]
2026-06-10,12:09:21.086823,[]
2026-06-10,12:09:21.120190,[]
2026-06-10,12:09:21.153557,[]
2026-06-10,12:09:21.186924,[]
2026-06-10,12:09:21.220291,[]
2026-06-10,12:09:21.253658,[]
2026-06-10,12:09:21.287025,[]
2026-06-10,12:09:21.320392,[]
2026-06-10,12:09:21.353759,[]
2026-06-10,12:09:21.387126,[]
2026-06-10,12:09:21.420493,[]
2026-06-10,12:09:21.453860,[]
2026-06-10,12:09:21.487227,[]
2026-06-10,12:09:21.520594,[]
2026-06-10,12:09:21.553961,[]
2026-06-10,12:09:21.587328,[]
2026-06-10,12:09:21.620695,[]
2026-06-10,12:09:21.654062,[]
2026-06-10,12:09:21.687429,[]
2026-06-10,12:09:21.720796,[]
2026-06-10,12:09:21.754163,[]
2026-06-10,12:09:21.787530,[]
2026-06-10,12:09:21.820897,[]
2026-06-10,12:09:21.854264,[]
2026-06-10,12:09:21.887631,[]
2026-06-10,12:09:21.920998,[]
2026-06-10,12:09:21.954365,[]
2026-06-10,12:09:21.987732,[]
2026-06-10,12:09:22.021099,[]
2026-06-10,12:09:22.054466,[]
2026-06-10,12:09:22.087833,[]
2026-06-10,12:09:22.121200,[]
2026-06-10,12:09:22.154567,[]
2026-06-10,12:09:22.187934,[]
2026-06-10,12:09:22.221301,['ER61031']
2026-06-10,12:09:22.254668,['ER61031']
2026-06-10,12:09:22.288035,['ER61031']
2026-06-10,12:09:22.321402,['ER61031']
2026-06-10,12:09:22.354769,[]
2026-06-10,12:09:22.388136,[]
2026-06-10,12:09:22.421503,[]
2026-06-10,12:09:22.454870,[]
2026-06-10,12:09:22.488237,[]
2026-06-10,12:09:22.521604,[]
2026-06-10,12:09:22.554971,[]
2026-06-10,12:09:22.588338,[]
2026-06-10,12:09:22.621705,[]
2026-06-10,12:09:22.655072,[]
2026-06-10,12:09:22.688439,[]
2026-06-10,12:09:22.721806,[]
2026-06-10,12:09:22.755173,[]
2026-06-10,12:09:22.788540,[]
2026-06-10,12:09:22.821907,[]
2026-06-10,12:09:22.855274,[]
2026-06-10,12:09:22.888641,[]
2026-06-10,12:09:22.922008,[]
2026-06-10,12:09:22.955375,[]
2026-06-10,12:09:22.988742,[]
2026-06-10,12:09:23.022109,[]
2026-06-10,12:09:23.055476,[]
2026-06-10,12:09:23.088843,[]
2026-06-10,12:09:23.122210,[]
2026-06-10,12:09:23.155577,[]
2026-06-10,12:09:23.188944,[]
2026-06-10,12:09:23.222311,[]
2026-06-10,12:09:23.255678,[]
2026-06-10,12:09:23.289045,[]
2026-06-10,12:09:23.322412,[]
2026-06-10,12:09:23.355779,[]
2026-06-10,12:09:23.389146,[]
2026-06-10,12:09:23.422513,[]
2026-06-10,12:09:23.455880,[]
2026-06-10,12:09:23.489247,[]
2026-06-10,12:09:23.522614,[]
2026-06-10,12:09:23.555981,[]
2026-06-10,12:09:23.589348,[]
2026-06-10,12:09:23.622715,[]
2026-06-10,12:09:23.656082,[]
2026-06-10,12:09:23.689449,[]
2026-06-10,12:09:23.722816,[]
2026-06-10,12:09:23.756183,[]
2026-06-10,12:09:23.789550,[]
2026-06-10,12:09:23.822917,[]
2026-06-10,12:09:23.856284,[]
2026-06-10,12:09:23.889651,[]
2026-06-10,12:09:23.923018,[]
2026-06-10,12:09:23.956385,[]
2026-06-10,12:09:23.989752,[]
2026-06-10,12:09:24.023119,[]
2026-06-10,12:09:24.056486,[]
2026-06-10,12:09:24.089853,[]
2026-06-10,12:09:24.123220,[]
2026-06-10,12:09:24.156587,[]
2026-06-10,12:09:24.189954,[]
2026-06-10,12:09:24.223321,[]
2026-06-10,12:09:24.256688,[]
2026-06-10,12:09:24.290055,[]
2026-06-10,12:09:24.323422,[]
2026-06-10,12:09:24.356789,[]
2026-06-10,12:09:24.390156,[]
2026-06-10,12:09:24.423523,[]
2026-06-10,12:09:24.456890,[]
2026-06-10,12:09:24.490257,[]
2026-06-10,12:09:24.523624,[]
2026-06-10,12:09:24.556991,[]
2026-06-10,12:09:24.590358,[]
2026-06-10,12:09:24.623725,[]
2026-06-10,12:09:24.657092,[]
2026-06-10,12:09:24.690459,[]
2026-06-10,12:09:24.723826,[]
2026-06-10,12:09:24.757193,[]
2026-06-10,12:09:24.790560,[]
2026-06-10,12:09:24.823927,[]
2026-06-10,12:09:24.857294,[]
2026-06-10,12:09:24.890661,[]
2026-06-10,12:09:24.924028,[]
2026-06-10,12:09:24.957395,[]
2026-06-10,12:09:24.990762,[]
2026-06-10,12:09:25.024129,[]
2026-06-10,12:09:25.057496,[]
2026-06-10,12:09:25.090863,[]
2026-06-10,12:09:25.124230,[]
2026-06-10,12:09:25.157597,[]
2026-06-10,12:09:25.190964,[]
2026-06-10,12:09:25.224331,[]
2026-06-10,12:09:25.257698,[]
2026-06-10,12:09:25.291065,[]
2026-06-10,12:09:25.324432,[]
2026-06-10,12:09:25.357799,[]
2026-06-10,12:09:25.391166,[]
2026-06-10,12:09:25.424533,[]
2026-06-10,12:09:25.457900,[]
2026-06-10,12:09:25.491267,[]
2026-06-10,12:09:25.524634,[]
2026-06-10,12:09:25.558001,[]
2026-06-10,12:09:25.591368,[]
2026-06-10,12:09:25.624735,[]
2026-06-10,12:09:25.658102,[]
2026-06-10,12:09:25.691469,[]
2026-06-10,12:09:25.724836,[]
2026-06-10,12:09:25.758203,[]
2026-06-10,12:09:25.791570,[]
2026-06-10,12:09:25.824937,[]
2026-06-10,12:09:25.858304,[]
2026-06-10,12:09:25.891671,[]
2026-06-10,12:09:25.925038,[]
2026-06-10,12:09:25.958405,[]
2026-06-10,12:09:25.991772,[]
2026-06-10,12:09:26.025139,[]
2026-06-10,12:09:26.058506,[]
2026-06-10,12:09:26.091873,[]
2026-06-10,12:09:26.125240,[]
2026-06-10,12:09:26.158607,[]
2026-06-10,12:09:26.191974,[]
2026-06-10,12:09:26.225341,[]
2026-06-10,12:09:26.258708,[]
2026-06-10,12:09:26.292075,[]
2026-06-10,12:09:26.325442,[]
2026-06-10,12:09:26.358809,[]
2026-06-10,12:09:26.392176,[]
2026-06-10,12:09:26.425543,[]
2026-06-10,12:09:26.458910,[]
2026-06-10,12:09:26.492277,[]
2026-06-10,12:09:26.525644,[]
2026-06-10,12:09:26.559011,[]
2026-06-10,12:09:26.592378,[]
2026-06-10,12:09:26.625745,[]
2026-06-10,12:09:26.659112,[]
2026-06-10,12:09:26.692479,[]
2026-06-10,12:09:26.725846,[]
2026-06-10,12:09:26.759213,[]
2026-06-10,12:09:26.792580,[]
2026-06-10,12:09:26.825947,[]
2026-06-10,12:09:26.859314,[]
2026-06-10,12:09:26.892681,[]
2026-06-10,12:09:26.926048,[]
2026-06-10,12:09:26.959415,[]
2026-06-10,12:09:26.992782,[]
2026-06-10,12:09:27.026149,[]
2026-06-10,12:09:27.059516,[]
2026-06-10,12:09:27.092883,[]
2026-06-10,12:09:27.126250,[]
2026-06-10,12:09:27.159617,[]
2026-06-10,12:09:27.192984,[]
2026-06-10,12:09:27.226351,[]
2026-06-10,12:09:27.259718,[]
2026-06-10,12:09:27.293085,[]
2026-06-10,12:09:27.326452,[]
2026-06-10,12:09:27.359819,[]
2026-06-10,12:09:27.393186,[]
2026-06-10,12:09:27.426553,[]
2026-06-10,12:09:27.459920,[]
2026-06-10,12:09:27.493287,[]
2026-06-10,12:09:27.526654,[]
2026-06-10,12:09:27.560021,[]
2026-06-10,12:09:27.593388,[]
2026-06-10,12:09:27.626755,[]
2026-06-10,12:09:27.660122,[]
2026-06-10,12:09:27.693489,[]
2026-06-10,12:09:27.726856,[]
2026-06-10,12:09:27.760223,[]
2026-06-10,12:09:27.793590,[]
2026-06-10,12:09:27.826957,[]
2026-06-10,12:09:27.860324,[]
2026-06-10,12:09:27.893691,[]
2026-06-10,12:09:27.927058,[]
2026-06-10,12:09:27.960425,[]
2026-06-10,12:09:27.993792,[]
2026-06-10,12:09:28.027159,[]
2026-06-10,12:09:28.060526,[]
2026-06-10,12:09:28.093893,[]
2026-06-10,12:09:28.127260,[]
2026-06-10,12:09:28.160627,[]
2026-06-10,12:09:28.193994,[]
2026-06-10,12:09:28.227361,[]
2026-06-10,12:09:28.260728,[]
2026-06-10,12:09:28.294095,[]
2026-06-10,12:09:28.327462,[]
2026-06-10,12:09:28.360829,[]
2026-06-10,12:09:28.394196,[]
2026-06-10,12:09:28.427563,[]
2026-06-10,12:09:28.460930,[]
2026-06-10,12:09:28.494297,[]
2026-06-10,12:09:28.527664,[]
2026-06-10,12:09:28.561031,['BL98595']
2026-06-10,12:09:28.594398,['BL98595']
2026-06-10,12:09:28.627765,['BL98595']
2026-06-10,12:09:28.661132,[]
2026-06-10,12:09:28.694499,[]
2026-06-10,12:09:28.727866,[]
2026-06-10,12:09:28.761233,[]
2026-06-10,12:09:28.794600,[]
2026-06-10,12:09:28.827967,[]
2026-06-10,12:09:28.861334,[]
2026-06-10,12:09:28.894701,[]
2026-06-10,12:09:28.928068,[]
2026-06-10,12:09:28.961435,[]
2026-06-10,12:09:28.994802,[]
2026-06-10,12:09:29.028169,[]
2026-06-10,12:09:29.061536,[]
2026-06-10,12:09:29.094903,[]
2026-06-10,12:09:29.128270,[]
2026-06-10,12:09:29.161637,[]
2026-06-10,12:09:29.195004,[]
2026-06-10,12:09:29.228371,[]
2026-06-10,12:09:29.261738,[]
2026-06-10,12:09:29.295105,[]
2026-06-10,12:09:29.328472,[]
2026-06-10,12:09:29.361839,[]
2026-06-10,12:09:29.395206,[]
2026-06-10,12:09:29.428573,[]
2026-06-10,12:09:29.461940,[]
2026-06-10,12:09:29.495307,[]
2026-06-10,12:09:29.528674,[]
2026-06-10,12:09:29.562041,[]
2026-06-10,12:09:29.595408,[]
2026-06-10,12:09:29.628775,[]
2026-06-10,12:09:29.662142,[]
2026-06-10,12:09:29.695509,[]
2026-06-10,12:09:29.728876,[]
2026-06-10,12:09:29.762243,[]
2026-06-10,12:09:29.795610,[]
2026-06-10,12:09:29.828977,[]
2026-06-10,12:09:29.862344,[]
2026-06-10,12:09:29.895711,[]
2026-06-10,12:09:29.929078,[]
2026-06-10,12:09:29.962445,[]
2026-06-10,12:09:29.995812,[]
2026-06-10,12:09:30.029179,[]
2026-06-10,12:09:30.062546,[]
2026-06-10,12:09:30.095913,[]
2026-06-10,12:09:30.129280,[]
2026-06-10,12:09:30.162647,[]
2026-06-10,12:09:30.196014,[]
2026-06-10,12:09:30.229381,[]
2026-06-10,12:09:30.262748,[]
2026-06-10,12:09:30.296115,[]
2026-06-10,12:09:30.329482,[]
2026-06-10,12:09:30.362849,[]
2026-06-10,12:09:30.396216,[]
2026-06-10,12:09:30.429583,[]
2026-06-10,12:09:30.462950,[]
2026-06-10,12:09:30.496317,[]
2026-06-10,12:09:30.529684,[]
2026-06-10,12:09:30.563051,[]
2026-06-10,12:09:30.596418,[]
2026-06-10,12:09:30.629785,[]
2026-06-10,12:09:30.663152,[]
2026-06-10,12:09:30.696519,[]
2026-06-10,12:09:30.729886,[]
2026-06-10,12:09:30.763253,[]
2026-06-10,12:09:30.796620,[]
2026-06-10,12:09:30.829987,[]
2026-06-10,12:09:30.863354,[]
2026-06-10,12:09:30.896721,[]
2026-06-10,12:09:30.930088,[]
2026-06-10,12:09:30.963455,[]
2026-06-10,12:09:30.996822,[]
2026-06-10,12:09:31.030189,[]
2026-06-10,12:09:31.063556,[]
2026-06-10,12:09:31.096923,[]
2026-06-10,12:09:31.130290,[]
2026-06-10,12:09:31.163657,[]
2026-06-10,12:09:31.197024,[]
2026-06-10,12:09:31.230391,[]
2026-06-10,12:09:31.263758,[]
2026-06-10,12:09:31.297125,[]
2026-06-10,12:09:31.330492,[]
2026-06-10,12:09:31.363859,[]
2026-06-10,12:09:31.397226,[]
2026-06-10,12:09:31.430593,[]
2026-06-10,12:09:31.463960,[]
2026-06-10,12:09:31.497327,[]
2026-06-10,12:09:31.530694,[]
2026-06-10,12:09:31.564061,[]
2026-06-10,12:09:31.597428,[]
2026-06-10,12:09:31.630795,[]
2026-06-10,12:09:31.664162,[]
2026-06-10,12:09:31.697529,[]
2026-06-10,12:09:31.730896,[]
2026-06-10,12:09:31.764263,[]
2026-06-10,12:09:31.797630,[]
2026-06-10,12:09:31.830997,[]
2026-06-10,12:09:31.864364,[]
2026-06-10,12:09:31.897731,[]
2026-06-10,12:09:31.931098,[]
2026-06-10,12:09:31.964465,[]
2026-06-10,12:09:31.997832,[]
2026-06-10,12:09:32.031199,[]
2026-06-10,12:09:32.064566,[]
2026-06-10,12:09:32.097933,[]
2026-06-10,12:09:32.131300,[]
2026-06-10,12:09:32.164667,[]
2026-06-10,12:09:32.198034,[]
2026-06-10,12:09:32.231401,[]
2026-06-10,12:09:32.264768,[]
2026-06-10,12:09:32.298135,[]
2026-06-10,12:09:32.331502,[]
2026-06-10,12:09:32.364869,[]
2026-06-10,12:09:32.398236,[]
2026-06-10,12:09:32.431603,[]
2026-06-10,12:09:32.464970,[]
2026-06-10,12:09:32.498337,[]
2026-06-10,12:09:32.531704,[]
2026-06-10,12:09:32.565071,[]
2026-06-10,12:09:32.598438,[]
2026-06-10,12:09:32.631805,[]
2026-06-10,12:09:32.665172,[]
2026-06-10,12:09:32.698539,[]
2026-06-10,12:09:32.731906,[]
2026-06-10,12:09:32.765273,[]
2026-06-10,12:09:32.798640,[]
2026-06-10,12:09:32.832007,[]
2026-06-10,12:09:32.865374,[]
2026-06-10,12:09:32.898741,[]
2026-06-10,12:09:32.932108,[]
2026-06-10,12:09:32.965475,[]
2026-06-10,12:09:32.998842,[]
2026-06-10,12:09:33.032209,[]
2026-06-10,12:09:33.065576,[]
2026-06-10,12:09:33.098943,[]
2026-06-10,12:09:33.132310,[]
2026-06-10,12:09:33.165677,[]
2026-06-10,12:09:33.199044,[]
2026-06-10,12:09:33.232411,[]
2026-06-10,12:09:33.265778,[]
2026-06-10,12:09:33.299145,[]
2026-06-10,12:09:33.332512,[]
2026-06-10,12:09:33.365879,[]
2026-06-10,12:09:33.399246,[]
2026-06-10,12:09:33.432613,[]
2026-06-10,12:09:33.465980,[]
2026-06-10,12:09:33.499347,[]
2026-06-10,12:09:33.532714,[]
2026-06-10,12:09:33.566081,[]
2026-06-10,12:09:33.599448,[]
2026-06-10,12:09:33.632815,[]
2026-06-10,12:09:33.666182,[]
2026-06-10,12:09:33.699549,[]
2026-06-10,12:09:33.732916,[]
2026-06-10,12:09:33.766283,[]
2026-06-10,12:09:33.799650,[]
2026-06-10,12:09:33.833017,[]
2026-06-10,12:09:33.866384,[]
2026-06-10,12:09:33.899751,[]
2026-06-10,12:09:33.933118,[]
2026-06-10,12:09:33.966485,[]
2026-06-10,12:09:33.999852,[]
2026-06-10,12:09:34.033219,[]
2026-06-10,12:09:34.066586,[]
2026-06-10,12:09:34.099953,[]
2026-06-10,12:09:34.133320,[]
2026-06-10,12:09:34.166687,[]
2026-06-10,12:09:34.200054,[]
2026-06-10,12:09:34.233421,[]
2026-06-10,12:09:34.266788,[]
2026-06-10,12:09:34.300155,[]
2026-06-10,12:09:34.333522,[]
2026-06-10,12:09:34.366889,[]
2026-06-10,12:09:34.400256,[]
2026-06-10,12:09:34.433623,[]
2026-06-10,12:09:34.466990,[]
2026-06-10,12:09:34.500357,[]
2026-06-10,12:09:34.533724,[]
2026-06-10,12:09:34.567091,[]
2026-06-10,12:09:34.600458,[]
2026-06-10,12:09:34.633825,[]
2026-06-10,12:09:34.667192,[]
2026-06-10,12:09:34.700559,[]
2026-06-10,12:09:34.733926,[]
2026-06-10,12:09:34.767293,[]
2026-06-10,12:09:34.800660,[]
2026-06-10,12:09:34.834027,[]
2026-06-10,12:09:34.867394,[]
2026-06-10,12:09:34.900761,[]
2026-06-10,12:09:34.934128,[]
2026-06-10,12:09:34.967495,[]
2026-06-10,12:09:35.000862,[]
2026-06-10,12:09:35.034229,[]
2026-06-10,12:09:35.067596,[]
2026-06-10,12:09:35.100963,[]
2026-06-10,12:09:35.134330,[]
2026-06-10,12:09:35.167697,[]
2026-06-10,12:09:35.201064,[]
2026-06-10,12:09:35.234431,[]
2026-06-10,12:09:35.267798,[]
2026-06-10,12:09:35.301165,[]
2026-06-10,12:09:35.334532,[]
2026-06-10,12:09:35.367899,[]
2026-06-10,12:09:35.401266,[]
2026-06-10,12:09:35.434633,[]
2026-06-10,12:09:35.468000,[]
2026-06-10,12:09:35.501367,[]
2026-06-10,12:09:35.534734,[]
2026-06-10,12:09:35.568101,[]
2026-06-10,12:09:35.601468,[]
2026-06-10,12:09:35.634835,[]
2026-06-10,12:09:35.668202,[]
2026-06-10,12:09:35.701569,[]
2026-06-10,12:09:35.734936,[]
2026-06-10,12:09:35.768303,[]
2026-06-10,12:09:35.801670,[]
2026-06-10,12:09:35.835037,[]
2026-06-10,12:09:35.868404,[]
2026-06-10,12:09:35.901771,[]
2026-06-10,12:09:35.935138,[]
2026-06-10,12:09:35.968505,[]
2026-06-10,12:09:36.001872,[]
2026-06-10,12:09:36.035239,[]
2026-06-10,12:09:36.068606,[]
2026-06-10,12:09:36.101973,[]
2026-06-10,12:09:36.135340,[]
2026-06-10,12:09:36.168707,[]
2026-06-10,12:09:36.202074,[]
2026-06-10,12:09:36.235441,[]
2026-06-10,12:09:36.268808,[]
2026-06-10,12:09:36.302175,[]
2026-06-10,12:09:36.335542,[]
2026-06-10,12:09:36.368909,[]
2026-06-10,12:09:36.402276,[]
2026-06-10,12:09:36.435643,[]
2026-06-10,12:09:36.469010,[]
2026-06-10,12:09:36.502377,[]
2026-06-10,12:09:36.535744,[]
2026-06-10,12:09:36.569111,[]
2026-06-10,12:09:36.602478,[]
2026-06-10,12:09:36.635845,[]
2026-06-10,12:09:36.669212,[]
2026-06-10,12:09:36.702579,[]
2026-06-10,12:09:36.735946,[]
2026-06-10,12:09:36.769313,[]
2026-06-10,12:09:36.802680,[]
2026-06-10,12:09:36.836047,[]
2026-06-10,12:09:36.869414,[]
2026-06-10,12:09:36.902781,[]
2026-06-10,12:09:36.936148,[]
2026-06-10,12:09:36.969515,[]
2026-06-10,12:09:37.002882,[]
2026-06-10,12:09:37.036249,[]
2026-06-10,12:09:37.069616,[]
2026-06-10,12:09:37.102983,[]
2026-06-10,12:09:37.136350,[]
2026-06-10,12:09:37.169717,[]
2026-06-10,12:09:37.203084,[]
2026-06-10,12:09:37.236451,[]
2026-06-10,12:09:37.269818,[]
2026-06-10,12:09:37.303185,[]
2026-06-10,12:09:37.336552,[]
2026-06-10,12:09:37.369919,[]
2026-06-10,12:09:37.403286,[]
2026-06-10,12:09:37.436653,[]
2026-06-10,12:09:37.470020,[]
2026-06-10,12:09:37.503387,[]
2026-06-10,12:09:37.536754,[]
2026-06-10,12:09:37.570121,[]
2026-06-10,12:09:37.603488,[]
2026-06-10,12:09:37.636855,[]
2026-06-10,12:09:37.670222,[]
2026-06-10,12:09:37.703589,[]
2026-06-10,12:09:37.736956,[]
2026-06-10,12:09:37.770323,['ES16063']
2026-06-10,12:09:37.803690,['ES16063']
2026-06-10,12:09:37.837057,['ES16063']
2026-06-10,12:09:37.870424,['ES16063']
2026-06-10,12:09:37.903791,[]
2026-06-10,12:09:37.937158,[]
2026-06-10,12:09:37.970525,[]
2026-06-10,12:09:38.003892,[]
2026-06-10,12:09:38.037259,[]
2026-06-10,12:09:38.070626,[]
2026-06-10,12:09:38.103993,[]
2026-06-10,12:09:38.137360,[]
2026-06-10,12:09:38.170727,[]
2026-06-10,12:09:38.204094,[]
2026-06-10,12:09:38.237461,[]
2026-06-10,12:09:38.270828,[]
2026-06-10,12:09:38.304195,[]
2026-06-10,12:09:38.337562,[]
2026-06-10,12:09:38.370929,[]
2026-06-10,12:09:38.404296,[]
2026-06-10,12:09:38.437663,[]
2026-06-10,12:09:38.471030,[]
2026-06-10,12:09:38.504397,[]
2026-06-10,12:09:38.537764,[]
2026-06-10,12:09:38.571131,[]
2026-06-10,12:09:38.604498,[]
2026-06-10,12:09:38.637865,[]
2026-06-10,12:09:38.671232,[]
2026-06-10,12:09:38.704599,[]
2026-06-10,12:09:38.737966,[]
2026-06-10,12:09:38.771333,[]
2026-06-10,12:09:38.804700,[]
2026-06-10,12:09:38.838067,[]
2026-06-10,12:09:38.871434,[]
2026-06-10,12:09:38.904801,[]
2026-06-10,12:09:38.938168,[]
2026-06-10,12:09:38.971535,[]
2026-06-10,12:09:39.004902,[]
2026-06-10,12:09:39.038269,[]
2026-06-10,12:09:39.071636,[]
2026-06-10,12:09:39.105003,[]
2026-06-10,12:09:39.138370,[]
2026-06-10,12:09:39.171737,[]
2026-06-10,12:09:39.205104,[]
2026-06-10,12:09:39.238471,[]
2026-06-10,12:09:39.271838,[]
2026-06-10,12:09:39.305205,[]
2026-06-10,12:09:39.338572,[]
2026-06-10,12:09:39.371939,[]
2026-06-10,12:09:39.405306,[]
2026-06-10,12:09:39.438673,[]
2026-06-10,12:09:39.472040,[]
2026-06-10,12:09:39.505407,[]
2026-06-10,12:09:39.538774,[]
2026-06-10,12:09:39.572141,[]
2026-06-10,12:09:39.605508,[]
2026-06-10,12:09:39.638875,[]
2026-06-10,12:09:39.672242,[]
2026-06-10,12:09:39.705609,[]
2026-06-10,12:09:39.738976,[]
2026-06-10,12:09:39.772343,[]
2026-06-10,12:09:39.805710,[]
2026-06-10,12:09:39.839077,[]
2026-06-10,12:09:39.872444,[]
2026-06-10,12:09:39.905811,[]
2026-06-10,12:09:39.939178,[]
2026-06-10,12:09:39.972545,[]
2026-06-10,12:09:40.005912,[]
2026-06-10,12:09:40.039279,[]
2026-06-10,12:09:40.072646,[]
2026-06-10,12:09:40.106013,[]
2026-06-10,12:09:40.139380,[]
2026-06-10,12:09:40.172747,[]
2026-06-10,12:09:40.206114,[]
2026-06-10,12:09:40.239481,[]
2026-06-10,12:09:40.272848,[]
2026-06-10,12:09:40.306215,[]
2026-06-10,12:09:40.339582,[]
2026-06-10,12:09:40.372949,[]
2026-06-10,12:09:40.406316,[]
2026-06-10,12:09:40.439683,[]
2026-06-10,12:09:40.473050,[]
2026-06-10,12:09:40.506417,[]
2026-06-10,12:09:40.539784,[]
2026-06-10,12:09:40.573151,[]
2026-06-10,12:09:40.606518,[]
2026-06-10,12:09:40.639885,[]
2026-06-10,12:09:40.673252,[]
2026-06-10,12:09:40.706619,[]
2026-06-10,12:09:40.739986,[]
2026-06-10,12:09:40.773353,[]
2026-06-10,12:09:40.806720,[]
2026-06-10,12:09:40.840087,[]
2026-06-10,12:09:40.873454,[]
2026-06-10,12:09:40.906821,[]
2026-06-10,12:09:40.940188,[]
2026-06-10,12:09:40.973555,[]
2026-06-10,12:09:41.006922,[]
2026-06-10,12:09:41.040289,[]
2026-06-10,12:09:41.073656,[]
2026-06-10,12:09:41.107023,[]
2026-06-10,12:09:41.140390,[]
2026-06-10,12:09:41.173757,[]
2026-06-10,12:09:41.207124,[]
2026-06-10,12:09:41.240491,[]
2026-06-10,12:09:41.273858,[]
2026-06-10,12:09:41.307225,[]
2026-06-10,12:09:41.340592,[]
2026-06-10,12:09:41.373959,[]
2026-06-10,12:09:41.407326,[]
2026-06-10,12:09:41.440693,[]
2026-06-10,12:09:41.474060,[]
2026-06-10,12:09:41.507427,[]
2026-06-10,12:09:41.540794,[]
2026-06-10,12:09:41.574161,[]
2026-06-10,12:09:41.607528,[]
2026-06-10,12:09:41.640895,[]
2026-06-10,12:09:41.674262,[]
2026-06-10,12:09:41.707629,[]
2026-06-10,12:09:41.740996,[]
2026-06-10,12:09:41.774363,[]
2026-06-10,12:09:41.807730,[]
2026-06-10,12:09:41.841097,[]
2026-06-10,12:09:41.874464,[]
2026-06-10,12:09:41.907831,[]
2026-06-10,12:09:41.941198,[]
2026-06-10,12:09:41.974565,[]
2026-06-10,12:09:42.007932,[]
2026-06-10,12:09:42.041299,[]
2026-06-10,12:09:42.074666,[]
2026-06-10,12:09:42.108033,[]
2026-06-10,12:09:42.141400,[]
2026-06-10,12:09:42.174767,[]
2026-06-10,12:09:42.208134,[]
2026-06-10,12:09:42.241501,[]
2026-06-10,12:09:42.274868,[]
2026-06-10,12:09:42.308235,[]
2026-06-10,12:09:42.341602,[]
2026-06-10,12:09:42.374969,[]
2026-06-10,12:09:42.408336,[]
2026-06-10,12:09:42.441703,[]
2026-06-10,12:09:42.475070,[]
2026-06-10,12:09:42.508437,[]
2026-06-10,12:09:42.541804,[]
2026-06-10,12:09:42.575171,[]
2026-06-10,12:09:42.608538,[]
2026-06-10,12:09:42.641905,[]
2026-06-10,12:09:42.675272,[]
2026-06-10,12:09:42.708639,[]
2026-06-10,12:09:42.742006,[]
2026-06-10,12:09:42.775373,[]
2026-06-10,12:09:42.808740,[]
2026-06-10,12:09:42.842107,[]
2026-06-10,12:09:42.875474,[]
2026-06-10,12:09:42.908841,[]
2026-06-10,12:09:42.942208,[]
2026-06-10,12:09:42.975575,[]
2026-06-10,12:09:43.008942,[]
2026-06-10,12:09:43.042309,[]
2026-06-10,12:09:43.075676,[]
2026-06-10,12:09:43.109043,[]
2026-06-10,12:09:43.142410,[]
2026-06-10,12:09:43.175777,[]
2026-06-10,12:09:43.209144,[]
2026-06-10,12:09:43.242511,[]
2026-06-10,12:09:43.275878,[]
2026-06-10,12:09:43.309245,[]
2026-06-10,12:09:43.342612,[]
2026-06-10,12:09:43.375979,[]
2026-06-10,12:09:43.409346,[]
2026-06-10,12:09:43.442713,[]
2026-06-10,12:09:43.476080,[]
2026-06-10,12:09:43.509447,[]
2026-06-10,12:09:43.542814,[]
2026-06-10,12:09:43.576181,[]
2026-06-10,12:09:43.609548,['XJ96866']
2026-06-10,12:09:43.642915,['XJ96866']
2026-06-10,12:09:43.676282,['XJ96866']
2026-06-10,12:09:43.709649,['XJ96866']
2026-06-10,12:09:43.743016,['XJ96866']
2026-06-10,12:09:43.776383,[]
2026-06-10,12:09:43.809750,[]
2026-06-10,12:09:43.843117,[]
2026-06-10,12:09:43.876484,[]
2026-06-10,12:09:43.909851,[]
2026-06-10,12:09:43.943218,[]
2026-06-10,12:09:43.976585,[]
2026-06-10,12:09:44.009952,[]
2026-06-10,12:09:44.043319,[]
2026-06-10,12:09:44.076686,[]
2026-06-10,12:09:44.110053,[]
2026-06-10,12:09:44.143420,[]
2026-06-10,12:09:44.176787,[]
2026-06-10,12:09:44.210154,[]
2026-06-10,12:09:44.243521,[]
2026-06-10,12:09:44.276888,[]
2026-06-10,12:09:44.310255,[]
2026-06-10,12:09:44.343622,[]
2026-06-10,12:09:44.376989,[]
2026-06-10,12:09:44.410356,[]
2026-06-10,12:09:44.443723,[]
2026-06-10,12:09:44.477090,[]
2026-06-10,12:09:44.510457,[]
2026-06-10,12:09:44.543824,[]
2026-06-10,12:09:44.577191,[]
2026-06-10,12:09:44.610558,[]
2026-06-10,12:09:44.643925,[]
2026-06-10,12:09:44.677292,[]
2026-06-10,12:09:44.710659,[]
2026-06-10,12:09:44.744026,[]
2026-06-10,12:09:44.777393,[]
2026-06-10,12:09:44.810760,[]
2026-06-10,12:09:44.844127,[]
2026-06-10,12:09:44.877494,[]
2026-06-10,12:09:44.910861,[]
2026-06-10,12:09:44.944228,[]
2026-06-10,12:09:44.977595,[]
2026-06-10,12:09:45.010962,[]
2026-06-10,12:09:45.044329,[]
2026-06-10,12:09:45.077696,[]
2026-06-10,12:09:45.111063,[]
2026-06-10,12:09:45.144430,[]
2026-06-10,12:09:45.177797,[]
2026-06-10,12:09:45.211164,[]
2026-06-10,12:09:45.244531,[]
2026-06-10,12:09:45.277898,[]
2026-06-10,12:09:45.311265,[]
2026-06-10,12:09:45.344632,[]
2026-06-10,12:09:45.377999,[]
2026-06-10,12:09:45.411366,[]
2026-06-10,12:09:45.444733,[]
2026-06-10,12:09:45.478100,[]
2026-06-10,12:09:45.511467,[]
2026-06-10,12:09:45.544834,[]
2026-06-10,12:09:45.578201,[]
2026-06-10,12:09:45.611568,[]
2026-06-10,12:09:45.644935,[]
2026-06-10,12:09:45.678302,[]
2026-06-10,12:09:45.711669,[]
2026-06-10,12:09:45.745036,[]
2026-06-10,12:09:45.778403,[]
2026-06-10,12:09:45.811770,[]
2026-06-10,12:09:45.845137,[]
2026-06-10,12:09:45.878504,[]
2026-06-10,12:09:45.911871,[]
2026-06-10,12:09:45.945238,[]
2026-06-10,12:09:45.978605,[]
2026-06-10,12:09:46.011972,[]
2026-06-10,12:09:46.045339,[]
2026-06-10,12:09:46.078706,[]
2026-06-10,12:09:46.112073,[]
2026-06-10,12:09:46.145440,[]
2026-06-10,12:09:46.178807,[]
2026-06-10,12:09:46.212174,[]
2026-06-10,12:09:46.245541,[]
2026-06-10,12:09:46.278908,[]
2026-06-10,12:09:46.312275,[]
2026-06-10,12:09:46.345642,[]
2026-06-10,12:09:46.379009,[]
2026-06-10,12:09:46.412376,[]
2026-06-10,12:09:46.445743,[]
2026-06-10,12:09:46.479110,[]
2026-06-10,12:09:46.512477,[]
2026-06-10,12:09:46.545844,[]
2026-06-10,12:09:46.579211,[]
2026-06-10,12:09:46.612578,['BM98884']
2026-06-10,12:09:46.645945,['BM98884']
2026-06-10,12:09:46.679312,[]
2026-06-10,12:09:46.712679,['BM98884']
2026-06-10,12:09:46.746046,[]
2026-06-10,12:09:46.779413,[]
2026-06-10,12:09:46.812780,[]
2026-06-10,12:09:46.846147,[]
2026-06-10,12:09:46.879514,[]
2026-06-10,12:09:46.912881,[]
2026-06-10,12:09:46.946248,[]
2026-06-10,12:09:46.979615,[]
2026-06-10,12:09:47.012982,[]
2026-06-10,12:09:47.046349,[]
2026-06-10,12:09:47.079716,[]
2026-06-10,12:09:47.113083,[]
2026-06-10,12:09:47.146450,[]
2026-06-10,12:09:47.179817,[]
2026-06-10,12:09:47.213184,[]
2026-06-10,12:09:47.246551,[]
2026-06-10,12:09:47.279918,[]
2026-06-10,12:09:47.313285,[]
2026-06-10,12:09:47.346652,[]
2026-06-10,12:09:47.380019,[]
2026-06-10,12:09:47.413386,[]
2026-06-10,12:09:47.446753,[]
2026-06-10,12:09:47.480120,[]
2026-06-10,12:09:47.513487,[]
2026-06-10,12:09:47.546854,[]
2026-06-10,12:09:47.580221,[]
2026-06-10,12:09:47.613588,[]
2026-06-10,12:09:47.646955,[]
2026-06-10,12:09:47.680322,[]
2026-06-10,12:09:47.713689,[]
2026-06-10,12:09:47.747056,[]
2026-06-10,12:09:47.780423,[]
2026-06-10,12:09:47.813790,[]
2026-06-10,12:09:47.847157,[]
2026-06-10,12:09:47.880524,[]
2026-06-10,12:09:47.913891,[]
2026-06-10,12:09:47.947258,[]
2026-06-10,12:09:47.980625,[]
2026-06-10,12:09:48.013992,[]
2026-06-10,12:09:48.047359,[]
2026-06-10,12:09:48.080726,[]
2026-06-10,12:09:48.114093,[]
2026-06-10,12:09:48.147460,[]
2026-06-10,12:09:48.180827,[]
2026-06-10,12:09:48.214194,[]
2026-06-10,12:09:48.247561,[]
2026-06-10,12:09:48.280928,[]
2026-06-10,12:09:48.314295,[]
2026-06-10,12:09:48.347662,[]
2026-06-10,12:09:48.381029,[]
2026-06-10,12:09:48.414396,[]
2026-06-10,12:09:48.447763,[]
2026-06-10,12:09:48.481130,[]
2026-06-10,12:09:48.514497,[]
2026-06-10,12:09:48.547864,[]
2026-06-10,12:09:48.581231,[]
2026-06-10,12:09:48.614598,[]
2026-06-10,12:09:48.647965,[]
2026-06-10,12:09:48.681332,[]
2026-06-10,12:09:48.714699,[]
2026-06-10,12:09:48.748066,[]
2026-06-10,12:09:48.781433,[]
2026-06-10,12:09:48.814800,[]
2026-06-10,12:09:48.848167,[]
2026-06-10,12:09:48.881534,[]
2026-06-10,12:09:48.914901,[]
2026-06-10,12:09:48.948268,[]
2026-06-10,12:09:48.981635,[]
2026-06-10,12:09:49.015002,[]
2026-06-10,12:09:49.048369,[]
2026-06-10,12:09:49.081736,[]
2026-06-10,12:09:49.115103,[]
2026-06-10,12:09:49.148470,[]
2026-06-10,12:09:49.181837,[]
2026-06-10,12:09:49.215204,[]
2026-06-10,12:09:49.248571,[]
2026-06-10,12:09:49.281938,[]
2026-06-10,12:09:49.315305,[]
2026-06-10,12:09:49.348672,[]
2026-06-10,12:09:49.382039,[]
2026-06-10,12:09:49.415406,[]
2026-06-10,12:09:49.448773,[]
2026-06-10,12:09:49.482140,[]
2026-06-10,12:09:49.515507,[]
2026-06-10,12:09:49.548874,[]
2026-06-10,12:09:49.582241,[]
2026-06-10,12:09:49.615608,[]
2026-06-10,12:09:49.648975,[]
2026-06-10,12:09:49.682342,[]
2026-06-10,12:09:49.715709,[]
2026-06-10,12:09:49.749076,[]
2026-06-10,12:09:49.782443,[]
2026-06-10,12:09:49.815810,[]
2026-06-10,12:09:49.849177,[]
2026-06-10,12:09:49.882544,[]
2026-06-10,12:09:49.915911,[]
2026-06-10,12:09:49.949278,[]
2026-06-10,12:09:49.982645,[]
2026-06-10,12:09:50.016012,[]
2026-06-10,12:09:50.049379,[]
2026-06-10,12:09:50.082746,[]
2026-06-10,12:09:50.116113,[]
2026-06-10,12:09:50.149480,[]
2026-06-10,12:09:50.182847,[]
2026-06-10,12:09:50.216214,[]
2026-06-10,12:09:50.249581,[]
2026-06-10,12:09:50.282948,[]
2026-06-10,12:09:50.316315,[]
2026-06-10,12:09:50.349682,[]
2026-06-10,12:09:50.383049,[]
2026-06-10,12:09:50.416416,[]
2026-06-10,12:09:50.449783,[]
2026-06-10,12:09:50.483150,[]
2026-06-10,12:09:50.516517,[]
2026-06-10,12:09:50.549884,[]
2026-06-10,12:09:50.583251,[]
2026-06-10,12:09:50.616618,[]
2026-06-10,12:09:50.649985,[]
2026-06-10,12:09:50.683352,[]
2026-06-10,12:09:50.716719,[]
2026-06-10,12:09:50.750086,[]
2026-06-10,12:09:50.783453,[]
2026-06-10,12:09:50.816820,[]
2026-06-10,12:09:50.850187,[]
2026-06-10,12:09:50.883554,[]
2026-06-10,12:09:50.916921,[]
2026-06-10,12:09:50.950288,[]
2026-06-10,12:09:50.983655,[]
2026-06-10,12:09:51.017022,[]
2026-06-10,12:09:51.050389,[]
2026-06-10,12:09:51.083756,[]
2026-06-10,12:09:51.117123,[]
2026-06-10,12:09:51.150490,[]
2026-06-10,12:09:51.183857,[]
2026-06-10,12:09:51.217224,[]
2026-06-10,12:09:51.250591,[]
2026-06-10,12:09:51.283958,[]
2026-06-10,12:09:51.317325,[]
2026-06-10,12:09:51.350692,[]
2026-06-10,12:09:51.384059,[]
2026-06-10,12:09:51.417426,[]
2026-06-10,12:09:51.450793,[]
2026-06-10,12:09:51.484160,[]
2026-06-10,12:09:51.517527,[]
2026-06-10,12:09:51.550894,[]
2026-06-10,12:09:51.584261,[]
2026-06-10,12:09:51.617628,[]
2026-06-10,12:09:51.650995,[]
2026-06-10,12:09:51.684362,[]
2026-06-10,12:09:51.717729,[]
2026-06-10,12:09:51.751096,[]
2026-06-10,12:09:51.784463,[]
2026-06-10,12:09:51.817830,[]
2026-06-10,12:09:51.851197,[]
2026-06-10,12:09:51.884564,[]
2026-06-10,12:09:51.917931,[]
2026-06-10,12:09:51.951298,[]
2026-06-10,12:09:51.984665,[]
2026-06-10,12:09:52.018032,[]
2026-06-10,12:09:52.051399,[]
2026-06-10,12:09:52.084766,[]
2026-06-10,12:09:52.118133,[]
2026-06-10,12:09:52.151500,[]
2026-06-10,12:09:52.184867,[]
2026-06-10,12:09:52.218234,[]
2026-06-10,12:09:52.251601,[]
2026-06-10,12:09:52.284968,[]
2026-06-10,12:09:52.318335,[]
2026-06-10,12:09:52.351702,[]
2026-06-10,12:09:52.385069,[]
2026-06-10,12:09:52.418436,[]
2026-06-10,12:09:52.451803,[]
2026-06-10,12:09:52.485170,[]
2026-06-10,12:09:52.518537,[]
2026-06-10,12:09:52.551904,[]
2026-06-10,12:09:52.585271,[]
2026-06-10,12:09:52.618638,[]
2026-06-10,12:09:52.652005,[]
2026-06-10,12:09:52.685372,[]
2026-06-10,12:09:52.718739,[]
2026-06-10,12:09:52.752106,[]
2026-06-10,12:09:52.785473,[]
2026-06-10,12:09:52.818840,[]
2026-06-10,12:09:52.852207,[]
2026-06-10,12:09:52.885574,[]
2026-06-10,12:09:52.918941,[]
2026-06-10,12:09:52.952308,[]
2026-06-10,12:09:52.985675,[]
2026-06-10,12:09:53.019042,[]
2026-06-10,12:09:53.052409,[]
2026-06-10,12:09:53.085776,[]
2026-06-10,12:09:53.119143,[]
2026-06-10,12:09:53.152510,[]
2026-06-10,12:09:53.185877,[]
2026-06-10,12:09:53.219244,[]
2026-06-10,12:09:53.252611,[]
2026-06-10,12:09:53.285978,[]
2026-06-10,12:09:53.319345,[]
2026-06-10,12:09:53.352712,[]
2026-06-10,12:09:53.386079,[]
2026-06-10,12:09:53.419446,[]
2026-06-10,12:09:53.452813,[]
2026-06-10,12:09:53.486180,[]
2026-06-10,12:09:53.519547,[]
2026-06-10,12:09:53.552914,[]
2026-06-10,12:09:53.586281,[]
2026-06-10,12:09:53.619648,[]
2026-06-10,12:09:53.653015,[]
2026-06-10,12:09:53.686382,[]
2026-06-10,12:09:53.719749,[]
2026-06-10,12:09:53.753116,[]
2026-06-10,12:09:53.786483,[]
2026-06-10,12:09:53.819850,[]
2026-06-10,12:09:53.853217,[]
2026-06-10,12:09:53.886584,[]
2026-06-10,12:09:53.919951,[]
2026-06-10,12:09:53.953318,[]
2026-06-10,12:09:53.986685,[]
2026-06-10,12:09:54.020052,[]
2026-06-10,12:09:54.053419,[]
2026-06-10,12:09:54.086786,[]
2026-06-10,12:09:54.120153,[]
2026-06-10,12:09:54.153520,[]
2026-06-10,12:09:54.186887,[]
2026-06-10,12:09:54.220254,[]
2026-06-10,12:09:54.253621,[]
2026-06-10,12:09:54.286988,[]
2026-06-10,12:09:54.320355,[]
2026-06-10,12:09:54.353722,[]
2026-06-10,12:09:54.387089,[]
2026-06-10,12:09:54.420456,[]
2026-06-10,12:09:54.453823,[]
2026-06-10,12:09:54.487190,[]
2026-06-10,12:09:54.520557,[]
2026-06-10,12:09:54.553924,[]
2026-06-10,12:09:54.587291,[]
2026-06-10,12:09:54.620658,[]
2026-06-10,12:09:54.654025,[]
2026-06-10,12:09:54.687392,[]
2026-06-10,12:09:54.720759,[]
2026-06-10,12:09:54.754126,[]
2026-06-10,12:09:54.787493,[]
2026-06-10,12:09:54.820860,[]
2026-06-10,12:09:54.854227,[]
2026-06-10,12:09:54.887594,[]
2026-06-10,12:09:54.920961,[]
2026-06-10,12:09:54.954328,[]
2026-06-10,12:09:54.987695,[]
2026-06-10,12:09:55.021062,[]
2026-06-10,12:09:55.054429,[]
2026-06-10,12:09:55.087796,[]
2026-06-10,12:09:55.121163,[]
2026-06-10,12:09:55.154530,[]
2026-06-10,12:09:55.187897,[]
2026-06-10,12:09:55.221264,[]
2026-06-10,12:09:55.254631,[]
2026-06-10,12:09:55.287998,[]
2026-06-10,12:09:55.321365,[]
2026-06-10,12:09:55.354732,[]
2026-06-10,12:09:55.388099,[]
2026-06-10,12:09:55.421466,[]
2026-06-10,12:09:55.454833,[]
2026-06-10,12:09:55.488200,[]
2026-06-10,12:09:55.521567,[]
2026-06-10,12:09:55.554934,[]
2026-06-10,12:09:55.588301,[]
2026-06-10,12:09:55.621668,[]
2026-06-10,12:09:55.655035,[]
2026-06-10,12:09:55.688402,[]
2026-06-10,12:09:55.721769,[]
2026-06-10,12:09:55.755136,[]
2026-06-10,12:09:55.788503,[]
2026-06-10,12:09:55.821870,[]
2026-06-10,12:09:55.855237,[]
2026-06-10,12:09:55.888604,[]
2026-06-10,12:09:55.921971,[]
2026-06-10,12:09:55.955338,[]
2026-06-10,12:09:55.988705,[]
2026-06-10,12:09:56.022072,[]
2026-06-10,12:09:56.055439,[]
2026-06-10,12:09:56.088806,[]
2026-06-10,12:09:56.122173,['EH52824']
2026-06-10,12:09:56.155540,[]
2026-06-10,12:09:56.188907,['ER52824']
2026-06-10,12:09:56.222274,[]
2026-06-10,12:09:56.255641,[]
2026-06-10,12:09:56.289008,[]
2026-06-10,12:09:56.322375,[]
2026-06-10,12:09:56.355742,[]
2026-06-10,12:09:56.389109,[]
2026-06-10,12:09:56.422476,[]
2026-06-10,12:09:56.455843,[]
2026-06-10,12:09:56.489210,[]
2026-06-10,12:09:56.522577,[]
2026-06-10,12:09:56.555944,[]
2026-06-10,12:09:56.589311,[]
2026-06-10,12:09:56.622678,[]
2026-06-10,12:09:56.656045,[]
2026-06-10,12:09:56.689412,[]
2026-06-10,12:09:56.722779,[]
2026-06-10,12:09:56.756146,[]
2026-06-10,12:09:56.789513,[]
2026-06-10,12:09:56.822880,[]
2026-06-10,12:09:56.856247,[]
2026-06-10,12:09:56.889614,[]
2026-06-10,12:09:56.922981,[]
2026-06-10,12:09:56.956348,[]
2026-06-10,12:09:56.989715,[]
2026-06-10,12:09:57.023082,[]
2026-06-10,12:09:57.056449,[]
2026-06-10,12:09:57.089816,[]
2026-06-10,12:09:57.123183,[]
2026-06-10,12:09:57.156550,[]
2026-06-10,12:09:57.189917,[]
2026-06-10,12:09:57.223284,[]
2026-06-10,12:09:57.256651,[]
2026-06-10,12:09:57.290018,[]
2026-06-10,12:09:57.323385,[]
2026-06-10,12:09:57.356752,[]
2026-06-10,12:09:57.390119,[]
2026-06-10,12:09:57.423486,[]
2026-06-10,12:09:57.456853,[]
2026-06-10,12:09:57.490220,[]
2026-06-10,12:09:57.523587,[]
2026-06-10,12:09:57.556954,[]
2026-06-10,12:09:57.590321,[]
2026-06-10,12:09:57.623688,[]
2026-06-10,12:09:57.657055,[]
2026-06-10,12:09:57.690422,[]
2026-06-10,12:09:57.723789,[]
2026-06-10,12:09:57.757156,[]
2026-06-10,12:09:57.790523,[]
2026-06-10,12:09:57.823890,[]
2026-06-10,12:09:57.857257,[]
2026-06-10,12:09:57.890624,[]
2026-06-10,12:09:57.923991,[]
2026-06-10,12:09:57.957358,[]
2026-06-10,12:09:57.990725,[]
2026-06-10,12:09:58.024092,[]
2026-06-10,12:09:58.057459,[]
2026-06-10,12:09:58.090826,[]
2026-06-10,12:09:58.124193,[]
2026-06-10,12:09:58.157560,[]
2026-06-10,12:09:58.190927,[]
2026-06-10,12:09:58.224294,[]
2026-06-10,12:09:58.257661,[]
2026-06-10,12:09:58.291028,[]
2026-06-10,12:09:58.324395,[]
2026-06-10,12:09:58.357762,[]
2026-06-10,12:09:58.391129,[]
2026-06-10,12:09:58.424496,[]
2026-06-10,12:09:58.457863,[]
2026-06-10,12:09:58.491230,[]
2026-06-10,12:09:58.524597,[]
2026-06-10,12:09:58.557964,[]
2026-06-10,12:09:58.591331,[]
2026-06-10,12:09:58.624698,[]
2026-06-10,12:09:58.658065,[]
2026-06-10,12:09:58.691432,[]
2026-06-10,12:09:58.724799,[]
2026-06-10,12:09:58.758166,[]
2026-06-10,12:09:58.791533,[]
2026-06-10,12:09:58.824900,[]
2026-06-10,12:09:58.858267,[]
2026-06-10,12:09:58.891634,[]
2026-06-10,12:09:58.925001,[]
2026-06-10,12:09:58.958368,[]
2026-06-10,12:09:58.991735,[]
2026-06-10,12:09:59.025102,[]
2026-06-10,12:09:59.058469,[]
2026-06-10,12:09:59.091836,[]
2026-06-10,12:09:59.125203,[]
2026-06-10,12:09:59.158570,[]
2026-06-10,12:09:59.191937,[]
2026-06-10,12:09:59.225304,[]
2026-06-10,12:09:59.258671,[]
2026-06-10,12:09:59.292038,[]
2026-06-10,12:09:59.325405,[]
2026-06-10,12:09:59.358772,[]
2026-06-10,12:09:59.392139,[]
2026-06-10,12:09:59.425506,[]
2026-06-10,12:09:59.458873,[]
2026-06-10,12:09:59.492240,[]
2026-06-10,12:09:59.525607,[]
2026-06-10,12:09:59.558974,[]
2026-06-10,12:09:59.592341,[]
2026-06-10,12:09:59.625708,[]
2026-06-10,12:09:59.659075,[]
2026-06-10,12:09:59.692442,[]
2026-06-10,12:09:59.725809,[]
2026-06-10,12:09:59.759176,[]
2026-06-10,12:09:59.792543,[]
2026-06-10,12:09:59.825910,[]
2026-06-10,12:09:59.859277,[]
2026-06-10,12:09:59.892644,[]
2026-06-10,12:09:59.926011,[]
2026-06-10,12:09:59.959378,[]
2026-06-10,12:09:59.992745,[]
2026-06-10,12:10:00.026112,[]
2026-06-10,12:10:00.059479,[]
2026-06-10,12:10:00.092846,[]
2026-06-10,12:10:00.126213,[]
2026-06-10,12:10:00.159580,[]
2026-06-10,12:10:00.192947,[]
2026-06-10,12:10:00.226314,[]
2026-06-10,12:10:00.259681,[]
2026-06-10,12:10:00.293048,[]
2026-06-10,12:10:00.326415,[]
2026-06-10,12:10:00.359782,[]
2026-06-10,12:10:00.393149,[]
2026-06-10,12:10:00.426516,[]
2026-06-10,12:10:00.459883,[]
2026-06-10,12:10:00.493250,[]
2026-06-10,12:10:00.526617,[]
2026-06-10,12:10:00.559984,[]
2026-06-10,12:10:00.593351,[]
2026-06-10,12:10:00.626718,[]
2026-06-10,12:10:00.660085,[]
2026-06-10,12:10:00.693452,[]
2026-06-10,12:10:00.726819,[]
2026-06-10,12:10:00.760186,[]
2026-06-10,12:10:00.793553,[]
2026-06-10,12:10:00.826920,[]
2026-06-10,12:10:00.860287,[]
2026-06-10,12:10:00.893654,[]
2026-06-10,12:10:00.927021,[]
2026-06-10,12:10:00.960388,[]
2026-06-10,12:10:00.993755,[]
2026-06-10,12:10:01.027122,[]
2026-06-10,12:10:01.060489,[]
2026-06-10,12:10:01.093856,[]
2026-06-10,12:10:01.127223,[]
2026-06-10,12:10:01.160590,[]
2026-06-10,12:10:01.193957,[]
2026-06-10,12:10:01.227324,[]
2026-06-10,12:10:01.260691,[]
2026-06-10,12:10:01.294058,[]
2026-06-10,12:10:01.327425,[]
2026-06-10,12:10:01.360792,[]
2026-06-10,12:10:01.394159,[]
2026-06-10,12:10:01.427526,[]
2026-06-10,12:10:01.460893,[]
2026-06-10,12:10:01.494260,[]
2026-06-10,12:10:01.527627,[]
2026-06-10,12:10:01.560994,[]
2026-06-10,12:10:01.594361,[]
2026-06-10,12:10:01.627728,[]
2026-06-10,12:10:01.661095,[]
2026-06-10,12:10:01.694462,[]
2026-06-10,12:10:01.727829,[]
2026-06-10,12:10:01.761196,[]
2026-06-10,12:10:01.794563,[]
2026-06-10,12:10:01.827930,[]
2026-06-10,12:10:01.861297,[]
2026-06-10,12:10:01.894664,[]
2026-06-10,12:10:01.928031,[]
2026-06-10,12:10:01.961398,[]
2026-06-10,12:10:01.994765,[]
2026-06-10,12:10:02.028132,[]
2026-06-10,12:10:02.061499,[]
2026-06-10,12:10:02.094866,[]
2026-06-10,12:10:02.128233,[]
2026-06-10,12:10:02.161600,[]
2026-06-10,12:10:02.194967,[]
2026-06-10,12:10:02.228334,[]
2026-06-10,12:10:02.261701,[]
2026-06-10,12:10:02.295068,[]
2026-06-10,12:10:02.328435,[]
2026-06-10,12:10:02.361802,[]
2026-06-10,12:10:02.395169,[]
2026-06-10,12:10:02.428536,[]
2026-06-10,12:10:02.461903,[]
2026-06-10,12:10:02.495270,[]
2026-06-10,12:10:02.528637,[]
2026-06-10,12:10:02.562004,[]
2026-06-10,12:10:02.595371,[]
2026-06-10,12:10:02.628738,[]
2026-06-10,12:10:02.662105,[]
2026-06-10,12:10:02.695472,[]
2026-06-10,12:10:02.728839,[]
2026-06-10,12:10:02.762206,[]
2026-06-10,12:10:02.795573,[]
2026-06-10,12:10:02.828940,[]
2026-06-10,12:10:02.862307,[]
2026-06-10,12:10:02.895674,[]
2026-06-10,12:10:02.929041,[]
2026-06-10,12:10:02.962408,[]
2026-06-10,12:10:02.995775,[]
2026-06-10,12:10:03.029142,[]
2026-06-10,12:10:03.062509,[]
2026-06-10,12:10:03.095876,[]
2026-06-10,12:10:03.129243,[]
2026-06-10,12:10:03.162610,[]
2026-06-10,12:10:03.195977,[]
2026-06-10,12:10:03.229344,[]
2026-06-10,12:10:03.262711,[]
2026-06-10,12:10:03.296078,[]
2026-06-10,12:10:03.329445,[]
2026-06-10,12:10:03.362812,[]
2026-06-10,12:10:03.396179,[]
2026-06-10,12:10:03.429546,[]
2026-06-10,12:10:03.462913,[]
2026-06-10,12:10:03.496280,[]
2026-06-10,12:10:03.529647,[]
2026-06-10,12:10:03.563014,[]
2026-06-10,12:10:03.596381,[]
2026-06-10,12:10:03.629748,[]
2026-06-10,12:10:03.663115,[]
2026-06-10,12:10:03.696482,[]
2026-06-10,12:10:03.729849,[]
2026-06-10,12:10:03.763216,[]
2026-06-10,12:10:03.796583,[]
2026-06-10,12:10:03.829950,[]
2026-06-10,12:10:03.863317,[]
2026-06-10,12:10:03.896684,[]
2026-06-10,12:10:03.930051,[]
2026-06-10,12:10:03.963418,[]
2026-06-10,12:10:03.996785,[]
2026-06-10,12:10:04.030152,[]
2026-06-10,12:10:04.063519,[]
2026-06-10,12:10:04.096886,[]
2026-06-10,12:10:04.130253,[]
2026-06-10,12:10:04.163620,[]
2026-06-10,12:10:04.196987,[]
2026-06-10,12:10:04.230354,[]
2026-06-10,12:10:04.263721,[]
2026-06-10,12:10:04.297088,[]
2026-06-10,12:10:04.330455,[]
2026-06-10,12:10:04.363822,[]
2026-06-10,12:10:04.397189,[]
2026-06-10,12:10:04.430556,[]
2026-06-10,12:10:04.463923,[]
2026-06-10,12:10:04.497290,[]
2026-06-10,12:10:04.530657,[]
2026-06-10,12:10:04.564024,[]
2026-06-10,12:10:04.597391,[]
2026-06-10,12:10:04.630758,[]
2026-06-10,12:10:04.664125,[]
2026-06-10,12:10:04.697492,[]
2026-06-10,12:10:04.730859,[]
2026-06-10,12:10:04.764226,[]
2026-06-10,12:10:04.797593,[]
2026-06-10,12:10:04.830960,[]
2026-06-10,12:10:04.864327,[]
2026-06-10,12:10:04.897694,[]
2026-06-10,12:10:04.931061,[]
2026-06-10,12:10:04.964428,[]
2026-06-10,12:10:04.997795,[]
2026-06-10,12:10:05.031162,[]
2026-06-10,12:10:05.064529,[]
2026-06-10,12:10:05.097896,[]
2026-06-10,12:10:05.131263,[]
2026-06-10,12:10:05.164630,[]
2026-06-10,12:10:05.197997,[]
2026-06-10,12:10:05.231364,[]
2026-06-10,12:10:05.264731,[]
2026-06-10,12:10:05.298098,[]
2026-06-10,12:10:05.331465,[]
2026-06-10,12:10:05.364832,[]
2026-06-10,12:10:05.398199,[]
2026-06-10,12:10:05.431566,[]
2026-06-10,12:10:05.464933,[]
2026-06-10,12:10:05.498300,[]
2026-06-10,12:10:05.531667,[]
2026-06-10,12:10:05.565034,[]
2026-06-10,12:10:05.598401,[]
2026-06-10,12:10:05.631768,[]
2026-06-10,12:10:05.665135,[]
2026-06-10,12:10:05.698502,[]
2026-06-10,12:10:05.731869,[]
2026-06-10,12:10:05.765236,[]
2026-06-10,12:10:05.798603,[]
2026-06-10,12:10:05.831970,[]
2026-06-10,12:10:05.865337,[]
2026-06-10,12:10:05.898704,[]
2026-06-10,12:10:05.932071,[]
2026-06-10,12:10:05.965438,[]
2026-06-10,12:10:05.998805,[]
2026-06-10,12:10:06.032172,[]
2026-06-10,12:10:06.065539,[]
2026-06-10,12:10:06.098906,[]
2026-06-10,12:10:06.132273,[]
2026-06-10,12:10:06.165640,[]
2026-06-10,12:10:06.199007,[]
2026-06-10,12:10:06.232374,[]
2026-06-10,12:10:06.265741,[]
2026-06-10,12:10:06.299108,[]
2026-06-10,12:10:06.332475,[]
2026-06-10,12:10:06.365842,[]
2026-06-10,12:10:06.399209,[]
2026-06-10,12:10:06.432576,[]
2026-06-10,12:10:06.465943,[]
2026-06-10,12:10:06.499310,[]
2026-06-10,12:10:06.532677,[]
2026-06-10,12:10:06.566044,[]
2026-06-10,12:10:06.599411,[]
2026-06-10,12:10:06.632778,[]
2026-06-10,12:10:06.666145,[]
2026-06-10,12:10:06.699512,[]
2026-06-10,12:10:06.732879,[]
2026-06-10,12:10:06.766246,[]
2026-06-10,12:10:06.799613,[]
2026-06-10,12:10:06.832980,[]
2026-06-10,12:10:06.866347,[]
2026-06-10,12:10:06.899714,[]
2026-06-10,12:10:06.933081,[]
2026-06-10,12:10:06.966448,[]
2026-06-10,12:10:06.999815,[]
2026-06-10,12:10:07.033182,[]
2026-06-10,12:10:07.066549,[]
2026-06-10,12:10:07.099916,[]
2026-06-10,12:10:07.133283,[]
2026-06-10,12:10:07.166650,[]
2026-06-10,12:10:07.200017,[]
2026-06-10,12:10:07.233384,[]
2026-06-10,12:10:07.266751,[]
2026-06-10,12:10:07.300118,[]
2026-06-10,12:10:07.333485,[]
2026-06-10,12:10:07.366852,[]
2026-06-10,12:10:07.400219,[]
2026-06-10,12:10:07.433586,[]
2026-06-10,12:10:07.466953,[]
2026-06-10,12:10:07.500320,[]
2026-06-10,12:10:07.533687,[]
2026-06-10,12:10:07.567054,[]
2026-06-10,12:10:07.600421,[]
2026-06-10,12:10:07.633788,[]
2026-06-10,12:10:07.667155,[]
2026-06-10,12:10:07.700522,[]
2026-06-10,12:10:07.733889,[]
2026-06-10,12:10:07.767256,[]
2026-06-10,12:10:07.800623,[]
2026-06-10,12:10:07.833990,[]
2026-06-10,12:10:07.867357,[]
2026-06-10,12:10:07.900724,[]
2026-06-10,12:10:07.934091,[]
2026-06-10,12:10:07.967458,[]
2026-06-10,12:10:08.000825,[]
2026-06-10,12:10:08.034192,['BZ48400']
2026-06-10,12:10:08.067559,['BZ48400']
2026-06-10,12:10:08.100926,['BZ48400']
2026-06-10,12:10:08.134293,['BZ48400']
2026-06-10,12:10:08.167660,[]
2026-06-10,12:10:08.201027,[]
2026-06-10,12:10:08.234394,[]
2026-06-10,12:10:08.267761,[]
2026-06-10,12:10:08.301128,[]
2026-06-10,12:10:08.334495,[]
2026-06-10,12:10:08.367862,[]
2026-06-10,12:10:08.401229,[]
2026-06-10,12:10:08.434596,[]
2026-06-10,12:10:08.467963,[]
2026-06-10,12:10:08.501330,[]
2026-06-10,12:10:08.534697,[]
2026-06-10,12:10:08.568064,[]
2026-06-10,12:10:08.601431,[]
2026-06-10,12:10:08.634798,[]
2026-06-10,12:10:08.668165,[]
2026-06-10,12:10:08.701532,[]
2026-06-10,12:10:08.734899,[]
2026-06-10,12:10:08.768266,[]
2026-06-10,12:10:08.801633,[]
2026-06-10,12:10:08.835000,[]
2026-06-10,12:10:08.868367,[]
2026-06-10,12:10:08.901734,[]
2026-06-10,12:10:08.935101,[]
2026-06-10,12:10:08.968468,[]
2026-06-10,12:10:09.001835,[]
2026-06-10,12:10:09.035202,[]
2026-06-10,12:10:09.068569,[]
2026-06-10,12:10:09.101936,[]
2026-06-10,12:10:09.135303,[]
2026-06-10,12:10:09.168670,[]
2026-06-10,12:10:09.202037,[]
2026-06-10,12:10:09.235404,[]
2026-06-10,12:10:09.268771,[]
2026-06-10,12:10:09.302138,[]
2026-06-10,12:10:09.335505,[]
2026-06-10,12:10:09.368872,[]
2026-06-10,12:10:09.402239,[]
2026-06-10,12:10:09.435606,[]
2026-06-10,12:10:09.468973,[]
2026-06-10,12:10:09.502340,[]
2026-06-10,12:10:09.535707,[]
2026-06-10,12:10:09.569074,[]
2026-06-10,12:10:09.602441,[]
2026-06-10,12:10:09.635808,[]
2026-06-10,12:10:09.669175,[]
2026-06-10,12:10:09.702542,[]
2026-06-10,12:10:09.735909,[]
2026-06-10,12:10:09.769276,[]
2026-06-10,12:10:09.802643,[]
2026-06-10,12:10:09.836010,[]
2026-06-10,12:10:09.869377,[]
2026-06-10,12:10:09.902744,[]
2026-06-10,12:10:09.936111,[]
2026-06-10,12:10:09.969478,[]
2026-06-10,12:10:10.002845,[]
2026-06-10,12:10:10.036212,[]
2026-06-10,12:10:10.069579,[]
2026-06-10,12:10:10.102946,[]
2026-06-10,12:10:10.136313,[]
2026-06-10,12:10:10.169680,[]
2026-06-10,12:10:10.203047,[]
2026-06-10,12:10:10.236414,[]
2026-06-10,12:10:10.269781,[]
2026-06-10,12:10:10.303148,[]
2026-06-10,12:10:10.336515,[]
2026-06-10,12:10:10.369882,[]
2026-06-10,12:10:10.403249,[]
2026-06-10,12:10:10.436616,[]
2026-06-10,12:10:10.469983,[]
2026-06-10,12:10:10.503350,[]
2026-06-10,12:10:10.536717,[]
2026-06-10,12:10:10.570084,[]
2026-06-10,12:10:10.603451,[]
2026-06-10,12:10:10.636818,[]
2026-06-10,12:10:10.670185,[]
2026-06-10,12:10:10.703552,[]
2026-06-10,12:10:10.736919,[]
2026-06-10,12:10:10.770286,[]
2026-06-10,12:10:10.803653,[]
2026-06-10,12:10:10.837020,[]
2026-06-10,12:10:10.870387,[]
2026-06-10,12:10:10.903754,[]
2026-06-10,12:10:10.937121,[]
2026-06-10,12:10:10.970488,[]
2026-06-10,12:10:11.003855,[]
2026-06-10,12:10:11.037222,[]
2026-06-10,12:10:11.070589,[]
2026-06-10,12:10:11.103956,[]
2026-06-10,12:10:11.137323,[]
2026-06-10,12:10:11.170690,[]
2026-06-10,12:10:11.204057,[]
2026-06-10,12:10:11.237424,[]
2026-06-10,12:10:11.270791,[]
2026-06-10,12:10:11.304158,[]
2026-06-10,12:10:11.337525,[]
2026-06-10,12:10:11.370892,[]
2026-06-10,12:10:11.404259,[]
2026-06-10,12:10:11.437626,[]
2026-06-10,12:10:11.470993,[]
2026-06-10,12:10:11.504360,[]
2026-06-10,12:10:11.537727,[]
2026-06-10,12:10:11.571094,[]
2026-06-10,12:10:11.604461,[]
2026-06-10,12:10:11.637828,[]
2026-06-10,12:10:11.671195,[]
2026-06-10,12:10:11.704562,[]
2026-06-10,12:10:11.737929,[]
2026-06-10,12:10:11.771296,[]
2026-06-10,12:10:11.804663,[]
2026-06-10,12:10:11.838030,[]
2026-06-10,12:10:11.871397,[]
2026-06-10,12:10:11.904764,[]
2026-06-10,12:10:11.938131,[]
2026-06-10,12:10:11.971498,[]
2026-06-10,12:10:12.004865,[]
2026-06-10,12:10:12.038232,[]
2026-06-10,12:10:12.071599,[]
2026-06-10,12:10:12.104966,[]
2026-06-10,12:10:12.138333,[]
2026-06-10,12:10:12.171700,[]
2026-06-10,12:10:12.205067,[]
2026-06-10,12:10:12.238434,[]
2026-06-10,12:10:12.271801,[]
2026-06-10,12:10:12.305168,[]
2026-06-10,12:10:12.338535,[]
2026-06-10,12:10:12.371902,[]
2026-06-10,12:10:12.405269,[]
2026-06-10,12:10:12.438636,[]
2026-06-10,12:10:12.472003,[]
2026-06-10,12:10:12.505370,[]
2026-06-10,12:10:12.538737,[]
2026-06-10,12:10:12.572104,[]
2026-06-10,12:10:12.605471,[]
2026-06-10,12:10:12.638838,[]
2026-06-10,12:10:12.672205,[]
2026-06-10,12:10:12.705572,[]
2026-06-10,12:10:12.738939,[]
2026-06-10,12:10:12.772306,[]
2026-06-10,12:10:12.805673,[]
2026-06-10,12:10:12.839040,[]
2026-06-10,12:10:12.872407,[]
2026-06-10,12:10:12.905774,[]
2026-06-10,12:10:12.939141,[]
2026-06-10,12:10:12.972508,[]
2026-06-10,12:10:13.005875,[]
2026-06-10,12:10:13.039242,[]
2026-06-10,12:10:13.072609,[]
2026-06-10,12:10:13.105976,[]
2026-06-10,12:10:13.139343,[]
2026-06-10,12:10:13.172710,[]
2026-06-10,12:10:13.206077,[]
2026-06-10,12:10:13.239444,[]
2026-06-10,12:10:13.272811,[]
2026-06-10,12:10:13.306178,[]
2026-06-10,12:10:13.339545,[]
2026-06-10,12:10:13.372912,[]
2026-06-10,12:10:13.406279,[]
2026-06-10,12:10:13.439646,[]
2026-06-10,12:10:13.473013,[]
2026-06-10,12:10:13.506380,[]
2026-06-10,12:10:13.539747,[]
2026-06-10,12:10:13.573114,[]
2026-06-10,12:10:13.606481,[]
2026-06-10,12:10:13.639848,[]
2026-06-10,12:10:13.673215,[]
2026-06-10,12:10:13.706582,[]
2026-06-10,12:10:13.739949,[]
2026-06-10,12:10:13.773316,[]
2026-06-10,12:10:13.806683,[]
2026-06-10,12:10:13.840050,[]
2026-06-10,12:10:13.873417,[]
2026-06-10,12:10:13.906784,[]
2026-06-10,12:10:13.940151,[]
2026-06-10,12:10:13.973518,[]
2026-06-10,12:10:14.006885,[]
2026-06-10,12:10:14.040252,[]
2026-06-10,12:10:14.073619,[]
2026-06-10,12:10:14.106986,[]
2026-06-10,12:10:14.140353,[]
2026-06-10,12:10:14.173720,[]
2026-06-10,12:10:14.207087,[]
2026-06-10,12:10:14.240454,[]
2026-06-10,12:10:14.273821,[]
2026-06-10,12:10:14.307188,[]
2026-06-10,12:10:14.340555,[]
2026-06-10,12:10:14.373922,[]
2026-06-10,12:10:14.407289,[]
2026-06-10,12:10:14.440656,[]
2026-06-10,12:10:14.474023,[]
2026-06-10,12:10:14.507390,[]
2026-06-10,12:10:14.540757,[]
2026-06-10,12:10:14.574124,[]
2026-06-10,12:10:14.607491,[]
2026-06-10,12:10:14.640858,[]
2026-06-10,12:10:14.674225,[]
2026-06-10,12:10:14.707592,['DH97492']
2026-06-10,12:10:14.740959,['DH97492']
2026-06-10,12:10:14.774326,['DH97492']
2026-06-10,12:10:14.807693,[]
2026-06-10,12:10:14.841060,[]
2026-06-10,12:10:14.874427,[]
2026-06-10,12:10:14.907794,[]
2026-06-10,12:10:14.941161,[]
2026-06-10,12:10:14.974528,[]
2026-06-10,12:10:15.007895,[]
2026-06-10,12:10:15.041262,[]
2026-06-10,12:10:15.074629,[]
2026-06-10,12:10:15.107996,[]
2026-06-10,12:10:15.141363,[]
2026-06-10,12:10:15.174730,[]
2026-06-10,12:10:15.208097,[]
2026-06-10,12:10:15.241464,[]
2026-06-10,12:10:15.274831,[]
2026-06-10,12:10:15.308198,[]
2026-06-10,12:10:15.341565,[]
2026-06-10,12:10:15.374932,[]
2026-06-10,12:10:15.408299,[]
2026-06-10,12:10:15.441666,[]
2026-06-10,12:10:15.475033,[]
2026-06-10,12:10:15.508400,[]
2026-06-10,12:10:15.541767,[]
2026-06-10,12:10:15.575134,[]
2026-06-10,12:10:15.608501,[]
2026-06-10,12:10:15.641868,[]
2026-06-10,12:10:15.675235,[]
2026-06-10,12:10:15.708602,[]
2026-06-10,12:10:15.741969,[]
2026-06-10,12:10:15.775336,[]
2026-06-10,12:10:15.808703,[]
2026-06-10,12:10:15.842070,[]
2026-06-10,12:10:15.875437,[]
2026-06-10,12:10:15.908804,[]
2026-06-10,12:10:15.942171,[]
2026-06-10,12:10:15.975538,[]
2026-06-10,12:10:16.008905,[]
2026-06-10,12:10:16.042272,[]
2026-06-10,12:10:16.075639,[]
2026-06-10,12:10:16.109006,[]
2026-06-10,12:10:16.142373,[]
2026-06-10,12:10:16.175740,[]
2026-06-10,12:10:16.209107,[]
2026-06-10,12:10:16.242474,[]
2026-06-10,12:10:16.275841,[]
2026-06-10,12:10:16.309208,[]
2026-06-10,12:10:16.342575,[]
2026-06-10,12:10:16.375942,[]
2026-06-10,12:10:16.409309,[]
2026-06-10,12:10:16.442676,[]
2026-06-10,12:10:16.476043,[]
2026-06-10,12:10:16.509410,[]
2026-06-10,12:10:16.542777,[]
2026-06-10,12:10:16.576144,[]
2026-06-10,12:10:16.609511,[]
2026-06-10,12:10:16.642878,[]
2026-06-10,12:10:16.676245,[]
2026-06-10,12:10:16.709612,[]
2026-06-10,12:10:16.742979,[]
2026-06-10,12:10:16.776346,[]
2026-06-10,12:10:16.809713,[]
2026-06-10,12:10:16.843080,[]
2026-06-10,12:10:16.876447,[]
2026-06-10,12:10:16.909814,[]
2026-06-10,12:10:16.943181,[]
2026-06-10,12:10:16.976548,[]
2026-06-10,12:10:17.009915,[]
2026-06-10,12:10:17.043282,[]
2026-06-10,12:10:17.076649,[]
2026-06-10,12:10:17.110016,[]
2026-06-10,12:10:17.143383,[]
2026-06-10,12:10:17.176750,[]
2026-06-10,12:10:17.210117,[]
2026-06-10,12:10:17.243484,[]
2026-06-10,12:10:17.276851,[]
2026-06-10,12:10:17.310218,[]
2026-06-10,12:10:17.343585,[]
2026-06-10,12:10:17.376952,[]
2026-06-10,12:10:17.410319,[]
2026-06-10,12:10:17.443686,[]
2026-06-10,12:10:17.477053,[]
2026-06-10,12:10:17.510420,[]
2026-06-10,12:10:17.543787,[]
2026-06-10,12:10:17.577154,[]
2026-06-10,12:10:17.610521,[]
2026-06-10,12:10:17.643888,[]
2026-06-10,12:10:17.677255,[]
2026-06-10,12:10:17.710622,[]
2026-06-10,12:10:17.743989,[]
2026-06-10,12:10:17.777356,[]
2026-06-10,12:10:17.810723,[]
2026-06-10,12:10:17.844090,[]
2026-06-10,12:10:17.877457,[]
2026-06-10,12:10:17.910824,[]
2026-06-10,12:10:17.944191,[]
2026-06-10,12:10:17.977558,[]
2026-06-10,12:10:18.010925,[]
2026-06-10,12:10:18.044292,[]
2026-06-10,12:10:18.077659,[]
2026-06-10,12:10:18.111026,[]
2026-06-10,12:10:18.144393,[]
2026-06-10,12:10:18.177760,[]
2026-06-10,12:10:18.211127,[]
2026-06-10,12:10:18.244494,[]
2026-06-10,12:10:18.277861,[]
2026-06-10,12:10:18.311228,[]
2026-06-10,12:10:18.344595,[]
2026-06-10,12:10:18.377962,[]
2026-06-10,12:10:18.411329,[]
2026-06-10,12:10:18.444696,[]
2026-06-10,12:10:18.478063,[]
2026-06-10,12:10:18.511430,[]
2026-06-10,12:10:18.544797,[]
2026-06-10,12:10:18.578164,[]
2026-06-10,12:10:18.611531,[]
2026-06-10,12:10:18.644898,[]
2026-06-10,12:10:18.678265,[]
2026-06-10,12:10:18.711632,[]
2026-06-10,12:10:18.744999,[]
2026-06-10,12:10:18.778366,[]
2026-06-10,12:10:18.811733,[]
2026-06-10,12:10:18.845100,[]
2026-06-10,12:10:18.878467,[]
2026-06-10,12:10:18.911834,[]
2026-06-10,12:10:18.945201,[]
2026-06-10,12:10:18.978568,[]
2026-06-10,12:10:19.011935,[]
2026-06-10,12:10:19.045302,[]
2026-06-10,12:10:19.078669,[]
2026-06-10,12:10:19.112036,[]
2026-06-10,12:10:19.145403,[]
2026-06-10,12:10:19.178770,[]
2026-06-10,12:10:19.212137,[]
2026-06-10,12:10:19.245504,[]
2026-06-10,12:10:19.278871,[]
2026-06-10,12:10:19.312238,[]
2026-06-10,12:10:19.345605,[]
2026-06-10,12:10:19.378972,[]
2026-06-10,12:10:19.412339,[]
2026-06-10,12:10:19.445706,[]
2026-06-10,12:10:19.479073,[]
2026-06-10,12:10:19.512440,[]
2026-06-10,12:10:19.545807,[]
2026-06-10,12:10:19.579174,[]
2026-06-10,12:10:19.612541,[]
2026-06-10,12:10:19.645908,[]
2026-06-10,12:10:19.679275,[]
2026-06-10,12:10:19.712642,[]
2026-06-10,12:10:19.746009,[]
2026-06-10,12:10:19.779376,[]
2026-06-10,12:10:19.812743,[]
2026-06-10,12:10:19.846110,[]
2026-06-10,12:10:19.879477,[]
2026-06-10,12:10:19.912844,[]
2026-06-10,12:10:19.946211,[]
2026-06-10,12:10:19.979578,[]
2026-06-10,12:10:20.012945,[]
2026-06-10,12:10:20.046312,[]
2026-06-10,12:10:20.079679,[]
2026-06-10,12:10:20.113046,[]
2026-06-10,12:10:20.146413,[]
2026-06-10,12:10:20.179780,[]
2026-06-10,12:10:20.213147,[]
2026-06-10,12:10:20.246514,[]
2026-06-10,12:10:20.279881,[]
2026-06-10,12:10:20.313248,[]
2026-06-10,12:10:20.346615,[]
2026-06-10,12:10:20.379982,[]
2026-06-10,12:10:20.413349,[]
2026-06-10,12:10:20.446716,[]
2026-06-10,12:10:20.480083,[]
2026-06-10,12:10:20.513450,[]
2026-06-10,12:10:20.546817,[]
2026-06-10,12:10:20.580184,[]
2026-06-10,12:10:20.613551,[]
2026-06-10,12:10:20.646918,[]
2026-06-10,12:10:20.680285,[]
2026-06-10,12:10:20.713652,[]
2026-06-10,12:10:20.747019,[]
2026-06-10,12:10:20.780386,[]
2026-06-10,12:10:20.813753,[]
2026-06-10,12:10:20.847120,[]
2026-06-10,12:10:20.880487,[]
2026-06-10,12:10:20.913854,[]
2026-06-10,12:10:20.947221,[]
2026-06-10,12:10:20.980588,[]
2026-06-10,12:10:21.013955,[]
2026-06-10,12:10:21.047322,[]
2026-06-10,12:10:21.080689,[]
2026-06-10,12:10:21.114056,[]
2026-06-10,12:10:21.147423,[]
2026-06-10,12:10:21.180790,[]
2026-06-10,12:10:21.214157,[]
2026-06-10,12:10:21.247524,[]
2026-06-10,12:10:21.280891,[]
2026-06-10,12:10:21.314258,[]
2026-06-10,12:10:21.347625,[]
2026-06-10,12:10:21.380992,[]
2026-06-10,12:10:21.414359,[]
2026-06-10,12:10:21.447726,[]
2026-06-10,12:10:21.481093,[]
2026-06-10,12:10:21.514460,[]
2026-06-10,12:10:21.547827,[]
2026-06-10,12:10:21.581194,[]
2026-06-10,12:10:21.614561,[]
2026-06-10,12:10:21.647928,[]
2026-06-10,12:10:21.681295,[]
2026-06-10,12:10:21.714662,[]
2026-06-10,12:10:21.748029,[]
2026-06-10,12:10:21.781396,[]
2026-06-10,12:10:21.814763,[]
2026-06-10,12:10:21.848130,[]
2026-06-10,12:10:21.881497,[]
2026-06-10,12:10:21.914864,[]
2026-06-10,12:10:21.948231,[]
2026-06-10,12:10:21.981598,[]
2026-06-10,12:10:22.014965,[]
2026-06-10,12:10:22.048332,[]
2026-06-10,12:10:22.081699,[]
2026-06-10,12:10:22.115066,[]
2026-06-10,12:10:22.148433,[]
2026-06-10,12:10:22.181800,[]
2026-06-10,12:10:22.215167,[]
2026-06-10,12:10:22.248534,[]
2026-06-10,12:10:22.281901,[]
2026-06-10,12:10:22.315268,[]
2026-06-10,12:10:22.348635,[]
2026-06-10,12:10:22.382002,[]
2026-06-10,12:10:22.415369,[]
2026-06-10,12:10:22.448736,[]
2026-06-10,12:10:22.482103,[]
2026-06-10,12:10:22.515470,[]
2026-06-10,12:10:22.548837,[]
2026-06-10,12:10:22.582204,[]
2026-06-10,12:10:22.615571,[]
2026-06-10,12:10:22.648938,[]
2026-06-10,12:10:22.682305,[]
2026-06-10,12:10:22.715672,[]
2026-06-10,12:10:22.749039,[]
2026-06-10,12:10:22.782406,[]
2026-06-10,12:10:22.815773,[]
2026-06-10,12:10:22.849140,[]
2026-06-10,12:10:22.882507,[]
2026-06-10,12:10:22.915874,[]
2026-06-10,12:10:22.949241,[]
2026-06-10,12:10:22.982608,[]
2026-06-10,12:10:23.015975,[]
2026-06-10,12:10:23.049342,[]
2026-06-10,12:10:23.082709,[]
2026-06-10,12:10:23.116076,[]
2026-06-10,12:10:23.149443,[]
2026-06-10,12:10:23.182810,[]
2026-06-10,12:10:23.216177,[]
2026-06-10,12:10:23.249544,[]
2026-06-10,12:10:23.282911,[]
2026-06-10,12:10:23.316278,[]
2026-06-10,12:10:23.349645,[]
2026-06-10,12:10:23.383012,[]
2026-06-10,12:10:23.416379,[]
2026-06-10,12:10:23.449746,[]
2026-06-10,12:10:23.483113,[]
2026-06-10,12:10:23.516480,[]
2026-06-10,12:10:23.549847,[]
2026-06-10,12:10:23.583214,[]
2026-06-10,12:10:23.616581,[]
2026-06-10,12:10:23.649948,[]
2026-06-10,12:10:23.683315,[]
2026-06-10,12:10:23.716682,[]
2026-06-10,12:10:23.750049,[]
2026-06-10,12:10:23.783416,[]
2026-06-10,12:10:23.816783,[]
2026-06-10,12:10:23.850150,[]
2026-06-10,12:10:23.883517,[]
2026-06-10,12:10:23.916884,[]
2026-06-10,12:10:23.950251,[]
2026-06-10,12:10:23.983618,[]
2026-06-10,12:10:24.016985,[]
2026-06-10,12:10:24.050352,[]
2026-06-10,12:10:24.083719,[]
2026-06-10,12:10:24.117086,[]
2026-06-10,12:10:24.150453,[]
2026-06-10,12:10:24.183820,[]
2026-06-10,12:10:24.217187,[]
2026-06-10,12:10:24.250554,[]
2026-06-10,12:10:24.283921,[]
2026-06-10,12:10:24.317288,[]
2026-06-10,12:10:24.350655,[]
2026-06-10,12:10:24.384022,[]
2026-06-10,12:10:24.417389,[]
2026-06-10,12:10:24.450756,[]
2026-06-10,12:10:24.484123,[]
2026-06-10,12:10:24.517490,[]
2026-06-10,12:10:24.550857,[]
2026-06-10,12:10:24.584224,[]
2026-06-10,12:10:24.617591,[]
2026-06-10,12:10:24.650958,[]
2026-06-10,12:10:24.684325,[]
2026-06-10,12:10:24.717692,[]
2026-06-10,12:10:24.751059,[]
2026-06-10,12:10:24.784426,[]
2026-06-10,12:10:24.817793,[]
2026-06-10,12:10:24.851160,[]
2026-06-10,12:10:24.884527,[]
2026-06-10,12:10:24.917894,[]
2026-06-10,12:10:24.951261,[]
2026-06-10,12:10:24.984628,[]
2026-06-10,12:10:25.017995,[]
2026-06-10,12:10:25.051362,[]
2026-06-10,12:10:25.084729,[]
2026-06-10,12:10:25.118096,[]
2026-06-10,12:10:25.151463,[]
2026-06-10,12:10:25.184830,[]
2026-06-10,12:10:25.218197,[]
2026-06-10,12:10:25.251564,[]
2026-06-10,12:10:25.284931,[]
2026-06-10,12:10:25.318298,[]
2026-06-10,12:10:25.351665,[]
2026-06-10,12:10:25.385032,[]
2026-06-10,12:10:25.418399,[]
2026-06-10,12:10:25.451766,[]
2026-06-10,12:10:25.485133,[]
2026-06-10,12:10:25.518500,[]
2026-06-10,12:10:25.551867,[]
2026-06-10,12:10:25.585234,[]
2026-06-10,12:10:25.618601,[]
2026-06-10,12:10:25.651968,[]
2026-06-10,12:10:25.685335,[]
2026-06-10,12:10:25.718702,[]
2026-06-10,12:10:25.752069,[]
2026-06-10,12:10:25.785436,[]
2026-06-10,12:10:25.818803,[]
2026-06-10,12:10:25.852170,[]
2026-06-10,12:10:25.885537,[]
2026-06-10,12:10:25.918904,[]
2026-06-10,12:10:25.952271,[]
2026-06-10,12:10:25.985638,[]
2026-06-10,12:10:26.019005,[]
2026-06-10,12:10:26.052372,[]
2026-06-10,12:10:26.085739,[]
2026-06-10,12:10:26.119106,[]
2026-06-10,12:10:26.152473,[]
2026-06-10,12:10:26.185840,[]
2026-06-10,12:10:26.219207,[]
2026-06-10,12:10:26.252574,[]
2026-06-10,12:10:26.285941,[]
2026-06-10,12:10:26.319308,[]
2026-06-10,12:10:26.352675,[]
2026-06-10,12:10:26.386042,[]
2026-06-10,12:10:26.419409,[]
2026-06-10,12:10:26.452776,[]
2026-06-10,12:10:26.486143,[]
2026-06-10,12:10:26.519510,[]
2026-06-10,12:10:26.552877,[]
2026-06-10,12:10:26.586244,[]
2026-06-10,12:10:26.619611,[]
2026-06-10,12:10:26.652978,[]
2026-06-10,12:10:26.686345,[]
2026-06-10,12:10:26.719712,[]
2026-06-10,12:10:26.753079,[]
2026-06-10,12:10:26.786446,[]
2026-06-10,12:10:26.819813,[]
2026-06-10,12:10:26.853180,[]
2026-06-10,12:10:26.886547,[]
2026-06-10,12:10:26.919914,[]
2026-06-10,12:10:26.953281,[]
2026-06-10,12:10:26.986648,[]
2026-06-10,12:10:27.020015,[]
2026-06-10,12:10:27.053382,[]
2026-06-10,12:10:27.086749,[]
2026-06-10,12:10:27.120116,[]
2026-06-10,12:10:27.153483,[]
2026-06-10,12:10:27.186850,[]
2026-06-10,12:10:27.220217,[]
2026-06-10,12:10:27.253584,[]
2026-06-10,12:10:27.286951,[]
2026-06-10,12:10:27.320318,[]
2026-06-10,12:10:27.353685,[]
2026-06-10,12:10:27.387052,[]
2026-06-10,12:10:27.420419,[]
2026-06-10,12:10:27.453786,[]
2026-06-10,12:10:27.487153,[]
2026-06-10,12:10:27.520520,[]
2026-06-10,12:10:27.553887,[]
2026-06-10,12:10:27.587254,[]
2026-06-10,12:10:27.620621,[]
2026-06-10,12:10:27.653988,[]
2026-06-10,12:10:27.687355,[]
2026-06-10,12:10:27.720722,[]
2026-06-10,12:10:27.754089,[]
2026-06-10,12:10:27.787456,[]
2026-06-10,12:10:27.820823,[]
2026-06-10,12:10:27.854190,[]
2026-06-10,12:10:27.887557,[]
2026-06-10,12:10:27.920924,[]
2026-06-10,12:10:27.954291,[]
2026-06-10,12:10:27.987658,[]
2026-06-10,12:10:28.021025,[]
2026-06-10,12:10:28.054392,[]
2026-06-10,12:10:28.087759,[]
2026-06-10,12:10:28.121126,[]
2026-06-10,12:10:28.154493,[]
2026-06-10,12:10:28.187860,[]
2026-06-10,12:10:28.221227,[]
2026-06-10,12:10:28.254594,[]
2026-06-10,12:10:28.287961,[]
2026-06-10,12:10:28.321328,[]
2026-06-10,12:10:28.354695,[]
2026-06-10,12:10:28.388062,[]
2026-06-10,12:10:28.421429,[]
2026-06-10,12:10:28.454796,[]
2026-06-10,12:10:28.488163,[]
2026-06-10,12:10:28.521530,[]
2026-06-10,12:10:28.554897,[]
2026-06-10,12:10:28.588264,[]
2026-06-10,12:10:28.621631,[]
2026-06-10,12:10:28.654998,[]
2026-06-10,12:10:28.688365,[]
2026-06-10,12:10:28.721732,[]
2026-06-10,12:10:28.755099,[]
2026-06-10,12:10:28.788466,[]
2026-06-10,12:10:28.821833,[]
2026-06-10,12:10:28.855200,[]
2026-06-10,12:10:28.888567,[]
2026-06-10,12:10:28.921934,[]
2026-06-10,12:10:28.955301,[]
2026-06-10,12:10:28.988668,[]
2026-06-10,12:10:29.022035,[]
2026-06-10,12:10:29.055402,[]
2026-06-10,12:10:29.088769,[]
2026-06-10,12:10:29.122136,[]
2026-06-10,12:10:29.155503,[]
2026-06-10,12:10:29.188870,[]
2026-06-10,12:10:29.222237,[]
2026-06-10,12:10:29.255604,[]
2026-06-10,12:10:29.288971,[]
2026-06-10,12:10:29.322338,[]
2026-06-10,12:10:29.355705,[]
2026-06-10,12:10:29.389072,[]
2026-06-10,12:10:29.422439,[]
2026-06-10,12:10:29.455806,[]
2026-06-10,12:10:29.489173,[]
2026-06-10,12:10:29.522540,[]
2026-06-10,12:10:29.555907,[]
2026-06-10,12:10:29.589274,[]
2026-06-10,12:10:29.622641,[]
2026-06-10,12:10:29.656008,[]
2026-06-10,12:10:29.689375,[]
2026-06-10,12:10:29.722742,[]
2026-06-10,12:10:29.756109,[]
2026-06-10,12:10:29.789476,[]
2026-06-10,12:10:29.822843,[]
2026-06-10,12:10:29.856210,[]
2026-06-10,12:10:29.889577,[]
2026-06-10,12:10:29.922944,[]
2026-06-10,12:10:29.956311,[]
2026-06-10,12:10:29.989678,[]
2026-06-10,12:10:30.023045,[]
2026-06-10,12:10:30.056412,[]
2026-06-10,12:10:30.089779,[]
2026-06-10,12:10:30.123146,[]
2026-06-10,12:10:30.156513,[]
2026-06-10,12:10:30.189880,[]
2026-06-10,12:10:30.223247,[]
2026-06-10,12:10:30.256614,[]
2026-06-10,12:10:30.289981,[]
2026-06-10,12:10:30.323348,[]
2026-06-10,12:10:30.356715,[]
2026-06-10,12:10:30.390082,[]
2026-06-10,12:10:30.423449,[]
2026-06-10,12:10:30.456816,[]
2026-06-10,12:10:30.490183,[]
2026-06-10,12:10:30.523550,[]
2026-06-10,12:10:30.556917,[]
2026-06-10,12:10:30.590284,[]
2026-06-10,12:10:30.623651,[]
2026-06-10,12:10:30.657018,[]
2026-06-10,12:10:30.690385,[]
2026-06-10,12:10:30.723752,[]
2026-06-10,12:10:30.757119,[]
2026-06-10,12:10:30.790486,[]
2026-06-10,12:10:30.823853,[]
2026-06-10,12:10:30.857220,[]
2026-06-10,12:10:30.890587,[]
2026-06-10,12:10:30.923954,[]
2026-06-10,12:10:30.957321,[]
2026-06-10,12:10:30.990688,[]
2026-06-10,12:10:31.024055,[]
2026-06-10,12:10:31.057422,[]
2026-06-10,12:10:31.090789,[]
2026-06-10,12:10:31.124156,[]
2026-06-10,12:10:31.157523,[]
2026-06-10,12:10:31.190890,[]
2026-06-10,12:10:31.224257,[]
2026-06-10,12:10:31.257624,[]
2026-06-10,12:10:31.290991,[]
2026-06-10,12:10:31.324358,[]
2026-06-10,12:10:31.357725,[]
2026-06-10,12:10:31.391092,[]
2026-06-10,12:10:31.424459,[]
2026-06-10,12:10:31.457826,[]
2026-06-10,12:10:31.491193,[]
2026-06-10,12:10:31.524560,[]
2026-06-10,12:10:31.557927,[]
2026-06-10,12:10:31.591294,[]
2026-06-10,12:10:31.624661,[]
2026-06-10,12:10:31.658028,[]
2026-06-10,12:10:31.691395,[]
2026-06-10,12:10:31.724762,[]
2026-06-10,12:10:31.758129,[]
2026-06-10,12:10:31.791496,[]
2026-06-10,12:10:31.824863,[]
2026-06-10,12:10:31.858230,[]
2026-06-10,12:10:31.891597,[]
2026-06-10,12:10:31.924964,[]
2026-06-10,12:10:31.958331,[]
2026-06-10,12:10:31.991698,[]
2026-06-10,12:10:32.025065,[]
2026-06-10,12:10:32.058432,[]
2026-06-10,12:10:32.091799,[]
2026-06-10,12:10:32.125166,[]
2026-06-10,12:10:32.158533,[]
2026-06-10,12:10:32.191900,[]
2026-06-10,12:10:32.225267,[]
2026-06-10,12:10:32.258634,[]
2026-06-10,12:10:32.292001,[]
2026-06-10,12:10:32.325368,[]
2026-06-10,12:10:32.358735,[]
2026-06-10,12:10:32.392102,[]
2026-06-10,12:10:32.425469,[]
2026-06-10,12:10:32.458836,[]
2026-06-10,12:10:32.492203,[]
2026-06-10,12:10:32.525570,[]
2026-06-10,12:10:32.558937,[]
2026-06-10,12:10:32.592304,[]
2026-06-10,12:10:32.625671,[]
2026-06-10,12:10:32.659038,[]
2026-06-10,12:10:32.692405,[]
2026-06-10,12:10:32.725772,[]
2026-06-10,12:10:32.759139,[]
2026-06-10,12:10:32.792506,[]
2026-06-10,12:10:32.825873,[]
2026-06-10,12:10:32.859240,[]
2026-06-10,12:10:32.892607,[]
2026-06-10,12:10:32.925974,[]
2026-06-10,12:10:32.959341,[]
2026-06-10,12:10:32.992708,[]
2026-06-10,12:10:33.026075,[]
2026-06-10,12:10:33.059442,[]
2026-06-10,12:10:33.092809,[]
2026-06-10,12:10:33.126176,[]
2026-06-10,12:10:33.159543,[]
2026-06-10,12:10:33.192910,[]
2026-06-10,12:10:33.226277,[]
2026-06-10,12:10:33.259644,[]
2026-06-10,12:10:33.293011,[]
2026-06-10,12:10:33.326378,[]
2026-06-10,12:10:33.359745,[]
2026-06-10,12:10:33.393112,[]
2026-06-10,12:10:33.426479,[]
2026-06-10,12:10:33.459846,[]
2026-06-10,12:10:33.493213,[]
2026-06-10,12:10:33.526580,[]
2026-06-10,12:10:33.559947,[]
2026-06-10,12:10:33.593314,[]
2026-06-10,12:10:33.626681,[]
2026-06-10,12:10:33.660048,[]
2026-06-10,12:10:33.693415,[]
2026-06-10,12:10:33.726782,[]
2026-06-10,12:10:33.760149,[]
2026-06-10,12:10:33.793516,[]
2026-06-10,12:10:33.826883,[]
2026-06-10,12:10:33.860250,[]
2026-06-10,12:10:33.893617,[]
2026-06-10,12:10:33.926984,[]
2026-06-10,12:10:33.960351,[]
2026-06-10,12:10:33.993718,[]
2026-06-10,12:10:34.027085,[]
2026-06-10,12:10:34.060452,[]
2026-06-10,12:10:34.093819,[]
2026-06-10,12:10:34.127186,[]
2026-06-10,12:10:34.160553,[]
2026-06-10,12:10:34.193920,[]
2026-06-10,12:10:34.227287,[]
2026-06-10,12:10:34.260654,[]
2026-06-10,12:10:34.294021,[]
2026-06-10,12:10:34.327388,[]
2026-06-10,12:10:34.360755,[]
2026-06-10,12:10:34.394122,[]
2026-06-10,12:10:34.427489,[]
2026-06-10,12:10:34.460856,[]
2026-06-10,12:10:34.494223,[]
2026-06-10,12:10:34.527590,[]
2026-06-10,12:10:34.560957,[]
2026-06-10,12:10:34.594324,[]
2026-06-10,12:10:34.627691,[]
2026-06-10,12:10:34.661058,[]
2026-06-10,12:10:34.694425,[]
2026-06-10,12:10:34.727792,[]
2026-06-10,12:10:34.761159,[]
2026-06-10,12:10:34.794526,[]
2026-06-10,12:10:34.827893,[]
2026-06-10,12:10:34.861260,[]
2026-06-10,12:10:34.894627,[]
2026-06-10,12:10:34.927994,[]
2026-06-10,12:10:34.961361,[]
2026-06-10,12:10:34.994728,[]
2026-06-10,12:10:35.028095,[]
2026-06-10,12:10:35.061462,[]
2026-06-10,12:10:35.094829,[]
2026-06-10,12:10:35.128196,[]
2026-06-10,12:10:35.161563,[]
2026-06-10,12:10:35.194930,[]
2026-06-10,12:10:35.228297,[]
2026-06-10,12:10:35.261664,[]
2026-06-10,12:10:35.295031,[]
2026-06-10,12:10:35.328398,[]
2026-06-10,12:10:35.361765,[]
2026-06-10,12:10:35.395132,[]
2026-06-10,12:10:35.428499,[]
2026-06-10,12:10:35.461866,[]
2026-06-10,12:10:35.495233,[]
2026-06-10,12:10:35.528600,[]
2026-06-10,12:10:35.561967,[]
2026-06-10,12:10:35.595334,[]
2026-06-10,12:10:35.628701,[]
2026-06-10,12:10:35.662068,[]
2026-06-10,12:10:35.695435,[]
2026-06-10,12:10:35.728802,[]
2026-06-10,12:10:35.762169,[]
2026-06-10,12:10:35.795536,[]
2026-06-10,12:10:35.828903,[]
2026-06-10,12:10:35.862270,[]
2026-06-10,12:10:35.895637,[]
2026-06-10,12:10:35.929004,[]
2026-06-10,12:10:35.962371,[]
2026-06-10,12:10:35.995738,[]
2026-06-10,12:10:36.029105,[]
2026-06-10,12:10:36.062472,[]
2026-06-10,12:10:36.095839,[]
2026-06-10,12:10:36.129206,[]
2026-06-10,12:10:36.162573,[]
2026-06-10,12:10:36.195940,[]
2026-06-10,12:10:36.229307,[]
2026-06-10,12:10:36.262674,[]
2026-06-10,12:10:36.296041,[]
2026-06-10,12:10:36.329408,[]
2026-06-10,12:10:36.362775,[]
2026-06-10,12:10:36.396142,[]
2026-06-10,12:10:36.429509,[]
2026-06-10,12:10:36.462876,[]
2026-06-10,12:10:36.496243,[]
2026-06-10,12:10:36.529610,[]
2026-06-10,12:10:36.562977,[]
2026-06-10,12:10:36.596344,[]
2026-06-10,12:10:36.629711,[]
2026-06-10,12:10:36.663078,[]
2026-06-10,12:10:36.696445,[]
2026-06-10,12:10:36.729812,[]
2026-06-10,12:10:36.763179,[]
2026-06-10,12:10:36.796546,[]
2026-06-10,12:10:36.829913,[]
2026-06-10,12:10:36.863280,[]
2026-06-10,12:10:36.896647,[]
2026-06-10,12:10:36.930014,[]
2026-06-10,12:10:36.963381,[]
2026-06-10,12:10:36.996748,[]
2026-06-10,12:10:37.030115,[]
2026-06-10,12:10:37.063482,[]
2026-06-10,12:10:37.096849,[]
2026-06-10,12:10:37.130216,[]
2026-06-10,12:10:37.163583,[]
2026-06-10,12:10:37.196950,[]
2026-06-10,12:10:37.230317,[]
2026-06-10,12:10:37.263684,[]
2026-06-10,12:10:37.297051,[]
2026-06-10,12:10:37.330418,[]
2026-06-10,12:10:37.363785,[]
2026-06-10,12:10:37.397152,[]
2026-06-10,12:10:37.430519,[]
2026-06-10,12:10:37.463886,[]
2026-06-10,12:10:37.497253,[]
2026-06-10,12:10:37.530620,[]
2026-06-10,12:10:37.563987,[]
2026-06-10,12:10:37.597354,[]
2026-06-10,12:10:37.630721,[]
2026-06-10,12:10:37.664088,[]
2026-06-10,12:10:37.697455,[]
2026-06-10,12:10:37.730822,[]
2026-06-10,12:10:37.764189,[]
2026-06-10,12:10:37.797556,[]
2026-06-10,12:10:37.830923,[]
2026-06-10,12:10:37.864290,[]
2026-06-10,12:10:37.897657,[]
2026-06-10,12:10:37.931024,[]
2026-06-10,12:10:37.964391,[]
2026-06-10,12:10:37.997758,[]
2026-06-10,12:10:38.031125,[]
2026-06-10,12:10:38.064492,[]
2026-06-10,12:10:38.097859,[]
2026-06-10,12:10:38.131226,[]
2026-06-10,12:10:38.164593,[]
2026-06-10,12:10:38.197960,[]
2026-06-10,12:10:38.231327,[]
2026-06-10,12:10:38.264694,[]
2026-06-10,12:10:38.298061,[]
2026-06-10,12:10:38.331428,[]
2026-06-10,12:10:38.364795,[]
2026-06-10,12:10:38.398162,[]
2026-06-10,12:10:38.431529,[]
2026-06-10,12:10:38.464896,[]
2026-06-10,12:10:38.498263,[]
2026-06-10,12:10:38.531630,[]
2026-06-10,12:10:38.564997,[]
2026-06-10,12:10:38.598364,[]
2026-06-10,12:10:38.631731,[]
2026-06-10,12:10:38.665098,[]
2026-06-10,12:10:38.698465,[]
2026-06-10,12:10:38.731832,[]
2026-06-10,12:10:38.765199,[]
2026-06-10,12:10:38.798566,[]
2026-06-10,12:10:38.831933,[]
2026-06-10,12:10:38.865300,[]
2026-06-10,12:10:38.898667,[]
2026-06-10,12:10:38.932034,[]
2026-06-10,12:10:38.965401,[]
2026-06-10,12:10:38.998768,[]
2026-06-10,12:10:39.032135,[]
2026-06-10,12:10:39.065502,[]
2026-06-10,12:10:39.098869,[]
2026-06-10,12:10:39.132236,[]
2026-06-10,12:10:39.165603,[]
2026-06-10,12:10:39.198970,[]
2026-06-10,12:10:39.232337,[]
2026-06-10,12:10:39.265704,[]
2026-06-10,12:10:39.299071,[]
2026-06-10,12:10:39.332438,[]
2026-06-10,12:10:39.365805,[]
2026-06-10,12:10:39.399172,[]
2026-06-10,12:10:39.432539,[]
2026-06-10,12:10:39.465906,[]
2026-06-10,12:10:39.499273,[]
2026-06-10,12:10:39.532640,[]
2026-06-10,12:10:39.566007,[]
2026-06-10,12:10:39.599374,[]
2026-06-10,12:10:39.632741,[]
2026-06-10,12:10:39.666108,[]
2026-06-10,12:10:39.699475,[]
2026-06-10,12:10:39.732842,[]
2026-06-10,12:10:39.766209,[]
2026-06-10,12:10:39.799576,[]
2026-06-10,12:10:39.832943,[]
2026-06-10,12:10:39.866310,[]
2026-06-10,12:10:39.899677,[]
2026-06-10,12:10:39.933044,[]
2026-06-10,12:10:39.966411,[]
2026-06-10,12:10:39.999778,[]
2026-06-10,12:10:40.033145,[]
2026-06-10,12:10:40.066512,[]
2026-06-10,12:10:40.099879,[]
2026-06-10,12:10:40.133246,[]
2026-06-10,12:10:40.166613,[]
2026-06-10,12:10:40.199980,[]
2026-06-10,12:10:40.233347,[]
2026-06-10,12:10:40.266714,[]
2026-06-10,12:10:40.300081,[]
2026-06-10,12:10:40.333448,[]
2026-06-10,12:10:40.366815,[]
2026-06-10,12:10:40.400182,[]
2026-06-10,12:10:40.433549,[]
2026-06-10,12:10:40.466916,[]
2026-06-10,12:10:40.500283,[]
2026-06-10,12:10:40.533650,[]
2026-06-10,12:10:40.567017,[]
2026-06-10,12:10:40.600384,[]
2026-06-10,12:10:40.633751,[]
2026-06-10,12:10:40.667118,[]
2026-06-10,12:10:40.700485,[]
2026-06-10,12:10:40.733852,['DW85065']
2026-06-10,12:10:40.767219,['DW85065']
2026-06-10,12:10:40.800586,[]
2026-06-10,12:10:40.833953,[]
2026-06-10,12:10:40.867320,[]
2026-06-10,12:10:40.900687,[]
2026-06-10,12:10:40.934054,[]
2026-06-10,12:10:40.967421,[]
2026-06-10,12:10:41.000788,[]
2026-06-10,12:10:41.034155,[]
2026-06-10,12:10:41.067522,[]
2026-06-10,12:10:41.100889,[]
2026-06-10,12:10:41.134256,[]
2026-06-10,12:10:41.167623,[]
2026-06-10,12:10:41.200990,[]
2026-06-10,12:10:41.234357,[]
2026-06-10,12:10:41.267724,[]
2026-06-10,12:10:41.301091,[]
2026-06-10,12:10:41.334458,[]
2026-06-10,12:10:41.367825,[]
2026-06-10,12:10:41.401192,[]
2026-06-10,12:10:41.434559,[]
2026-06-10,12:10:41.467926,[]
2026-06-10,12:10:41.501293,[]
2026-06-10,12:10:41.534660,[]
2026-06-10,12:10:41.568027,[]
2026-06-10,12:10:41.601394,[]
2026-06-10,12:10:41.634761,[]
2026-06-10,12:10:41.668128,[]
2026-06-10,12:10:41.701495,[]
2026-06-10,12:10:41.734862,[]
2026-06-10,12:10:41.768229,[]
2026-06-10,12:10:41.801596,[]
2026-06-10,12:10:41.834963,[]
2026-06-10,12:10:41.868330,[]
2026-06-10,12:10:41.901697,[]
2026-06-10,12:10:41.935064,[]
2026-06-10,12:10:41.968431,[]
2026-06-10,12:10:42.001798,[]
2026-06-10,12:10:42.035165,[]
2026-06-10,12:10:42.068532,[]
2026-06-10,12:10:42.101899,[]
2026-06-10,12:10:42.135266,[]
2026-06-10,12:10:42.168633,[]
2026-06-10,12:10:42.202000,[]
2026-06-10,12:10:42.235367,[]
2026-06-10,12:10:42.268734,[]
2026-06-10,12:10:42.302101,[]
2026-06-10,12:10:42.335468,[]
2026-06-10,12:10:42.368835,[]
2026-06-10,12:10:42.402202,[]
2026-06-10,12:10:42.435569,[]
2026-06-10,12:10:42.468936,[]
2026-06-10,12:10:42.502303,[]
2026-06-10,12:10:42.535670,[]
2026-06-10,12:10:42.569037,[]
2026-06-10,12:10:42.602404,[]
2026-06-10,12:10:42.635771,[]
2026-06-10,12:10:42.669138,[]
2026-06-10,12:10:42.702505,[]
2026-06-10,12:10:42.735872,[]
2026-06-10,12:10:42.769239,[]
2026-06-10,12:10:42.802606,[]
2026-06-10,12:10:42.835973,[]
2026-06-10,12:10:42.869340,[]
2026-06-10,12:10:42.902707,[]
2026-06-10,12:10:42.936074,[]
2026-06-10,12:10:42.969441,[]
2026-06-10,12:10:43.002808,[]
2026-06-10,12:10:43.036175,[]
2026-06-10,12:10:43.069542,[]
2026-06-10,12:10:43.102909,[]
2026-06-10,12:10:43.136276,[]
2026-06-10,12:10:43.169643,[]
2026-06-10,12:10:43.203010,[]
2026-06-10,12:10:43.236377,[]
2026-06-10,12:10:43.269744,[]
2026-06-10,12:10:43.303111,[]
2026-06-10,12:10:43.336478,[]
2026-06-10,12:10:43.369845,[]
2026-06-10,12:10:43.403212,[]
2026-06-10,12:10:43.436579,[]
2026-06-10,12:10:43.469946,[]
2026-06-10,12:10:43.503313,[]
2026-06-10,12:10:43.536680,[]
2026-06-10,12:10:43.570047,[]
2026-06-10,12:10:43.603414,[]
2026-06-10,12:10:43.636781,[]
2026-06-10,12:10:43.670148,[]
2026-06-10,12:10:43.703515,[]
2026-06-10,12:10:43.736882,[]
2026-06-10,12:10:43.770249,[]
2026-06-10,12:10:43.803616,[]
2026-06-10,12:10:43.836983,[]
2026-06-10,12:10:43.870350,[]
2026-06-10,12:10:43.903717,[]
2026-06-10,12:10:43.937084,[]
2026-06-10,12:10:43.970451,[]
2026-06-10,12:10:44.003818,[]
2026-06-10,12:10:44.037185,[]
2026-06-10,12:10:44.070552,[]
2026-06-10,12:10:44.103919,[]
2026-06-10,12:10:44.137286,[]
2026-06-10,12:10:44.170653,[]
2026-06-10,12:10:44.204020,[]
2026-06-10,12:10:44.237387,[]
2026-06-10,12:10:44.270754,[]
2026-06-10,12:10:44.304121,[]
2026-06-10,12:10:44.337488,[]
2026-06-10,12:10:44.370855,[]
2026-06-10,12:10:44.404222,[]
2026-06-10,12:10:44.437589,[]
2026-06-10,12:10:44.470956,[]
2026-06-10,12:10:44.504323,[]
2026-06-10,12:10:44.537690,[]
2026-06-10,12:10:44.571057,[]
2026-06-10,12:10:44.604424,[]
2026-06-10,12:10:44.637791,[]
2026-06-10,12:10:44.671158,[]
2026-06-10,12:10:44.704525,[]
2026-06-10,12:10:44.737892,[]
2026-06-10,12:10:44.771259,[]
2026-06-10,12:10:44.804626,[]
2026-06-10,12:10:44.837993,[]
2026-06-10,12:10:44.871360,[]
2026-06-10,12:10:44.904727,[]
2026-06-10,12:10:44.938094,[]
2026-06-10,12:10:44.971461,[]
2026-06-10,12:10:45.004828,[]
2026-06-10,12:10:45.038195,[]
2026-06-10,12:10:45.071562,[]
2026-06-10,12:10:45.104929,[]
2026-06-10,12:10:45.138296,[]
2026-06-10,12:10:45.171663,[]
2026-06-10,12:10:45.205030,[]
2026-06-10,12:10:45.238397,[]
2026-06-10,12:10:45.271764,[]
2026-06-10,12:10:45.305131,[]
2026-06-10,12:10:45.338498,[]
2026-06-10,12:10:45.371865,[]
2026-06-10,12:10:45.405232,[]
2026-06-10,12:10:45.438599,[]
2026-06-10,12:10:45.471966,[]
2026-06-10,12:10:45.505333,[]
2026-06-10,12:10:45.538700,[]
2026-06-10,12:10:45.572067,[]
2026-06-10,12:10:45.605434,[]
2026-06-10,12:10:45.638801,[]
2026-06-10,12:10:45.672168,[]
2026-06-10,12:10:45.705535,[]
2026-06-10,12:10:45.738902,[]
2026-06-10,12:10:45.772269,[]
2026-06-10,12:10:45.805636,[]
2026-06-10,12:10:45.839003,[]
2026-06-10,12:10:45.872370,[]
2026-06-10,12:10:45.905737,[]
2026-06-10,12:10:45.939104,[]
2026-06-10,12:10:45.972471,[]
2026-06-10,12:10:46.005838,[]
2026-06-10,12:10:46.039205,[]
2026-06-10,12:10:46.072572,[]
2026-06-10,12:10:46.105939,[]
2026-06-10,12:10:46.139306,[]
2026-06-10,12:10:46.172673,[]
2026-06-10,12:10:46.206040,[]
2026-06-10,12:10:46.239407,[]
2026-06-10,12:10:46.272774,[]
2026-06-10,12:10:46.306141,[]
2026-06-10,12:10:46.339508,[]
2026-06-10,12:10:46.372875,[]
2026-06-10,12:10:46.406242,[]
2026-06-10,12:10:46.439609,[]
2026-06-10,12:10:46.472976,[]
2026-06-10,12:10:46.506343,[]
2026-06-10,12:10:46.539710,[]
2026-06-10,12:10:46.573077,[]
2026-06-10,12:10:46.606444,[]
2026-06-10,12:10:46.639811,[]
2026-06-10,12:10:46.673178,[]
2026-06-10,12:10:46.706545,[]
2026-06-10,12:10:46.739912,[]
2026-06-10,12:10:46.773279,[]
2026-06-10,12:10:46.806646,[]
2026-06-10,12:10:46.840013,[]
2026-06-10,12:10:46.873380,[]
2026-06-10,12:10:46.906747,[]
2026-06-10,12:10:46.940114,[]
2026-06-10,12:10:46.973481,[]
2026-06-10,12:10:47.006848,[]
2026-06-10,12:10:47.040215,[]
2026-06-10,12:10:47.073582,[]
2026-06-10,12:10:47.106949,[]
2026-06-10,12:10:47.140316,[]
2026-06-10,12:10:47.173683,[]
2026-06-10,12:10:47.207050,[]
2026-06-10,12:10:47.240417,[]
2026-06-10,12:10:47.273784,[]
2026-06-10,12:10:47.307151,[]
2026-06-10,12:10:47.340518,[]
2026-06-10,12:10:47.373885,[]
2026-06-10,12:10:47.407252,[]
2026-06-10,12:10:47.440619,[]
2026-06-10,12:10:47.473986,[]
2026-06-10,12:10:47.507353,[]
2026-06-10,12:10:47.540720,[]
2026-06-10,12:10:47.574087,[]
2026-06-10,12:10:47.607454,[]
2026-06-10,12:10:47.640821,[]
2026-06-10,12:10:47.674188,[]
2026-06-10,12:10:47.707555,[]
2026-06-10,12:10:47.740922,[]
2026-06-10,12:10:47.774289,[]
2026-06-10,12:10:47.807656,[]
2026-06-10,12:10:47.841023,[]
2026-06-10,12:10:47.874390,[]
2026-06-10,12:10:47.907757,[]
2026-06-10,12:10:47.941124,[]
2026-06-10,12:10:47.974491,[]
2026-06-10,12:10:48.007858,[]
2026-06-10,12:10:48.041225,[]
2026-06-10,12:10:48.074592,[]
2026-06-10,12:10:48.107959,[]
2026-06-10,12:10:48.141326,[]
2026-06-10,12:10:48.174693,[]
2026-06-10,12:10:48.208060,[]
2026-06-10,12:10:48.241427,[]
2026-06-10,12:10:48.274794,[]
2026-06-10,12:10:48.308161,[]
2026-06-10,12:10:48.341528,[]
2026-06-10,12:10:48.374895,[]
2026-06-10,12:10:48.408262,[]
2026-06-10,12:10:48.441629,[]
2026-06-10,12:10:48.474996,[]
2026-06-10,12:10:48.508363,[]
2026-06-10,12:10:48.541730,[]
2026-06-10,12:10:48.575097,[]
2026-06-10,12:10:48.608464,[]
2026-06-10,12:10:48.641831,[]
2026-06-10,12:10:48.675198,[]
2026-06-10,12:10:48.708565,[]
2026-06-10,12:10:48.741932,[]
2026-06-10,12:10:48.775299,[]
2026-06-10,12:10:48.808666,[]
2026-06-10,12:10:48.842033,[]
2026-06-10,12:10:48.875400,[]
2026-06-10,12:10:48.908767,[]
2026-06-10,12:10:48.942134,[]
2026-06-10,12:10:48.975501,[]
2026-06-10,12:10:49.008868,[]
2026-06-10,12:10:49.042235,[]
2026-06-10,12:10:49.075602,[]
2026-06-10,12:10:49.108969,[]
2026-06-10,12:10:49.142336,[]
2026-06-10,12:10:49.175703,[]
2026-06-10,12:10:49.209070,[]
2026-06-10,12:10:49.242437,[]
2026-06-10,12:10:49.275804,[]
2026-06-10,12:10:49.309171,[]
2026-06-10,12:10:49.342538,[]
2026-06-10,12:10:49.375905,[]
2026-06-10,12:10:49.409272,[]
2026-06-10,12:10:49.442639,[]
2026-06-10,12:10:49.476006,[]
2026-06-10,12:10:49.509373,[]
2026-06-10,12:10:49.542740,[]
2026-06-10,12:10:49.576107,[]
2026-06-10,12:10:49.609474,[]
2026-06-10,12:10:49.642841,[]
2026-06-10,12:10:49.676208,[]
2026-06-10,12:10:49.709575,[]
2026-06-10,12:10:49.742942,[]
2026-06-10,12:10:49.776309,[]
2026-06-10,12:10:49.809676,[]
2026-06-10,12:10:49.843043,[]
2026-06-10,12:10:49.876410,[]
2026-06-10,12:10:49.909777,[]
2026-06-10,12:10:49.943144,[]
2026-06-10,12:10:49.976511,[]
2026-06-10,12:10:50.009878,[]
2026-06-10,12:10:50.043245,[]
2026-06-10,12:10:50.076612,[]
2026-06-10,12:10:50.109979,[]
2026-06-10,12:10:50.143346,[]
2026-06-10,12:10:50.176713,[]
2026-06-10,12:10:50.210080,[]
2026-06-10,12:10:50.243447,[]
2026-06-10,12:10:50.276814,[]
2026-06-10,12:10:50.310181,[]
2026-06-10,12:10:50.343548,[]
2026-06-10,12:10:50.376915,[]
2026-06-10,12:10:50.410282,[]
2026-06-10,12:10:50.443649,[]
2026-06-10,12:10:50.477016,[]
2026-06-10,12:10:50.510383,[]
2026-06-10,12:10:50.543750,[]
2026-06-10,12:10:50.577117,[]
2026-06-10,12:10:50.610484,[]
2026-06-10,12:10:50.643851,[]
2026-06-10,12:10:50.677218,[]
2026-06-10,12:10:50.710585,[]
2026-06-10,12:10:50.743952,[]
2026-06-10,12:10:50.777319,[]
2026-06-10,12:10:50.810686,[]
2026-06-10,12:10:50.844053,[]
2026-06-10,12:10:50.877420,[]
2026-06-10,12:10:50.910787,[]
2026-06-10,12:10:50.944154,[]
2026-06-10,12:10:50.977521,[]
2026-06-10,12:10:51.010888,[]
2026-06-10,12:10:51.044255,[]
2026-06-10,12:10:51.077622,[]
2026-06-10,12:10:51.110989,[]
2026-06-10,12:10:51.144356,[]
2026-06-10,12:10:51.177723,[]
2026-06-10,12:10:51.211090,[]
2026-06-10,12:10:51.244457,[]
2026-06-10,12:10:51.277824,[]
2026-06-10,12:10:51.311191,[]
2026-06-10,12:10:51.344558,[]
2026-06-10,12:10:51.377925,[]
2026-06-10,12:10:51.411292,[]
2026-06-10,12:10:51.444659,[]
2026-06-10,12:10:51.478026,[]
2026-06-10,12:10:51.511393,[]
2026-06-10,12:10:51.544760,[]
2026-06-10,12:10:51.578127,[]
2026-06-10,12:10:51.611494,[]
2026-06-10,12:10:51.644861,[]
2026-06-10,12:10:51.678228,[]
2026-06-10,12:10:51.711595,[]
2026-06-10,12:10:51.744962,[]
2026-06-10,12:10:51.778329,[]
2026-06-10,12:10:51.811696,[]
2026-06-10,12:10:51.845063,[]
2026-06-10,12:10:51.878430,[]
2026-06-10,12:10:51.911797,[]
2026-06-10,12:10:51.945164,[]
2026-06-10,12:10:51.978531,[]
2026-06-10,12:10:52.011898,[]
2026-06-10,12:10:52.045265,[]
2026-06-10,12:10:52.078632,[]
2026-06-10,12:10:52.111999,[]
2026-06-10,12:10:52.145366,[]
2026-06-10,12:10:52.178733,[]
2026-06-10,12:10:52.212100,[]
2026-06-10,12:10:52.245467,[]
2026-06-10,12:10:52.278834,[]
2026-06-10,12:10:52.312201,[]
2026-06-10,12:10:52.345568,[]
2026-06-10,12:10:52.378935,[]
2026-06-10,12:10:52.412302,[]
2026-06-10,12:10:52.445669,[]
2026-06-10,12:10:52.479036,[]
2026-06-10,12:10:52.512403,[]
2026-06-10,12:10:52.545770,[]
2026-06-10,12:10:52.579137,[]
2026-06-10,12:10:52.612504,[]
2026-06-10,12:10:52.645871,[]
2026-06-10,12:10:52.679238,[]
2026-06-10,12:10:52.712605,[]
2026-06-10,12:10:52.745972,[]
2026-06-10,12:10:52.779339,[]
2026-06-10,12:10:52.812706,[]
2026-06-10,12:10:52.846073,[]
2026-06-10,12:10:52.879440,[]
2026-06-10,12:10:52.912807,[]
2026-06-10,12:10:52.946174,[]
2026-06-10,12:10:52.979541,[]
2026-06-10,12:10:53.012908,[]
2026-06-10,12:10:53.046275,[]
2026-06-10,12:10:53.079642,[]
2026-06-10,12:10:53.113009,[]
2026-06-10,12:10:53.146376,[]
2026-06-10,12:10:53.179743,[]
2026-06-10,12:10:53.213110,[]
2026-06-10,12:10:53.246477,[]
2026-06-10,12:10:53.279844,[]
2026-06-10,12:10:53.313211,[]
2026-06-10,12:10:53.346578,[]
2026-06-10,12:10:53.379945,[]
2026-06-10,12:10:53.413312,[]
2026-06-10,12:10:53.446679,[]
2026-06-10,12:10:53.480046,[]
2026-06-10,12:10:53.513413,[]
2026-06-10,12:10:53.546780,[]
2026-06-10,12:10:53.580147,[]
2026-06-10,12:10:53.613514,[]
2026-06-10,12:10:53.646881,[]
2026-06-10,12:10:53.680248,[]
2026-06-10,12:10:53.713615,[]
2026-06-10,12:10:53.746982,[]
2026-06-10,12:10:53.780349,[]
2026-06-10,12:10:53.813716,[]
2026-06-10,12:10:53.847083,['EN37088']
2026-06-10,12:10:53.880450,['EN37088']
2026-06-10,12:10:53.913817,[]
2026-06-10,12:10:53.947184,[]
2026-06-10,12:10:53.980551,['EN37088']
2026-06-10,12:10:54.013918,[]
2026-06-10,12:10:54.047285,[]
2026-06-10,12:10:54.080652,[]
2026-06-10,12:10:54.114019,[]
2026-06-10,12:10:54.147386,[]
2026-06-10,12:10:54.180753,[]
2026-06-10,12:10:54.214120,[]
2026-06-10,12:10:54.247487,[]
2026-06-10,12:10:54.280854,[]
2026-06-10,12:10:54.314221,[]
2026-06-10,12:10:54.347588,[]
2026-06-10,12:10:54.380955,[]
2026-06-10,12:10:54.414322,[]
2026-06-10,12:10:54.447689,[]
2026-06-10,12:10:54.481056,[]
2026-06-10,12:10:54.514423,[]
2026-06-10,12:10:54.547790,[]
2026-06-10,12:10:54.581157,[]
2026-06-10,12:10:54.614524,[]
2026-06-10,12:10:54.647891,[]
2026-06-10,12:10:54.681258,[]
2026-06-10,12:10:54.714625,[]
2026-06-10,12:10:54.747992,[]
2026-06-10,12:10:54.781359,[]
2026-06-10,12:10:54.814726,[]
2026-06-10,12:10:54.848093,[]
2026-06-10,12:10:54.881460,[]
2026-06-10,12:10:54.914827,[]
2026-06-10,12:10:54.948194,[]
2026-06-10,12:10:54.981561,[]
2026-06-10,12:10:55.014928,[]
2026-06-10,12:10:55.048295,[]
2026-06-10,12:10:55.081662,[]
2026-06-10,12:10:55.115029,[]
2026-06-10,12:10:55.148396,[]
2026-06-10,12:10:55.181763,[]
2026-06-10,12:10:55.215130,[]
2026-06-10,12:10:55.248497,[]
2026-06-10,12:10:55.281864,[]
2026-06-10,12:10:55.315231,[]
2026-06-10,12:10:55.348598,[]
2026-06-10,12:10:55.381965,[]
2026-06-10,12:10:55.415332,[]
2026-06-10,12:10:55.448699,[]
2026-06-10,12:10:55.482066,[]
2026-06-10,12:10:55.515433,[]
2026-06-10,12:10:55.548800,[]
2026-06-10,12:10:55.582167,[]
2026-06-10,12:10:55.615534,[]
2026-06-10,12:10:55.648901,[]
2026-06-10,12:10:55.682268,[]
2026-06-10,12:10:55.715635,[]
2026-06-10,12:10:55.749002,[]
2026-06-10,12:10:55.782369,[]
2026-06-10,12:10:55.815736,[]
2026-06-10,12:10:55.849103,[]
2026-06-10,12:10:55.882470,[]
2026-06-10,12:10:55.915837,[]
2026-06-10,12:10:55.949204,[]
2026-06-10,12:10:55.982571,[]
2026-06-10,12:10:56.015938,[]
2026-06-10,12:10:56.049305,[]
2026-06-10,12:10:56.082672,[]
2026-06-10,12:10:56.116039,[]
2026-06-10,12:10:56.149406,[]
2026-06-10,12:10:56.182773,[]
2026-06-10,12:10:56.216140,[]
2026-06-10,12:10:56.249507,[]
2026-06-10,12:10:56.282874,[]
2026-06-10,12:10:56.316241,[]
2026-06-10,12:10:56.349608,[]
2026-06-10,12:10:56.382975,[]
2026-06-10,12:10:56.416342,[]
2026-06-10,12:10:56.449709,[]
2026-06-10,12:10:56.483076,[]
2026-06-10,12:10:56.516443,[]
2026-06-10,12:10:56.549810,[]
2026-06-10,12:10:56.583177,[]
2026-06-10,12:10:56.616544,[]
2026-06-10,12:10:56.649911,[]
2026-06-10,12:10:56.683278,[]
2026-06-10,12:10:56.716645,[]
2026-06-10,12:10:56.750012,[]
2026-06-10,12:10:56.783379,[]
2026-06-10,12:10:56.816746,[]
2026-06-10,12:10:56.850113,[]
2026-06-10,12:10:56.883480,['DM16443']
2026-06-10,12:10:56.916847,['DM16443']
2026-06-10,12:10:56.950214,['DH16443']
2026-06-10,12:10:56.983581,['DM16483']
2026-06-10,12:10:57.016948,[]
2026-06-10,12:10:57.050315,[]
2026-06-10,12:10:57.083682,[]
2026-06-10,12:10:57.117049,[]
2026-06-10,12:10:57.150416,[]
2026-06-10,12:10:57.183783,[]
2026-06-10,12:10:57.217150,[]
2026-06-10,12:10:57.250517,[]
2026-06-10,12:10:57.283884,[]
2026-06-10,12:10:57.317251,[]
2026-06-10,12:10:57.350618,[]
2026-06-10,12:10:57.383985,[]
2026-06-10,12:10:57.417352,[]
2026-06-10,12:10:57.450719,[]
2026-06-10,12:10:57.484086,[]
2026-06-10,12:10:57.517453,[]
2026-06-10,12:10:57.550820,[]
2026-06-10,12:10:57.584187,[]
2026-06-10,12:10:57.617554,[]
2026-06-10,12:10:57.650921,[]
2026-06-10,12:10:57.684288,[]
2026-06-10,12:10:57.717655,[]
2026-06-10,12:10:57.751022,[]
2026-06-10,12:10:57.784389,[]
2026-06-10,12:10:57.817756,[]
2026-06-10,12:10:57.851123,[]
2026-06-10,12:10:57.884490,[]
2026-06-10,12:10:57.917857,[]
2026-06-10,12:10:57.951224,[]
2026-06-10,12:10:57.984591,[]
2026-06-10,12:10:58.017958,[]
2026-06-10,12:10:58.051325,[]
2026-06-10,12:10:58.084692,[]
2026-06-10,12:10:58.118059,[]
2026-06-10,12:10:58.151426,[]
2026-06-10,12:10:58.184793,[]
2026-06-10,12:10:58.218160,[]
2026-06-10,12:10:58.251527,[]
2026-06-10,12:10:58.284894,[]
2026-06-10,12:10:58.318261,[]
2026-06-10,12:10:58.351628,[]
2026-06-10,12:10:58.384995,[]
2026-06-10,12:10:58.418362,[]
2026-06-10,12:10:58.451729,[]
2026-06-10,12:10:58.485096,[]
2026-06-10,12:10:58.518463,[]
2026-06-10,12:10:58.551830,[]
2026-06-10,12:10:58.585197,[]
2026-06-10,12:10:58.618564,[]
2026-06-10,12:10:58.651931,[]
2026-06-10,12:10:58.685298,[]
2026-06-10,12:10:58.718665,[]
2026-06-10,12:10:58.752032,[]
2026-06-10,12:10:58.785399,[]
2026-06-10,12:10:58.818766,[]
2026-06-10,12:10:58.852133,[]
2026-06-10,12:10:58.885500,[]
2026-06-10,12:10:58.918867,[]
2026-06-10,12:10:58.952234,[]
2026-06-10,12:10:58.985601,[]
2026-06-10,12:10:59.018968,[]
2026-06-10,12:10:59.052335,[]
2026-06-10,12:10:59.085702,[]
2026-06-10,12:10:59.119069,[]
2026-06-10,12:10:59.152436,[]
2026-06-10,12:10:59.185803,[]
2026-06-10,12:10:59.219170,[]
2026-06-10,12:10:59.252537,[]
2026-06-10,12:10:59.285904,[]
2026-06-10,12:10:59.319271,[]
2026-06-10,12:10:59.352638,[]
2026-06-10,12:10:59.386005,[]
2026-06-10,12:10:59.419372,[]
2026-06-10,12:10:59.452739,[]
2026-06-10,12:10:59.486106,[]
2026-06-10,12:10:59.519473,[]
2026-06-10,12:10:59.552840,[]
2026-06-10,12:10:59.586207,[]
2026-06-10,12:10:59.619574,[]
2026-06-10,12:10:59.652941,[]
2026-06-10,12:10:59.686308,[]
2026-06-10,12:10:59.719675,[]
2026-06-10,12:10:59.753042,[]
2026-06-10,12:10:59.786409,[]
2026-06-10,12:10:59.819776,[]
2026-06-10,12:10:59.853143,[]
2026-06-10,12:10:59.886510,[]
2026-06-10,12:10:59.919877,[]
2026-06-10,12:10:59.953244,[]
2026-06-10,12:10:59.986611,[]
2026-06-10,12:11:00.019978,[]
2026-06-10,12:11:00.053345,[]
2026-06-10,12:11:00.086712,[]
2026-06-10,12:11:00.120079,[]
2026-06-10,12:11:00.153446,[]
2026-06-10,12:11:00.186813,[]
2026-06-10,12:11:00.220180,[]
2026-06-10,12:11:00.253547,[]
2026-06-10,12:11:00.286914,[]
2026-06-10,12:11:00.320281,[]
2026-06-10,12:11:00.353648,[]
2026-06-10,12:11:00.387015,[]
2026-06-10,12:11:00.420382,[]
2026-06-10,12:11:00.453749,[]
2026-06-10,12:11:00.487116,[]
2026-06-10,12:11:00.520483,[]
2026-06-10,12:11:00.553850,[]
2026-06-10,12:11:00.587217,[]
2026-06-10,12:11:00.620584,[]
2026-06-10,12:11:00.653951,[]
2026-06-10,12:11:00.687318,[]
2026-06-10,12:11:00.720685,[]
2026-06-10,12:11:00.754052,[]
2026-06-10,12:11:00.787419,[]
2026-06-10,12:11:00.820786,[]
2026-06-10,12:11:00.854153,[]
2026-06-10,12:11:00.887520,[]
2026-06-10,12:11:00.920887,[]
2026-06-10,12:11:00.954254,[]
2026-06-10,12:11:00.987621,[]
2026-06-10,12:11:01.020988,[]
2026-06-10,12:11:01.054355,[]
2026-06-10,12:11:01.087722,[]
2026-06-10,12:11:01.121089,[]
2026-06-10,12:11:01.154456,[]
2026-06-10,12:11:01.187823,[]
2026-06-10,12:11:01.221190,[]
2026-06-10,12:11:01.254557,[]
2026-06-10,12:11:01.287924,[]
2026-06-10,12:11:01.321291,[]
2026-06-10,12:11:01.354658,[]
2026-06-10,12:11:01.388025,[]
2026-06-10,12:11:01.421392,[]
2026-06-10,12:11:01.454759,['DH57682']
2026-06-10,12:11:01.488126,['DH57682']
2026-06-10,12:11:01.521493,['DH57682']
2026-06-10,12:11:01.554860,['DH57682']
2026-06-10,12:11:01.588227,['DH57682']
2026-06-10,12:11:01.621594,[]
2026-06-10,12:11:01.654961,[]
2026-06-10,12:11:01.688328,[]
2026-06-10,12:11:01.721695,[]
2026-06-10,12:11:01.755062,[]
2026-06-10,12:11:01.788429,[]
2026-06-10,12:11:01.821796,[]
2026-06-10,12:11:01.855163,[]
2026-06-10,12:11:01.888530,[]
2026-06-10,12:11:01.921897,[]
2026-06-10,12:11:01.955264,[]
2026-06-10,12:11:01.988631,[]
2026-06-10,12:11:02.021998,[]
2026-06-10,12:11:02.055365,[]
2026-06-10,12:11:02.088732,[]
2026-06-10,12:11:02.122099,[]
2026-06-10,12:11:02.155466,[]
2026-06-10,12:11:02.188833,[]
2026-06-10,12:11:02.222200,[]
2026-06-10,12:11:02.255567,[]
2026-06-10,12:11:02.288934,[]
2026-06-10,12:11:02.322301,[]
2026-06-10,12:11:02.355668,[]
2026-06-10,12:11:02.389035,[]
2026-06-10,12:11:02.422402,[]
2026-06-10,12:11:02.455769,[]
2026-06-10,12:11:02.489136,[]
2026-06-10,12:11:02.522503,[]
2026-06-10,12:11:02.555870,[]
2026-06-10,12:11:02.589237,[]
2026-06-10,12:11:02.622604,[]
2026-06-10,12:11:02.655971,[]
2026-06-10,12:11:02.689338,[]
2026-06-10,12:11:02.722705,[]
2026-06-10,12:11:02.756072,[]
2026-06-10,12:11:02.789439,[]
2026-06-10,12:11:02.822806,[]
2026-06-10,12:11:02.856173,[]
2026-06-10,12:11:02.889540,[]
2026-06-10,12:11:02.922907,[]
2026-06-10,12:11:02.956274,[]
2026-06-10,12:11:02.989641,[]
2026-06-10,12:11:03.023008,[]
2026-06-10,12:11:03.056375,[]
2026-06-10,12:11:03.089742,[]
2026-06-10,12:11:03.123109,[]
2026-06-10,12:11:03.156476,[]
2026-06-10,12:11:03.189843,[]
2026-06-10,12:11:03.223210,[]
2026-06-10,12:11:03.256577,[]
2026-06-10,12:11:03.289944,[]
2026-06-10,12:11:03.323311,[]
2026-06-10,12:11:03.356678,[]
2026-06-10,12:11:03.390045,[]
2026-06-10,12:11:03.423412,[]
2026-06-10,12:11:03.456779,[]
2026-06-10,12:11:03.490146,[]
2026-06-10,12:11:03.523513,[]
2026-06-10,12:11:03.556880,[]
2026-06-10,12:11:03.590247,[]
2026-06-10,12:11:03.623614,[]
2026-06-10,12:11:03.656981,[]
2026-06-10,12:11:03.690348,[]
2026-06-10,12:11:03.723715,['BM98857']
2026-06-10,12:11:03.757082,['BM98857']
2026-06-10,12:11:03.790449,['BM98857']
2026-06-10,12:11:03.823816,['BM98857']
2026-06-10,12:11:03.857183,['BM98857']
2026-06-10,12:11:03.890550,[]
2026-06-10,12:11:03.923917,[]
2026-06-10,12:11:03.957284,[]
2026-06-10,12:11:03.990651,[]
2026-06-10,12:11:04.024018,[]
2026-06-10,12:11:04.057385,[]
2026-06-10,12:11:04.090752,[]
2026-06-10,12:11:04.124119,[]
2026-06-10,12:11:04.157486,[]
2026-06-10,12:11:04.190853,[]
2026-06-10,12:11:04.224220,[]
2026-06-10,12:11:04.257587,[]
2026-06-10,12:11:04.290954,[]
2026-06-10,12:11:04.324321,[]
2026-06-10,12:11:04.357688,[]
2026-06-10,12:11:04.391055,[]
2026-06-10,12:11:04.424422,[]
2026-06-10,12:11:04.457789,[]
2026-06-10,12:11:04.491156,[]
2026-06-10,12:11:04.524523,[]
2026-06-10,12:11:04.557890,[]
2026-06-10,12:11:04.591257,[]
2026-06-10,12:11:04.624624,[]
2026-06-10,12:11:04.657991,[]
2026-06-10,12:11:04.691358,[]
2026-06-10,12:11:04.724725,[]
2026-06-10,12:11:04.758092,[]
2026-06-10,12:11:04.791459,[]
2026-06-10,12:11:04.824826,[]
2026-06-10,12:11:04.858193,[]
2026-06-10,12:11:04.891560,[]
2026-06-10,12:11:04.924927,[]
2026-06-10,12:11:04.958294,[]
2026-06-10,12:11:04.991661,[]
2026-06-10,12:11:05.025028,[]
2026-06-10,12:11:05.058395,[]
2026-06-10,12:11:05.091762,[]
2026-06-10,12:11:05.125129,[]
2026-06-10,12:11:05.158496,[]
2026-06-10,12:11:05.191863,[]
2026-06-10,12:11:05.225230,[]
2026-06-10,12:11:05.258597,[]
2026-06-10,12:11:05.291964,[]
2026-06-10,12:11:05.325331,[]
2026-06-10,12:11:05.358698,[]
2026-06-10,12:11:05.392065,[]
2026-06-10,12:11:05.425432,[]
2026-06-10,12:11:05.458799,[]
2026-06-10,12:11:05.492166,[]
2026-06-10,12:11:05.525533,[]
2026-06-10,12:11:05.558900,[]
2026-06-10,12:11:05.592267,[]
2026-06-10,12:11:05.625634,['EJ26457']
2026-06-10,12:11:05.659001,['EJ26457']
2026-06-10,12:11:05.692368,['EJ26457']
2026-06-10,12:11:05.725735,['EJ26457']
2026-06-10,12:11:05.759102,[]
2026-06-10,12:11:05.792469,[]
2026-06-10,12:11:05.825836,[]
2026-06-10,12:11:05.859203,[]
2026-06-10,12:11:05.892570,[]
2026-06-10,12:11:05.925937,[]
2026-06-10,12:11:05.959304,[]
2026-06-10,12:11:05.992671,[]
2026-06-10,12:11:06.026038,[]
2026-06-10,12:11:06.059405,[]
2026-06-10,12:11:06.092772,[]
2026-06-10,12:11:06.126139,[]
2026-06-10,12:11:06.159506,[]
2026-06-10,12:11:06.192873,[]
2026-06-10,12:11:06.226240,[]
2026-06-10,12:11:06.259607,[]
2026-06-10,12:11:06.292974,[]
2026-06-10,12:11:06.326341,[]
2026-06-10,12:11:06.359708,[]
2026-06-10,12:11:06.393075,[]
2026-06-10,12:11:06.426442,[]
2026-06-10,12:11:06.459809,[]
2026-06-10,12:11:06.493176,[]
2026-06-10,12:11:06.526543,[]
2026-06-10,12:11:06.559910,[]
2026-06-10,12:11:06.593277,[]
2026-06-10,12:11:06.626644,[]
2026-06-10,12:11:06.660011,[]
2026-06-10,12:11:06.693378,[]
2026-06-10,12:11:06.726745,[]
2026-06-10,12:11:06.760112,[]
2026-06-10,12:11:06.793479,[]
2026-06-10,12:11:06.826846,[]
2026-06-10,12:11:06.860213,[]
2026-06-10,12:11:06.893580,[]
2026-06-10,12:11:06.926947,[]
2026-06-10,12:11:06.960314,[]
2026-06-10,12:11:06.993681,[]
2026-06-10,12:11:07.027048,[]
2026-06-10,12:11:07.060415,[]
2026-06-10,12:11:07.093782,[]
2026-06-10,12:11:07.127149,[]
2026-06-10,12:11:07.160516,[]
2026-06-10,12:11:07.193883,[]
2026-06-10,12:11:07.227250,[]
2026-06-10,12:11:07.260617,[]
2026-06-10,12:11:07.293984,[]
2026-06-10,12:11:07.327351,[]
2026-06-10,12:11:07.360718,[]
2026-06-10,12:11:07.394085,[]
2026-06-10,12:11:07.427452,[]
2026-06-10,12:11:07.460819,[]
2026-06-10,12:11:07.494186,[]
2026-06-10,12:11:07.527553,[]
2026-06-10,12:11:07.560920,[]
2026-06-10,12:11:07.594287,[]
2026-06-10,12:11:07.627654,[]
2026-06-10,12:11:07.661021,[]
2026-06-10,12:11:07.694388,[]
2026-06-10,12:11:07.727755,[]
2026-06-10,12:11:07.761122,[]
2026-06-10,12:11:07.794489,[]
2026-06-10,12:11:07.827856,[]
2026-06-10,12:11:07.861223,[]
2026-06-10,12:11:07.894590,[]
2026-06-10,12:11:07.927957,[]
2026-06-10,12:11:07.961324,[]
2026-06-10,12:11:07.994691,[]
2026-06-10,12:11:08.028058,[]
2026-06-10,12:11:08.061425,[]
2026-06-10,12:11:08.094792,[]
2026-06-10,12:11:08.128159,[]
2026-06-10,12:11:08.161526,[]
2026-06-10,12:11:08.194893,[]
2026-06-10,12:11:08.228260,[]
2026-06-10,12:11:08.261627,[]
2026-06-10,12:11:08.294994,[]
2026-06-10,12:11:08.328361,[]
2026-06-10,12:11:08.361728,[]
2026-06-10,12:11:08.395095,[]
2026-06-10,12:11:08.428462,[]
2026-06-10,12:11:08.461829,[]
2026-06-10,12:11:08.495196,[]
2026-06-10,12:11:08.528563,[]
2026-06-10,12:11:08.561930,[]
2026-06-10,12:11:08.595297,[]
2026-06-10,12:11:08.628664,[]
2026-06-10,12:11:08.662031,[]
2026-06-10,12:11:08.695398,[]
2026-06-10,12:11:08.728765,[]
2026-06-10,12:11:08.762132,[]
2026-06-10,12:11:08.795499,[]
2026-06-10,12:11:08.828866,[]
2026-06-10,12:11:08.862233,[]
2026-06-10,12:11:08.895600,[]
2026-06-10,12:11:08.928967,[]
2026-06-10,12:11:08.962334,[]
2026-06-10,12:11:08.995701,[]
2026-06-10,12:11:09.029068,[]
2026-06-10,12:11:09.062435,[]
2026-06-10,12:11:09.095802,[]
2026-06-10,12:11:09.129169,[]
2026-06-10,12:11:09.162536,[]
2026-06-10,12:11:09.195903,[]
2026-06-10,12:11:09.229270,[]
2026-06-10,12:11:09.262637,[]
2026-06-10,12:11:09.296004,[]
2026-06-10,12:11:09.329371,[]
2026-06-10,12:11:09.362738,[]
2026-06-10,12:11:09.396105,[]
2026-06-10,12:11:09.429472,[]
2026-06-10,12:11:09.462839,[]
2026-06-10,12:11:09.496206,[]
2026-06-10,12:11:09.529573,[]
2026-06-10,12:11:09.562940,[]
2026-06-10,12:11:09.596307,[]
2026-06-10,12:11:09.629674,[]
2026-06-10,12:11:09.663041,[]
2026-06-10,12:11:09.696408,[]
2026-06-10,12:11:09.729775,[]
2026-06-10,12:11:09.763142,[]
2026-06-10,12:11:09.796509,[]
2026-06-10,12:11:09.829876,[]
2026-06-10,12:11:09.863243,[]
2026-06-10,12:11:09.896610,[]
2026-06-10,12:11:09.929977,[]
2026-06-10,12:11:09.963344,[]
2026-06-10,12:11:09.996711,[]
2026-06-10,12:11:10.030078,[]
2026-06-10,12:11:10.063445,[]
2026-06-10,12:11:10.096812,[]
2026-06-10,12:11:10.130179,[]
2026-06-10,12:11:10.163546,[]
2026-06-10,12:11:10.196913,[]
2026-06-10,12:11:10.230280,[]
2026-06-10,12:11:10.263647,[]
2026-06-10,12:11:10.297014,[]
2026-06-10,12:11:10.330381,[]
2026-06-10,12:11:10.363748,[]
2026-06-10,12:11:10.397115,[]
2026-06-10,12:11:10.430482,[]
2026-06-10,12:11:10.463849,[]
2026-06-10,12:11:10.497216,[]
2026-06-10,12:11:10.530583,[]
2026-06-10,12:11:10.563950,[]
2026-06-10,12:11:10.597317,[]
2026-06-10,12:11:10.630684,[]
2026-06-10,12:11:10.664051,[]
2026-06-10,12:11:10.697418,[]
2026-06-10,12:11:10.730785,[]
2026-06-10,12:11:10.764152,[]
2026-06-10,12:11:10.797519,[]
2026-06-10,12:11:10.830886,[]
2026-06-10,12:11:10.864253,[]
2026-06-10,12:11:10.897620,[]
2026-06-10,12:11:10.930987,[]
2026-06-10,12:11:10.964354,[]
2026-06-10,12:11:10.997721,[]
2026-06-10,12:11:11.031088,[]
2026-06-10,12:11:11.064455,[]
2026-06-10,12:11:11.097822,[]
2026-06-10,12:11:11.131189,[]
2026-06-10,12:11:11.164556,[]
2026-06-10,12:11:11.197923,[]
2026-06-10,12:11:11.231290,[]
2026-06-10,12:11:11.264657,[]
2026-06-10,12:11:11.298024,[]
2026-06-10,12:11:11.331391,[]
2026-06-10,12:11:11.364758,[]
2026-06-10,12:11:11.398125,[]
2026-06-10,12:11:11.431492,[]
2026-06-10,12:11:11.464859,[]
2026-06-10,12:11:11.498226,[]
2026-06-10,12:11:11.531593,[]
2026-06-10,12:11:11.564960,[]
2026-06-10,12:11:11.598327,[]
2026-06-10,12:11:11.631694,[]
2026-06-10,12:11:11.665061,[]
2026-06-10,12:11:11.698428,[]
2026-06-10,12:11:11.731795,[]
2026-06-10,12:11:11.765162,[]
2026-06-10,12:11:11.798529,[]
2026-06-10,12:11:11.831896,[]
2026-06-10,12:11:11.865263,[]
2026-06-10,12:11:11.898630,[]
2026-06-10,12:11:11.931997,[]
2026-06-10,12:11:11.965364,[]
2026-06-10,12:11:11.998731,[]
2026-06-10,12:11:12.032098,[]
2026-06-10,12:11:12.065465,[]
2026-06-10,12:11:12.098832,[]
2026-06-10,12:11:12.132199,[]
2026-06-10,12:11:12.165566,[]
2026-06-10,12:11:12.198933,[]
2026-06-10,12:11:12.232300,[]
2026-06-10,12:11:12.265667,[]
2026-06-10,12:11:12.299034,[]
2026-06-10,12:11:12.332401,[]
2026-06-10,12:11:12.365768,[]
2026-06-10,12:11:12.399135,[]
2026-06-10,12:11:12.432502,[]
2026-06-10,12:11:12.465869,[]
2026-06-10,12:11:12.499236,[]
2026-06-10,12:11:12.532603,[]
2026-06-10,12:11:12.565970,[]
2026-06-10,12:11:12.599337,[]
2026-06-10,12:11:12.632704,[]
2026-06-10,12:11:12.666071,[]
2026-06-10,12:11:12.699438,[]
2026-06-10,12:11:12.732805,[]
2026-06-10,12:11:12.766172,[]
2026-06-10,12:11:12.799539,[]
2026-06-10,12:11:12.832906,[]
2026-06-10,12:11:12.866273,[]
2026-06-10,12:11:12.899640,[]
2026-06-10,12:11:12.933007,[]
2026-06-10,12:11:12.966374,[]
2026-06-10,12:11:12.999741,[]
2026-06-10,12:11:13.033108,[]
2026-06-10,12:11:13.066475,[]
2026-06-10,12:11:13.099842,[]
2026-06-10,12:11:13.133209,[]
2026-06-10,12:11:13.166576,[]
2026-06-10,12:11:13.199943,[]
2026-06-10,12:11:13.233310,[]
2026-06-10,12:11:13.266677,[]
2026-06-10,12:11:13.300044,[]
2026-06-10,12:11:13.333411,[]
2026-06-10,12:11:13.366778,[]
2026-06-10,12:11:13.400145,[]
2026-06-10,12:11:13.433512,[]
2026-06-10,12:11:13.466879,[]
2026-06-10,12:11:13.500246,[]
2026-06-10,12:11:13.533613,[]
2026-06-10,12:11:13.566980,[]
2026-06-10,12:11:13.600347,[]
2026-06-10,12:11:13.633714,[]
2026-06-10,12:11:13.667081,[]
2026-06-10,12:11:13.700448,[]
2026-06-10,12:11:13.733815,[]
2026-06-10,12:11:13.767182,[]
2026-06-10,12:11:13.800549,[]
2026-06-10,12:11:13.833916,[]
2026-06-10,12:11:13.867283,[]
2026-06-10,12:11:13.900650,[]
2026-06-10,12:11:13.934017,[]
2026-06-10,12:11:13.967384,[]
2026-06-10,12:11:14.000751,[]
2026-06-10,12:11:14.034118,[]
2026-06-10,12:11:14.067485,[]
2026-06-10,12:11:14.100852,[]
2026-06-10,12:11:14.134219,[]
2026-06-10,12:11:14.167586,[]
2026-06-10,12:11:14.200953,[]
2026-06-10,12:11:14.234320,[]
2026-06-10,12:11:14.267687,[]
2026-06-10,12:11:14.301054,[]
2026-06-10,12:11:14.334421,[]
2026-06-10,12:11:14.367788,[]
2026-06-10,12:11:14.401155,[]
2026-06-10,12:11:14.434522,[]
2026-06-10,12:11:14.467889,[]
2026-06-10,12:11:14.501256,[]
2026-06-10,12:11:14.534623,[]
2026-06-10,12:11:14.567990,[]
2026-06-10,12:11:14.601357,[]
2026-06-10,12:11:14.634724,[]
2026-06-10,12:11:14.668091,[]
2026-06-10,12:11:14.701458,[]
2026-06-10,12:11:14.734825,[]
2026-06-10,12:11:14.768192,[]
2026-06-10,12:11:14.801559,[]
2026-06-10,12:11:14.834926,[]
2026-06-10,12:11:14.868293,[]
2026-06-10,12:11:14.901660,[]
2026-06-10,12:11:14.935027,[]
2026-06-10,12:11:14.968394,[]
2026-06-10,12:11:15.001761,[]
2026-06-10,12:11:15.035128,[]
2026-06-10,12:11:15.068495,[]
2026-06-10,12:11:15.101862,[]
2026-06-10,12:11:15.135229,[]
2026-06-10,12:11:15.168596,[]
2026-06-10,12:11:15.201963,[]
2026-06-10,12:11:15.235330,[]
2026-06-10,12:11:15.268697,[]
2026-06-10,12:11:15.302064,[]
2026-06-10,12:11:15.335431,[]
2026-06-10,12:11:15.368798,[]
2026-06-10,12:11:15.402165,[]
2026-06-10,12:11:15.435532,[]
2026-06-10,12:11:15.468899,[]
2026-06-10,12:11:15.502266,[]
2026-06-10,12:11:15.535633,[]
2026-06-10,12:11:15.569000,[]
2026-06-10,12:11:15.602367,[]
2026-06-10,12:11:15.635734,[]
2026-06-10,12:11:15.669101,[]
2026-06-10,12:11:15.702468,[]
2026-06-10,12:11:15.735835,[]
2026-06-10,12:11:15.769202,[]
2026-06-10,12:11:15.802569,[]
2026-06-10,12:11:15.835936,[]
2026-06-10,12:11:15.869303,[]
2026-06-10,12:11:15.902670,[]
2026-06-10,12:11:15.936037,[]
2026-06-10,12:11:15.969404,[]
2026-06-10,12:11:16.002771,[]
2026-06-10,12:11:16.036138,[]
2026-06-10,12:11:16.069505,[]
2026-06-10,12:11:16.102872,[]
2026-06-10,12:11:16.136239,[]
2026-06-10,12:11:16.169606,[]
2026-06-10,12:11:16.202973,[]
2026-06-10,12:11:16.236340,[]
2026-06-10,12:11:16.269707,[]
2026-06-10,12:11:16.303074,[]
2026-06-10,12:11:16.336441,[]
2026-06-10,12:11:16.369808,[]
2026-06-10,12:11:16.403175,[]
2026-06-10,12:11:16.436542,[]
2026-06-10,12:11:16.469909,[]
2026-06-10,12:11:16.503276,[]
2026-06-10,12:11:16.536643,[]
2026-06-10,12:11:16.570010,[]
2026-06-10,12:11:16.603377,[]
2026-06-10,12:11:16.636744,[]
2026-06-10,12:11:16.670111,[]
2026-06-10,12:11:16.703478,[]
2026-06-10,12:11:16.736845,[]
2026-06-10,12:11:16.770212,[]
2026-06-10,12:11:16.803579,[]
2026-06-10,12:11:16.836946,[]
2026-06-10,12:11:16.870313,[]
2026-06-10,12:11:16.903680,[]
2026-06-10,12:11:16.937047,[]
2026-06-10,12:11:16.970414,[]
2026-06-10,12:11:17.003781,[]
2026-06-10,12:11:17.037148,[]
2026-06-10,12:11:17.070515,[]
2026-06-10,12:11:17.103882,[]
2026-06-10,12:11:17.137249,[]
2026-06-10,12:11:17.170616,[]
2026-06-10,12:11:17.203983,[]
2026-06-10,12:11:17.237350,[]
2026-06-10,12:11:17.270717,[]
2026-06-10,12:11:17.304084,[]
2026-06-10,12:11:17.337451,[]
2026-06-10,12:11:17.370818,[]
2026-06-10,12:11:17.404185,[]
2026-06-10,12:11:17.437552,[]
2026-06-10,12:11:17.470919,[]
2026-06-10,12:11:17.504286,[]
2026-06-10,12:11:17.537653,[]
2026-06-10,12:11:17.571020,[]
2026-06-10,12:11:17.604387,[]
2026-06-10,12:11:17.637754,[]
2026-06-10,12:11:17.671121,[]
2026-06-10,12:11:17.704488,[]
2026-06-10,12:11:17.737855,[]
2026-06-10,12:11:17.771222,[]
2026-06-10,12:11:17.804589,[]
2026-06-10,12:11:17.837956,[]
2026-06-10,12:11:17.871323,[]
2026-06-10,12:11:17.904690,[]
2026-06-10,12:11:17.938057,[]
2026-06-10,12:11:17.971424,[]
2026-06-10,12:11:18.004791,[]
2026-06-10,12:11:18.038158,[]
2026-06-10,12:11:18.071525,[]
2026-06-10,12:11:18.104892,[]
2026-06-10,12:11:18.138259,[]
2026-06-10,12:11:18.171626,[]
2026-06-10,12:11:18.204993,[]
2026-06-10,12:11:18.238360,[]
2026-06-10,12:11:18.271727,[]
2026-06-10,12:11:18.305094,[]
2026-06-10,12:11:18.338461,[]
2026-06-10,12:11:18.371828,[]
2026-06-10,12:11:18.405195,[]
2026-06-10,12:11:18.438562,[]
2026-06-10,12:11:18.471929,[]
2026-06-10,12:11:18.505296,[]
2026-06-10,12:11:18.538663,[]
2026-06-10,12:11:18.572030,[]
2026-06-10,12:11:18.605397,[]
2026-06-10,12:11:18.638764,[]
2026-06-10,12:11:18.672131,[]
2026-06-10,12:11:18.705498,[]
2026-06-10,12:11:18.738865,[]
2026-06-10,12:11:18.772232,[]
2026-06-10,12:11:18.805599,[]
2026-06-10,12:11:18.838966,[]
2026-06-10,12:11:18.872333,[]
2026-06-10,12:11:18.905700,[]
2026-06-10,12:11:18.939067,[]
2026-06-10,12:11:18.972434,[]
2026-06-10,12:11:19.005801,[]
2026-06-10,12:11:19.039168,[]
2026-06-10,12:11:19.072535,[]
2026-06-10,12:11:19.105902,[]
2026-06-10,12:11:19.139269,[]
2026-06-10,12:11:19.172636,[]
2026-06-10,12:11:19.206003,[]
2026-06-10,12:11:19.239370,[]
2026-06-10,12:11:19.272737,[]
2026-06-10,12:11:19.306104,[]
2026-06-10,12:11:19.339471,[]
2026-06-10,12:11:19.372838,[]
2026-06-10,12:11:19.406205,[]
2026-06-10,12:11:19.439572,[]
2026-06-10,12:11:19.472939,[]
2026-06-10,12:11:19.506306,[]
2026-06-10,12:11:19.539673,[]
2026-06-10,12:11:19.573040,[]
2026-06-10,12:11:19.606407,[]
2026-06-10,12:11:19.639774,[]
2026-06-10,12:11:19.673141,[]
2026-06-10,12:11:19.706508,[]
2026-06-10,12:11:19.739875,[]
2026-06-10,12:11:19.773242,[]
2026-06-10,12:11:19.806609,[]
2026-06-10,12:11:19.839976,[]
2026-06-10,12:11:19.873343,[]
2026-06-10,12:11:19.906710,[]
2026-06-10,12:11:19.940077,[]
2026-06-10,12:11:19.973444,[]
2026-06-10,12:11:20.006811,[]
2026-06-10,12:11:20.040178,[]
2026-06-10,12:11:20.073545,[]
2026-06-10,12:11:20.106912,[]
2026-06-10,12:11:20.140279,[]
2026-06-10,12:11:20.173646,[]
2026-06-10,12:11:20.207013,[]
2026-06-10,12:11:20.240380,[]
2026-06-10,12:11:20.273747,[]
2026-06-10,12:11:20.307114,[]
2026-06-10,12:11:20.340481,[]
2026-06-10,12:11:20.373848,[]
2026-06-10,12:11:20.407215,[]
2026-06-10,12:11:20.440582,[]
2026-06-10,12:11:20.473949,[]
2026-06-10,12:11:20.507316,[]
2026-06-10,12:11:20.540683,[]
2026-06-10,12:11:20.574050,[]
2026-06-10,12:11:20.607417,[]
2026-06-10,12:11:20.640784,[]
2026-06-10,12:11:20.674151,[]
2026-06-10,12:11:20.707518,[]
2026-06-10,12:11:20.740885,[]
2026-06-10,12:11:20.774252,[]
2026-06-10,12:11:20.807619,[]
2026-06-10,12:11:20.840986,[]
2026-06-10,12:11:20.874353,[]
2026-06-10,12:11:20.907720,[]
2026-06-10,12:11:20.941087,[]
2026-06-10,12:11:20.974454,[]
2026-06-10,12:11:21.007821,[]
2026-06-10,12:11:21.041188,[]
2026-06-10,12:11:21.074555,[]
2026-06-10,12:11:21.107922,[]
2026-06-10,12:11:21.141289,[]
2026-06-10,12:11:21.174656,[]
2026-06-10,12:11:21.208023,[]
2026-06-10,12:11:21.241390,[]
2026-06-10,12:11:21.274757,[]
2026-06-10,12:11:21.308124,[]
2026-06-10,12:11:21.341491,[]
2026-06-10,12:11:21.374858,[]
2026-06-10,12:11:21.408225,[]
2026-06-10,12:11:21.441592,[]
2026-06-10,12:11:21.474959,[]
2026-06-10,12:11:21.508326,[]
2026-06-10,12:11:21.541693,[]
2026-06-10,12:11:21.575060,[]
2026-06-10,12:11:21.608427,[]
2026-06-10,12:11:21.641794,[]
2026-06-10,12:11:21.675161,[]
2026-06-10,12:11:21.708528,[]
2026-06-10,12:11:21.741895,[]
2026-06-10,12:11:21.775262,[]
2026-06-10,12:11:21.808629,[]
2026-06-10,12:11:21.841996,[]
2026-06-10,12:11:21.875363,[]
2026-06-10,12:11:21.908730,[]
2026-06-10,12:11:21.942097,[]
2026-06-10,12:11:21.975464,[]
2026-06-10,12:11:22.008831,[]
2026-06-10,12:11:22.042198,[]
2026-06-10,12:11:22.075565,[]
2026-06-10,12:11:22.108932,[]
2026-06-10,12:11:22.142299,[]
2026-06-10,12:11:22.175666,[]
2026-06-10,12:11:22.209033,[]
2026-06-10,12:11:22.242400,[]
2026-06-10,12:11:22.275767,[]
2026-06-10,12:11:22.309134,[]
2026-06-10,12:11:22.342501,[]
2026-06-10,12:11:22.375868,[]
2026-06-10,12:11:22.409235,[]
2026-06-10,12:11:22.442602,[]
2026-06-10,12:11:22.475969,[]
2026-06-10,12:11:22.509336,[]
2026-06-10,12:11:22.542703,[]
2026-06-10,12:11:22.576070,[]
2026-06-10,12:11:22.609437,[]
2026-06-10,12:11:22.642804,[]
2026-06-10,12:11:22.676171,[]
2026-06-10,12:11:22.709538,[]
2026-06-10,12:11:22.742905,[]
2026-06-10,12:11:22.776272,[]
2026-06-10,12:11:22.809639,[]
2026-06-10,12:11:22.843006,[]
2026-06-10,12:11:22.876373,[]
2026-06-10,12:11:22.909740,[]
2026-06-10,12:11:22.943107,[]
2026-06-10,12:11:22.976474,[]
2026-06-10,12:11:23.009841,[]
2026-06-10,12:11:23.043208,[]
2026-06-10,12:11:23.076575,[]
2026-06-10,12:11:23.109942,[]
2026-06-10,12:11:23.143309,[]
2026-06-10,12:11:23.176676,[]
2026-06-10,12:11:23.210043,[]
2026-06-10,12:11:23.243410,[]
2026-06-10,12:11:23.276777,[]
2026-06-10,12:11:23.310144,[]
2026-06-10,12:11:23.343511,[]
2026-06-10,12:11:23.376878,[]
2026-06-10,12:11:23.410245,[]
2026-06-10,12:11:23.443612,[]
2026-06-10,12:11:23.476979,[]
2026-06-10,12:11:23.510346,[]
2026-06-10,12:11:23.543713,[]
2026-06-10,12:11:23.577080,[]
2026-06-10,12:11:23.610447,[]
2026-06-10,12:11:23.643814,[]
2026-06-10,12:11:23.677181,[]
2026-06-10,12:11:23.710548,[]
2026-06-10,12:11:23.743915,[]
2026-06-10,12:11:23.777282,[]
2026-06-10,12:11:23.810649,[]
2026-06-10,12:11:23.844016,[]
2026-06-10,12:11:23.877383,[]
2026-06-10,12:11:23.910750,[]
2026-06-10,12:11:23.944117,[]
2026-06-10,12:11:23.977484,[]
2026-06-10,12:11:24.010851,[]
2026-06-10,12:11:24.044218,[]
2026-06-10,12:11:24.077585,[]
2026-06-10,12:11:24.110952,[]
2026-06-10,12:11:24.144319,[]
2026-06-10,12:11:24.177686,[]
2026-06-10,12:11:24.211053,[]
2026-06-10,12:11:24.244420,[]
2026-06-10,12:11:24.277787,[]
2026-06-10,12:11:24.311154,[]
2026-06-10,12:11:24.344521,[]
2026-06-10,12:11:24.377888,[]
2026-06-10,12:11:24.411255,[]
2026-06-10,12:11:24.444622,[]
2026-06-10,12:11:24.477989,[]
2026-06-10,12:11:24.511356,[]
2026-06-10,12:11:24.544723,[]
2026-06-10,12:11:24.578090,[]
2026-06-10,12:11:24.611457,[]
2026-06-10,12:11:24.644824,[]
2026-06-10,12:11:24.678191,[]
2026-06-10,12:11:24.711558,[]
2026-06-10,12:11:24.744925,[]
2026-06-10,12:11:24.778292,[]
2026-06-10,12:11:24.811659,[]
2026-06-10,12:11:24.845026,[]
2026-06-10,12:11:24.878393,[]
2026-06-10,12:11:24.911760,[]
2026-06-10,12:11:24.945127,[]
2026-06-10,12:11:24.978494,[]
2026-06-10,12:11:25.011861,[]
2026-06-10,12:11:25.045228,[]
2026-06-10,12:11:25.078595,[]
2026-06-10,12:11:25.111962,[]
2026-06-10,12:11:25.145329,[]
2026-06-10,12:11:25.178696,[]
2026-06-10,12:11:25.212063,[]
2026-06-10,12:11:25.245430,[]
2026-06-10,12:11:25.278797,[]
2026-06-10,12:11:25.312164,[]
2026-06-10,12:11:25.345531,[]
2026-06-10,12:11:25.378898,[]
2026-06-10,12:11:25.412265,[]
2026-06-10,12:11:25.445632,[]
2026-06-10,12:11:25.478999,[]
2026-06-10,12:11:25.512366,[]
2026-06-10,12:11:25.545733,[]
2026-06-10,12:11:25.579100,[]
2026-06-10,12:11:25.612467,[]
2026-06-10,12:11:25.645834,[]
2026-06-10,12:11:25.679201,[]
2026-06-10,12:11:25.712568,[]
2026-06-10,12:11:25.745935,[]
2026-06-10,12:11:25.779302,[]
2026-06-10,12:11:25.812669,[]
2026-06-10,12:11:25.846036,[]
2026-06-10,12:11:25.879403,[]
2026-06-10,12:11:25.912770,[]
2026-06-10,12:11:25.946137,[]
2026-06-10,12:11:25.979504,[]
2026-06-10,12:11:26.012871,[]
2026-06-10,12:11:26.046238,[]
2026-06-10,12:11:26.079605,[]
2026-06-10,12:11:26.112972,[]
2026-06-10,12:11:26.146339,[]
2026-06-10,12:11:26.179706,[]
2026-06-10,12:11:26.213073,[]
2026-06-10,12:11:26.246440,[]
2026-06-10,12:11:26.279807,[]
2026-06-10,12:11:26.313174,[]
2026-06-10,12:11:26.346541,[]
2026-06-10,12:11:26.379908,[]
2026-06-10,12:11:26.413275,[]
2026-06-10,12:11:26.446642,[]
2026-06-10,12:11:26.480009,[]
2026-06-10,12:11:26.513376,[]
2026-06-10,12:11:26.546743,[]
2026-06-10,12:11:26.580110,[]
2026-06-10,12:11:26.613477,[]
2026-06-10,12:11:26.646844,[]
2026-06-10,12:11:26.680211,[]
2026-06-10,12:11:26.713578,[]
2026-06-10,12:11:26.746945,[]
2026-06-10,12:11:26.780312,[]
2026-06-10,12:11:26.813679,[]
2026-06-10,12:11:26.847046,[]
2026-06-10,12:11:26.880413,[]
2026-06-10,12:11:26.913780,[]
2026-06-10,12:11:26.947147,[]
2026-06-10,12:11:26.980514,[]
2026-06-10,12:11:27.013881,[]
2026-06-10,12:11:27.047248,[]
2026-06-10,12:11:27.080615,[]
2026-06-10,12:11:27.113982,[]
2026-06-10,12:11:27.147349,[]
2026-06-10,12:11:27.180716,[]
2026-06-10,12:11:27.214083,[]
2026-06-10,12:11:27.247450,[]
2026-06-10,12:11:27.280817,[]
2026-06-10,12:11:27.314184,[]
2026-06-10,12:11:27.347551,[]
2026-06-10,12:11:27.380918,[]
2026-06-10,12:11:27.414285,[]
2026-06-10,12:11:27.447652,[]
2026-06-10,12:11:27.481019,[]
2026-06-10,12:11:27.514386,[]
2026-06-10,12:11:27.547753,[]
2026-06-10,12:11:27.581120,[]
2026-06-10,12:11:27.614487,[]
2026-06-10,12:11:27.647854,[]
2026-06-10,12:11:27.681221,[]
2026-06-10,12:11:27.714588,[]
2026-06-10,12:11:27.747955,[]
2026-06-10,12:11:27.781322,[]
2026-06-10,12:11:27.814689,[]
2026-06-10,12:11:27.848056,[]
2026-06-10,12:11:27.881423,[]
2026-06-10,12:11:27.914790,[]
2026-06-10,12:11:27.948157,[]
2026-06-10,12:11:27.981524,[]
2026-06-10,12:11:28.014891,[]
2026-06-10,12:11:28.048258,[]
2026-06-10,12:11:28.081625,[]
2026-06-10,12:11:28.114992,[]
2026-06-10,12:11:28.148359,[]
2026-06-10,12:11:28.181726,[]
2026-06-10,12:11:28.215093,[]
2026-06-10,12:11:28.248460,[]
2026-06-10,12:11:28.281827,[]
2026-06-10,12:11:28.315194,[]
2026-06-10,12:11:28.348561,[]
2026-06-10,12:11:28.381928,[]
2026-06-10,12:11:28.415295,[]
2026-06-10,12:11:28.448662,[]
2026-06-10,12:11:28.482029,[]
2026-06-10,12:11:28.515396,[]
2026-06-10,12:11:28.548763,[]
2026-06-10,12:11:28.582130,[]
2026-06-10,12:11:28.615497,[]
2026-06-10,12:11:28.648864,[]
2026-06-10,12:11:28.682231,[]
2026-06-10,12:11:28.715598,[]
2026-06-10,12:11:28.748965,[]
2026-06-10,12:11:28.782332,[]
2026-06-10,12:11:28.815699,[]
2026-06-10,12:11:28.849066,[]
2026-06-10,12:11:28.882433,[]
2026-06-10,12:11:28.915800,[]
2026-06-10,12:11:28.949167,[]
2026-06-10,12:11:28.982534,[]
2026-06-10,12:11:29.015901,[]
2026-06-10,12:11:29.049268,[]
2026-06-10,12:11:29.082635,[]
2026-06-10,12:11:29.116002,[]
2026-06-10,12:11:29.149369,[]
2026-06-10,12:11:29.182736,[]
2026-06-10,12:11:29.216103,[]
2026-06-10,12:11:29.249470,[]
2026-06-10,12:11:29.282837,[]
2026-06-10,12:11:29.316204,[]
2026-06-10,12:11:29.349571,[]
2026-06-10,12:11:29.382938,[]
2026-06-10,12:11:29.416305,[]
2026-06-10,12:11:29.449672,[]
2026-06-10,12:11:29.483039,[]
2026-06-10,12:11:29.516406,[]
2026-06-10,12:11:29.549773,[]
2026-06-10,12:11:29.583140,[]
2026-06-10,12:11:29.616507,[]
2026-06-10,12:11:29.649874,[]
2026-06-10,12:11:29.683241,[]
2026-06-10,12:11:29.716608,[]
2026-06-10,12:11:29.749975,[]
2026-06-10,12:11:29.783342,[]
2026-06-10,12:11:29.816709,[]
2026-06-10,12:11:29.850076,[]
2026-06-10,12:11:29.883443,[]
2026-06-10,12:11:29.916810,[]
2026-06-10,12:11:29.950177,[]
2026-06-10,12:11:29.983544,[]
2026-06-10,12:11:30.016911,[]
2026-06-10,12:11:30.050278,[]
2026-06-10,12:11:30.083645,[]
2026-06-10,12:11:30.117012,[]
2026-06-10,12:11:30.150379,[]
2026-06-10,12:11:30.183746,[]
2026-06-10,12:11:30.217113,[]
2026-06-10,12:11:30.250480,[]
2026-06-10,12:11:30.283847,[]
2026-06-10,12:11:30.317214,[]
2026-06-10,12:11:30.350581,[]
2026-06-10,12:11:30.383948,[]
2026-06-10,12:11:30.417315,[]
2026-06-10,12:11:30.450682,[]
2026-06-10,12:11:30.484049,[]
2026-06-10,12:11:30.517416,[]
2026-06-10,12:11:30.550783,[]
2026-06-10,12:11:30.584150,[]
2026-06-10,12:11:30.617517,[]
2026-06-10,12:11:30.650884,[]
2026-06-10,12:11:30.684251,[]
2026-06-10,12:11:30.717618,[]
2026-06-10,12:11:30.750985,[]
2026-06-10,12:11:30.784352,[]
2026-06-10,12:11:30.817719,[]
2026-06-10,12:11:30.851086,[]
2026-06-10,12:11:30.884453,[]
2026-06-10,12:11:30.917820,[]
2026-06-10,12:11:30.951187,[]
2026-06-10,12:11:30.984554,[]
2026-06-10,12:11:31.017921,[]
2026-06-10,12:11:31.051288,[]
2026-06-10,12:11:31.084655,[]
2026-06-10,12:11:31.118022,[]
2026-06-10,12:11:31.151389,[]
2026-06-10,12:11:31.184756,[]
2026-06-10,12:11:31.218123,[]
2026-06-10,12:11:31.251490,[]
2026-06-10,12:11:31.284857,[]
2026-06-10,12:11:31.318224,[]
2026-06-10,12:11:31.351591,[]
2026-06-10,12:11:31.384958,[]
2026-06-10,12:11:31.418325,[]
2026-06-10,12:11:31.451692,[]
2026-06-10,12:11:31.485059,[]
2026-06-10,12:11:31.518426,[]
2026-06-10,12:11:31.551793,[]
2026-06-10,12:11:31.585160,[]
2026-06-10,12:11:31.618527,[]
2026-06-10,12:11:31.651894,[]
2026-06-10,12:11:31.685261,[]
2026-06-10,12:11:31.718628,[]
2026-06-10,12:11:31.751995,[]
2026-06-10,12:11:31.785362,[]
2026-06-10,12:11:31.818729,[]
2026-06-10,12:11:31.852096,[]
2026-06-10,12:11:31.885463,[]
2026-06-10,12:11:31.918830,[]
2026-06-10,12:11:31.952197,[]
2026-06-10,12:11:31.985564,[]
2026-06-10,12:11:32.018931,[]
2026-06-10,12:11:32.052298,[]
2026-06-10,12:11:32.085665,[]
2026-06-10,12:11:32.119032,[]
2026-06-10,12:11:32.152399,[]
2026-06-10,12:11:32.185766,[]
2026-06-10,12:11:32.219133,[]
2026-06-10,12:11:32.252500,[]
2026-06-10,12:11:32.285867,[]
2026-06-10,12:11:32.319234,[]
2026-06-10,12:11:32.352601,[]
2026-06-10,12:11:32.385968,[]
2026-06-10,12:11:32.419335,[]
2026-06-10,12:11:32.452702,[]
2026-06-10,12:11:32.486069,[]
2026-06-10,12:11:32.519436,[]
2026-06-10,12:11:32.552803,[]
2026-06-10,12:11:32.586170,[]
2026-06-10,12:11:32.619537,[]
2026-06-10,12:11:32.652904,[]
2026-06-10,12:11:32.686271,[]
2026-06-10,12:11:32.719638,[]
2026-06-10,12:11:32.753005,[]
2026-06-10,12:11:32.786372,[]
2026-06-10,12:11:32.819739,[]
2026-06-10,12:11:32.853106,[]
2026-06-10,12:11:32.886473,[]
2026-06-10,12:11:32.919840,[]
2026-06-10,12:11:32.953207,[]
2026-06-10,12:11:32.986574,[]
2026-06-10,12:11:33.019941,[]
2026-06-10,12:11:33.053308,[]
2026-06-10,12:11:33.086675,[]
2026-06-10,12:11:33.120042,[]
2026-06-10,12:11:33.153409,[]
2026-06-10,12:11:33.186776,[]
2026-06-10,12:11:33.220143,[]
2026-06-10,12:11:33.253510,[]
2026-06-10,12:11:33.286877,[]
2026-06-10,12:11:33.320244,[]
2026-06-10,12:11:33.353611,[]
2026-06-10,12:11:33.386978,[]
2026-06-10,12:11:33.420345,[]
2026-06-10,12:11:33.453712,[]
2026-06-10,12:11:33.487079,[]
2026-06-10,12:11:33.520446,[]
2026-06-10,12:11:33.553813,[]
2026-06-10,12:11:33.587180,[]
2026-06-10,12:11:33.620547,[]
2026-06-10,12:11:33.653914,[]
2026-06-10,12:11:33.687281,[]
2026-06-10,12:11:33.720648,[]
2026-06-10,12:11:33.754015,[]
2026-06-10,12:11:33.787382,[]
2026-06-10,12:11:33.820749,[]
2026-06-10,12:11:33.854116,[]
2026-06-10,12:11:33.887483,[]
2026-06-10,12:11:33.920850,[]
2026-06-10,12:11:33.954217,[]
2026-06-10,12:11:33.987584,[]
2026-06-10,12:11:34.020951,[]
2026-06-10,12:11:34.054318,[]
2026-06-10,12:11:34.087685,[]
2026-06-10,12:11:34.121052,[]
2026-06-10,12:11:34.154419,[]
2026-06-10,12:11:34.187786,[]
2026-06-10,12:11:34.221153,[]
2026-06-10,12:11:34.254520,[]
2026-06-10,12:11:34.287887,[]
2026-06-10,12:11:34.321254,[]
2026-06-10,12:11:34.354621,[]
2026-06-10,12:11:34.387988,[]
2026-06-10,12:11:34.421355,[]
2026-06-10,12:11:34.454722,[]
2026-06-10,12:11:34.488089,[]
2026-06-10,12:11:34.521456,[]
2026-06-10,12:11:34.554823,[]
2026-06-10,12:11:34.588190,[]
2026-06-10,12:11:34.621557,[]
2026-06-10,12:11:34.654924,[]
2026-06-10,12:11:34.688291,[]
2026-06-10,12:11:34.721658,[]
2026-06-10,12:11:34.755025,[]
2026-06-10,12:11:34.788392,[]
2026-06-10,12:11:34.821759,[]
2026-06-10,12:11:34.855126,[]
2026-06-10,12:11:34.888493,[]
2026-06-10,12:11:34.921860,[]
2026-06-10,12:11:34.955227,[]
2026-06-10,12:11:34.988594,[]
2026-06-10,12:11:35.021961,[]
2026-06-10,12:11:35.055328,[]
2026-06-10,12:11:35.088695,[]
2026-06-10,12:11:35.122062,[]
2026-06-10,12:11:35.155429,[]
2026-06-10,12:11:35.188796,[]
2026-06-10,12:11:35.222163,[]
2026-06-10,12:11:35.255530,[]
2026-06-10,12:11:35.288897,[]
2026-06-10,12:11:35.322264,[]
2026-06-10,12:11:35.355631,[]
2026-06-10,12:11:35.388998,[]
2026-06-10,12:11:35.422365,[]
2026-06-10,12:11:35.455732,[]
2026-06-10,12:11:35.489099,[]
2026-06-10,12:11:35.522466,[]
2026-06-10,12:11:35.555833,[]
2026-06-10,12:11:35.589200,[]
2026-06-10,12:11:35.622567,[]
2026-06-10,12:11:35.655934,[]
2026-06-10,12:11:35.689301,[]
2026-06-10,12:11:35.722668,[]
2026-06-10,12:11:35.756035,[]
2026-06-10,12:11:35.789402,[]
2026-06-10,12:11:35.822769,[]
2026-06-10,12:11:35.856136,[]
2026-06-10,12:11:35.889503,[]
2026-06-10,12:11:35.922870,[]
2026-06-10,12:11:35.956237,[]
2026-06-10,12:11:35.989604,[]
2026-06-10,12:11:36.022971,[]
2026-06-10,12:11:36.056338,[]
2026-06-10,12:11:36.089705,[]
2026-06-10,12:11:36.123072,[]
2026-06-10,12:11:36.156439,[]
2026-06-10,12:11:36.189806,[]
2026-06-10,12:11:36.223173,[]
2026-06-10,12:11:36.256540,[]
2026-06-10,12:11:36.289907,[]
2026-06-10,12:11:36.323274,[]
2026-06-10,12:11:36.356641,[]
2026-06-10,12:11:36.390008,[]
2026-06-10,12:11:36.423375,[]
2026-06-10,12:11:36.456742,[]
2026-06-10,12:11:36.490109,[]
2026-06-10,12:11:36.523476,[]
2026-06-10,12:11:36.556843,[]
2026-06-10,12:11:36.590210,[]
2026-06-10,12:11:36.623577,[]
2026-06-10,12:11:36.656944,[]
2026-06-10,12:11:36.690311,[]
2026-06-10,12:11:36.723678,[]
2026-06-10,12:11:36.757045,[]
2026-06-10,12:11:36.790412,[]
2026-06-10,12:11:36.823779,[]
2026-06-10,12:11:36.857146,[]
2026-06-10,12:11:36.890513,[]
2026-06-10,12:11:36.923880,[]
2026-06-10,12:11:36.957247,[]
2026-06-10,12:11:36.990614,[]
2026-06-10,12:11:37.023981,[]
2026-06-10,12:11:37.057348,[]
2026-06-10,12:11:37.090715,[]
2026-06-10,12:11:37.124082,[]
2026-06-10,12:11:37.157449,[]
2026-06-10,12:11:37.190816,[]
2026-06-10,12:11:37.224183,[]
2026-06-10,12:11:37.257550,[]
2026-06-10,12:11:37.290917,[]
2026-06-10,12:11:37.324284,[]
2026-06-10,12:11:37.357651,[]
2026-06-10,12:11:37.391018,[]
2026-06-10,12:11:37.424385,[]
2026-06-10,12:11:37.457752,[]
2026-06-10,12:11:37.491119,[]
2026-06-10,12:11:37.524486,[]
2026-06-10,12:11:37.557853,[]
2026-06-10,12:11:37.591220,[]
2026-06-10,12:11:37.624587,[]
2026-06-10,12:11:37.657954,[]
2026-06-10,12:11:37.691321,[]
2026-06-10,12:11:37.724688,[]
2026-06-10,12:11:37.758055,[]
2026-06-10,12:11:37.791422,[]
2026-06-10,12:11:37.824789,[]
2026-06-10,12:11:37.858156,[]
2026-06-10,12:11:37.891523,[]
2026-06-10,12:11:37.924890,[]
2026-06-10,12:11:37.958257,[]
2026-06-10,12:11:37.991624,[]
2026-06-10,12:11:38.024991,[]
2026-06-10,12:11:38.058358,[]
2026-06-10,12:11:38.091725,[]
2026-06-10,12:11:38.125092,[]
2026-06-10,12:11:38.158459,[]
2026-06-10,12:11:38.191826,[]
2026-06-10,12:11:38.225193,[]
2026-06-10,12:11:38.258560,[]
2026-06-10,12:11:38.291927,[]
2026-06-10,12:11:38.325294,[]
2026-06-10,12:11:38.358661,[]
2026-06-10,12:11:38.392028,[]
2026-06-10,12:11:38.425395,[]
2026-06-10,12:11:38.458762,[]
2026-06-10,12:11:38.492129,[]
2026-06-10,12:11:38.525496,[]
2026-06-10,12:11:38.558863,[]
2026-06-10,12:11:38.592230,[]
2026-06-10,12:11:38.625597,[]
2026-06-10,12:11:38.658964,[]
2026-06-10,12:11:38.692331,[]
2026-06-10,12:11:38.725698,[]
2026-06-10,12:11:38.759065,[]
2026-06-10,12:11:38.792432,[]
2026-06-10,12:11:38.825799,[]
2026-06-10,12:11:38.859166,[]
2026-06-10,12:11:38.892533,[]
2026-06-10,12:11:38.925900,[]
2026-06-10,12:11:38.959267,[]
2026-06-10,12:11:38.992634,[]
2026-06-10,12:11:39.026001,[]
2026-06-10,12:11:39.059368,[]
2026-06-10,12:11:39.092735,[]
2026-06-10,12:11:39.126102,['DS10623']
2026-06-10,12:11:39.159469,[]
2026-06-10,12:11:39.192836,[]
2026-06-10,12:11:39.226203,[]
2026-06-10,12:11:39.259570,[]
2026-06-10,12:11:39.292937,[]
2026-06-10,12:11:39.326304,[]
2026-06-10,12:11:39.359671,[]
2026-06-10,12:11:39.393038,[]
2026-06-10,12:11:39.426405,[]
2026-06-10,12:11:39.459772,[]
2026-06-10,12:11:39.493139,[]
2026-06-10,12:11:39.526506,[]
2026-06-10,12:11:39.559873,[]
2026-06-10,12:11:39.593240,[]
2026-06-10,12:11:39.626607,[]
2026-06-10,12:11:39.659974,[]
2026-06-10,12:11:39.693341,[]
2026-06-10,12:11:39.726708,[]
2026-06-10,12:11:39.760075,[]
2026-06-10,12:11:39.793442,[]
2026-06-10,12:11:39.826809,[]
2026-06-10,12:11:39.860176,[]
2026-06-10,12:11:39.893543,[]
2026-06-10,12:11:39.926910,[]
2026-06-10,12:11:39.960277,[]
2026-06-10,12:11:39.993644,[]
2026-06-10,12:11:40.027011,[]
2026-06-10,12:11:40.060378,[]
2026-06-10,12:11:40.093745,[]
2026-06-10,12:11:40.127112,[]
2026-06-10,12:11:40.160479,[]
2026-06-10,12:11:40.193846,[]
2026-06-10,12:11:40.227213,[]
2026-06-10,12:11:40.260580,[]
2026-06-10,12:11:40.293947,[]
2026-06-10,12:11:40.327314,[]
2026-06-10,12:11:40.360681,[]
2026-06-10,12:11:40.394048,[]
2026-06-10,12:11:40.427415,[]
2026-06-10,12:11:40.460782,[]
2026-06-10,12:11:40.494149,[]
2026-06-10,12:11:40.527516,[]
2026-06-10,12:11:40.560883,[]
2026-06-10,12:11:40.594250,[]
2026-06-10,12:11:40.627617,[]
2026-06-10,12:11:40.660984,[]
2026-06-10,12:11:40.694351,[]
2026-06-10,12:11:40.727718,[]
2026-06-10,12:11:40.761085,[]
2026-06-10,12:11:40.794452,[]
2026-06-10,12:11:40.827819,[]
2026-06-10,12:11:40.861186,[]
2026-06-10,12:11:40.894553,[]
2026-06-10,12:11:40.927920,[]
2026-06-10,12:11:40.961287,[]
2026-06-10,12:11:40.994654,[]
2026-06-10,12:11:41.028021,[]
2026-06-10,12:11:41.061388,[]
2026-06-10,12:11:41.094755,[]
2026-06-10,12:11:41.128122,[]
2026-06-10,12:11:41.161489,[]
2026-06-10,12:11:41.194856,[]
2026-06-10,12:11:41.228223,[]
2026-06-10,12:11:41.261590,[]
2026-06-10,12:11:41.294957,[]
2026-06-10,12:11:41.328324,[]
2026-06-10,12:11:41.361691,[]
2026-06-10,12:11:41.395058,[]
2026-06-10,12:11:41.428425,[]
2026-06-10,12:11:41.461792,[]
2026-06-10,12:11:41.495159,[]
2026-06-10,12:11:41.528526,[]
2026-06-10,12:11:41.561893,[]
2026-06-10,12:11:41.595260,[]
2026-06-10,12:11:41.628627,[]
2026-06-10,12:11:41.661994,[]
2026-06-10,12:11:41.695361,[]
2026-06-10,12:11:41.728728,[]
2026-06-10,12:11:41.762095,[]
2026-06-10,12:11:41.795462,[]
2026-06-10,12:11:41.828829,[]
2026-06-10,12:11:41.862196,[]
2026-06-10,12:11:41.895563,[]
2026-06-10,12:11:41.928930,[]
2026-06-10,12:11:41.962297,[]
2026-06-10,12:11:41.995664,[]
2026-06-10,12:11:42.029031,[]
2026-06-10,12:11:42.062398,[]
2026-06-10,12:11:42.095765,[]
2026-06-10,12:11:42.129132,[]
2026-06-10,12:11:42.162499,[]
2026-06-10,12:11:42.195866,[]
2026-06-10,12:11:42.229233,[]
2026-06-10,12:11:42.262600,[]
2026-06-10,12:11:42.295967,[]
2026-06-10,12:11:42.329334,[]
2026-06-10,12:11:42.362701,[]
2026-06-10,12:11:42.396068,[]
2026-06-10,12:11:42.429435,[]
2026-06-10,12:11:42.462802,[]
2026-06-10,12:11:42.496169,[]
2026-06-10,12:11:42.529536,[]
2026-06-10,12:11:42.562903,[]
2026-06-10,12:11:42.596270,[]
2026-06-10,12:11:42.629637,[]
2026-06-10,12:11:42.663004,[]
2026-06-10,12:11:42.696371,[]
2026-06-10,12:11:42.729738,[]
2026-06-10,12:11:42.763105,[]
2026-06-10,12:11:42.796472,[]
2026-06-10,12:11:42.829839,[]
2026-06-10,12:11:42.863206,[]
2026-06-10,12:11:42.896573,[]
2026-06-10,12:11:42.929940,[]
2026-06-10,12:11:42.963307,[]
2026-06-10,12:11:42.996674,[]
2026-06-10,12:11:43.030041,[]
2026-06-10,12:11:43.063408,[]
2026-06-10,12:11:43.096775,[]
2026-06-10,12:11:43.130142,[]
2026-06-10,12:11:43.163509,[]
2026-06-10,12:11:43.196876,[]
2026-06-10,12:11:43.230243,[]
2026-06-10,12:11:43.263610,[]
2026-06-10,12:11:43.296977,[]
2026-06-10,12:11:43.330344,[]
2026-06-10,12:11:43.363711,[]
2026-06-10,12:11:43.397078,[]
2026-06-10,12:11:43.430445,[]
2026-06-10,12:11:43.463812,[]
2026-06-10,12:11:43.497179,[]
2026-06-10,12:11:43.530546,[]
2026-06-10,12:11:43.563913,[]
2026-06-10,12:11:43.597280,[]
2026-06-10,12:11:43.630647,[]
2026-06-10,12:11:43.664014,[]
2026-06-10,12:11:43.697381,[]
2026-06-10,12:11:43.730748,[]
2026-06-10,12:11:43.764115,[]
2026-06-10,12:11:43.797482,[]
2026-06-10,12:11:43.830849,[]
2026-06-10,12:11:43.864216,[]
2026-06-10,12:11:43.897583,[]
2026-06-10,12:11:43.930950,[]
2026-06-10,12:11:43.964317,[]
2026-06-10,12:11:43.997684,[]
2026-06-10,12:11:44.031051,[]
2026-06-10,12:11:44.064418,[]
2026-06-10,12:11:44.097785,[]
2026-06-10,12:11:44.131152,[]
2026-06-10,12:11:44.164519,[]
2026-06-10,12:11:44.197886,[]
2026-06-10,12:11:44.231253,[]
2026-06-10,12:11:44.264620,[]
2026-06-10,12:11:44.297987,[]
2026-06-10,12:11:44.331354,[]
2026-06-10,12:11:44.364721,[]
2026-06-10,12:11:44.398088,[]
2026-06-10,12:11:44.431455,[]
2026-06-10,12:11:44.464822,[]
2026-06-10,12:11:44.498189,[]
2026-06-10,12:11:44.531556,[]
2026-06-10,12:11:44.564923,[]
2026-06-10,12:11:44.598290,[]
2026-06-10,12:11:44.631657,[]
2026-06-10,12:11:44.665024,[]
2026-06-10,12:11:44.698391,[]
2026-06-10,12:11:44.731758,[]
2026-06-10,12:11:44.765125,[]
2026-06-10,12:11:44.798492,[]
2026-06-10,12:11:44.831859,[]
2026-06-10,12:11:44.865226,[]
2026-06-10,12:11:44.898593,[]
2026-06-10,12:11:44.931960,[]
2026-06-10,12:11:44.965327,[]
2026-06-10,12:11:44.998694,[]
2026-06-10,12:11:45.032061,[]
2026-06-10,12:11:45.065428,[]
2026-06-10,12:11:45.098795,[]
2026-06-10,12:11:45.132162,[]
2026-06-10,12:11:45.165529,[]
2026-06-10,12:11:45.198896,[]
2026-06-10,12:11:45.232263,[]
2026-06-10,12:11:45.265630,[]
2026-06-10,12:11:45.298997,[]
2026-06-10,12:11:45.332364,[]
2026-06-10,12:11:45.365731,[]
2026-06-10,12:11:45.399098,[]
2026-06-10,12:11:45.432465,[]
2026-06-10,12:11:45.465832,[]
2026-06-10,12:11:45.499199,[]
2026-06-10,12:11:45.532566,[]
2026-06-10,12:11:45.565933,[]
2026-06-10,12:11:45.599300,[]
2026-06-10,12:11:45.632667,[]
2026-06-10,12:11:45.666034,[]
2026-06-10,12:11:45.699401,[]
2026-06-10,12:11:45.732768,[]
2026-06-10,12:11:45.766135,[]
2026-06-10,12:11:45.799502,[]
2026-06-10,12:11:45.832869,[]
2026-06-10,12:11:45.866236,[]
2026-06-10,12:11:45.899603,[]
2026-06-10,12:11:45.932970,[]
2026-06-10,12:11:45.966337,[]
2026-06-10,12:11:45.999704,[]
2026-06-10,12:11:46.033071,[]
2026-06-10,12:11:46.066438,[]
2026-06-10,12:11:46.099805,[]
2026-06-10,12:11:46.133172,[]
2026-06-10,12:11:46.166539,[]
2026-06-10,12:11:46.199906,[]
2026-06-10,12:11:46.233273,[]
2026-06-10,12:11:46.266640,[]
2026-06-10,12:11:46.300007,[]
2026-06-10,12:11:46.333374,[]
2026-06-10,12:11:46.366741,[]
2026-06-10,12:11:46.400108,[]
2026-06-10,12:11:46.433475,[]
2026-06-10,12:11:46.466842,[]
2026-06-10,12:11:46.500209,[]
2026-06-10,12:11:46.533576,[]
2026-06-10,12:11:46.566943,[]
2026-06-10,12:11:46.600310,[]
2026-06-10,12:11:46.633677,[]
2026-06-10,12:11:46.667044,[]
2026-06-10,12:11:46.700411,[]
2026-06-10,12:11:46.733778,[]
2026-06-10,12:11:46.767145,[]
2026-06-10,12:11:46.800512,[]
2026-06-10,12:11:46.833879,[]
2026-06-10,12:11:46.867246,[]
2026-06-10,12:11:46.900613,[]
2026-06-10,12:11:46.933980,[]
2026-06-10,12:11:46.967347,[]
2026-06-10,12:11:47.000714,[]
2026-06-10,12:11:47.034081,[]
2026-06-10,12:11:47.067448,[]
2026-06-10,12:11:47.100815,[]
2026-06-10,12:11:47.134182,[]
2026-06-10,12:11:47.167549,[]
2026-06-10,12:11:47.200916,[]
2026-06-10,12:11:47.234283,[]
2026-06-10,12:11:47.267650,[]
2026-06-10,12:11:47.301017,[]
2026-06-10,12:11:47.334384,[]
2026-06-10,12:11:47.367751,[]
2026-06-10,12:11:47.401118,[]
2026-06-10,12:11:47.434485,[]
2026-06-10,12:11:47.467852,[]
2026-06-10,12:11:47.501219,[]
2026-06-10,12:11:47.534586,[]
2026-06-10,12:11:47.567953,[]
2026-06-10,12:11:47.601320,[]
2026-06-10,12:11:47.634687,[]
2026-06-10,12:11:47.668054,[]
2026-06-10,12:11:47.701421,[]
2026-06-10,12:11:47.734788,[]
2026-06-10,12:11:47.768155,[]
2026-06-10,12:11:47.801522,[]
2026-06-10,12:11:47.834889,[]
2026-06-10,12:11:47.868256,[]
2026-06-10,12:11:47.901623,[]
2026-06-10,12:11:47.934990,[]
2026-06-10,12:11:47.968357,[]
2026-06-10,12:11:48.001724,[]
2026-06-10,12:11:48.035091,[]
2026-06-10,12:11:48.068458,[]
2026-06-10,12:11:48.101825,[]
2026-06-10,12:11:48.135192,[]
2026-06-10,12:11:48.168559,[]
2026-06-10,12:11:48.201926,[]
2026-06-10,12:11:48.235293,[]
2026-06-10,12:11:48.268660,[]
2026-06-10,12:11:48.302027,[]
2026-06-10,12:11:48.335394,[]
2026-06-10,12:11:48.368761,[]
2026-06-10,12:11:48.402128,[]
2026-06-10,12:11:48.435495,[]
2026-06-10,12:11:48.468862,[]
2026-06-10,12:11:48.502229,[]
2026-06-10,12:11:48.535596,[]
2026-06-10,12:11:48.568963,[]
2026-06-10,12:11:48.602330,[]
2026-06-10,12:11:48.635697,[]
2026-06-10,12:11:48.669064,[]
2026-06-10,12:11:48.702431,[]
2026-06-10,12:11:48.735798,[]
2026-06-10,12:11:48.769165,[]
2026-06-10,12:11:48.802532,[]
2026-06-10,12:11:48.835899,[]
2026-06-10,12:11:48.869266,[]
2026-06-10,12:11:48.902633,[]
2026-06-10,12:11:48.936000,[]
2026-06-10,12:11:48.969367,[]
2026-06-10,12:11:49.002734,[]
2026-06-10,12:11:49.036101,[]
2026-06-10,12:11:49.069468,[]
2026-06-10,12:11:49.102835,[]
2026-06-10,12:11:49.136202,[]
2026-06-10,12:11:49.169569,[]
2026-06-10,12:11:49.202936,[]
2026-06-10,12:11:49.236303,[]
2026-06-10,12:11:49.269670,[]
2026-06-10,12:11:49.303037,[]
2026-06-10,12:11:49.336404,[]
2026-06-10,12:11:49.369771,[]
2026-06-10,12:11:49.403138,[]
2026-06-10,12:11:49.436505,[]
2026-06-10,12:11:49.469872,[]
2026-06-10,12:11:49.503239,[]
2026-06-10,12:11:49.536606,[]
2026-06-10,12:11:49.569973,[]
2026-06-10,12:11:49.603340,[]
2026-06-10,12:11:49.636707,[]
2026-06-10,12:11:49.670074,[]
2026-06-10,12:11:49.703441,[]
2026-06-10,12:11:49.736808,[]
2026-06-10,12:11:49.770175,[]
2026-06-10,12:11:49.803542,[]
2026-06-10,12:11:49.836909,[]
2026-06-10,12:11:49.870276,[]
2026-06-10,12:11:49.903643,[]
2026-06-10,12:11:49.937010,[]
2026-06-10,12:11:49.970377,[]
2026-06-10,12:11:50.003744,[]
2026-06-10,12:11:50.037111,[]
2026-06-10,12:11:50.070478,[]
2026-06-10,12:11:50.103845,[]
2026-06-10,12:11:50.137212,[]
2026-06-10,12:11:50.170579,[]
2026-06-10,12:11:50.203946,[]
2026-06-10,12:11:50.237313,[]
2026-06-10,12:11:50.270680,[]
2026-06-10,12:11:50.304047,[]
2026-06-10,12:11:50.337414,[]
2026-06-10,12:11:50.370781,[]
2026-06-10,12:11:50.404148,[]
2026-06-10,12:11:50.437515,[]
2026-06-10,12:11:50.470882,[]
2026-06-10,12:11:50.504249,[]
2026-06-10,12:11:50.537616,[]
2026-06-10,12:11:50.570983,[]
2026-06-10,12:11:50.604350,[]
2026-06-10,12:11:50.637717,[]
2026-06-10,12:11:50.671084,[]
2026-06-10,12:11:50.704451,[]
2026-06-10,12:11:50.737818,[]
2026-06-10,12:11:50.771185,[]
2026-06-10,12:11:50.804552,[]
2026-06-10,12:11:50.837919,[]
2026-06-10,12:11:50.871286,[]
2026-06-10,12:11:50.904653,[]
2026-06-10,12:11:50.938020,[]
2026-06-10,12:11:50.971387,[]
2026-06-10,12:11:51.004754,[]
2026-06-10,12:11:51.038121,[]
2026-06-10,12:11:51.071488,[]
2026-06-10,12:11:51.104855,[]
2026-06-10,12:11:51.138222,[]
2026-06-10,12:11:51.171589,[]
2026-06-10,12:11:51.204956,[]
2026-06-10,12:11:51.238323,[]
2026-06-10,12:11:51.271690,[]
2026-06-10,12:11:51.305057,[]
2026-06-10,12:11:51.338424,[]
2026-06-10,12:11:51.371791,[]
2026-06-10,12:11:51.405158,[]
2026-06-10,12:11:51.438525,[]
2026-06-10,12:11:51.471892,[]
2026-06-10,12:11:51.505259,[]
2026-06-10,12:11:51.538626,[]
2026-06-10,12:11:51.571993,[]
2026-06-10,12:11:51.605360,[]
2026-06-10,12:11:51.638727,[]
2026-06-10,12:11:51.672094,[]
2026-06-10,12:11:51.705461,[]
2026-06-10,12:11:51.738828,[]
2026-06-10,12:11:51.772195,[]
2026-06-10,12:11:51.805562,[]
2026-06-10,12:11:51.838929,[]
2026-06-10,12:11:51.872296,[]
2026-06-10,12:11:51.905663,['DD16996']
2026-06-10,12:11:51.939030,[]
2026-06-10,12:11:51.972397,['DD16996']
2026-06-10,12:11:52.005764,[]
2026-06-10,12:11:52.039131,[]
2026-06-10,12:11:52.072498,[]
2026-06-10,12:11:52.105865,[]
2026-06-10,12:11:52.139232,[]
2026-06-10,12:11:52.172599,[]
2026-06-10,12:11:52.205966,[]
2026-06-10,12:11:52.239333,[]
2026-06-10,12:11:52.272700,[]
2026-06-10,12:11:52.306067,[]
2026-06-10,12:11:52.339434,[]
2026-06-10,12:11:52.372801,[]
2026-06-10,12:11:52.406168,[]
2026-06-10,12:11:52.439535,[]
2026-06-10,12:11:52.472902,[]
2026-06-10,12:11:52.506269,[]
2026-06-10,12:11:52.539636,[]
2026-06-10,12:11:52.573003,[]
2026-06-10,12:11:52.606370,[]
2026-06-10,12:11:52.639737,[]
2026-06-10,12:11:52.673104,[]
2026-06-10,12:11:52.706471,[]
2026-06-10,12:11:52.739838,[]
2026-06-10,12:11:52.773205,[]
2026-06-10,12:11:52.806572,[]
2026-06-10,12:11:52.839939,[]
2026-06-10,12:11:52.873306,[]
2026-06-10,12:11:52.906673,[]
2026-06-10,12:11:52.940040,[]
2026-06-10,12:11:52.973407,[]
2026-06-10,12:11:53.006774,[]
2026-06-10,12:11:53.040141,[]
2026-06-10,12:11:53.073508,[]
2026-06-10,12:11:53.106875,[]
2026-06-10,12:11:53.140242,[]
2026-06-10,12:11:53.173609,[]
2026-06-10,12:11:53.206976,[]
2026-06-10,12:11:53.240343,[]
2026-06-10,12:11:53.273710,[]
2026-06-10,12:11:53.307077,[]
2026-06-10,12:11:53.340444,[]
2026-06-10,12:11:53.373811,[]
2026-06-10,12:11:53.407178,[]
2026-06-10,12:11:53.440545,[]
2026-06-10,12:11:53.473912,[]
2026-06-10,12:11:53.507279,[]
2026-06-10,12:11:53.540646,[]
2026-06-10,12:11:53.574013,[]
2026-06-10,12:11:53.607380,[]
2026-06-10,12:11:53.640747,[]
2026-06-10,12:11:53.674114,[]
2026-06-10,12:11:53.707481,[]
2026-06-10,12:11:53.740848,[]
2026-06-10,12:11:53.774215,[]
2026-06-10,12:11:53.807582,[]
2026-06-10,12:11:53.840949,[]
2026-06-10,12:11:53.874316,[]
2026-06-10,12:11:53.907683,[]
2026-06-10,12:11:53.941050,[]
2026-06-10,12:11:53.974417,[]
2026-06-10,12:11:54.007784,[]
2026-06-10,12:11:54.041151,[]
2026-06-10,12:11:54.074518,[]
2026-06-10,12:11:54.107885,[]
2026-06-10,12:11:54.141252,[]
2026-06-10,12:11:54.174619,[]
2026-06-10,12:11:54.207986,[]
2026-06-10,12:11:54.241353,[]
2026-06-10,12:11:54.274720,[]
2026-06-10,12:11:54.308087,[]
2026-06-10,12:11:54.341454,[]
2026-06-10,12:11:54.374821,[]
2026-06-10,12:11:54.408188,[]
2026-06-10,12:11:54.441555,[]
2026-06-10,12:11:54.474922,[]
2026-06-10,12:11:54.508289,[]
2026-06-10,12:11:54.541656,[]
2026-06-10,12:11:54.575023,[]
2026-06-10,12:11:54.608390,[]
2026-06-10,12:11:54.641757,[]
2026-06-10,12:11:54.675124,['ES82840']
2026-06-10,12:11:54.708491,['ES82840']
2026-06-10,12:11:54.741858,['ES82840']
2026-06-10,12:11:54.775225,['ES82840']
2026-06-10,12:11:54.808592,[]
2026-06-10,12:11:54.841959,[]
2026-06-10,12:11:54.875326,[]
2026-06-10,12:11:54.908693,[]
2026-06-10,12:11:54.942060,[]
2026-06-10,12:11:54.975427,[]
2026-06-10,12:11:55.008794,[]
2026-06-10,12:11:55.042161,[]
2026-06-10,12:11:55.075528,[]
2026-06-10,12:11:55.108895,[]
2026-06-10,12:11:55.142262,[]
2026-06-10,12:11:55.175629,[]
2026-06-10,12:11:55.208996,[]
2026-06-10,12:11:55.242363,[]
2026-06-10,12:11:55.275730,[]
2026-06-10,12:11:55.309097,[]
2026-06-10,12:11:55.342464,[]
2026-06-10,12:11:55.375831,[]
2026-06-10,12:11:55.409198,[]
2026-06-10,12:11:55.442565,[]
2026-06-10,12:11:55.475932,[]
2026-06-10,12:11:55.509299,[]
2026-06-10,12:11:55.542666,[]
2026-06-10,12:11:55.576033,[]
2026-06-10,12:11:55.609400,[]
2026-06-10,12:11:55.642767,[]
2026-06-10,12:11:55.676134,[]
2026-06-10,12:11:55.709501,[]
2026-06-10,12:11:55.742868,[]
2026-06-10,12:11:55.776235,[]
2026-06-10,12:11:55.809602,[]
2026-06-10,12:11:55.842969,[]
2026-06-10,12:11:55.876336,[]
2026-06-10,12:11:55.909703,[]
2026-06-10,12:11:55.943070,[]
2026-06-10,12:11:55.976437,[]
2026-06-10,12:11:56.009804,[]
2026-06-10,12:11:56.043171,[]
2026-06-10,12:11:56.076538,[]
2026-06-10,12:11:56.109905,['EF86910']
2026-06-10,12:11:56.143272,[]
2026-06-10,12:11:56.176639,[]
2026-06-10,12:11:56.210006,[]
2026-06-10,12:11:56.243373,[]
2026-06-10,12:11:56.276740,[]
2026-06-10,12:11:56.310107,[]
2026-06-10,12:11:56.343474,[]
2026-06-10,12:11:56.376841,[]
2026-06-10,12:11:56.410208,[]
2026-06-10,12:11:56.443575,[]
2026-06-10,12:11:56.476942,[]
2026-06-10,12:11:56.510309,[]
2026-06-10,12:11:56.543676,[]
2026-06-10,12:11:56.577043,[]
2026-06-10,12:11:56.610410,[]
2026-06-10,12:11:56.643777,[]
2026-06-10,12:11:56.677144,[]
2026-06-10,12:11:56.710511,[]
2026-06-10,12:11:56.743878,[]
2026-06-10,12:11:56.777245,[]
2026-06-10,12:11:56.810612,[]
2026-06-10,12:11:56.843979,[]
2026-06-10,12:11:56.877346,[]
2026-06-10,12:11:56.910713,[]
2026-06-10,12:11:56.944080,[]
2026-06-10,12:11:56.977447,[]
2026-06-10,12:11:57.010814,[]
2026-06-10,12:11:57.044181,[]
2026-06-10,12:11:57.077548,[]
2026-06-10,12:11:57.110915,[]
2026-06-10,12:11:57.144282,[]
2026-06-10,12:11:57.177649,[]
2026-06-10,12:11:57.211016,[]
2026-06-10,12:11:57.244383,[]
2026-06-10,12:11:57.277750,[]
2026-06-10,12:11:57.311117,[]
2026-06-10,12:11:57.344484,[]
2026-06-10,12:11:57.377851,[]
2026-06-10,12:11:57.411218,[]
2026-06-10,12:11:57.444585,[]
2026-06-10,12:11:57.477952,[]
2026-06-10,12:11:57.511319,[]
2026-06-10,12:11:57.544686,['DY89942']
2026-06-10,12:11:57.578053,['DY89942']
2026-06-10,12:11:57.611420,['DY89942']
2026-06-10,12:11:57.644787,[]
2026-06-10,12:11:57.678154,[]
2026-06-10,12:11:57.711521,[]
2026-06-10,12:11:57.744888,[]
2026-06-10,12:11:57.778255,[]
2026-06-10,12:11:57.811622,[]
2026-06-10,12:11:57.844989,[]
2026-06-10,12:11:57.878356,[]
2026-06-10,12:11:57.911723,[]
2026-06-10,12:11:57.945090,[]
2026-06-10,12:11:57.978457,[]
2026-06-10,12:11:58.011824,[]
2026-06-10,12:11:58.045191,[]
2026-06-10,12:11:58.078558,[]
2026-06-10,12:11:58.111925,[]
2026-06-10,12:11:58.145292,[]
2026-06-10,12:11:58.178659,[]
2026-06-10,12:11:58.212026,[]
2026-06-10,12:11:58.245393,[]
2026-06-10,12:11:58.278760,[]
2026-06-10,12:11:58.312127,[]
2026-06-10,12:11:58.345494,[]
2026-06-10,12:11:58.378861,[]
2026-06-10,12:11:58.412228,[]
2026-06-10,12:11:58.445595,[]
2026-06-10,12:11:58.478962,[]
2026-06-10,12:11:58.512329,[]
2026-06-10,12:11:58.545696,[]
2026-06-10,12:11:58.579063,[]
2026-06-10,12:11:58.612430,[]
2026-06-10,12:11:58.645797,[]
2026-06-10,12:11:58.679164,[]
2026-06-10,12:11:58.712531,[]
2026-06-10,12:11:58.745898,[]
2026-06-10,12:11:58.779265,[]
2026-06-10,12:11:58.812632,[]
2026-06-10,12:11:58.845999,[]
2026-06-10,12:11:58.879366,[]
2026-06-10,12:11:58.912733,[]
2026-06-10,12:11:58.946100,[]
2026-06-10,12:11:58.979467,[]
2026-06-10,12:11:59.012834,[]
2026-06-10,12:11:59.046201,[]
2026-06-10,12:11:59.079568,[]
2026-06-10,12:11:59.112935,[]
2026-06-10,12:11:59.146302,[]
2026-06-10,12:11:59.179669,[]
2026-06-10,12:11:59.213036,[]
2026-06-10,12:11:59.246403,[]
2026-06-10,12:11:59.279770,[]
2026-06-10,12:11:59.313137,[]
2026-06-10,12:11:59.346504,[]
2026-06-10,12:11:59.379871,[]
2026-06-10,12:11:59.413238,[]
2026-06-10,12:11:59.446605,[]
2026-06-10,12:11:59.479972,[]
2026-06-10,12:11:59.513339,[]
2026-06-10,12:11:59.546706,[]
2026-06-10,12:11:59.580073,[]
2026-06-10,12:11:59.613440,[]
2026-06-10,12:11:59.646807,[]
2026-06-10,12:11:59.680174,[]
2026-06-10,12:11:59.713541,[]
2026-06-10,12:11:59.746908,[]
2026-06-10,12:11:59.780275,[]
2026-06-10,12:11:59.813642,[]
2026-06-10,12:11:59.847009,[]
2026-06-10,12:11:59.880376,[]
2026-06-10,12:11:59.913743,[]
2026-06-10,12:11:59.947110,[]
2026-06-10,12:11:59.980477,[]
2026-06-10,12:12:00.013844,[]
2026-06-10,12:12:00.047211,[]
2026-06-10,12:12:00.080578,[]
2026-06-10,12:12:00.113945,[]
2026-06-10,12:12:00.147312,[]
2026-06-10,12:12:00.180679,[]
2026-06-10,12:12:00.214046,[]
2026-06-10,12:12:00.247413,[]
2026-06-10,12:12:00.280780,[]
2026-06-10,12:12:00.314147,[]
2026-06-10,12:12:00.347514,[]
2026-06-10,12:12:00.380881,[]
2026-06-10,12:12:00.414248,[]
2026-06-10,12:12:00.447615,[]
2026-06-10,12:12:00.480982,[]
2026-06-10,12:12:00.514349,[]
2026-06-10,12:12:00.547716,[]
2026-06-10,12:12:00.581083,[]
2026-06-10,12:12:00.614450,[]
2026-06-10,12:12:00.647817,[]
2026-06-10,12:12:00.681184,[]
2026-06-10,12:12:00.714551,[]
2026-06-10,12:12:00.747918,[]
2026-06-10,12:12:00.781285,[]
2026-06-10,12:12:00.814652,[]
2026-06-10,12:12:00.848019,[]
2026-06-10,12:12:00.881386,[]
2026-06-10,12:12:00.914753,[]
2026-06-10,12:12:00.948120,[]
2026-06-10,12:12:00.981487,[]
2026-06-10,12:12:01.014854,[]
2026-06-10,12:12:01.048221,[]
2026-06-10,12:12:01.081588,[]
2026-06-10,12:12:01.114955,[]
2026-06-10,12:12:01.148322,[]
2026-06-10,12:12:01.181689,[]
2026-06-10,12:12:01.215056,[]
2026-06-10,12:12:01.248423,[]
2026-06-10,12:12:01.281790,[]
2026-06-10,12:12:01.315157,[]
2026-06-10,12:12:01.348524,[]
2026-06-10,12:12:01.381891,[]
2026-06-10,12:12:01.415258,[]
2026-06-10,12:12:01.448625,[]
2026-06-10,12:12:01.481992,[]
2026-06-10,12:12:01.515359,[]
2026-06-10,12:12:01.548726,[]
2026-06-10,12:12:01.582093,[]
2026-06-10,12:12:01.615460,[]
2026-06-10,12:12:01.648827,[]
2026-06-10,12:12:01.682194,[]
2026-06-10,12:12:01.715561,[]
2026-06-10,12:12:01.748928,[]
2026-06-10,12:12:01.782295,[]
2026-06-10,12:12:01.815662,[]
2026-06-10,12:12:01.849029,[]
2026-06-10,12:12:01.882396,[]
2026-06-10,12:12:01.915763,[]
2026-06-10,12:12:01.949130,[]
2026-06-10,12:12:01.982497,[]
2026-06-10,12:12:02.015864,[]
2026-06-10,12:12:02.049231,[]
2026-06-10,12:12:02.082598,[]
2026-06-10,12:12:02.115965,[]
2026-06-10,12:12:02.149332,[]
2026-06-10,12:12:02.182699,[]
2026-06-10,12:12:02.216066,[]
2026-06-10,12:12:02.249433,[]
2026-06-10,12:12:02.282800,[]
2026-06-10,12:12:02.316167,[]
2026-06-10,12:12:02.349534,[]
2026-06-10,12:12:02.382901,[]
2026-06-10,12:12:02.416268,[]
2026-06-10,12:12:02.449635,[]
2026-06-10,12:12:02.483002,[]
2026-06-10,12:12:02.516369,[]
2026-06-10,12:12:02.549736,[]
2026-06-10,12:12:02.583103,[]
2026-06-10,12:12:02.616470,[]
2026-06-10,12:12:02.649837,[]
2026-06-10,12:12:02.683204,[]
2026-06-10,12:12:02.716571,[]
2026-06-10,12:12:02.749938,[]
2026-06-10,12:12:02.783305,[]
2026-06-10,12:12:02.816672,[]
2026-06-10,12:12:02.850039,[]
2026-06-10,12:12:02.883406,[]
2026-06-10,12:12:02.916773,[]
2026-06-10,12:12:02.950140,[]
2026-06-10,12:12:02.983507,[]
2026-06-10,12:12:03.016874,[]
2026-06-10,12:12:03.050241,[]
2026-06-10,12:12:03.083608,[]
2026-06-10,12:12:03.116975,[]
2026-06-10,12:12:03.150342,[]
2026-06-10,12:12:03.183709,[]
2026-06-10,12:12:03.217076,[]
2026-06-10,12:12:03.250443,[]
2026-06-10,12:12:03.283810,[]
2026-06-10,12:12:03.317177,[]
2026-06-10,12:12:03.350544,[]
2026-06-10,12:12:03.383911,[]
2026-06-10,12:12:03.417278,[]
2026-06-10,12:12:03.450645,[]
2026-06-10,12:12:03.484012,[]
2026-06-10,12:12:03.517379,[]
2026-06-10,12:12:03.550746,[]
2026-06-10,12:12:03.584113,[]
2026-06-10,12:12:03.617480,[]
2026-06-10,12:12:03.650847,[]
2026-06-10,12:12:03.684214,[]
2026-06-10,12:12:03.717581,[]
2026-06-10,12:12:03.750948,[]
2026-06-10,12:12:03.784315,[]
2026-06-10,12:12:03.817682,[]
2026-06-10,12:12:03.851049,[]
2026-06-10,12:12:03.884416,[]
2026-06-10,12:12:03.917783,[]
2026-06-10,12:12:03.951150,[]
2026-06-10,12:12:03.984517,[]
2026-06-10,12:12:04.017884,[]
2026-06-10,12:12:04.051251,[]
2026-06-10,12:12:04.084618,[]
2026-06-10,12:12:04.117985,[]
2026-06-10,12:12:04.151352,[]
2026-06-10,12:12:04.184719,[]
2026-06-10,12:12:04.218086,[]
2026-06-10,12:12:04.251453,[]
2026-06-10,12:12:04.284820,[]
2026-06-10,12:12:04.318187,[]
2026-06-10,12:12:04.351554,[]
2026-06-10,12:12:04.384921,[]
2026-06-10,12:12:04.418288,[]
2026-06-10,12:12:04.451655,[]
2026-06-10,12:12:04.485022,[]
2026-06-10,12:12:04.518389,[]
2026-06-10,12:12:04.551756,[]
2026-06-10,12:12:04.585123,[]
2026-06-10,12:12:04.618490,[]
2026-06-10,12:12:04.651857,[]
2026-06-10,12:12:04.685224,[]
2026-06-10,12:12:04.718591,[]
2026-06-10,12:12:04.751958,[]
2026-06-10,12:12:04.785325,[]
2026-06-10,12:12:04.818692,[]
2026-06-10,12:12:04.852059,[]
2026-06-10,12:12:04.885426,[]
2026-06-10,12:12:04.918793,[]
2026-06-10,12:12:04.952160,[]
2026-06-10,12:12:04.985527,[]
2026-06-10,12:12:05.018894,[]
2026-06-10,12:12:05.052261,[]
2026-06-10,12:12:05.085628,[]
2026-06-10,12:12:05.118995,[]
2026-06-10,12:12:05.152362,[]
2026-06-10,12:12:05.185729,[]
2026-06-10,12:12:05.219096,[]
2026-06-10,12:12:05.252463,[]
2026-06-10,12:12:05.285830,[]
2026-06-10,12:12:05.319197,[]
2026-06-10,12:12:05.352564,[]
2026-06-10,12:12:05.385931,[]
2026-06-10,12:12:05.419298,[]
2026-06-10,12:12:05.452665,[]
2026-06-10,12:12:05.486032,[]
2026-06-10,12:12:05.519399,[]
2026-06-10,12:12:05.552766,[]
2026-06-10,12:12:05.586133,[]
2026-06-10,12:12:05.619500,[]
2026-06-10,12:12:05.652867,[]
2026-06-10,12:12:05.686234,[]
2026-06-10,12:12:05.719601,[]
2026-06-10,12:12:05.752968,[]
2026-06-10,12:12:05.786335,[]
2026-06-10,12:12:05.819702,[]
2026-06-10,12:12:05.853069,[]
2026-06-10,12:12:05.886436,[]
2026-06-10,12:12:05.919803,[]
2026-06-10,12:12:05.953170,[]
2026-06-10,12:12:05.986537,[]
2026-06-10,12:12:06.019904,[]
2026-06-10,12:12:06.053271,[]
2026-06-10,12:12:06.086638,[]
2026-06-10,12:12:06.120005,[]
2026-06-10,12:12:06.153372,[]
2026-06-10,12:12:06.186739,[]
2026-06-10,12:12:06.220106,[]
2026-06-10,12:12:06.253473,[]
2026-06-10,12:12:06.286840,[]
2026-06-10,12:12:06.320207,[]
2026-06-10,12:12:06.353574,[]
2026-06-10,12:12:06.386941,[]
2026-06-10,12:12:06.420308,[]
2026-06-10,12:12:06.453675,[]
2026-06-10,12:12:06.487042,[]
2026-06-10,12:12:06.520409,[]
2026-06-10,12:12:06.553776,[]
2026-06-10,12:12:06.587143,[]
2026-06-10,12:12:06.620510,[]
2026-06-10,12:12:06.653877,[]
2026-06-10,12:12:06.687244,[]
2026-06-10,12:12:06.720611,[]
2026-06-10,12:12:06.753978,[]
2026-06-10,12:12:06.787345,[]
2026-06-10,12:12:06.820712,[]
2026-06-10,12:12:06.854079,[]
2026-06-10,12:12:06.887446,[]
2026-06-10,12:12:06.920813,[]
2026-06-10,12:12:06.954180,[]
2026-06-10,12:12:06.987547,[]
2026-06-10,12:12:07.020914,[]
2026-06-10,12:12:07.054281,[]
2026-06-10,12:12:07.087648,[]
2026-06-10,12:12:07.121015,[]
2026-06-10,12:12:07.154382,[]
2026-06-10,12:12:07.187749,[]
2026-06-10,12:12:07.221116,[]
2026-06-10,12:12:07.254483,[]
2026-06-10,12:12:07.287850,[]
2026-06-10,12:12:07.321217,[]
2026-06-10,12:12:07.354584,[]
2026-06-10,12:12:07.387951,[]
2026-06-10,12:12:07.421318,[]
2026-06-10,12:12:07.454685,[]
2026-06-10,12:12:07.488052,[]
2026-06-10,12:12:07.521419,[]
2026-06-10,12:12:07.554786,[]
2026-06-10,12:12:07.588153,[]
2026-06-10,12:12:07.621520,[]
2026-06-10,12:12:07.654887,[]
2026-06-10,12:12:07.688254,[]
2026-06-10,12:12:07.721621,[]
2026-06-10,12:12:07.754988,[]
2026-06-10,12:12:07.788355,[]
2026-06-10,12:12:07.821722,[]
2026-06-10,12:12:07.855089,[]
2026-06-10,12:12:07.888456,[]
2026-06-10,12:12:07.921823,[]
2026-06-10,12:12:07.955190,[]
2026-06-10,12:12:07.988557,[]
2026-06-10,12:12:08.021924,[]
2026-06-10,12:12:08.055291,[]
2026-06-10,12:12:08.088658,[]
2026-06-10,12:12:08.122025,[]
2026-06-10,12:12:08.155392,[]
2026-06-10,12:12:08.188759,[]
2026-06-10,12:12:08.222126,[]
2026-06-10,12:12:08.255493,[]
2026-06-10,12:12:08.288860,[]
2026-06-10,12:12:08.322227,[]
2026-06-10,12:12:08.355594,[]
2026-06-10,12:12:08.388961,[]
2026-06-10,12:12:08.422328,[]
2026-06-10,12:12:08.455695,[]
2026-06-10,12:12:08.489062,[]
2026-06-10,12:12:08.522429,[]
2026-06-10,12:12:08.555796,[]
2026-06-10,12:12:08.589163,[]
2026-06-10,12:12:08.622530,[]
2026-06-10,12:12:08.655897,[]
2026-06-10,12:12:08.689264,[]
2026-06-10,12:12:08.722631,[]
2026-06-10,12:12:08.755998,[]
2026-06-10,12:12:08.789365,[]
2026-06-10,12:12:08.822732,[]
2026-06-10,12:12:08.856099,[]
2026-06-10,12:12:08.889466,[]
2026-06-10,12:12:08.922833,[]
2026-06-10,12:12:08.956200,[]
2026-06-10,12:12:08.989567,[]
2026-06-10,12:12:09.022934,[]
2026-06-10,12:12:09.056301,[]
2026-06-10,12:12:09.089668,[]
2026-06-10,12:12:09.123035,[]
2026-06-10,12:12:09.156402,[]
2026-06-10,12:12:09.189769,[]
2026-06-10,12:12:09.223136,[]
2026-06-10,12:12:09.256503,[]
2026-06-10,12:12:09.289870,[]
2026-06-10,12:12:09.323237,[]
2026-06-10,12:12:09.356604,[]
2026-06-10,12:12:09.389971,[]
2026-06-10,12:12:09.423338,[]
2026-06-10,12:12:09.456705,['DY53211']
2026-06-10,12:12:09.490072,[]
2026-06-10,12:12:09.523439,[]
2026-06-10,12:12:09.556806,[]
2026-06-10,12:12:09.590173,[]
2026-06-10,12:12:09.623540,[]
2026-06-10,12:12:09.656907,[]
2026-06-10,12:12:09.690274,[]
2026-06-10,12:12:09.723641,[]
2026-06-10,12:12:09.757008,[]
2026-06-10,12:12:09.790375,[]
2026-06-10,12:12:09.823742,[]
2026-06-10,12:12:09.857109,[]
2026-06-10,12:12:09.890476,[]
2026-06-10,12:12:09.923843,[]
2026-06-10,12:12:09.957210,[]
2026-06-10,12:12:09.990577,[]
2026-06-10,12:12:10.023944,[]
2026-06-10,12:12:10.057311,[]
2026-06-10,12:12:10.090678,[]
2026-06-10,12:12:10.124045,[]
2026-06-10,12:12:10.157412,[]
2026-06-10,12:12:10.190779,[]
2026-06-10,12:12:10.224146,[]
2026-06-10,12:12:10.257513,[]
2026-06-10,12:12:10.290880,[]
2026-06-10,12:12:10.324247,[]
2026-06-10,12:12:10.357614,[]
2026-06-10,12:12:10.390981,[]
2026-06-10,12:12:10.424348,[]
2026-06-10,12:12:10.457715,[]
2026-06-10,12:12:10.491082,[]
2026-06-10,12:12:10.524449,[]
2026-06-10,12:12:10.557816,[]
2026-06-10,12:12:10.591183,[]
2026-06-10,12:12:10.624550,[]
2026-06-10,12:12:10.657917,[]
2026-06-10,12:12:10.691284,[]
2026-06-10,12:12:10.724651,[]
2026-06-10,12:12:10.758018,[]
2026-06-10,12:12:10.791385,[]
2026-06-10,12:12:10.824752,[]
2026-06-10,12:12:10.858119,[]
2026-06-10,12:12:10.891486,[]
2026-06-10,12:12:10.924853,[]
2026-06-10,12:12:10.958220,[]
2026-06-10,12:12:10.991587,[]
2026-06-10,12:12:11.024954,[]
2026-06-10,12:12:11.058321,['DT16130']
2026-06-10,12:12:11.091688,['DT16130']
2026-06-10,12:12:11.125055,['DT16130']
2026-06-10,12:12:11.158422,['DT16130']
2026-06-10,12:12:11.191789,[]
2026-06-10,12:12:11.225156,[]
2026-06-10,12:12:11.258523,[]
2026-06-10,12:12:11.291890,[]
2026-06-10,12:12:11.325257,[]
2026-06-10,12:12:11.358624,[]
2026-06-10,12:12:11.391991,[]
2026-06-10,12:12:11.425358,[]
2026-06-10,12:12:11.458725,[]
2026-06-10,12:12:11.492092,[]
2026-06-10,12:12:11.525459,[]
2026-06-10,12:12:11.558826,[]
2026-06-10,12:12:11.592193,[]
2026-06-10,12:12:11.625560,[]
2026-06-10,12:12:11.658927,[]
2026-06-10,12:12:11.692294,[]
2026-06-10,12:12:11.725661,[]
2026-06-10,12:12:11.759028,[]
2026-06-10,12:12:11.792395,[]
2026-06-10,12:12:11.825762,[]
2026-06-10,12:12:11.859129,[]
2026-06-10,12:12:11.892496,[]
2026-06-10,12:12:11.925863,[]
2026-06-10,12:12:11.959230,[]
2026-06-10,12:12:11.992597,[]
2026-06-10,12:12:12.025964,[]
2026-06-10,12:12:12.059331,[]
2026-06-10,12:12:12.092698,[]
2026-06-10,12:12:12.126065,[]
2026-06-10,12:12:12.159432,[]
2026-06-10,12:12:12.192799,[]
2026-06-10,12:12:12.226166,[]
2026-06-10,12:12:12.259533,[]
2026-06-10,12:12:12.292900,[]
2026-06-10,12:12:12.326267,[]
2026-06-10,12:12:12.359634,[]
2026-06-10,12:12:12.393001,[]
2026-06-10,12:12:12.426368,[]
2026-06-10,12:12:12.459735,[]
2026-06-10,12:12:12.493102,[]
2026-06-10,12:12:12.526469,[]
2026-06-10,12:12:12.559836,[]
2026-06-10,12:12:12.593203,[]
2026-06-10,12:12:12.626570,[]
2026-06-10,12:12:12.659937,[]
2026-06-10,12:12:12.693304,[]
2026-06-10,12:12:12.726671,[]
2026-06-10,12:12:12.760038,[]
2026-06-10,12:12:12.793405,[]
2026-06-10,12:12:12.826772,[]
2026-06-10,12:12:12.860139,[]
2026-06-10,12:12:12.893506,[]
2026-06-10,12:12:12.926873,[]
2026-06-10,12:12:12.960240,[]
2026-06-10,12:12:12.993607,[]
2026-06-10,12:12:13.026974,[]
2026-06-10,12:12:13.060341,[]
2026-06-10,12:12:13.093708,[]
2026-06-10,12:12:13.127075,[]
2026-06-10,12:12:13.160442,[]
2026-06-10,12:12:13.193809,[]
2026-06-10,12:12:13.227176,[]
2026-06-10,12:12:13.260543,[]
2026-06-10,12:12:13.293910,[]
2026-06-10,12:12:13.327277,[]
2026-06-10,12:12:13.360644,[]
2026-06-10,12:12:13.394011,[]
2026-06-10,12:12:13.427378,[]
2026-06-10,12:12:13.460745,[]
2026-06-10,12:12:13.494112,[]
2026-06-10,12:12:13.527479,[]
2026-06-10,12:12:13.560846,[]
2026-06-10,12:12:13.594213,[]
2026-06-10,12:12:13.627580,[]
2026-06-10,12:12:13.660947,[]
2026-06-10,12:12:13.694314,[]
2026-06-10,12:12:13.727681,[]
2026-06-10,12:12:13.761048,[]
2026-06-10,12:12:13.794415,[]
2026-06-10,12:12:13.827782,[]
2026-06-10,12:12:13.861149,[]
2026-06-10,12:12:13.894516,[]
2026-06-10,12:12:13.927883,[]
2026-06-10,12:12:13.961250,[]
2026-06-10,12:12:13.994617,[]
2026-06-10,12:12:14.027984,[]
2026-06-10,12:12:14.061351,[]
2026-06-10,12:12:14.094718,[]
2026-06-10,12:12:14.128085,[]
2026-06-10,12:12:14.161452,[]
2026-06-10,12:12:14.194819,[]
2026-06-10,12:12:14.228186,[]
2026-06-10,12:12:14.261553,[]
2026-06-10,12:12:14.294920,[]
2026-06-10,12:12:14.328287,[]
2026-06-10,12:12:14.361654,[]
2026-06-10,12:12:14.395021,[]
2026-06-10,12:12:14.428388,[]
2026-06-10,12:12:14.461755,[]
2026-06-10,12:12:14.495122,[]
2026-06-10,12:12:14.528489,[]
2026-06-10,12:12:14.561856,[]
2026-06-10,12:12:14.595223,[]
2026-06-10,12:12:14.628590,[]
2026-06-10,12:12:14.661957,[]
2026-06-10,12:12:14.695324,['EP12351']
2026-06-10,12:12:14.728691,['EP12351']
2026-06-10,12:12:14.762058,['EP12351']
2026-06-10,12:12:14.795425,['EP12351']
2026-06-10,12:12:14.828792,[]
2026-06-10,12:12:14.862159,[]
2026-06-10,12:12:14.895526,[]
2026-06-10,12:12:14.928893,[]
2026-06-10,12:12:14.962260,[]
2026-06-10,12:12:14.995627,[]
2026-06-10,12:12:15.028994,[]
2026-06-10,12:12:15.062361,[]
2026-06-10,12:12:15.095728,[]
2026-06-10,12:12:15.129095,[]
2026-06-10,12:12:15.162462,[]
2026-06-10,12:12:15.195829,[]
2026-06-10,12:12:15.229196,[]
2026-06-10,12:12:15.262563,[]
2026-06-10,12:12:15.295930,[]
2026-06-10,12:12:15.329297,[]
2026-06-10,12:12:15.362664,[]
2026-06-10,12:12:15.396031,[]
2026-06-10,12:12:15.429398,[]
2026-06-10,12:12:15.462765,[]
2026-06-10,12:12:15.496132,[]
2026-06-10,12:12:15.529499,[]
2026-06-10,12:12:15.562866,[]
2026-06-10,12:12:15.596233,[]
2026-06-10,12:12:15.629600,[]
2026-06-10,12:12:15.662967,[]
2026-06-10,12:12:15.696334,[]
2026-06-10,12:12:15.729701,[]
2026-06-10,12:12:15.763068,[]
2026-06-10,12:12:15.796435,[]
2026-06-10,12:12:15.829802,[]
2026-06-10,12:12:15.863169,[]
2026-06-10,12:12:15.896536,[]
2026-06-10,12:12:15.929903,[]
2026-06-10,12:12:15.963270,[]
2026-06-10,12:12:15.996637,[]
2026-06-10,12:12:16.030004,[]
2026-06-10,12:12:16.063371,[]
2026-06-10,12:12:16.096738,[]
2026-06-10,12:12:16.130105,[]
2026-06-10,12:12:16.163472,[]
2026-06-10,12:12:16.196839,[]
2026-06-10,12:12:16.230206,[]
2026-06-10,12:12:16.263573,[]
2026-06-10,12:12:16.296940,[]
2026-06-10,12:12:16.330307,[]
2026-06-10,12:12:16.363674,[]
2026-06-10,12:12:16.397041,[]
2026-06-10,12:12:16.430408,[]
2026-06-10,12:12:16.463775,[]
2026-06-10,12:12:16.497142,[]
2026-06-10,12:12:16.530509,[]
2026-06-10,12:12:16.563876,[]
2026-06-10,12:12:16.597243,[]
2026-06-10,12:12:16.630610,[]
2026-06-10,12:12:16.663977,[]
2026-06-10,12:12:16.697344,[]
2026-06-10,12:12:16.730711,[]
2026-06-10,12:12:16.764078,[]
2026-06-10,12:12:16.797445,[]
2026-06-10,12:12:16.830812,[]
2026-06-10,12:12:16.864179,[]
2026-06-10,12:12:16.897546,[]
2026-06-10,12:12:16.930913,[]
2026-06-10,12:12:16.964280,[]
2026-06-10,12:12:16.997647,[]
2026-06-10,12:12:17.031014,[]
2026-06-10,12:12:17.064381,[]
2026-06-10,12:12:17.097748,[]
2026-06-10,12:12:17.131115,[]
2026-06-10,12:12:17.164482,[]
2026-06-10,12:12:17.197849,[]
2026-06-10,12:12:17.231216,[]
2026-06-10,12:12:17.264583,[]
2026-06-10,12:12:17.297950,[]
2026-06-10,12:12:17.331317,[]
2026-06-10,12:12:17.364684,[]
2026-06-10,12:12:17.398051,[]
2026-06-10,12:12:17.431418,[]
2026-06-10,12:12:17.464785,[]
2026-06-10,12:12:17.498152,[]
2026-06-10,12:12:17.531519,[]
2026-06-10,12:12:17.564886,[]
2026-06-10,12:12:17.598253,[]
2026-06-10,12:12:17.631620,[]
2026-06-10,12:12:17.664987,[]
2026-06-10,12:12:17.698354,[]
2026-06-10,12:12:17.731721,[]
2026-06-10,12:12:17.765088,[]
2026-06-10,12:12:17.798455,[]
2026-06-10,12:12:17.831822,[]
2026-06-10,12:12:17.865189,[]
2026-06-10,12:12:17.898556,[]
2026-06-10,12:12:17.931923,[]
2026-06-10,12:12:17.965290,[]
2026-06-10,12:12:17.998657,[]
2026-06-10,12:12:18.032024,[]
2026-06-10,12:12:18.065391,[]
2026-06-10,12:12:18.098758,[]
2026-06-10,12:12:18.132125,[]
2026-06-10,12:12:18.165492,[]
2026-06-10,12:12:18.198859,[]
2026-06-10,12:12:18.232226,[]
2026-06-10,12:12:18.265593,[]
2026-06-10,12:12:18.298960,[]
2026-06-10,12:12:18.332327,[]
2026-06-10,12:12:18.365694,[]
2026-06-10,12:12:18.399061,[]
2026-06-10,12:12:18.432428,[]
2026-06-10,12:12:18.465795,[]
2026-06-10,12:12:18.499162,[]
2026-06-10,12:12:18.532529,[]
2026-06-10,12:12:18.565896,[]
2026-06-10,12:12:18.599263,[]
2026-06-10,12:12:18.632630,[]
2026-06-10,12:12:18.665997,[]
2026-06-10,12:12:18.699364,[]
2026-06-10,12:12:18.732731,[]
2026-06-10,12:12:18.766098,[]
2026-06-10,12:12:18.799465,[]
2026-06-10,12:12:18.832832,[]
2026-06-10,12:12:18.866199,[]
2026-06-10,12:12:18.899566,[]
2026-06-10,12:12:18.932933,[]
2026-06-10,12:12:18.966300,[]
2026-06-10,12:12:18.999667,[]
2026-06-10,12:12:19.033034,[]
2026-06-10,12:12:19.066401,[]
2026-06-10,12:12:19.099768,[]
2026-06-10,12:12:19.133135,[]
2026-06-10,12:12:19.166502,[]
2026-06-10,12:12:19.199869,[]
2026-06-10,12:12:19.233236,[]
2026-06-10,12:12:19.266603,[]
2026-06-10,12:12:19.299970,[]
2026-06-10,12:12:19.333337,[]
2026-06-10,12:12:19.366704,[]
2026-06-10,12:12:19.400071,[]
2026-06-10,12:12:19.433438,[]
2026-06-10,12:12:19.466805,[]
2026-06-10,12:12:19.500172,[]
2026-06-10,12:12:19.533539,[]
2026-06-10,12:12:19.566906,[]
2026-06-10,12:12:19.600273,[]
2026-06-10,12:12:19.633640,[]
2026-06-10,12:12:19.667007,[]
2026-06-10,12:12:19.700374,[]
2026-06-10,12:12:19.733741,[]
2026-06-10,12:12:19.767108,[]
2026-06-10,12:12:19.800475,[]
2026-06-10,12:12:19.833842,[]
2026-06-10,12:12:19.867209,[]
2026-06-10,12:12:19.900576,[]
2026-06-10,12:12:19.933943,[]
2026-06-10,12:12:19.967310,[]
2026-06-10,12:12:20.000677,[]
2026-06-10,12:12:20.034044,[]
2026-06-10,12:12:20.067411,[]
2026-06-10,12:12:20.100778,[]
2026-06-10,12:12:20.134145,[]
2026-06-10,12:12:20.167512,[]
2026-06-10,12:12:20.200879,[]
2026-06-10,12:12:20.234246,['EJ79127']
2026-06-10,12:12:20.267613,['EJ79127']
2026-06-10,12:12:20.300980,['EJ79127']
2026-06-10,12:12:20.334347,['EJ79127']
2026-06-10,12:12:20.367714,[]
2026-06-10,12:12:20.401081,[]
2026-06-10,12:12:20.434448,[]
2026-06-10,12:12:20.467815,[]
2026-06-10,12:12:20.501182,[]
2026-06-10,12:12:20.534549,[]
2026-06-10,12:12:20.567916,[]
2026-06-10,12:12:20.601283,[]
2026-06-10,12:12:20.634650,[]
2026-06-10,12:12:20.668017,[]
2026-06-10,12:12:20.701384,[]
2026-06-10,12:12:20.734751,[]
2026-06-10,12:12:20.768118,[]
2026-06-10,12:12:20.801485,[]
2026-06-10,12:12:20.834852,[]
2026-06-10,12:12:20.868219,[]
2026-06-10,12:12:20.901586,[]
2026-06-10,12:12:20.934953,[]
2026-06-10,12:12:20.968320,[]
2026-06-10,12:12:21.001687,[]
2026-06-10,12:12:21.035054,[]
2026-06-10,12:12:21.068421,[]
2026-06-10,12:12:21.101788,[]
2026-06-10,12:12:21.135155,[]
2026-06-10,12:12:21.168522,[]
2026-06-10,12:12:21.201889,[]
2026-06-10,12:12:21.235256,[]
2026-06-10,12:12:21.268623,[]
2026-06-10,12:12:21.301990,[]
2026-06-10,12:12:21.335357,[]
2026-06-10,12:12:21.368724,[]
2026-06-10,12:12:21.402091,[]
2026-06-10,12:12:21.435458,[]
2026-06-10,12:12:21.468825,[]
2026-06-10,12:12:21.502192,[]
2026-06-10,12:12:21.535559,[]
2026-06-10,12:12:21.568926,[]
2026-06-10,12:12:21.602293,[]
2026-06-10,12:12:21.635660,[]
2026-06-10,12:12:21.669027,[]
2026-06-10,12:12:21.702394,[]
2026-06-10,12:12:21.735761,[]
2026-06-10,12:12:21.769128,[]
2026-06-10,12:12:21.802495,[]
2026-06-10,12:12:21.835862,[]
2026-06-10,12:12:21.869229,[]
2026-06-10,12:12:21.902596,[]
2026-06-10,12:12:21.935963,[]
2026-06-10,12:12:21.969330,[]
2026-06-10,12:12:22.002697,[]
2026-06-10,12:12:22.036064,[]
2026-06-10,12:12:22.069431,[]
2026-06-10,12:12:22.102798,[]
2026-06-10,12:12:22.136165,[]
2026-06-10,12:12:22.169532,[]
2026-06-10,12:12:22.202899,[]
2026-06-10,12:12:22.236266,[]
2026-06-10,12:12:22.269633,[]
2026-06-10,12:12:22.303000,['ZL42151']
2026-06-10,12:12:22.336367,['ZL42151']
2026-06-10,12:12:22.369734,['ZL42151']
2026-06-10,12:12:22.403101,['ZL42151']
2026-06-10,12:12:22.436468,[]
2026-06-10,12:12:22.469835,[]
2026-06-10,12:12:22.503202,[]
2026-06-10,12:12:22.536569,[]
2026-06-10,12:12:22.569936,[]
2026-06-10,12:12:22.603303,[]
2026-06-10,12:12:22.636670,[]
2026-06-10,12:12:22.670037,[]
2026-06-10,12:12:22.703404,[]
2026-06-10,12:12:22.736771,[]
2026-06-10,12:12:22.770138,[]
2026-06-10,12:12:22.803505,[]
2026-06-10,12:12:22.836872,[]
2026-06-10,12:12:22.870239,[]
2026-06-10,12:12:22.903606,[]
2026-06-10,12:12:22.936973,[]
2026-06-10,12:12:22.970340,[]
2026-06-10,12:12:23.003707,[]
2026-06-10,12:12:23.037074,[]
2026-06-10,12:12:23.070441,[]
2026-06-10,12:12:23.103808,[]
2026-06-10,12:12:23.137175,[]
2026-06-10,12:12:23.170542,[]
2026-06-10,12:12:23.203909,[]
2026-06-10,12:12:23.237276,[]
2026-06-10,12:12:23.270643,[]
2026-06-10,12:12:23.304010,[]
2026-06-10,12:12:23.337377,[]
2026-06-10,12:12:23.370744,[]
2026-06-10,12:12:23.404111,[]
2026-06-10,12:12:23.437478,[]
2026-06-10,12:12:23.470845,[]
2026-06-10,12:12:23.504212,[]
2026-06-10,12:12:23.537579,[]
2026-06-10,12:12:23.570946,[]
2026-06-10,12:12:23.604313,[]
2026-06-10,12:12:23.637680,[]
2026-06-10,12:12:23.671047,[]
2026-06-10,12:12:23.704414,[]
2026-06-10,12:12:23.737781,[]
2026-06-10,12:12:23.771148,[]
2026-06-10,12:12:23.804515,[]
2026-06-10,12:12:23.837882,[]
2026-06-10,12:12:23.871249,[]
2026-06-10,12:12:23.904616,[]
2026-06-10,12:12:23.937983,[]
2026-06-10,12:12:23.971350,[]
2026-06-10,12:12:24.004717,[]
2026-06-10,12:12:24.038084,[]
2026-06-10,12:12:24.071451,[]
2026-06-10,12:12:24.104818,[]
2026-06-10,12:12:24.138185,[]
2026-06-10,12:12:24.171552,[]
2026-06-10,12:12:24.204919,[]
2026-06-10,12:12:24.238286,[]
2026-06-10,12:12:24.271653,[]
2026-06-10,12:12:24.305020,[]
2026-06-10,12:12:24.338387,['ET15321']
2026-06-10,12:12:24.371754,['ET15321']
2026-06-10,12:12:24.405121,['ET15321']
2026-06-10,12:12:24.438488,['ET15321']
2026-06-10,12:12:24.471855,[]
2026-06-10,12:12:24.505222,[]
2026-06-10,12:12:24.538589,[]
2026-06-10,12:12:24.571956,[]
2026-06-10,12:12:24.605323,[]
2026-06-10,12:12:24.638690,[]
2026-06-10,12:12:24.672057,[]
2026-06-10,12:12:24.705424,[]
2026-06-10,12:12:24.738791,[]
2026-06-10,12:12:24.772158,[]
2026-06-10,12:12:24.805525,[]
2026-06-10,12:12:24.838892,[]
2026-06-10,12:12:24.872259,[]
2026-06-10,12:12:24.905626,[]
2026-06-10,12:12:24.938993,[]
2026-06-10,12:12:24.972360,[]
2026-06-10,12:12:25.005727,[]
2026-06-10,12:12:25.039094,[]
2026-06-10,12:12:25.072461,[]
2026-06-10,12:12:25.105828,[]
2026-06-10,12:12:25.139195,[]
2026-06-10,12:12:25.172562,[]
2026-06-10,12:12:25.205929,[]
2026-06-10,12:12:25.239296,[]
2026-06-10,12:12:25.272663,[]
2026-06-10,12:12:25.306030,[]
2026-06-10,12:12:25.339397,[]
2026-06-10,12:12:25.372764,[]
2026-06-10,12:12:25.406131,[]
2026-06-10,12:12:25.439498,[]
2026-06-10,12:12:25.472865,[]
2026-06-10,12:12:25.506232,[]
2026-06-10,12:12:25.539599,[]
2026-06-10,12:12:25.572966,[]
2026-06-10,12:12:25.606333,[]
2026-06-10,12:12:25.639700,[]
2026-06-10,12:12:25.673067,[]
2026-06-10,12:12:25.706434,[]
2026-06-10,12:12:25.739801,[]
2026-06-10,12:12:25.773168,[]
2026-06-10,12:12:25.806535,[]
2026-06-10,12:12:25.839902,[]
2026-06-10,12:12:25.873269,[]
2026-06-10,12:12:25.906636,[]
2026-06-10,12:12:25.940003,[]
2026-06-10,12:12:25.973370,[]
2026-06-10,12:12:26.006737,[]
2026-06-10,12:12:26.040104,[]
2026-06-10,12:12:26.073471,[]
2026-06-10,12:12:26.106838,[]
2026-06-10,12:12:26.140205,[]
2026-06-10,12:12:26.173572,[]
2026-06-10,12:12:26.206939,[]
2026-06-10,12:12:26.240306,[]
2026-06-10,12:12:26.273673,[]
2026-06-10,12:12:26.307040,[]
2026-06-10,12:12:26.340407,[]
2026-06-10,12:12:26.373774,[]
2026-06-10,12:12:26.407141,[]
2026-06-10,12:12:26.440508,[]
2026-06-10,12:12:26.473875,[]
2026-06-10,12:12:26.507242,[]
2026-06-10,12:12:26.540609,[]
2026-06-10,12:12:26.573976,[]
2026-06-10,12:12:26.607343,[]
2026-06-10,12:12:26.640710,[]
2026-06-10,12:12:26.674077,[]
2026-06-10,12:12:26.707444,[]
2026-06-10,12:12:26.740811,[]
2026-06-10,12:12:26.774178,[]
2026-06-10,12:12:26.807545,[]
2026-06-10,12:12:26.840912,[]
2026-06-10,12:12:26.874279,[]
2026-06-10,12:12:26.907646,[]
2026-06-10,12:12:26.941013,[]
2026-06-10,12:12:26.974380,[]
2026-06-10,12:12:27.007747,[]
2026-06-10,12:12:27.041114,['CX44264']
2026-06-10,12:12:27.074481,['CX44264']
2026-06-10,12:12:27.107848,[]
2026-06-10,12:12:27.141215,[]
2026-06-10,12:12:27.174582,[]
2026-06-10,12:12:27.207949,[]
2026-06-10,12:12:27.241316,[]
2026-06-10,12:12:27.274683,[]
2026-06-10,12:12:27.308050,[]
2026-06-10,12:12:27.341417,[]
2026-06-10,12:12:27.374784,[]
2026-06-10,12:12:27.408151,[]
2026-06-10,12:12:27.441518,[]
2026-06-10,12:12:27.474885,[]
2026-06-10,12:12:27.508252,[]
2026-06-10,12:12:27.541619,[]
2026-06-10,12:12:27.574986,[]
2026-06-10,12:12:27.608353,[]
2026-06-10,12:12:27.641720,[]
2026-06-10,12:12:27.675087,[]
2026-06-10,12:12:27.708454,[]
2026-06-10,12:12:27.741821,[]
2026-06-10,12:12:27.775188,[]
2026-06-10,12:12:27.808555,[]
2026-06-10,12:12:27.841922,[]
2026-06-10,12:12:27.875289,[]
2026-06-10,12:12:27.908656,[]
2026-06-10,12:12:27.942023,[]
2026-06-10,12:12:27.975390,[]
2026-06-10,12:12:28.008757,[]
2026-06-10,12:12:28.042124,[]
2026-06-10,12:12:28.075491,[]
2026-06-10,12:12:28.108858,[]
2026-06-10,12:12:28.142225,[]
2026-06-10,12:12:28.175592,[]
2026-06-10,12:12:28.208959,[]
2026-06-10,12:12:28.242326,[]
2026-06-10,12:12:28.275693,[]
2026-06-10,12:12:28.309060,[]
2026-06-10,12:12:28.342427,[]
2026-06-10,12:12:28.375794,[]
2026-06-10,12:12:28.409161,[]
2026-06-10,12:12:28.442528,[]
2026-06-10,12:12:28.475895,[]
2026-06-10,12:12:28.509262,[]
2026-06-10,12:12:28.542629,[]
2026-06-10,12:12:28.575996,[]
2026-06-10,12:12:28.609363,[]
2026-06-10,12:12:28.642730,[]
2026-06-10,12:12:28.676097,[]
2026-06-10,12:12:28.709464,[]
2026-06-10,12:12:28.742831,[]
2026-06-10,12:12:28.776198,[]
2026-06-10,12:12:28.809565,[]
2026-06-10,12:12:28.842932,[]
2026-06-10,12:12:28.876299,[]
2026-06-10,12:12:28.909666,[]
2026-06-10,12:12:28.943033,[]
2026-06-10,12:12:28.976400,[]
2026-06-10,12:12:29.009767,[]
2026-06-10,12:12:29.043134,[]
2026-06-10,12:12:29.076501,[]
2026-06-10,12:12:29.109868,[]
2026-06-10,12:12:29.143235,[]
2026-06-10,12:12:29.176602,[]
2026-06-10,12:12:29.209969,[]
2026-06-10,12:12:29.243336,[]
2026-06-10,12:12:29.276703,[]
2026-06-10,12:12:29.310070,[]
2026-06-10,12:12:29.343437,[]
2026-06-10,12:12:29.376804,[]
2026-06-10,12:12:29.410171,[]
2026-06-10,12:12:29.443538,[]
2026-06-10,12:12:29.476905,[]
2026-06-10,12:12:29.510272,[]
2026-06-10,12:12:29.543639,[]
2026-06-10,12:12:29.577006,[]
2026-06-10,12:12:29.610373,[]
2026-06-10,12:12:29.643740,[]
2026-06-10,12:12:29.677107,[]
2026-06-10,12:12:29.710474,[]
2026-06-10,12:12:29.743841,[]
2026-06-10,12:12:29.777208,[]
2026-06-10,12:12:29.810575,[]
2026-06-10,12:12:29.843942,[]
2026-06-10,12:12:29.877309,[]
2026-06-10,12:12:29.910676,[]
2026-06-10,12:12:29.944043,[]
2026-06-10,12:12:29.977410,[]
2026-06-10,12:12:30.010777,[]
2026-06-10,12:12:30.044144,[]
2026-06-10,12:12:30.077511,[]
2026-06-10,12:12:30.110878,[]
2026-06-10,12:12:30.144245,[]
2026-06-10,12:12:30.177612,[]
2026-06-10,12:12:30.210979,[]
2026-06-10,12:12:30.244346,[]
2026-06-10,12:12:30.277713,[]
2026-06-10,12:12:30.311080,[]
2026-06-10,12:12:30.344447,[]
2026-06-10,12:12:30.377814,[]
2026-06-10,12:12:30.411181,[]
2026-06-10,12:12:30.444548,[]
2026-06-10,12:12:30.477915,[]
2026-06-10,12:12:30.511282,[]
2026-06-10,12:12:30.544649,[]
2026-06-10,12:12:30.578016,[]
2026-06-10,12:12:30.611383,[]
2026-06-10,12:12:30.644750,[]
2026-06-10,12:12:30.678117,[]
2026-06-10,12:12:30.711484,[]
2026-06-10,12:12:30.744851,[]
2026-06-10,12:12:30.778218,[]
2026-06-10,12:12:30.811585,[]
2026-06-10,12:12:30.844952,[]
2026-06-10,12:12:30.878319,[]
2026-06-10,12:12:30.911686,[]
2026-06-10,12:12:30.945053,[]
2026-06-10,12:12:30.978420,[]
2026-06-10,12:12:31.011787,[]
2026-06-10,12:12:31.045154,[]
2026-06-10,12:12:31.078521,[]
2026-06-10,12:12:31.111888,[]
2026-06-10,12:12:31.145255,[]
2026-06-10,12:12:31.178622,[]
2026-06-10,12:12:31.211989,[]
2026-06-10,12:12:31.245356,[]
2026-06-10,12:12:31.278723,[]
2026-06-10,12:12:31.312090,[]
2026-06-10,12:12:31.345457,[]
2026-06-10,12:12:31.378824,[]
2026-06-10,12:12:31.412191,[]
2026-06-10,12:12:31.445558,[]
2026-06-10,12:12:31.478925,[]
2026-06-10,12:12:31.512292,[]
2026-06-10,12:12:31.545659,[]
2026-06-10,12:12:31.579026,[]
2026-06-10,12:12:31.612393,[]
2026-06-10,12:12:31.645760,[]
2026-06-10,12:12:31.679127,[]
2026-06-10,12:12:31.712494,[]
2026-06-10,12:12:31.745861,[]
2026-06-10,12:12:31.779228,[]
2026-06-10,12:12:31.812595,[]
2026-06-10,12:12:31.845962,[]
2026-06-10,12:12:31.879329,[]
2026-06-10,12:12:31.912696,[]
2026-06-10,12:12:31.946063,[]
2026-06-10,12:12:31.979430,[]
2026-06-10,12:12:32.012797,[]
2026-06-10,12:12:32.046164,[]
2026-06-10,12:12:32.079531,[]
2026-06-10,12:12:32.112898,[]
2026-06-10,12:12:32.146265,[]
2026-06-10,12:12:32.179632,[]
2026-06-10,12:12:32.212999,[]
2026-06-10,12:12:32.246366,[]
2026-06-10,12:12:32.279733,[]
2026-06-10,12:12:32.313100,[]
2026-06-10,12:12:32.346467,[]
2026-06-10,12:12:32.379834,[]
2026-06-10,12:12:32.413201,[]
2026-06-10,12:12:32.446568,[]
2026-06-10,12:12:32.479935,[]
2026-06-10,12:12:32.513302,[]
2026-06-10,12:12:32.546669,[]
2026-06-10,12:12:32.580036,[]
2026-06-10,12:12:32.613403,[]
2026-06-10,12:12:32.646770,[]
2026-06-10,12:12:32.680137,[]
2026-06-10,12:12:32.713504,[]
2026-06-10,12:12:32.746871,[]
2026-06-10,12:12:32.780238,[]
2026-06-10,12:12:32.813605,[]
2026-06-10,12:12:32.846972,[]
2026-06-10,12:12:32.880339,[]
2026-06-10,12:12:32.913706,['EN25348']
2026-06-10,12:12:32.947073,['EN25348']
2026-06-10,12:12:32.980440,['EN25348']
2026-06-10,12:12:33.013807,['EN25348']
2026-06-10,12:12:33.047174,[]
2026-06-10,12:12:33.080541,[]
2026-06-10,12:12:33.113908,[]
2026-06-10,12:12:33.147275,[]
2026-06-10,12:12:33.180642,[]
2026-06-10,12:12:33.214009,[]
2026-06-10,12:12:33.247376,[]
2026-06-10,12:12:33.280743,[]
2026-06-10,12:12:33.314110,[]
2026-06-10,12:12:33.347477,[]
2026-06-10,12:12:33.380844,[]
2026-06-10,12:12:33.414211,[]
2026-06-10,12:12:33.447578,[]
2026-06-10,12:12:33.480945,[]
2026-06-10,12:12:33.514312,[]
2026-06-10,12:12:33.547679,[]
2026-06-10,12:12:33.581046,[]
2026-06-10,12:12:33.614413,[]
2026-06-10,12:12:33.647780,[]
2026-06-10,12:12:33.681147,[]
2026-06-10,12:12:33.714514,[]
2026-06-10,12:12:33.747881,[]
2026-06-10,12:12:33.781248,[]
2026-06-10,12:12:33.814615,[]
2026-06-10,12:12:33.847982,[]
2026-06-10,12:12:33.881349,[]
2026-06-10,12:12:33.914716,[]
2026-06-10,12:12:33.948083,[]
2026-06-10,12:12:33.981450,[]
2026-06-10,12:12:34.014817,[]
2026-06-10,12:12:34.048184,[]
2026-06-10,12:12:34.081551,[]
2026-06-10,12:12:34.114918,[]
2026-06-10,12:12:34.148285,[]
2026-06-10,12:12:34.181652,[]
2026-06-10,12:12:34.215019,[]
2026-06-10,12:12:34.248386,[]
2026-06-10,12:12:34.281753,[]
2026-06-10,12:12:34.315120,[]
2026-06-10,12:12:34.348487,[]
2026-06-10,12:12:34.381854,[]
2026-06-10,12:12:34.415221,[]
2026-06-10,12:12:34.448588,[]
2026-06-10,12:12:34.481955,[]
2026-06-10,12:12:34.515322,[]
2026-06-10,12:12:34.548689,[]
2026-06-10,12:12:34.582056,[]
2026-06-10,12:12:34.615423,[]
2026-06-10,12:12:34.648790,[]
2026-06-10,12:12:34.682157,[]
2026-06-10,12:12:34.715524,[]
2026-06-10,12:12:34.748891,[]
2026-06-10,12:12:34.782258,[]
2026-06-10,12:12:34.815625,[]
2026-06-10,12:12:34.848992,[]
2026-06-10,12:12:34.882359,[]
2026-06-10,12:12:34.915726,[]
2026-06-10,12:12:34.949093,[]
2026-06-10,12:12:34.982460,[]
2026-06-10,12:12:35.015827,[]
2026-06-10,12:12:35.049194,[]
2026-06-10,12:12:35.082561,[]
2026-06-10,12:12:35.115928,[]
2026-06-10,12:12:35.149295,[]
2026-06-10,12:12:35.182662,[]
2026-06-10,12:12:35.216029,[]
2026-06-10,12:12:35.249396,[]
2026-06-10,12:12:35.282763,[]
2026-06-10,12:12:35.316130,[]
2026-06-10,12:12:35.349497,[]
2026-06-10,12:12:35.382864,[]
2026-06-10,12:12:35.416231,[]
2026-06-10,12:12:35.449598,[]
2026-06-10,12:12:35.482965,[]
2026-06-10,12:12:35.516332,[]
2026-06-10,12:12:35.549699,[]
2026-06-10,12:12:35.583066,[]
2026-06-10,12:12:35.616433,[]
2026-06-10,12:12:35.649800,[]
2026-06-10,12:12:35.683167,[]
2026-06-10,12:12:35.716534,[]
2026-06-10,12:12:35.749901,[]
2026-06-10,12:12:35.783268,[]
2026-06-10,12:12:35.816635,[]
2026-06-10,12:12:35.850002,[]
2026-06-10,12:12:35.883369,[]
2026-06-10,12:12:35.916736,[]
2026-06-10,12:12:35.950103,[]
2026-06-10,12:12:35.983470,[]
2026-06-10,12:12:36.016837,[]
2026-06-10,12:12:36.050204,[]
2026-06-10,12:12:36.083571,[]
2026-06-10,12:12:36.116938,[]
2026-06-10,12:12:36.150305,[]
2026-06-10,12:12:36.183672,[]
2026-06-10,12:12:36.217039,[]
2026-06-10,12:12:36.250406,[]
2026-06-10,12:12:36.283773,[]
2026-06-10,12:12:36.317140,[]
2026-06-10,12:12:36.350507,[]
2026-06-10,12:12:36.383874,[]
2026-06-10,12:12:36.417241,[]
2026-06-10,12:12:36.450608,[]
2026-06-10,12:12:36.483975,[]
2026-06-10,12:12:36.517342,[]
2026-06-10,12:12:36.550709,[]
2026-06-10,12:12:36.584076,[]
2026-06-10,12:12:36.617443,[]
2026-06-10,12:12:36.650810,[]
2026-06-10,12:12:36.684177,[]
2026-06-10,12:12:36.717544,[]
2026-06-10,12:12:36.750911,[]
2026-06-10,12:12:36.784278,[]
2026-06-10,12:12:36.817645,[]
2026-06-10,12:12:36.851012,[]
2026-06-10,12:12:36.884379,[]
2026-06-10,12:12:36.917746,[]
2026-06-10,12:12:36.951113,[]
2026-06-10,12:12:36.984480,[]
2026-06-10,12:12:37.017847,[]
2026-06-10,12:12:37.051214,[]
2026-06-10,12:12:37.084581,[]
2026-06-10,12:12:37.117948,[]
2026-06-10,12:12:37.151315,[]
2026-06-10,12:12:37.184682,[]
2026-06-10,12:12:37.218049,[]
2026-06-10,12:12:37.251416,[]
2026-06-10,12:12:37.284783,[]
2026-06-10,12:12:37.318150,[]
2026-06-10,12:12:37.351517,[]
2026-06-10,12:12:37.384884,[]
2026-06-10,12:12:37.418251,[]
2026-06-10,12:12:37.451618,[]
2026-06-10,12:12:37.484985,[]
2026-06-10,12:12:37.518352,[]
2026-06-10,12:12:37.551719,[]
2026-06-10,12:12:37.585086,[]
2026-06-10,12:12:37.618453,[]
2026-06-10,12:12:37.651820,[]
2026-06-10,12:12:37.685187,[]
2026-06-10,12:12:37.718554,[]
2026-06-10,12:12:37.751921,[]
2026-06-10,12:12:37.785288,[]
2026-06-10,12:12:37.818655,[]
2026-06-10,12:12:37.852022,[]
2026-06-10,12:12:37.885389,[]
2026-06-10,12:12:37.918756,[]
2026-06-10,12:12:37.952123,[]
2026-06-10,12:12:37.985490,[]
2026-06-10,12:12:38.018857,[]
2026-06-10,12:12:38.052224,[]
2026-06-10,12:12:38.085591,[]
2026-06-10,12:12:38.118958,[]
2026-06-10,12:12:38.152325,[]
2026-06-10,12:12:38.185692,[]
2026-06-10,12:12:38.219059,[]
2026-06-10,12:12:38.252426,[]
2026-06-10,12:12:38.285793,[]
2026-06-10,12:12:38.319160,[]
2026-06-10,12:12:38.352527,[]
2026-06-10,12:12:38.385894,[]
2026-06-10,12:12:38.419261,[]
2026-06-10,12:12:38.452628,[]
2026-06-10,12:12:38.485995,[]
2026-06-10,12:12:38.519362,[]
2026-06-10,12:12:38.552729,[]
2026-06-10,12:12:38.586096,[]
2026-06-10,12:12:38.619463,[]
2026-06-10,12:12:38.652830,[]
2026-06-10,12:12:38.686197,[]
2026-06-10,12:12:38.719564,[]
2026-06-10,12:12:38.752931,[]
2026-06-10,12:12:38.786298,[]
2026-06-10,12:12:38.819665,[]
2026-06-10,12:12:38.853032,[]
2026-06-10,12:12:38.886399,[]
2026-06-10,12:12:38.919766,[]
2026-06-10,12:12:38.953133,[]
2026-06-10,12:12:38.986500,[]
2026-06-10,12:12:39.019867,[]
2026-06-10,12:12:39.053234,[]
2026-06-10,12:12:39.086601,[]
2026-06-10,12:12:39.119968,[]
2026-06-10,12:12:39.153335,[]
2026-06-10,12:12:39.186702,[]
2026-06-10,12:12:39.220069,[]
2026-06-10,12:12:39.253436,[]
2026-06-10,12:12:39.286803,[]
2026-06-10,12:12:39.320170,[]
2026-06-10,12:12:39.353537,[]
2026-06-10,12:12:39.386904,[]
2026-06-10,12:12:39.420271,[]
2026-06-10,12:12:39.453638,[]
2026-06-10,12:12:39.487005,[]
2026-06-10,12:12:39.520372,[]
2026-06-10,12:12:39.553739,[]
2026-06-10,12:12:39.587106,[]
2026-06-10,12:12:39.620473,[]
2026-06-10,12:12:39.653840,[]
2026-06-10,12:12:39.687207,[]
2026-06-10,12:12:39.720574,[]
2026-06-10,12:12:39.753941,[]
2026-06-10,12:12:39.787308,[]
2026-06-10,12:12:39.820675,[]
2026-06-10,12:12:39.854042,[]
2026-06-10,12:12:39.887409,[]
2026-06-10,12:12:39.920776,[]
2026-06-10,12:12:39.954143,[]
2026-06-10,12:12:39.987510,[]
2026-06-10,12:12:40.020877,[]
2026-06-10,12:12:40.054244,[]
2026-06-10,12:12:40.087611,[]
2026-06-10,12:12:40.120978,[]
2026-06-10,12:12:40.154345,[]
2026-06-10,12:12:40.187712,[]
2026-06-10,12:12:40.221079,[]
2026-06-10,12:12:40.254446,[]
2026-06-10,12:12:40.287813,[]
2026-06-10,12:12:40.321180,[]
2026-06-10,12:12:40.354547,[]
2026-06-10,12:12:40.387914,[]
2026-06-10,12:12:40.421281,[]
2026-06-10,12:12:40.454648,[]
2026-06-10,12:12:40.488015,[]
2026-06-10,12:12:40.521382,[]
2026-06-10,12:12:40.554749,[]
2026-06-10,12:12:40.588116,[]
2026-06-10,12:12:40.621483,[]
2026-06-10,12:12:40.654850,[]
2026-06-10,12:12:40.688217,[]
2026-06-10,12:12:40.721584,[]
2026-06-10,12:12:40.754951,[]
2026-06-10,12:12:40.788318,[]
2026-06-10,12:12:40.821685,[]
2026-06-10,12:12:40.855052,[]
2026-06-10,12:12:40.888419,[]
2026-06-10,12:12:40.921786,[]
2026-06-10,12:12:40.955153,[]
2026-06-10,12:12:40.988520,[]
2026-06-10,12:12:41.021887,[]
2026-06-10,12:12:41.055254,[]
2026-06-10,12:12:41.088621,[]
2026-06-10,12:12:41.121988,[]
2026-06-10,12:12:41.155355,[]
2026-06-10,12:12:41.188722,[]
2026-06-10,12:12:41.222089,[]
2026-06-10,12:12:41.255456,[]
2026-06-10,12:12:41.288823,[]
2026-06-10,12:12:41.322190,[]
2026-06-10,12:12:41.355557,[]
2026-06-10,12:12:41.388924,[]
2026-06-10,12:12:41.422291,[]
2026-06-10,12:12:41.455658,[]
2026-06-10,12:12:41.489025,[]
2026-06-10,12:12:41.522392,[]
2026-06-10,12:12:41.555759,[]
2026-06-10,12:12:41.589126,[]
2026-06-10,12:12:41.622493,[]
2026-06-10,12:12:41.655860,[]
2026-06-10,12:12:41.689227,[]
2026-06-10,12:12:41.722594,[]
2026-06-10,12:12:41.755961,[]
2026-06-10,12:12:41.789328,[]
2026-06-10,12:12:41.822695,[]
2026-06-10,12:12:41.856062,[]
2026-06-10,12:12:41.889429,[]
2026-06-10,12:12:41.922796,[]
2026-06-10,12:12:41.956163,[]
2026-06-10,12:12:41.989530,[]
2026-06-10,12:12:42.022897,[]
2026-06-10,12:12:42.056264,[]
2026-06-10,12:12:42.089631,[]
2026-06-10,12:12:42.122998,[]
2026-06-10,12:12:42.156365,[]
2026-06-10,12:12:42.189732,[]
2026-06-10,12:12:42.223099,[]
2026-06-10,12:12:42.256466,[]
2026-06-10,12:12:42.289833,[]
2026-06-10,12:12:42.323200,[]
2026-06-10,12:12:42.356567,[]
2026-06-10,12:12:42.389934,[]
2026-06-10,12:12:42.423301,[]
2026-06-10,12:12:42.456668,[]
2026-06-10,12:12:42.490035,[]
2026-06-10,12:12:42.523402,[]
2026-06-10,12:12:42.556769,[]
2026-06-10,12:12:42.590136,[]
2026-06-10,12:12:42.623503,[]
2026-06-10,12:12:42.656870,[]
2026-06-10,12:12:42.690237,[]
2026-06-10,12:12:42.723604,[]
2026-06-10,12:12:42.756971,[]
2026-06-10,12:12:42.790338,[]
2026-06-10,12:12:42.823705,[]
2026-06-10,12:12:42.857072,[]
2026-06-10,12:12:42.890439,[]
2026-06-10,12:12:42.923806,[]
2026-06-10,12:12:42.957173,[]
2026-06-10,12:12:42.990540,[]
2026-06-10,12:12:43.023907,[]
2026-06-10,12:12:43.057274,[]
2026-06-10,12:12:43.090641,[]
2026-06-10,12:12:43.124008,[]
2026-06-10,12:12:43.157375,[]
2026-06-10,12:12:43.190742,[]
2026-06-10,12:12:43.224109,[]
2026-06-10,12:12:43.257476,[]
2026-06-10,12:12:43.290843,[]
2026-06-10,12:12:43.324210,[]
2026-06-10,12:12:43.357577,[]
2026-06-10,12:12:43.390944,[]
2026-06-10,12:12:43.424311,[]
2026-06-10,12:12:43.457678,[]
2026-06-10,12:12:43.491045,[]
2026-06-10,12:12:43.524412,[]
2026-06-10,12:12:43.557779,[]
2026-06-10,12:12:43.591146,[]
2026-06-10,12:12:43.624513,[]
2026-06-10,12:12:43.657880,[]
2026-06-10,12:12:43.691247,[]
2026-06-10,12:12:43.724614,[]
2026-06-10,12:12:43.757981,[]
2026-06-10,12:12:43.791348,[]
2026-06-10,12:12:43.824715,[]
2026-06-10,12:12:43.858082,[]
2026-06-10,12:12:43.891449,[]
2026-06-10,12:12:43.924816,[]
2026-06-10,12:12:43.958183,[]
2026-06-10,12:12:43.991550,[]
2026-06-10,12:12:44.024917,[]
2026-06-10,12:12:44.058284,[]
2026-06-10,12:12:44.091651,[]
2026-06-10,12:12:44.125018,[]
2026-06-10,12:12:44.158385,[]
2026-06-10,12:12:44.191752,[]
2026-06-10,12:12:44.225119,[]
2026-06-10,12:12:44.258486,[]
2026-06-10,12:12:44.291853,[]
2026-06-10,12:12:44.325220,[]
2026-06-10,12:12:44.358587,[]
2026-06-10,12:12:44.391954,[]
2026-06-10,12:12:44.425321,[]
2026-06-10,12:12:44.458688,[]
2026-06-10,12:12:44.492055,[]
2026-06-10,12:12:44.525422,[]
2026-06-10,12:12:44.558789,[]
2026-06-10,12:12:44.592156,[]
2026-06-10,12:12:44.625523,[]
2026-06-10,12:12:44.658890,[]
2026-06-10,12:12:44.692257,[]
2026-06-10,12:12:44.725624,[]
2026-06-10,12:12:44.758991,[]
2026-06-10,12:12:44.792358,[]
2026-06-10,12:12:44.825725,[]
2026-06-10,12:12:44.859092,[]
2026-06-10,12:12:44.892459,[]
2026-06-10,12:12:44.925826,[]
2026-06-10,12:12:44.959193,[]
2026-06-10,12:12:44.992560,[]
2026-06-10,12:12:45.025927,[]
2026-06-10,12:12:45.059294,[]
2026-06-10,12:12:45.092661,[]
2026-06-10,12:12:45.126028,[]
2026-06-10,12:12:45.159395,[]
2026-06-10,12:12:45.192762,[]
2026-06-10,12:12:45.226129,[]
2026-06-10,12:12:45.259496,[]
2026-06-10,12:12:45.292863,[]
2026-06-10,12:12:45.326230,[]
2026-06-10,12:12:45.359597,[]
2026-06-10,12:12:45.392964,[]
2026-06-10,12:12:45.426331,[]
2026-06-10,12:12:45.459698,[]
2026-06-10,12:12:45.493065,[]
2026-06-10,12:12:45.526432,[]
2026-06-10,12:12:45.559799,[]
2026-06-10,12:12:45.593166,[]
2026-06-10,12:12:45.626533,[]
2026-06-10,12:12:45.659900,[]
2026-06-10,12:12:45.693267,[]
2026-06-10,12:12:45.726634,[]
2026-06-10,12:12:45.760001,[]
2026-06-10,12:12:45.793368,[]
2026-06-10,12:12:45.826735,[]
2026-06-10,12:12:45.860102,[]
2026-06-10,12:12:45.893469,[]
2026-06-10,12:12:45.926836,[]
2026-06-10,12:12:45.960203,[]
2026-06-10,12:12:45.993570,[]
2026-06-10,12:12:46.026937,[]
2026-06-10,12:12:46.060304,[]
2026-06-10,12:12:46.093671,[]
2026-06-10,12:12:46.127038,[]
2026-06-10,12:12:46.160405,[]
2026-06-10,12:12:46.193772,[]
2026-06-10,12:12:46.227139,[]
2026-06-10,12:12:46.260506,[]
2026-06-10,12:12:46.293873,[]
2026-06-10,12:12:46.327240,[]
2026-06-10,12:12:46.360607,[]
2026-06-10,12:12:46.393974,[]
2026-06-10,12:12:46.427341,[]
2026-06-10,12:12:46.460708,[]
2026-06-10,12:12:46.494075,[]
2026-06-10,12:12:46.527442,[]
2026-06-10,12:12:46.560809,[]
2026-06-10,12:12:46.594176,[]
2026-06-10,12:12:46.627543,[]
2026-06-10,12:12:46.660910,[]
2026-06-10,12:12:46.694277,[]
2026-06-10,12:12:46.727644,[]
2026-06-10,12:12:46.761011,[]
2026-06-10,12:12:46.794378,[]
2026-06-10,12:12:46.827745,[]
2026-06-10,12:12:46.861112,[]
2026-06-10,12:12:46.894479,[]
2026-06-10,12:12:46.927846,[]
2026-06-10,12:12:46.961213,[]
2026-06-10,12:12:46.994580,[]
2026-06-10,12:12:47.027947,[]
2026-06-10,12:12:47.061314,[]
2026-06-10,12:12:47.094681,[]
2026-06-10,12:12:47.128048,[]
2026-06-10,12:12:47.161415,[]
2026-06-10,12:12:47.194782,[]
2026-06-10,12:12:47.228149,[]
2026-06-10,12:12:47.261516,[]
2026-06-10,12:12:47.294883,[]
2026-06-10,12:12:47.328250,[]
2026-06-10,12:12:47.361617,[]
2026-06-10,12:12:47.394984,[]
2026-06-10,12:12:47.428351,[]
2026-06-10,12:12:47.461718,[]
2026-06-10,12:12:47.495085,[]
2026-06-10,12:12:47.528452,[]
2026-06-10,12:12:47.561819,[]
2026-06-10,12:12:47.595186,[]
2026-06-10,12:12:47.628553,[]
2026-06-10,12:12:47.661920,[]
2026-06-10,12:12:47.695287,[]
2026-06-10,12:12:47.728654,[]
2026-06-10,12:12:47.762021,[]
2026-06-10,12:12:47.795388,[]
2026-06-10,12:12:47.828755,[]
2026-06-10,12:12:47.862122,[]
2026-06-10,12:12:47.895489,[]
2026-06-10,12:12:47.928856,[]
2026-06-10,12:12:47.962223,[]
2026-06-10,12:12:47.995590,[]
2026-06-10,12:12:48.028957,[]
2026-06-10,12:12:48.062324,[]
2026-06-10,12:12:48.095691,[]
2026-06-10,12:12:48.129058,[]
2026-06-10,12:12:48.162425,[]
2026-06-10,12:12:48.195792,[]
2026-06-10,12:12:48.229159,[]
2026-06-10,12:12:48.262526,[]
2026-06-10,12:12:48.295893,[]
2026-06-10,12:12:48.329260,[]
2026-06-10,12:12:48.362627,[]
2026-06-10,12:12:48.395994,[]
2026-06-10,12:12:48.429361,[]
2026-06-10,12:12:48.462728,[]
2026-06-10,12:12:48.496095,[]
2026-06-10,12:12:48.529462,[]
2026-06-10,12:12:48.562829,[]
2026-06-10,12:12:48.596196,[]
2026-06-10,12:12:48.629563,[]
2026-06-10,12:12:48.662930,[]
2026-06-10,12:12:48.696297,[]
2026-06-10,12:12:48.729664,[]
2026-06-10,12:12:48.763031,[]
2026-06-10,12:12:48.796398,[]
2026-06-10,12:12:48.829765,[]
2026-06-10,12:12:48.863132,[]
2026-06-10,12:12:48.896499,[]
2026-06-10,12:12:48.929866,[]
2026-06-10,12:12:48.963233,[]
2026-06-10,12:12:48.996600,[]
2026-06-10,12:12:49.029967,[]
2026-06-10,12:12:49.063334,[]
2026-06-10,12:12:49.096701,[]
2026-06-10,12:12:49.130068,[]
2026-06-10,12:12:49.163435,[]
2026-06-10,12:12:49.196802,[]
2026-06-10,12:12:49.230169,[]
2026-06-10,12:12:49.263536,[]
2026-06-10,12:12:49.296903,[]
2026-06-10,12:12:49.330270,[]
2026-06-10,12:12:49.363637,[]
2026-06-10,12:12:49.397004,[]
2026-06-10,12:12:49.430371,[]
2026-06-10,12:12:49.463738,[]
2026-06-10,12:12:49.497105,[]
2026-06-10,12:12:49.530472,[]
2026-06-10,12:12:49.563839,[]
2026-06-10,12:12:49.597206,[]
2026-06-10,12:12:49.630573,[]
2026-06-10,12:12:49.663940,[]
2026-06-10,12:12:49.697307,[]
2026-06-10,12:12:49.730674,[]
2026-06-10,12:12:49.764041,[]
2026-06-10,12:12:49.797408,[]
2026-06-10,12:12:49.830775,[]
2026-06-10,12:12:49.864142,[]
2026-06-10,12:12:49.897509,[]
2026-06-10,12:12:49.930876,[]
2026-06-10,12:12:49.964243,[]
2026-06-10,12:12:49.997610,[]
2026-06-10,12:12:50.030977,[]
2026-06-10,12:12:50.064344,[]
2026-06-10,12:12:50.097711,[]
2026-06-10,12:12:50.131078,[]
2026-06-10,12:12:50.164445,[]
2026-06-10,12:12:50.197812,[]
2026-06-10,12:12:50.231179,[]
2026-06-10,12:12:50.264546,[]
2026-06-10,12:12:50.297913,[]
2026-06-10,12:12:50.331280,[]
2026-06-10,12:12:50.364647,[]
2026-06-10,12:12:50.398014,[]
2026-06-10,12:12:50.431381,[]
2026-06-10,12:12:50.464748,[]
2026-06-10,12:12:50.498115,[]
2026-06-10,12:12:50.531482,[]
2026-06-10,12:12:50.564849,[]
2026-06-10,12:12:50.598216,[]
2026-06-10,12:12:50.631583,[]
2026-06-10,12:12:50.664950,[]
2026-06-10,12:12:50.698317,[]
2026-06-10,12:12:50.731684,[]
2026-06-10,12:12:50.765051,[]
2026-06-10,12:12:50.798418,[]
2026-06-10,12:12:50.831785,[]
2026-06-10,12:12:50.865152,[]
2026-06-10,12:12:50.898519,[]
2026-06-10,12:12:50.931886,[]
2026-06-10,12:12:50.965253,[]
2026-06-10,12:12:50.998620,[]
2026-06-10,12:12:51.031987,[]
2026-06-10,12:12:51.065354,[]
2026-06-10,12:12:51.098721,[]
2026-06-10,12:12:51.132088,[]
2026-06-10,12:12:51.165455,[]
2026-06-10,12:12:51.198822,[]
2026-06-10,12:12:51.232189,[]
2026-06-10,12:12:51.265556,[]
2026-06-10,12:12:51.298923,[]
2026-06-10,12:12:51.332290,[]
2026-06-10,12:12:51.365657,[]
2026-06-10,12:12:51.399024,[]
2026-06-10,12:12:51.432391,[]
2026-06-10,12:12:51.465758,[]
2026-06-10,12:12:51.499125,[]
2026-06-10,12:12:51.532492,[]
2026-06-10,12:12:51.565859,[]
2026-06-10,12:12:51.599226,[]
2026-06-10,12:12:51.632593,[]
2026-06-10,12:12:51.665960,[]
2026-06-10,12:12:51.699327,[]
2026-06-10,12:12:51.732694,[]
2026-06-10,12:12:51.766061,[]
2026-06-10,12:12:51.799428,[]
2026-06-10,12:12:51.832795,[]
2026-06-10,12:12:51.866162,[]
2026-06-10,12:12:51.899529,[]
2026-06-10,12:12:51.932896,[]
2026-06-10,12:12:51.966263,[]
2026-06-10,12:12:51.999630,[]
2026-06-10,12:12:52.032997,[]
2026-06-10,12:12:52.066364,[]
2026-06-10,12:12:52.099731,[]
2026-06-10,12:12:52.133098,[]
2026-06-10,12:12:52.166465,[]
2026-06-10,12:12:52.199832,[]
2026-06-10,12:12:52.233199,[]
2026-06-10,12:12:52.266566,[]
2026-06-10,12:12:52.299933,[]
2026-06-10,12:12:52.333300,[]
2026-06-10,12:12:52.366667,[]
2026-06-10,12:12:52.400034,[]
2026-06-10,12:12:52.433401,[]
2026-06-10,12:12:52.466768,[]
2026-06-10,12:12:52.500135,[]
2026-06-10,12:12:52.533502,[]
2026-06-10,12:12:52.566869,[]
2026-06-10,12:12:52.600236,[]
2026-06-10,12:12:52.633603,[]
2026-06-10,12:12:52.666970,[]
2026-06-10,12:12:52.700337,[]
2026-06-10,12:12:52.733704,[]
2026-06-10,12:12:52.767071,[]
2026-06-10,12:12:52.800438,[]
2026-06-10,12:12:52.833805,[]
2026-06-10,12:12:52.867172,[]
2026-06-10,12:12:52.900539,[]
2026-06-10,12:12:52.933906,[]
2026-06-10,12:12:52.967273,[]
2026-06-10,12:12:53.000640,[]
2026-06-10,12:12:53.034007,[]
2026-06-10,12:12:53.067374,[]
2026-06-10,12:12:53.100741,[]
2026-06-10,12:12:53.134108,[]
2026-06-10,12:12:53.167475,[]
2026-06-10,12:12:53.200842,[]
2026-06-10,12:12:53.234209,[]
2026-06-10,12:12:53.267576,[]
2026-06-10,12:12:53.300943,[]
2026-06-10,12:12:53.334310,[]
2026-06-10,12:12:53.367677,[]
2026-06-10,12:12:53.401044,[]
2026-06-10,12:12:53.434411,[]
2026-06-10,12:12:53.467778,[]
2026-06-10,12:12:53.501145,[]
2026-06-10,12:12:53.534512,[]
2026-06-10,12:12:53.567879,[]
2026-06-10,12:12:53.601246,[]
2026-06-10,12:12:53.634613,[]
2026-06-10,12:12:53.667980,[]
2026-06-10,12:12:53.701347,[]
2026-06-10,12:12:53.734714,[]
2026-06-10,12:12:53.768081,[]
2026-06-10,12:12:53.801448,[]
2026-06-10,12:12:53.834815,[]
2026-06-10,12:12:53.868182,[]
2026-06-10,12:12:53.901549,[]
2026-06-10,12:12:53.934916,[]
2026-06-10,12:12:53.968283,[]
2026-06-10,12:12:54.001650,[]
2026-06-10,12:12:54.035017,[]
2026-06-10,12:12:54.068384,[]
2026-06-10,12:12:54.101751,[]
2026-06-10,12:12:54.135118,[]
2026-06-10,12:12:54.168485,[]
2026-06-10,12:12:54.201852,[]
2026-06-10,12:12:54.235219,[]
2026-06-10,12:12:54.268586,[]
2026-06-10,12:12:54.301953,[]
2026-06-10,12:12:54.335320,[]
2026-06-10,12:12:54.368687,[]
2026-06-10,12:12:54.402054,[]
2026-06-10,12:12:54.435421,[]
2026-06-10,12:12:54.468788,[]
2026-06-10,12:12:54.502155,[]
2026-06-10,12:12:54.535522,[]
2026-06-10,12:12:54.568889,[]
2026-06-10,12:12:54.602256,[]
2026-06-10,12:12:54.635623,[]
2026-06-10,12:12:54.668990,[]
2026-06-10,12:12:54.702357,[]
2026-06-10,12:12:54.735724,[]
2026-06-10,12:12:54.769091,[]
2026-06-10,12:12:54.802458,[]
2026-06-10,12:12:54.835825,[]
2026-06-10,12:12:54.869192,[]
2026-06-10,12:12:54.902559,[]
2026-06-10,12:12:54.935926,[]
2026-06-10,12:12:54.969293,[]
2026-06-10,12:12:55.002660,[]
2026-06-10,12:12:55.036027,[]
2026-06-10,12:12:55.069394,[]
2026-06-10,12:12:55.102761,[]
2026-06-10,12:12:55.136128,[]
2026-06-10,12:12:55.169495,[]
2026-06-10,12:12:55.202862,[]
2026-06-10,12:12:55.236229,[]
2026-06-10,12:12:55.269596,[]
2026-06-10,12:12:55.302963,[]
2026-06-10,12:12:55.336330,[]
2026-06-10,12:12:55.369697,[]
2026-06-10,12:12:55.403064,[]
2026-06-10,12:12:55.436431,[]
2026-06-10,12:12:55.469798,[]
2026-06-10,12:12:55.503165,[]
2026-06-10,12:12:55.536532,[]
2026-06-10,12:12:55.569899,[]
2026-06-10,12:12:55.603266,[]
2026-06-10,12:12:55.636633,[]
2026-06-10,12:12:55.670000,[]
2026-06-10,12:12:55.703367,[]
2026-06-10,12:12:55.736734,[]
2026-06-10,12:12:55.770101,[]
2026-06-10,12:12:55.803468,[]
2026-06-10,12:12:55.836835,[]
2026-06-10,12:12:55.870202,[]
2026-06-10,12:12:55.903569,[]
2026-06-10,12:12:55.936936,[]
2026-06-10,12:12:55.970303,[]
2026-06-10,12:12:56.003670,[]
2026-06-10,12:12:56.037037,[]
2026-06-10,12:12:56.070404,[]
2026-06-10,12:12:56.103771,[]
2026-06-10,12:12:56.137138,[]
2026-06-10,12:12:56.170505,[]
2026-06-10,12:12:56.203872,[]
2026-06-10,12:12:56.237239,[]
2026-06-10,12:12:56.270606,[]
2026-06-10,12:12:56.303973,[]
2026-06-10,12:12:56.337340,[]
2026-06-10,12:12:56.370707,[]
2026-06-10,12:12:56.404074,[]
2026-06-10,12:12:56.437441,[]
2026-06-10,12:12:56.470808,[]
2026-06-10,12:12:56.504175,[]
2026-06-10,12:12:56.537542,[]
2026-06-10,12:12:56.570909,[]
2026-06-10,12:12:56.604276,[]
2026-06-10,12:12:56.637643,[]
2026-06-10,12:12:56.671010,[]
2026-06-10,12:12:56.704377,[]
2026-06-10,12:12:56.737744,[]
2026-06-10,12:12:56.771111,[]
2026-06-10,12:12:56.804478,[]
2026-06-10,12:12:56.837845,[]
2026-06-10,12:12:56.871212,[]
2026-06-10,12:12:56.904579,[]
2026-06-10,12:12:56.937946,[]
2026-06-10,12:12:56.971313,[]
2026-06-10,12:12:57.004680,[]
2026-06-10,12:12:57.038047,[]
2026-06-10,12:12:57.071414,[]
2026-06-10,12:12:57.104781,[]
2026-06-10,12:12:57.138148,[]
2026-06-10,12:12:57.171515,[]
2026-06-10,12:12:57.204882,[]
2026-06-10,12:12:57.238249,[]
2026-06-10,12:12:57.271616,[]
2026-06-10,12:12:57.304983,[]
2026-06-10,12:12:57.338350,[]
2026-06-10,12:12:57.371717,[]
2026-06-10,12:12:57.405084,[]
2026-06-10,12:12:57.438451,[]
2026-06-10,12:12:57.471818,[]
2026-06-10,12:12:57.505185,[]
2026-06-10,12:12:57.538552,[]
2026-06-10,12:12:57.571919,[]
2026-06-10,12:12:57.605286,[]
2026-06-10,12:12:57.638653,[]
2026-06-10,12:12:57.672020,[]
2026-06-10,12:12:57.705387,[]
2026-06-10,12:12:57.738754,[]
2026-06-10,12:12:57.772121,[]
2026-06-10,12:12:57.805488,[]
2026-06-10,12:12:57.838855,[]
2026-06-10,12:12:57.872222,[]
2026-06-10,12:12:57.905589,[]
2026-06-10,12:12:57.938956,[]
2026-06-10,12:12:57.972323,[]
2026-06-10,12:12:58.005690,[]
2026-06-10,12:12:58.039057,[]
2026-06-10,12:12:58.072424,[]
2026-06-10,12:12:58.105791,[]
2026-06-10,12:12:58.139158,[]
2026-06-10,12:12:58.172525,[]
2026-06-10,12:12:58.205892,[]
2026-06-10,12:12:58.239259,[]
2026-06-10,12:12:58.272626,[]
2026-06-10,12:12:58.305993,[]
2026-06-10,12:12:58.339360,[]
2026-06-10,12:12:58.372727,[]
2026-06-10,12:12:58.406094,[]
2026-06-10,12:12:58.439461,[]
2026-06-10,12:12:58.472828,[]
2026-06-10,12:12:58.506195,[]
2026-06-10,12:12:58.539562,[]
2026-06-10,12:12:58.572929,[]
2026-06-10,12:12:58.606296,[]
2026-06-10,12:12:58.639663,[]
2026-06-10,12:12:58.673030,[]
2026-06-10,12:12:58.706397,[]
2026-06-10,12:12:58.739764,[]
2026-06-10,12:12:58.773131,[]
2026-06-10,12:12:58.806498,[]
2026-06-10,12:12:58.839865,[]
2026-06-10,12:12:58.873232,[]
2026-06-10,12:12:58.906599,[]
2026-06-10,12:12:58.939966,[]
2026-06-10,12:12:58.973333,[]
2026-06-10,12:12:59.006700,[]
2026-06-10,12:12:59.040067,[]
2026-06-10,12:12:59.073434,[]
2026-06-10,12:12:59.106801,[]
2026-06-10,12:12:59.140168,[]
2026-06-10,12:12:59.173535,[]
2026-06-10,12:12:59.206902,[]
2026-06-10,12:12:59.240269,[]
2026-06-10,12:12:59.273636,[]
2026-06-10,12:12:59.307003,[]
2026-06-10,12:12:59.340370,[]
2026-06-10,12:12:59.373737,[]
2026-06-10,12:12:59.407104,[]
2026-06-10,12:12:59.440471,[]
2026-06-10,12:12:59.473838,[]
2026-06-10,12:12:59.507205,[]
2026-06-10,12:12:59.540572,[]
2026-06-10,12:12:59.573939,[]
2026-06-10,12:12:59.607306,[]
2026-06-10,12:12:59.640673,[]
2026-06-10,12:12:59.674040,[]
2026-06-10,12:12:59.707407,[]
2026-06-10,12:12:59.740774,[]
2026-06-10,12:12:59.774141,[]
2026-06-10,12:12:59.807508,[]
2026-06-10,12:12:59.840875,[]
2026-06-10,12:12:59.874242,[]
2026-06-10,12:12:59.907609,[]
2026-06-10,12:12:59.940976,[]
2026-06-10,12:12:59.974343,[]
2026-06-10,12:13:00.007710,[]
2026-06-10,12:13:00.041077,[]
2026-06-10,12:13:00.074444,[]
2026-06-10,12:13:00.107811,[]
2026-06-10,12:13:00.141178,[]
2026-06-10,12:13:00.174545,[]
2026-06-10,12:13:00.207912,[]
2026-06-10,12:13:00.241279,[]
2026-06-10,12:13:00.274646,[]
2026-06-10,12:13:00.308013,[]
2026-06-10,12:13:00.341380,[]
2026-06-10,12:13:00.374747,[]
2026-06-10,12:13:00.408114,[]
2026-06-10,12:13:00.441481,[]
2026-06-10,12:13:00.474848,[]
2026-06-10,12:13:00.508215,[]
2026-06-10,12:13:00.541582,[]
2026-06-10,12:13:00.574949,[]
2026-06-10,12:13:00.608316,[]
2026-06-10,12:13:00.641683,[]
2026-06-10,12:13:00.675050,[]
2026-06-10,12:13:00.708417,[]
2026-06-10,12:13:00.741784,[]
2026-06-10,12:13:00.775151,[]
2026-06-10,12:13:00.808518,[]
2026-06-10,12:13:00.841885,[]
2026-06-10,12:13:00.875252,[]
2026-06-10,12:13:00.908619,[]
2026-06-10,12:13:00.941986,[]
2026-06-10,12:13:00.975353,[]
2026-06-10,12:13:01.008720,[]
2026-06-10,12:13:01.042087,[]
2026-06-10,12:13:01.075454,[]
2026-06-10,12:13:01.108821,[]
2026-06-10,12:13:01.142188,[]
2026-06-10,12:13:01.175555,[]
2026-06-10,12:13:01.208922,[]
2026-06-10,12:13:01.242289,[]
2026-06-10,12:13:01.275656,[]
2026-06-10,12:13:01.309023,[]
2026-06-10,12:13:01.342390,[]
2026-06-10,12:13:01.375757,[]
2026-06-10,12:13:01.409124,[]
2026-06-10,12:13:01.442491,[]
2026-06-10,12:13:01.475858,[]
2026-06-10,12:13:01.509225,[]
2026-06-10,12:13:01.542592,[]
2026-06-10,12:13:01.575959,[]
2026-06-10,12:13:01.609326,[]
2026-06-10,12:13:01.642693,[]
2026-06-10,12:13:01.676060,[]
2026-06-10,12:13:01.709427,[]
2026-06-10,12:13:01.742794,[]
2026-06-10,12:13:01.776161,[]
2026-06-10,12:13:01.809528,[]
2026-06-10,12:13:01.842895,[]
2026-06-10,12:13:01.876262,[]
2026-06-10,12:13:01.909629,[]
2026-06-10,12:13:01.942996,[]
2026-06-10,12:13:01.976363,[]
2026-06-10,12:13:02.009730,[]
2026-06-10,12:13:02.043097,[]
2026-06-10,12:13:02.076464,[]
2026-06-10,12:13:02.109831,[]
2026-06-10,12:13:02.143198,[]
2026-06-10,12:13:02.176565,[]
2026-06-10,12:13:02.209932,[]
2026-06-10,12:13:02.243299,[]
2026-06-10,12:13:02.276666,[]
2026-06-10,12:13:02.310033,[]
2026-06-10,12:13:02.343400,[]
2026-06-10,12:13:02.376767,[]
2026-06-10,12:13:02.410134,[]
2026-06-10,12:13:02.443501,[]
2026-06-10,12:13:02.476868,[]
2026-06-10,12:13:02.510235,[]
2026-06-10,12:13:02.543602,[]
2026-06-10,12:13:02.576969,[]
2026-06-10,12:13:02.610336,[]
2026-06-10,12:13:02.643703,[]
2026-06-10,12:13:02.677070,[]
2026-06-10,12:13:02.710437,[]
2026-06-10,12:13:02.743804,[]
2026-06-10,12:13:02.777171,[]
2026-06-10,12:13:02.810538,[]
2026-06-10,12:13:02.843905,[]
2026-06-10,12:13:02.877272,[]
2026-06-10,12:13:02.910639,[]
2026-06-10,12:13:02.944006,[]
2026-06-10,12:13:02.977373,[]
2026-06-10,12:13:03.010740,[]
2026-06-10,12:13:03.044107,[]
2026-06-10,12:13:03.077474,[]
2026-06-10,12:13:03.110841,[]
2026-06-10,12:13:03.144208,[]
2026-06-10,12:13:03.177575,[]
2026-06-10,12:13:03.210942,[]
2026-06-10,12:13:03.244309,[]
2026-06-10,12:13:03.277676,[]
2026-06-10,12:13:03.311043,[]
2026-06-10,12:13:03.344410,[]
2026-06-10,12:13:03.377777,[]
2026-06-10,12:13:03.411144,[]
2026-06-10,12:13:03.444511,[]
2026-06-10,12:13:03.477878,[]
2026-06-10,12:13:03.511245,[]
2026-06-10,12:13:03.544612,[]
2026-06-10,12:13:03.577979,[]
2026-06-10,12:13:03.611346,[]
2026-06-10,12:13:03.644713,[]
2026-06-10,12:13:03.678080,[]
2026-06-10,12:13:03.711447,[]
2026-06-10,12:13:03.744814,[]
2026-06-10,12:13:03.778181,[]
2026-06-10,12:13:03.811548,[]
2026-06-10,12:13:03.844915,[]
2026-06-10,12:13:03.878282,[]
2026-06-10,12:13:03.911649,[]
2026-06-10,12:13:03.945016,[]
2026-06-10,12:13:03.978383,[]
2026-06-10,12:13:04.011750,[]
2026-06-10,12:13:04.045117,[]
2026-06-10,12:13:04.078484,[]
2026-06-10,12:13:04.111851,[]
2026-06-10,12:13:04.145218,[]
2026-06-10,12:13:04.178585,[]
2026-06-10,12:13:04.211952,[]
2026-06-10,12:13:04.245319,[]
2026-06-10,12:13:04.278686,[]
2026-06-10,12:13:04.312053,[]
2026-06-10,12:13:04.345420,[]
2026-06-10,12:13:04.378787,[]
2026-06-10,12:13:04.412154,[]
2026-06-10,12:13:04.445521,[]
2026-06-10,12:13:04.478888,[]
2026-06-10,12:13:04.512255,[]
2026-06-10,12:13:04.545622,[]
2026-06-10,12:13:04.578989,[]
2026-06-10,12:13:04.612356,[]
2026-06-10,12:13:04.645723,[]
2026-06-10,12:13:04.679090,[]
2026-06-10,12:13:04.712457,[]
2026-06-10,12:13:04.745824,[]
2026-06-10,12:13:04.779191,[]
2026-06-10,12:13:04.812558,[]
2026-06-10,12:13:04.845925,[]
2026-06-10,12:13:04.879292,[]
2026-06-10,12:13:04.912659,[]
2026-06-10,12:13:04.946026,[]
2026-06-10,12:13:04.979393,[]
2026-06-10,12:13:05.012760,[]
2026-06-10,12:13:05.046127,[]
2026-06-10,12:13:05.079494,[]
2026-06-10,12:13:05.112861,[]
2026-06-10,12:13:05.146228,[]
2026-06-10,12:13:05.179595,[]
2026-06-10,12:13:05.212962,[]
2026-06-10,12:13:05.246329,[]
2026-06-10,12:13:05.279696,[]
2026-06-10,12:13:05.313063,[]
2026-06-10,12:13:05.346430,[]
2026-06-10,12:13:05.379797,[]
2026-06-10,12:13:05.413164,[]
2026-06-10,12:13:05.446531,[]
2026-06-10,12:13:05.479898,[]
2026-06-10,12:13:05.513265,[]
2026-06-10,12:13:05.546632,[]
2026-06-10,12:13:05.579999,[]
2026-06-10,12:13:05.613366,[]
2026-06-10,12:13:05.646733,[]
2026-06-10,12:13:05.680100,[]
2026-06-10,12:13:05.713467,[]
2026-06-10,12:13:05.746834,[]
2026-06-10,12:13:05.780201,[]
2026-06-10,12:13:05.813568,[]
2026-06-10,12:13:05.846935,[]
2026-06-10,12:13:05.880302,[]
2026-06-10,12:13:05.913669,[]
2026-06-10,12:13:05.947036,[]
2026-06-10,12:13:05.980403,[]
2026-06-10,12:13:06.013770,[]
2026-06-10,12:13:06.047137,[]
2026-06-10,12:13:06.080504,[]
2026-06-10,12:13:06.113871,[]
2026-06-10,12:13:06.147238,[]
2026-06-10,12:13:06.180605,[]
2026-06-10,12:13:06.213972,[]
2026-06-10,12:13:06.247339,[]
2026-06-10,12:13:06.280706,[]
2026-06-10,12:13:06.314073,[]
2026-06-10,12:13:06.347440,[]
2026-06-10,12:13:06.380807,[]
2026-06-10,12:13:06.414174,[]
2026-06-10,12:13:06.447541,[]
2026-06-10,12:13:06.480908,[]
2026-06-10,12:13:06.514275,[]
2026-06-10,12:13:06.547642,[]
2026-06-10,12:13:06.581009,[]
2026-06-10,12:13:06.614376,[]
2026-06-10,12:13:06.647743,[]
2026-06-10,12:13:06.681110,[]
2026-06-10,12:13:06.714477,[]
2026-06-10,12:13:06.747844,[]
2026-06-10,12:13:06.781211,[]
2026-06-10,12:13:06.814578,[]
2026-06-10,12:13:06.847945,[]
2026-06-10,12:13:06.881312,[]
2026-06-10,12:13:06.914679,[]
2026-06-10,12:13:06.948046,[]
2026-06-10,12:13:06.981413,[]
2026-06-10,12:13:07.014780,[]
2026-06-10,12:13:07.048147,[]
2026-06-10,12:13:07.081514,[]
2026-06-10,12:13:07.114881,[]
2026-06-10,12:13:07.148248,[]
2026-06-10,12:13:07.181615,[]
2026-06-10,12:13:07.214982,[]
2026-06-10,12:13:07.248349,[]
2026-06-10,12:13:07.281716,[]
2026-06-10,12:13:07.315083,[]
2026-06-10,12:13:07.348450,[]
2026-06-10,12:13:07.381817,[]
2026-06-10,12:13:07.415184,[]
2026-06-10,12:13:07.448551,[]
2026-06-10,12:13:07.481918,[]
2026-06-10,12:13:07.515285,[]
2026-06-10,12:13:07.548652,[]
2026-06-10,12:13:07.582019,[]
2026-06-10,12:13:07.615386,[]
2026-06-10,12:13:07.648753,[]
2026-06-10,12:13:07.682120,[]
2026-06-10,12:13:07.715487,[]
2026-06-10,12:13:07.748854,[]
2026-06-10,12:13:07.782221,[]
2026-06-10,12:13:07.815588,[]
2026-06-10,12:13:07.848955,[]
2026-06-10,12:13:07.882322,[]
2026-06-10,12:13:07.915689,[]
2026-06-10,12:13:07.949056,[]
2026-06-10,12:13:07.982423,[]
2026-06-10,12:13:08.015790,[]
2026-06-10,12:13:08.049157,[]
2026-06-10,12:13:08.082524,[]
2026-06-10,12:13:08.115891,[]
2026-06-10,12:13:08.149258,[]
2026-06-10,12:13:08.182625,[]
2026-06-10,12:13:08.215992,[]
2026-06-10,12:13:08.249359,[]
2026-06-10,12:13:08.282726,[]
2026-06-10,12:13:08.316093,[]
2026-06-10,12:13:08.349460,[]
2026-06-10,12:13:08.382827,[]
2026-06-10,12:13:08.416194,[]
2026-06-10,12:13:08.449561,[]
2026-06-10,12:13:08.482928,[]
2026-06-10,12:13:08.516295,[]
2026-06-10,12:13:08.549662,[]
2026-06-10,12:13:08.583029,[]
2026-06-10,12:13:08.616396,[]
2026-06-10,12:13:08.649763,[]
2026-06-10,12:13:08.683130,[]
2026-06-10,12:13:08.716497,[]
2026-06-10,12:13:08.749864,[]
2026-06-10,12:13:08.783231,[]
2026-06-10,12:13:08.816598,[]
2026-06-10,12:13:08.849965,[]
2026-06-10,12:13:08.883332,[]
2026-06-10,12:13:08.916699,[]
2026-06-10,12:13:08.950066,[]
2026-06-10,12:13:08.983433,[]
2026-06-10,12:13:09.016800,[]
2026-06-10,12:13:09.050167,[]
2026-06-10,12:13:09.083534,[]
2026-06-10,12:13:09.116901,[]
2026-06-10,12:13:09.150268,[]
2026-06-10,12:13:09.183635,[]
2026-06-10,12:13:09.217002,[]
2026-06-10,12:13:09.250369,[]
2026-06-10,12:13:09.283736,[]
2026-06-10,12:13:09.317103,[]
2026-06-10,12:13:09.350470,[]
2026-06-10,12:13:09.383837,[]
2026-06-10,12:13:09.417204,[]
2026-06-10,12:13:09.450571,[]
2026-06-10,12:13:09.483938,[]
2026-06-10,12:13:09.517305,[]
2026-06-10,12:13:09.550672,[]
2026-06-10,12:13:09.584039,[]
2026-06-10,12:13:09.617406,[]
2026-06-10,12:13:09.650773,[]
2026-06-10,12:13:09.684140,[]
2026-06-10,12:13:09.717507,[]
2026-06-10,12:13:09.750874,[]
2026-06-10,12:13:09.784241,[]
2026-06-10,12:13:09.817608,[]
2026-06-10,12:13:09.850975,[]
2026-06-10,12:13:09.884342,[]
2026-06-10,12:13:09.917709,[]
2026-06-10,12:13:09.951076,[]
2026-06-10,12:13:09.984443,[]
2026-06-10,12:13:10.017810,[]
2026-06-10,12:13:10.051177,[]
2026-06-10,12:13:10.084544,[]
2026-06-10,12:13:10.117911,[]
2026-06-10,12:13:10.151278,[]
2026-06-10,12:13:10.184645,[]
2026-06-10,12:13:10.218012,[]
2026-06-10,12:13:10.251379,[]
2026-06-10,12:13:10.284746,[]
2026-06-10,12:13:10.318113,[]
2026-06-10,12:13:10.351480,[]
2026-06-10,12:13:10.384847,[]
2026-06-10,12:13:10.418214,['DJ25278']
2026-06-10,12:13:10.451581,[]
2026-06-10,12:13:10.484948,[]
2026-06-10,12:13:10.518315,[]
2026-06-10,12:13:10.551682,[]
2026-06-10,12:13:10.585049,[]
2026-06-10,12:13:10.618416,[]
2026-06-10,12:13:10.651783,[]
2026-06-10,12:13:10.685150,[]
2026-06-10,12:13:10.718517,[]
2026-06-10,12:13:10.751884,[]
2026-06-10,12:13:10.785251,[]
2026-06-10,12:13:10.818618,[]
2026-06-10,12:13:10.851985,[]
2026-06-10,12:13:10.885352,[]
2026-06-10,12:13:10.918719,[]
2026-06-10,12:13:10.952086,[]
2026-06-10,12:13:10.985453,[]
2026-06-10,12:13:11.018820,[]
2026-06-10,12:13:11.052187,[]
2026-06-10,12:13:11.085554,[]
2026-06-10,12:13:11.118921,[]
2026-06-10,12:13:11.152288,[]
2026-06-10,12:13:11.185655,[]
2026-06-10,12:13:11.219022,[]
2026-06-10,12:13:11.252389,[]
2026-06-10,12:13:11.285756,[]
2026-06-10,12:13:11.319123,[]
2026-06-10,12:13:11.352490,[]
2026-06-10,12:13:11.385857,[]
2026-06-10,12:13:11.419224,[]
2026-06-10,12:13:11.452591,[]
2026-06-10,12:13:11.485958,[]
2026-06-10,12:13:11.519325,[]
2026-06-10,12:13:11.552692,[]
2026-06-10,12:13:11.586059,[]
2026-06-10,12:13:11.619426,[]
2026-06-10,12:13:11.652793,[]
2026-06-10,12:13:11.686160,[]
2026-06-10,12:13:11.719527,[]
2026-06-10,12:13:11.752894,[]
2026-06-10,12:13:11.786261,[]
2026-06-10,12:13:11.819628,[]
2026-06-10,12:13:11.852995,[]
2026-06-10,12:13:11.886362,[]
2026-06-10,12:13:11.919729,[]
2026-06-10,12:13:11.953096,[]
2026-06-10,12:13:11.986463,[]
2026-06-10,12:13:12.019830,[]
2026-06-10,12:13:12.053197,[]
2026-06-10,12:13:12.086564,[]
2026-06-10,12:13:12.119931,[]
2026-06-10,12:13:12.153298,[]
2026-06-10,12:13:12.186665,[]
2026-06-10,12:13:12.220032,[]
2026-06-10,12:13:12.253399,[]
2026-06-10,12:13:12.286766,[]
2026-06-10,12:13:12.320133,[]
2026-06-10,12:13:12.353500,[]
2026-06-10,12:13:12.386867,[]
2026-06-10,12:13:12.420234,[]
2026-06-10,12:13:12.453601,[]
2026-06-10,12:13:12.486968,[]
2026-06-10,12:13:12.520335,[]
2026-06-10,12:13:12.553702,[]
2026-06-10,12:13:12.587069,[]
2026-06-10,12:13:12.620436,[]
2026-06-10,12:13:12.653803,[]
2026-06-10,12:13:12.687170,[]
2026-06-10,12:13:12.720537,[]
2026-06-10,12:13:12.753904,[]
2026-06-10,12:13:12.787271,[]
2026-06-10,12:13:12.820638,[]
2026-06-10,12:13:12.854005,[]
2026-06-10,12:13:12.887372,[]
2026-06-10,12:13:12.920739,[]
2026-06-10,12:13:12.954106,[]
2026-06-10,12:13:12.987473,[]
2026-06-10,12:13:13.020840,[]
2026-06-10,12:13:13.054207,[]
2026-06-10,12:13:13.087574,[]
2026-06-10,12:13:13.120941,[]
2026-06-10,12:13:13.154308,[]
2026-06-10,12:13:13.187675,[]
2026-06-10,12:13:13.221042,[]
2026-06-10,12:13:13.254409,[]
2026-06-10,12:13:13.287776,[]
2026-06-10,12:13:13.321143,[]
2026-06-10,12:13:13.354510,[]
2026-06-10,12:13:13.387877,[]
2026-06-10,12:13:13.421244,[]
2026-06-10,12:13:13.454611,[]
2026-06-10,12:13:13.487978,[]
2026-06-10,12:13:13.521345,[]
2026-06-10,12:13:13.554712,[]
2026-06-10,12:13:13.588079,[]
2026-06-10,12:13:13.621446,[]
2026-06-10,12:13:13.654813,[]
2026-06-10,12:13:13.688180,[]
2026-06-10,12:13:13.721547,[]
2026-06-10,12:13:13.754914,[]
2026-06-10,12:13:13.788281,[]
2026-06-10,12:13:13.821648,[]
2026-06-10,12:13:13.855015,[]
2026-06-10,12:13:13.888382,[]
2026-06-10,12:13:13.921749,[]
2026-06-10,12:13:13.955116,[]
2026-06-10,12:13:13.988483,[]
2026-06-10,12:13:14.021850,[]
2026-06-10,12:13:14.055217,[]
2026-06-10,12:13:14.088584,[]
2026-06-10,12:13:14.121951,[]
2026-06-10,12:13:14.155318,[]
2026-06-10,12:13:14.188685,[]
2026-06-10,12:13:14.222052,[]
2026-06-10,12:13:14.255419,[]
2026-06-10,12:13:14.288786,[]
2026-06-10,12:13:14.322153,[]
2026-06-10,12:13:14.355520,[]
2026-06-10,12:13:14.388887,[]
2026-06-10,12:13:14.422254,[]
2026-06-10,12:13:14.455621,[]
2026-06-10,12:13:14.488988,[]
2026-06-10,12:13:14.522355,[]
2026-06-10,12:13:14.555722,[]
2026-06-10,12:13:14.589089,[]
2026-06-10,12:13:14.622456,[]
2026-06-10,12:13:14.655823,[]
2026-06-10,12:13:14.689190,[]
2026-06-10,12:13:14.722557,[]
2026-06-10,12:13:14.755924,[]
2026-06-10,12:13:14.789291,[]
2026-06-10,12:13:14.822658,[]
2026-06-10,12:13:14.856025,[]
2026-06-10,12:13:14.889392,[]
2026-06-10,12:13:14.922759,[]
2026-06-10,12:13:14.956126,[]
2026-06-10,12:13:14.989493,[]
2026-06-10,12:13:15.022860,[]
2026-06-10,12:13:15.056227,[]
2026-06-10,12:13:15.089594,[]
2026-06-10,12:13:15.122961,[]
2026-06-10,12:13:15.156328,[]
2026-06-10,12:13:15.189695,[]
2026-06-10,12:13:15.223062,[]
2026-06-10,12:13:15.256429,[]
2026-06-10,12:13:15.289796,[]
2026-06-10,12:13:15.323163,[]
2026-06-10,12:13:15.356530,[]
2026-06-10,12:13:15.389897,['EG59681']
2026-06-10,12:13:15.423264,[]
2026-06-10,12:13:15.456631,['EG59681']
2026-06-10,12:13:15.489998,[]
2026-06-10,12:13:15.523365,[]
2026-06-10,12:13:15.556732,[]
2026-06-10,12:13:15.590099,[]
2026-06-10,12:13:15.623466,[]
2026-06-10,12:13:15.656833,[]
2026-06-10,12:13:15.690200,[]
2026-06-10,12:13:15.723567,[]
2026-06-10,12:13:15.756934,[]
2026-06-10,12:13:15.790301,[]
2026-06-10,12:13:15.823668,[]
2026-06-10,12:13:15.857035,[]
2026-06-10,12:13:15.890402,[]
2026-06-10,12:13:15.923769,[]
2026-06-10,12:13:15.957136,[]
2026-06-10,12:13:15.990503,[]
2026-06-10,12:13:16.023870,[]
2026-06-10,12:13:16.057237,[]
2026-06-10,12:13:16.090604,[]
2026-06-10,12:13:16.123971,[]
2026-06-10,12:13:16.157338,[]
2026-06-10,12:13:16.190705,[]
2026-06-10,12:13:16.224072,[]
2026-06-10,12:13:16.257439,[]
2026-06-10,12:13:16.290806,[]
2026-06-10,12:13:16.324173,[]
2026-06-10,12:13:16.357540,[]
2026-06-10,12:13:16.390907,[]
2026-06-10,12:13:16.424274,[]
2026-06-10,12:13:16.457641,[]
2026-06-10,12:13:16.491008,[]
2026-06-10,12:13:16.524375,[]
2026-06-10,12:13:16.557742,[]
2026-06-10,12:13:16.591109,[]
2026-06-10,12:13:16.624476,[]
2026-06-10,12:13:16.657843,[]
2026-06-10,12:13:16.691210,[]
2026-06-10,12:13:16.724577,[]
2026-06-10,12:13:16.757944,[]
2026-06-10,12:13:16.791311,[]
2026-06-10,12:13:16.824678,[]
2026-06-10,12:13:16.858045,[]
2026-06-10,12:13:16.891412,[]
2026-06-10,12:13:16.924779,[]
2026-06-10,12:13:16.958146,[]
2026-06-10,12:13:16.991513,[]
2026-06-10,12:13:17.024880,[]
2026-06-10,12:13:17.058247,[]
2026-06-10,12:13:17.091614,[]
2026-06-10,12:13:17.124981,[]
2026-06-10,12:13:17.158348,[]
2026-06-10,12:13:17.191715,[]
2026-06-10,12:13:17.225082,[]
2026-06-10,12:13:17.258449,[]
2026-06-10,12:13:17.291816,[]
2026-06-10,12:13:17.325183,[]
2026-06-10,12:13:17.358550,[]
2026-06-10,12:13:17.391917,[]
2026-06-10,12:13:17.425284,[]
2026-06-10,12:13:17.458651,[]
2026-06-10,12:13:17.492018,[]
2026-06-10,12:13:17.525385,[]
2026-06-10,12:13:17.558752,[]
2026-06-10,12:13:17.592119,[]
2026-06-10,12:13:17.625486,[]
2026-06-10,12:13:17.658853,[]
2026-06-10,12:13:17.692220,[]
2026-06-10,12:13:17.725587,[]
2026-06-10,12:13:17.758954,[]
2026-06-10,12:13:17.792321,[]
2026-06-10,12:13:17.825688,[]
2026-06-10,12:13:17.859055,[]
2026-06-10,12:13:17.892422,[]
2026-06-10,12:13:17.925789,[]
2026-06-10,12:13:17.959156,[]
2026-06-10,12:13:17.992523,[]
2026-06-10,12:13:18.025890,[]
2026-06-10,12:13:18.059257,[]
2026-06-10,12:13:18.092624,[]
2026-06-10,12:13:18.125991,[]
2026-06-10,12:13:18.159358,[]
2026-06-10,12:13:18.192725,[]
2026-06-10,12:13:18.226092,[]
2026-06-10,12:13:18.259459,[]
2026-06-10,12:13:18.292826,[]
2026-06-10,12:13:18.326193,[]
2026-06-10,12:13:18.359560,['AM99305']
2026-06-10,12:13:18.392927,['AM99305']
2026-06-10,12:13:18.426294,['AM99305']
2026-06-10,12:13:18.459661,[]
2026-06-10,12:13:18.493028,[]
2026-06-10,12:13:18.526395,[]
2026-06-10,12:13:18.559762,[]
2026-06-10,12:13:18.593129,[]
2026-06-10,12:13:18.626496,[]
2026-06-10,12:13:18.659863,[]
2026-06-10,12:13:18.693230,[]
2026-06-10,12:13:18.726597,[]
2026-06-10,12:13:18.759964,[]
2026-06-10,12:13:18.793331,[]
2026-06-10,12:13:18.826698,[]
2026-06-10,12:13:18.860065,[]
2026-06-10,12:13:18.893432,[]
2026-06-10,12:13:18.926799,[]
2026-06-10,12:13:18.960166,[]
2026-06-10,12:13:18.993533,[]
2026-06-10,12:13:19.026900,[]
2026-06-10,12:13:19.060267,[]
2026-06-10,12:13:19.093634,[]
2026-06-10,12:13:19.127001,[]
2026-06-10,12:13:19.160368,[]
2026-06-10,12:13:19.193735,[]
2026-06-10,12:13:19.227102,[]
2026-06-10,12:13:19.260469,[]
2026-06-10,12:13:19.293836,[]
2026-06-10,12:13:19.327203,[]
2026-06-10,12:13:19.360570,[]
2026-06-10,12:13:19.393937,[]
2026-06-10,12:13:19.427304,[]
2026-06-10,12:13:19.460671,[]
2026-06-10,12:13:19.494038,[]
2026-06-10,12:13:19.527405,[]
2026-06-10,12:13:19.560772,[]
2026-06-10,12:13:19.594139,[]
2026-06-10,12:13:19.627506,[]
2026-06-10,12:13:19.660873,[]
2026-06-10,12:13:19.694240,[]
2026-06-10,12:13:19.727607,[]
2026-06-10,12:13:19.760974,[]
2026-06-10,12:13:19.794341,[]
2026-06-10,12:13:19.827708,[]
2026-06-10,12:13:19.861075,[]
2026-06-10,12:13:19.894442,[]
2026-06-10,12:13:19.927809,[]
2026-06-10,12:13:19.961176,[]
2026-06-10,12:13:19.994543,[]
2026-06-10,12:13:20.027910,[]
2026-06-10,12:13:20.061277,[]
2026-06-10,12:13:20.094644,[]
2026-06-10,12:13:20.128011,[]
2026-06-10,12:13:20.161378,[]
2026-06-10,12:13:20.194745,[]
2026-06-10,12:13:20.228112,[]
2026-06-10,12:13:20.261479,[]
2026-06-10,12:13:20.294846,[]
2026-06-10,12:13:20.328213,[]
2026-06-10,12:13:20.361580,[]
2026-06-10,12:13:20.394947,[]
2026-06-10,12:13:20.428314,[]
2026-06-10,12:13:20.461681,[]
2026-06-10,12:13:20.495048,['EP83182']
2026-06-10,12:13:20.528415,['EP83182']
2026-06-10,12:13:20.561782,['EP83182']
2026-06-10,12:13:20.595149,[]
2026-06-10,12:13:20.628516,[]
2026-06-10,12:13:20.661883,[]
2026-06-10,12:13:20.695250,[]
2026-06-10,12:13:20.728617,[]
2026-06-10,12:13:20.761984,[]
2026-06-10,12:13:20.795351,[]
2026-06-10,12:13:20.828718,[]
2026-06-10,12:13:20.862085,[]
2026-06-10,12:13:20.895452,[]
2026-06-10,12:13:20.928819,[]
2026-06-10,12:13:20.962186,[]
2026-06-10,12:13:20.995553,[]
2026-06-10,12:13:21.028920,[]
2026-06-10,12:13:21.062287,[]
2026-06-10,12:13:21.095654,[]
2026-06-10,12:13:21.129021,[]
2026-06-10,12:13:21.162388,[]
2026-06-10,12:13:21.195755,[]
2026-06-10,12:13:21.229122,[]
2026-06-10,12:13:21.262489,[]
2026-06-10,12:13:21.295856,[]
2026-06-10,12:13:21.329223,[]
2026-06-10,12:13:21.362590,[]
2026-06-10,12:13:21.395957,[]
2026-06-10,12:13:21.429324,[]
2026-06-10,12:13:21.462691,[]
2026-06-10,12:13:21.496058,[]
2026-06-10,12:13:21.529425,[]
2026-06-10,12:13:21.562792,[]
2026-06-10,12:13:21.596159,[]
2026-06-10,12:13:21.629526,[]
2026-06-10,12:13:21.662893,[]
2026-06-10,12:13:21.696260,[]
2026-06-10,12:13:21.729627,[]
2026-06-10,12:13:21.762994,[]
2026-06-10,12:13:21.796361,[]
2026-06-10,12:13:21.829728,[]
2026-06-10,12:13:21.863095,[]
2026-06-10,12:13:21.896462,[]
2026-06-10,12:13:21.929829,[]
2026-06-10,12:13:21.963196,[]
2026-06-10,12:13:21.996563,[]
2026-06-10,12:13:22.029930,[]
2026-06-10,12:13:22.063297,[]
2026-06-10,12:13:22.096664,[]
2026-06-10,12:13:22.130031,[]
2026-06-10,12:13:22.163398,[]
2026-06-10,12:13:22.196765,[]
2026-06-10,12:13:22.230132,[]
2026-06-10,12:13:22.263499,[]
2026-06-10,12:13:22.296866,[]
2026-06-10,12:13:22.330233,[]
2026-06-10,12:13:22.363600,[]
2026-06-10,12:13:22.396967,[]
2026-06-10,12:13:22.430334,[]
2026-06-10,12:13:22.463701,[]
2026-06-10,12:13:22.497068,[]
2026-06-10,12:13:22.530435,[]
2026-06-10,12:13:22.563802,[]
2026-06-10,12:13:22.597169,[]
2026-06-10,12:13:22.630536,[]
2026-06-10,12:13:22.663903,[]
2026-06-10,12:13:22.697270,[]
2026-06-10,12:13:22.730637,[]
2026-06-10,12:13:22.764004,[]
2026-06-10,12:13:22.797371,[]
2026-06-10,12:13:22.830738,[]
2026-06-10,12:13:22.864105,[]
2026-06-10,12:13:22.897472,[]
2026-06-10,12:13:22.930839,[]
2026-06-10,12:13:22.964206,[]
2026-06-10,12:13:22.997573,[]
2026-06-10,12:13:23.030940,[]
2026-06-10,12:13:23.064307,[]
2026-06-10,12:13:23.097674,[]
2026-06-10,12:13:23.131041,[]
2026-06-10,12:13:23.164408,[]
2026-06-10,12:13:23.197775,[]
2026-06-10,12:13:23.231142,[]
2026-06-10,12:13:23.264509,[]
2026-06-10,12:13:23.297876,[]
2026-06-10,12:13:23.331243,[]
2026-06-10,12:13:23.364610,[]
2026-06-10,12:13:23.397977,[]
2026-06-10,12:13:23.431344,[]
2026-06-10,12:13:23.464711,[]
2026-06-10,12:13:23.498078,[]
2026-06-10,12:13:23.531445,[]
2026-06-10,12:13:23.564812,[]
2026-06-10,12:13:23.598179,[]
2026-06-10,12:13:23.631546,[]
2026-06-10,12:13:23.664913,[]
2026-06-10,12:13:23.698280,[]
2026-06-10,12:13:23.731647,[]
2026-06-10,12:13:23.765014,[]
2026-06-10,12:13:23.798381,[]
2026-06-10,12:13:23.831748,[]
2026-06-10,12:13:23.865115,[]
2026-06-10,12:13:23.898482,[]
2026-06-10,12:13:23.931849,[]
2026-06-10,12:13:23.965216,[]
2026-06-10,12:13:23.998583,[]
2026-06-10,12:13:24.031950,[]
2026-06-10,12:13:24.065317,[]
2026-06-10,12:13:24.098684,[]
2026-06-10,12:13:24.132051,[]
2026-06-10,12:13:24.165418,[]
2026-06-10,12:13:24.198785,[]
2026-06-10,12:13:24.232152,[]
2026-06-10,12:13:24.265519,[]
2026-06-10,12:13:24.298886,[]
2026-06-10,12:13:24.332253,[]
2026-06-10,12:13:24.365620,[]
2026-06-10,12:13:24.398987,[]
2026-06-10,12:13:24.432354,[]
2026-06-10,12:13:24.465721,[]
2026-06-10,12:13:24.499088,[]
2026-06-10,12:13:24.532455,[]
2026-06-10,12:13:24.565822,[]
2026-06-10,12:13:24.599189,[]
2026-06-10,12:13:24.632556,[]
2026-06-10,12:13:24.665923,[]
2026-06-10,12:13:24.699290,[]
2026-06-10,12:13:24.732657,[]
2026-06-10,12:13:24.766024,[]
2026-06-10,12:13:24.799391,[]
2026-06-10,12:13:24.832758,[]
2026-06-10,12:13:24.866125,[]
2026-06-10,12:13:24.899492,[]
2026-06-10,12:13:24.932859,[]
2026-06-10,12:13:24.966226,[]
2026-06-10,12:13:24.999593,[]
2026-06-10,12:13:25.032960,[]
2026-06-10,12:13:25.066327,[]
2026-06-10,12:13:25.099694,[]
2026-06-10,12:13:25.133061,[]
2026-06-10,12:13:25.166428,[]
2026-06-10,12:13:25.199795,[]
2026-06-10,12:13:25.233162,[]
2026-06-10,12:13:25.266529,[]
2026-06-10,12:13:25.299896,[]
2026-06-10,12:13:25.333263,[]
2026-06-10,12:13:25.366630,[]
2026-06-10,12:13:25.399997,[]
2026-06-10,12:13:25.433364,[]
2026-06-10,12:13:25.466731,[]
2026-06-10,12:13:25.500098,[]
2026-06-10,12:13:25.533465,[]
2026-06-10,12:13:25.566832,[]
2026-06-10,12:13:25.600199,[]
2026-06-10,12:13:25.633566,[]
2026-06-10,12:13:25.666933,[]
2026-06-10,12:13:25.700300,[]
2026-06-10,12:13:25.733667,[]
2026-06-10,12:13:25.767034,[]
2026-06-10,12:13:25.800401,[]
2026-06-10,12:13:25.833768,[]
2026-06-10,12:13:25.867135,[]
2026-06-10,12:13:25.900502,[]
2026-06-10,12:13:25.933869,[]
2026-06-10,12:13:25.967236,[]
2026-06-10,12:13:26.000603,[]
2026-06-10,12:13:26.033970,[]
2026-06-10,12:13:26.067337,[]
2026-06-10,12:13:26.100704,[]
2026-06-10,12:13:26.134071,[]
2026-06-10,12:13:26.167438,[]
2026-06-10,12:13:26.200805,[]
2026-06-10,12:13:26.234172,[]
2026-06-10,12:13:26.267539,[]
2026-06-10,12:13:26.300906,[]
2026-06-10,12:13:26.334273,[]
2026-06-10,12:13:26.367640,[]
2026-06-10,12:13:26.401007,[]
2026-06-10,12:13:26.434374,[]
2026-06-10,12:13:26.467741,[]
2026-06-10,12:13:26.501108,[]
2026-06-10,12:13:26.534475,[]
2026-06-10,12:13:26.567842,[]
2026-06-10,12:13:26.601209,[]
2026-06-10,12:13:26.634576,[]
2026-06-10,12:13:26.667943,[]
2026-06-10,12:13:26.701310,[]
2026-06-10,12:13:26.734677,[]
2026-06-10,12:13:26.768044,[]
2026-06-10,12:13:26.801411,[]
2026-06-10,12:13:26.834778,[]
2026-06-10,12:13:26.868145,[]
2026-06-10,12:13:26.901512,[]
2026-06-10,12:13:26.934879,[]
2026-06-10,12:13:26.968246,[]
2026-06-10,12:13:27.001613,[]
2026-06-10,12:13:27.034980,[]
2026-06-10,12:13:27.068347,[]
2026-06-10,12:13:27.101714,[]
2026-06-10,12:13:27.135081,[]
2026-06-10,12:13:27.168448,[]
2026-06-10,12:13:27.201815,[]
2026-06-10,12:13:27.235182,[]
2026-06-10,12:13:27.268549,[]
2026-06-10,12:13:27.301916,[]
2026-06-10,12:13:27.335283,[]
2026-06-10,12:13:27.368650,[]
2026-06-10,12:13:27.402017,[]
2026-06-10,12:13:27.435384,[]
2026-06-10,12:13:27.468751,[]
2026-06-10,12:13:27.502118,[]
2026-06-10,12:13:27.535485,[]
2026-06-10,12:13:27.568852,[]
2026-06-10,12:13:27.602219,[]
2026-06-10,12:13:27.635586,[]
2026-06-10,12:13:27.668953,[]
2026-06-10,12:13:27.702320,[]
2026-06-10,12:13:27.735687,[]
2026-06-10,12:13:27.769054,[]
2026-06-10,12:13:27.802421,[]
2026-06-10,12:13:27.835788,[]
2026-06-10,12:13:27.869155,[]
2026-06-10,12:13:27.902522,[]
2026-06-10,12:13:27.935889,[]
2026-06-10,12:13:27.969256,[]
2026-06-10,12:13:28.002623,[]
2026-06-10,12:13:28.035990,[]
2026-06-10,12:13:28.069357,[]
2026-06-10,12:13:28.102724,[]
2026-06-10,12:13:28.136091,[]
2026-06-10,12:13:28.169458,[]
2026-06-10,12:13:28.202825,[]
2026-06-10,12:13:28.236192,[]
2026-06-10,12:13:28.269559,[]
2026-06-10,12:13:28.302926,[]
2026-06-10,12:13:28.336293,[]
2026-06-10,12:13:28.369660,[]
2026-06-10,12:13:28.403027,[]
2026-06-10,12:13:28.436394,[]
2026-06-10,12:13:28.469761,[]
2026-06-10,12:13:28.503128,[]
2026-06-10,12:13:28.536495,[]
2026-06-10,12:13:28.569862,[]
2026-06-10,12:13:28.603229,[]
2026-06-10,12:13:28.636596,[]
2026-06-10,12:13:28.669963,[]
2026-06-10,12:13:28.703330,[]
2026-06-10,12:13:28.736697,[]
2026-06-10,12:13:28.770064,[]
2026-06-10,12:13:28.803431,[]
2026-06-10,12:13:28.836798,[]
2026-06-10,12:13:28.870165,[]
2026-06-10,12:13:28.903532,[]
2026-06-10,12:13:28.936899,[]
2026-06-10,12:13:28.970266,[]
2026-06-10,12:13:29.003633,[]
2026-06-10,12:13:29.037000,[]
2026-06-10,12:13:29.070367,[]
2026-06-10,12:13:29.103734,[]
2026-06-10,12:13:29.137101,[]
2026-06-10,12:13:29.170468,[]
2026-06-10,12:13:29.203835,[]
2026-06-10,12:13:29.237202,[]
2026-06-10,12:13:29.270569,[]
2026-06-10,12:13:29.303936,[]
2026-06-10,12:13:29.337303,[]
2026-06-10,12:13:29.370670,[]
2026-06-10,12:13:29.404037,[]
2026-06-10,12:13:29.437404,[]
2026-06-10,12:13:29.470771,[]
2026-06-10,12:13:29.504138,[]
2026-06-10,12:13:29.537505,[]
2026-06-10,12:13:29.570872,[]
2026-06-10,12:13:29.604239,[]
2026-06-10,12:13:29.637606,[]
2026-06-10,12:13:29.670973,[]
2026-06-10,12:13:29.704340,[]
2026-06-10,12:13:29.737707,[]
2026-06-10,12:13:29.771074,[]
2026-06-10,12:13:29.804441,[]
2026-06-10,12:13:29.837808,[]
2026-06-10,12:13:29.871175,[]
2026-06-10,12:13:29.904542,[]
2026-06-10,12:13:29.937909,[]
2026-06-10,12:13:29.971276,[]
2026-06-10,12:13:30.004643,[]
2026-06-10,12:13:30.038010,[]
2026-06-10,12:13:30.071377,[]
2026-06-10,12:13:30.104744,[]
2026-06-10,12:13:30.138111,[]
2026-06-10,12:13:30.171478,[]
2026-06-10,12:13:30.204845,[]
2026-06-10,12:13:30.238212,[]
2026-06-10,12:13:30.271579,[]
2026-06-10,12:13:30.304946,[]
2026-06-10,12:13:30.338313,[]
2026-06-10,12:13:30.371680,[]
2026-06-10,12:13:30.405047,[]
2026-06-10,12:13:30.438414,[]
2026-06-10,12:13:30.471781,[]
2026-06-10,12:13:30.505148,[]
2026-06-10,12:13:30.538515,[]
2026-06-10,12:13:30.571882,[]
2026-06-10,12:13:30.605249,[]
2026-06-10,12:13:30.638616,[]
2026-06-10,12:13:30.671983,[]
2026-06-10,12:13:30.705350,[]
2026-06-10,12:13:30.738717,[]
2026-06-10,12:13:30.772084,[]
2026-06-10,12:13:30.805451,[]
2026-06-10,12:13:30.838818,[]
2026-06-10,12:13:30.872185,[]
2026-06-10,12:13:30.905552,[]
2026-06-10,12:13:30.938919,[]
2026-06-10,12:13:30.972286,[]
2026-06-10,12:13:31.005653,[]
2026-06-10,12:13:31.039020,[]
2026-06-10,12:13:31.072387,[]
2026-06-10,12:13:31.105754,[]
2026-06-10,12:13:31.139121,[]
2026-06-10,12:13:31.172488,[]
2026-06-10,12:13:31.205855,[]
2026-06-10,12:13:31.239222,[]
2026-06-10,12:13:31.272589,[]
2026-06-10,12:13:31.305956,[]
2026-06-10,12:13:31.339323,[]
2026-06-10,12:13:31.372690,[]
2026-06-10,12:13:31.406057,[]
2026-06-10,12:13:31.439424,[]
2026-06-10,12:13:31.472791,[]
2026-06-10,12:13:31.506158,[]
2026-06-10,12:13:31.539525,[]
2026-06-10,12:13:31.572892,[]
2026-06-10,12:13:31.606259,[]
2026-06-10,12:13:31.639626,[]
2026-06-10,12:13:31.672993,[]
2026-06-10,12:13:31.706360,[]
2026-06-10,12:13:31.739727,[]
2026-06-10,12:13:31.773094,[]
2026-06-10,12:13:31.806461,[]
2026-06-10,12:13:31.839828,[]
2026-06-10,12:13:31.873195,[]
2026-06-10,12:13:31.906562,[]
2026-06-10,12:13:31.939929,[]
2026-06-10,12:13:31.973296,[]
2026-06-10,12:13:32.006663,[]
2026-06-10,12:13:32.040030,[]
2026-06-10,12:13:32.073397,[]
2026-06-10,12:13:32.106764,[]
2026-06-10,12:13:32.140131,[]
2026-06-10,12:13:32.173498,[]
2026-06-10,12:13:32.206865,[]
2026-06-10,12:13:32.240232,[]
2026-06-10,12:13:32.273599,[]
2026-06-10,12:13:32.306966,[]
2026-06-10,12:13:32.340333,[]
2026-06-10,12:13:32.373700,[]
2026-06-10,12:13:32.407067,[]
2026-06-10,12:13:32.440434,[]
2026-06-10,12:13:32.473801,[]
2026-06-10,12:13:32.507168,[]
2026-06-10,12:13:32.540535,[]
2026-06-10,12:13:32.573902,[]
2026-06-10,12:13:32.607269,[]
2026-06-10,12:13:32.640636,[]
2026-06-10,12:13:32.674003,[]
2026-06-10,12:13:32.707370,[]
2026-06-10,12:13:32.740737,[]
2026-06-10,12:13:32.774104,[]
2026-06-10,12:13:32.807471,[]
2026-06-10,12:13:32.840838,[]
2026-06-10,12:13:32.874205,[]
2026-06-10,12:13:32.907572,[]
2026-06-10,12:13:32.940939,[]
2026-06-10,12:13:32.974306,[]
2026-06-10,12:13:33.007673,[]
2026-06-10,12:13:33.041040,[]
2026-06-10,12:13:33.074407,[]
2026-06-10,12:13:33.107774,[]
2026-06-10,12:13:33.141141,[]
2026-06-10,12:13:33.174508,[]
2026-06-10,12:13:33.207875,[]
2026-06-10,12:13:33.241242,[]
2026-06-10,12:13:33.274609,[]
2026-06-10,12:13:33.307976,[]
2026-06-10,12:13:33.341343,[]
2026-06-10,12:13:33.374710,[]
2026-06-10,12:13:33.408077,[]
2026-06-10,12:13:33.441444,[]
2026-06-10,12:13:33.474811,[]
2026-06-10,12:13:33.508178,[]
2026-06-10,12:13:33.541545,[]
2026-06-10,12:13:33.574912,[]
2026-06-10,12:13:33.608279,[]
2026-06-10,12:13:33.641646,[]
2026-06-10,12:13:33.675013,[]
2026-06-10,12:13:33.708380,[]
2026-06-10,12:13:33.741747,[]
2026-06-10,12:13:33.775114,[]
2026-06-10,12:13:33.808481,[]
2026-06-10,12:13:33.841848,[]
2026-06-10,12:13:33.875215,[]
2026-06-10,12:13:33.908582,[]
2026-06-10,12:13:33.941949,[]
2026-06-10,12:13:33.975316,[]
2026-06-10,12:13:34.008683,[]
2026-06-10,12:13:34.042050,[]
2026-06-10,12:13:34.075417,[]
2026-06-10,12:13:34.108784,[]
2026-06-10,12:13:34.142151,[]
2026-06-10,12:13:34.175518,[]
2026-06-10,12:13:34.208885,[]
2026-06-10,12:13:34.242252,[]
2026-06-10,12:13:34.275619,[]
2026-06-10,12:13:34.308986,[]
2026-06-10,12:13:34.342353,[]
2026-06-10,12:13:34.375720,[]
2026-06-10,12:13:34.409087,[]
2026-06-10,12:13:34.442454,[]
2026-06-10,12:13:34.475821,[]
2026-06-10,12:13:34.509188,[]
2026-06-10,12:13:34.542555,[]
2026-06-10,12:13:34.575922,[]
2026-06-10,12:13:34.609289,[]
2026-06-10,12:13:34.642656,[]
2026-06-10,12:13:34.676023,[]
2026-06-10,12:13:34.709390,[]
2026-06-10,12:13:34.742757,['EH50336']
2026-06-10,12:13:34.776124,['EH50336']
2026-06-10,12:13:34.809491,['EH50336']
2026-06-10,12:13:34.842858,['EH50336']
2026-06-10,12:13:34.876225,[]
2026-06-10,12:13:34.909592,[]
2026-06-10,12:13:34.942959,[]
2026-06-10,12:13:34.976326,[]
2026-06-10,12:13:35.009693,[]
2026-06-10,12:13:35.043060,[]
2026-06-10,12:13:35.076427,[]
2026-06-10,12:13:35.109794,[]
2026-06-10,12:13:35.143161,[]
2026-06-10,12:13:35.176528,[]
2026-06-10,12:13:35.209895,[]
2026-06-10,12:13:35.243262,[]
2026-06-10,12:13:35.276629,[]
2026-06-10,12:13:35.309996,[]
2026-06-10,12:13:35.343363,[]
2026-06-10,12:13:35.376730,[]
2026-06-10,12:13:35.410097,[]
2026-06-10,12:13:35.443464,[]
2026-06-10,12:13:35.476831,[]
2026-06-10,12:13:35.510198,[]
2026-06-10,12:13:35.543565,[]
2026-06-10,12:13:35.576932,[]
2026-06-10,12:13:35.610299,[]
2026-06-10,12:13:35.643666,[]
2026-06-10,12:13:35.677033,[]
2026-06-10,12:13:35.710400,[]
2026-06-10,12:13:35.743767,[]
2026-06-10,12:13:35.777134,[]
2026-06-10,12:13:35.810501,[]
2026-06-10,12:13:35.843868,[]
2026-06-10,12:13:35.877235,[]
2026-06-10,12:13:35.910602,[]
2026-06-10,12:13:35.943969,[]
2026-06-10,12:13:35.977336,[]
2026-06-10,12:13:36.010703,[]
2026-06-10,12:13:36.044070,[]
2026-06-10,12:13:36.077437,[]
2026-06-10,12:13:36.110804,[]
2026-06-10,12:13:36.144171,[]
2026-06-10,12:13:36.177538,[]
2026-06-10,12:13:36.210905,[]
2026-06-10,12:13:36.244272,[]
2026-06-10,12:13:36.277639,[]
2026-06-10,12:13:36.311006,[]
2026-06-10,12:13:36.344373,[]
2026-06-10,12:13:36.377740,[]
2026-06-10,12:13:36.411107,[]
2026-06-10,12:13:36.444474,[]
2026-06-10,12:13:36.477841,[]
2026-06-10,12:13:36.511208,[]
2026-06-10,12:13:36.544575,[]
2026-06-10,12:13:36.577942,[]
2026-06-10,12:13:36.611309,[]
2026-06-10,12:13:36.644676,[]
2026-06-10,12:13:36.678043,[]
2026-06-10,12:13:36.711410,[]
2026-06-10,12:13:36.744777,[]
2026-06-10,12:13:36.778144,[]
2026-06-10,12:13:36.811511,[]
2026-06-10,12:13:36.844878,[]
2026-06-10,12:13:36.878245,[]
2026-06-10,12:13:36.911612,[]
2026-06-10,12:13:36.944979,[]
2026-06-10,12:13:36.978346,[]
2026-06-10,12:13:37.011713,[]
2026-06-10,12:13:37.045080,[]
2026-06-10,12:13:37.078447,[]
2026-06-10,12:13:37.111814,[]
2026-06-10,12:13:37.145181,[]
2026-06-10,12:13:37.178548,[]
2026-06-10,12:13:37.211915,[]
2026-06-10,12:13:37.245282,[]
2026-06-10,12:13:37.278649,[]
2026-06-10,12:13:37.312016,[]
2026-06-10,12:13:37.345383,[]
2026-06-10,12:13:37.378750,[]
2026-06-10,12:13:37.412117,[]
2026-06-10,12:13:37.445484,[]
2026-06-10,12:13:37.478851,[]
2026-06-10,12:13:37.512218,[]
2026-06-10,12:13:37.545585,[]
2026-06-10,12:13:37.578952,[]
2026-06-10,12:13:37.612319,[]
2026-06-10,12:13:37.645686,[]
2026-06-10,12:13:37.679053,[]
2026-06-10,12:13:37.712420,[]
2026-06-10,12:13:37.745787,[]
2026-06-10,12:13:37.779154,[]
2026-06-10,12:13:37.812521,[]
2026-06-10,12:13:37.845888,[]
2026-06-10,12:13:37.879255,[]
2026-06-10,12:13:37.912622,[]
2026-06-10,12:13:37.945989,[]
2026-06-10,12:13:37.979356,[]
2026-06-10,12:13:38.012723,[]
2026-06-10,12:13:38.046090,[]
2026-06-10,12:13:38.079457,[]
2026-06-10,12:13:38.112824,[]
2026-06-10,12:13:38.146191,[]
2026-06-10,12:13:38.179558,[]
2026-06-10,12:13:38.212925,[]
2026-06-10,12:13:38.246292,[]
2026-06-10,12:13:38.279659,[]
2026-06-10,12:13:38.313026,[]
2026-06-10,12:13:38.346393,[]
2026-06-10,12:13:38.379760,[]
2026-06-10,12:13:38.413127,[]
2026-06-10,12:13:38.446494,[]
2026-06-10,12:13:38.479861,[]
2026-06-10,12:13:38.513228,[]
2026-06-10,12:13:38.546595,['DC56797']
2026-06-10,12:13:38.579962,['DC56797']
2026-06-10,12:13:38.613329,['DC56794']
2026-06-10,12:13:38.646696,['DC56794']
2026-06-10,12:13:38.680063,[]
2026-06-10,12:13:38.713430,[]
2026-06-10,12:13:38.746797,[]
2026-06-10,12:13:38.780164,[]
2026-06-10,12:13:38.813531,[]
2026-06-10,12:13:38.846898,[]
2026-06-10,12:13:38.880265,[]
2026-06-10,12:13:38.913632,[]
2026-06-10,12:13:38.946999,[]
2026-06-10,12:13:38.980366,[]
2026-06-10,12:13:39.013733,[]
2026-06-10,12:13:39.047100,[]
2026-06-10,12:13:39.080467,[]
2026-06-10,12:13:39.113834,[]
2026-06-10,12:13:39.147201,[]
2026-06-10,12:13:39.180568,[]
2026-06-10,12:13:39.213935,[]
2026-06-10,12:13:39.247302,[]
2026-06-10,12:13:39.280669,[]
2026-06-10,12:13:39.314036,[]
2026-06-10,12:13:39.347403,[]
2026-06-10,12:13:39.380770,[]
2026-06-10,12:13:39.414137,[]
2026-06-10,12:13:39.447504,[]
2026-06-10,12:13:39.480871,[]
2026-06-10,12:13:39.514238,[]
2026-06-10,12:13:39.547605,[]
2026-06-10,12:13:39.580972,[]
2026-06-10,12:13:39.614339,[]
2026-06-10,12:13:39.647706,[]
2026-06-10,12:13:39.681073,[]
2026-06-10,12:13:39.714440,[]
2026-06-10,12:13:39.747807,[]
2026-06-10,12:13:39.781174,[]
2026-06-10,12:13:39.814541,[]
2026-06-10,12:13:39.847908,[]
2026-06-10,12:13:39.881275,[]
2026-06-10,12:13:39.914642,[]
2026-06-10,12:13:39.948009,[]
2026-06-10,12:13:39.981376,[]
2026-06-10,12:13:40.014743,[]
2026-06-10,12:13:40.048110,[]
2026-06-10,12:13:40.081477,[]
2026-06-10,12:13:40.114844,[]
2026-06-10,12:13:40.148211,[]
2026-06-10,12:13:40.181578,[]
2026-06-10,12:13:40.214945,[]
2026-06-10,12:13:40.248312,[]
2026-06-10,12:13:40.281679,[]
2026-06-10,12:13:40.315046,[]
2026-06-10,12:13:40.348413,[]
2026-06-10,12:13:40.381780,[]
2026-06-10,12:13:40.415147,[]
2026-06-10,12:13:40.448514,[]
2026-06-10,12:13:40.481881,[]
2026-06-10,12:13:40.515248,[]
2026-06-10,12:13:40.548615,[]
2026-06-10,12:13:40.581982,[]
2026-06-10,12:13:40.615349,[]
2026-06-10,12:13:40.648716,[]
2026-06-10,12:13:40.682083,[]
2026-06-10,12:13:40.715450,[]
2026-06-10,12:13:40.748817,[]
2026-06-10,12:13:40.782184,[]
2026-06-10,12:13:40.815551,[]
2026-06-10,12:13:40.848918,[]
2026-06-10,12:13:40.882285,[]
2026-06-10,12:13:40.915652,[]
2026-06-10,12:13:40.949019,[]
2026-06-10,12:13:40.982386,[]
2026-06-10,12:13:41.015753,[]
2026-06-10,12:13:41.049120,[]
2026-06-10,12:13:41.082487,[]
2026-06-10,12:13:41.115854,[]
2026-06-10,12:13:41.149221,[]
2026-06-10,12:13:41.182588,[]
2026-06-10,12:13:41.215955,[]
2026-06-10,12:13:41.249322,[]
2026-06-10,12:13:41.282689,[]
2026-06-10,12:13:41.316056,[]
2026-06-10,12:13:41.349423,[]
2026-06-10,12:13:41.382790,[]
2026-06-10,12:13:41.416157,[]
2026-06-10,12:13:41.449524,[]
2026-06-10,12:13:41.482891,[]
2026-06-10,12:13:41.516258,[]
2026-06-10,12:13:41.549625,[]
2026-06-10,12:13:41.582992,[]
2026-06-10,12:13:41.616359,[]
2026-06-10,12:13:41.649726,[]
2026-06-10,12:13:41.683093,[]
2026-06-10,12:13:41.716460,[]
2026-06-10,12:13:41.749827,[]
2026-06-10,12:13:41.783194,[]
2026-06-10,12:13:41.816561,[]
2026-06-10,12:13:41.849928,[]
2026-06-10,12:13:41.883295,[]
2026-06-10,12:13:41.916662,[]
2026-06-10,12:13:41.950029,[]
2026-06-10,12:13:41.983396,[]
2026-06-10,12:13:42.016763,[]
2026-06-10,12:13:42.050130,[]
2026-06-10,12:13:42.083497,[]
2026-06-10,12:13:42.116864,[]
2026-06-10,12:13:42.150231,[]
2026-06-10,12:13:42.183598,[]
2026-06-10,12:13:42.216965,[]
2026-06-10,12:13:42.250332,[]
2026-06-10,12:13:42.283699,[]
2026-06-10,12:13:42.317066,[]
2026-06-10,12:13:42.350433,[]
2026-06-10,12:13:42.383800,[]
2026-06-10,12:13:42.417167,[]
2026-06-10,12:13:42.450534,[]
2026-06-10,12:13:42.483901,[]
2026-06-10,12:13:42.517268,[]
2026-06-10,12:13:42.550635,[]
2026-06-10,12:13:42.584002,[]
2026-06-10,12:13:42.617369,[]
2026-06-10,12:13:42.650736,[]
2026-06-10,12:13:42.684103,[]
2026-06-10,12:13:42.717470,[]
2026-06-10,12:13:42.750837,[]
2026-06-10,12:13:42.784204,[]
2026-06-10,12:13:42.817571,[]
2026-06-10,12:13:42.850938,[]
2026-06-10,12:13:42.884305,[]
2026-06-10,12:13:42.917672,[]
2026-06-10,12:13:42.951039,[]
2026-06-10,12:13:42.984406,[]
2026-06-10,12:13:43.017773,[]
2026-06-10,12:13:43.051140,[]
2026-06-10,12:13:43.084507,[]
2026-06-10,12:13:43.117874,[]
2026-06-10,12:13:43.151241,[]
2026-06-10,12:13:43.184608,[]
2026-06-10,12:13:43.217975,[]
2026-06-10,12:13:43.251342,[]
2026-06-10,12:13:43.284709,[]
2026-06-10,12:13:43.318076,[]
2026-06-10,12:13:43.351443,[]
2026-06-10,12:13:43.384810,[]
2026-06-10,12:13:43.418177,[]
2026-06-10,12:13:43.451544,[]
2026-06-10,12:13:43.484911,[]
2026-06-10,12:13:43.518278,[]
2026-06-10,12:13:43.551645,[]
2026-06-10,12:13:43.585012,[]
2026-06-10,12:13:43.618379,[]
2026-06-10,12:13:43.651746,[]
2026-06-10,12:13:43.685113,[]
2026-06-10,12:13:43.718480,[]
2026-06-10,12:13:43.751847,[]
2026-06-10,12:13:43.785214,[]
2026-06-10,12:13:43.818581,[]
2026-06-10,12:13:43.851948,[]
2026-06-10,12:13:43.885315,[]
2026-06-10,12:13:43.918682,[]
2026-06-10,12:13:43.952049,[]
2026-06-10,12:13:43.985416,[]
2026-06-10,12:13:44.018783,[]
2026-06-10,12:13:44.052150,[]
2026-06-10,12:13:44.085517,[]
2026-06-10,12:13:44.118884,[]
2026-06-10,12:13:44.152251,[]
2026-06-10,12:13:44.185618,[]
2026-06-10,12:13:44.218985,[]
2026-06-10,12:13:44.252352,[]
2026-06-10,12:13:44.285719,[]
2026-06-10,12:13:44.319086,[]
2026-06-10,12:13:44.352453,[]
2026-06-10,12:13:44.385820,[]
2026-06-10,12:13:44.419187,[]
2026-06-10,12:13:44.452554,[]
2026-06-10,12:13:44.485921,[]
2026-06-10,12:13:44.519288,[]
2026-06-10,12:13:44.552655,[]
2026-06-10,12:13:44.586022,[]
2026-06-10,12:13:44.619389,[]
2026-06-10,12:13:44.652756,[]
2026-06-10,12:13:44.686123,[]
2026-06-10,12:13:44.719490,[]
2026-06-10,12:13:44.752857,[]
2026-06-10,12:13:44.786224,[]
2026-06-10,12:13:44.819591,[]
2026-06-10,12:13:44.852958,[]
2026-06-10,12:13:44.886325,[]
2026-06-10,12:13:44.919692,[]
2026-06-10,12:13:44.953059,[]
2026-06-10,12:13:44.986426,[]
2026-06-10,12:13:45.019793,[]
2026-06-10,12:13:45.053160,[]
2026-06-10,12:13:45.086527,[]
2026-06-10,12:13:45.119894,[]
2026-06-10,12:13:45.153261,[]
2026-06-10,12:13:45.186628,[]
2026-06-10,12:13:45.219995,[]
2026-06-10,12:13:45.253362,[]
2026-06-10,12:13:45.286729,[]
2026-06-10,12:13:45.320096,[]
2026-06-10,12:13:45.353463,[]
2026-06-10,12:13:45.386830,[]
2026-06-10,12:13:45.420197,[]
2026-06-10,12:13:45.453564,[]
2026-06-10,12:13:45.486931,[]
2026-06-10,12:13:45.520298,[]
2026-06-10,12:13:45.553665,[]
2026-06-10,12:13:45.587032,[]
2026-06-10,12:13:45.620399,[]
2026-06-10,12:13:45.653766,[]
2026-06-10,12:13:45.687133,[]
2026-06-10,12:13:45.720500,[]
2026-06-10,12:13:45.753867,[]
2026-06-10,12:13:45.787234,[]
2026-06-10,12:13:45.820601,[]
2026-06-10,12:13:45.853968,[]
2026-06-10,12:13:45.887335,[]
2026-06-10,12:13:45.920702,[]
2026-06-10,12:13:45.954069,[]
2026-06-10,12:13:45.987436,[]
2026-06-10,12:13:46.020803,[]
2026-06-10,12:13:46.054170,[]
2026-06-10,12:13:46.087537,[]
2026-06-10,12:13:46.120904,[]
2026-06-10,12:13:46.154271,[]
2026-06-10,12:13:46.187638,[]
2026-06-10,12:13:46.221005,[]
2026-06-10,12:13:46.254372,[]
2026-06-10,12:13:46.287739,[]
2026-06-10,12:13:46.321106,[]
2026-06-10,12:13:46.354473,[]
2026-06-10,12:13:46.387840,[]
2026-06-10,12:13:46.421207,[]
2026-06-10,12:13:46.454574,[]
2026-06-10,12:13:46.487941,[]
2026-06-10,12:13:46.521308,[]
2026-06-10,12:13:46.554675,[]
2026-06-10,12:13:46.588042,[]
2026-06-10,12:13:46.621409,[]
2026-06-10,12:13:46.654776,[]
2026-06-10,12:13:46.688143,[]
2026-06-10,12:13:46.721510,[]
2026-06-10,12:13:46.754877,[]
2026-06-10,12:13:46.788244,[]
2026-06-10,12:13:46.821611,[]
2026-06-10,12:13:46.854978,[]
2026-06-10,12:13:46.888345,[]
2026-06-10,12:13:46.921712,[]
2026-06-10,12:13:46.955079,[]
2026-06-10,12:13:46.988446,[]
2026-06-10,12:13:47.021813,[]
2026-06-10,12:13:47.055180,[]
2026-06-10,12:13:47.088547,[]
2026-06-10,12:13:47.121914,[]
2026-06-10,12:13:47.155281,[]
2026-06-10,12:13:47.188648,[]
2026-06-10,12:13:47.222015,[]
2026-06-10,12:13:47.255382,[]
2026-06-10,12:13:47.288749,[]
2026-06-10,12:13:47.322116,[]
2026-06-10,12:13:47.355483,[]
2026-06-10,12:13:47.388850,[]
2026-06-10,12:13:47.422217,[]
2026-06-10,12:13:47.455584,[]
2026-06-10,12:13:47.488951,[]
2026-06-10,12:13:47.522318,[]
2026-06-10,12:13:47.555685,[]
2026-06-10,12:13:47.589052,[]
2026-06-10,12:13:47.622419,[]
2026-06-10,12:13:47.655786,[]
2026-06-10,12:13:47.689153,[]
2026-06-10,12:13:47.722520,[]
2026-06-10,12:13:47.755887,[]
2026-06-10,12:13:47.789254,[]
2026-06-10,12:13:47.822621,[]
2026-06-10,12:13:47.855988,[]
2026-06-10,12:13:47.889355,[]
2026-06-10,12:13:47.922722,[]
2026-06-10,12:13:47.956089,[]
2026-06-10,12:13:47.989456,[]
2026-06-10,12:13:48.022823,[]
2026-06-10,12:13:48.056190,[]
2026-06-10,12:13:48.089557,[]
2026-06-10,12:13:48.122924,[]
2026-06-10,12:13:48.156291,[]
2026-06-10,12:13:48.189658,[]
2026-06-10,12:13:48.223025,[]
2026-06-10,12:13:48.256392,[]
2026-06-10,12:13:48.289759,[]
2026-06-10,12:13:48.323126,[]
2026-06-10,12:13:48.356493,[]
2026-06-10,12:13:48.389860,[]
2026-06-10,12:13:48.423227,[]
2026-06-10,12:13:48.456594,[]
2026-06-10,12:13:48.489961,[]
2026-06-10,12:13:48.523328,[]
2026-06-10,12:13:48.556695,[]
2026-06-10,12:13:48.590062,[]
2026-06-10,12:13:48.623429,[]
2026-06-10,12:13:48.656796,[]
2026-06-10,12:13:48.690163,[]
2026-06-10,12:13:48.723530,[]
2026-06-10,12:13:48.756897,[]
2026-06-10,12:13:48.790264,[]
2026-06-10,12:13:48.823631,[]
2026-06-10,12:13:48.856998,[]
2026-06-10,12:13:48.890365,[]
2026-06-10,12:13:48.923732,[]
2026-06-10,12:13:48.957099,[]
2026-06-10,12:13:48.990466,[]
2026-06-10,12:13:49.023833,[]
2026-06-10,12:13:49.057200,[]
2026-06-10,12:13:49.090567,[]
2026-06-10,12:13:49.123934,[]
2026-06-10,12:13:49.157301,[]
2026-06-10,12:13:49.190668,[]
2026-06-10,12:13:49.224035,[]
2026-06-10,12:13:49.257402,[]
2026-06-10,12:13:49.290769,[]
2026-06-10,12:13:49.324136,[]
2026-06-10,12:13:49.357503,[]
2026-06-10,12:13:49.390870,[]
2026-06-10,12:13:49.424237,[]
2026-06-10,12:13:49.457604,[]
2026-06-10,12:13:49.490971,[]
2026-06-10,12:13:49.524338,[]
2026-06-10,12:13:49.557705,[]
2026-06-10,12:13:49.591072,[]
2026-06-10,12:13:49.624439,[]
2026-06-10,12:13:49.657806,[]
2026-06-10,12:13:49.691173,[]
2026-06-10,12:13:49.724540,[]
2026-06-10,12:13:49.757907,[]
2026-06-10,12:13:49.791274,[]
2026-06-10,12:13:49.824641,[]
2026-06-10,12:13:49.858008,[]
2026-06-10,12:13:49.891375,[]
2026-06-10,12:13:49.924742,[]
2026-06-10,12:13:49.958109,[]
2026-06-10,12:13:49.991476,[]
2026-06-10,12:13:50.024843,[]
2026-06-10,12:13:50.058210,[]
2026-06-10,12:13:50.091577,[]
2026-06-10,12:13:50.124944,[]
2026-06-10,12:13:50.158311,[]
2026-06-10,12:13:50.191678,[]
2026-06-10,12:13:50.225045,[]
2026-06-10,12:13:50.258412,[]
2026-06-10,12:13:50.291779,[]
2026-06-10,12:13:50.325146,[]
2026-06-10,12:13:50.358513,[]
2026-06-10,12:13:50.391880,[]
2026-06-10,12:13:50.425247,[]
2026-06-10,12:13:50.458614,[]
2026-06-10,12:13:50.491981,[]
2026-06-10,12:13:50.525348,[]
2026-06-10,12:13:50.558715,[]
2026-06-10,12:13:50.592082,[]
2026-06-10,12:13:50.625449,[]
2026-06-10,12:13:50.658816,[]
2026-06-10,12:13:50.692183,[]
2026-06-10,12:13:50.725550,[]
2026-06-10,12:13:50.758917,[]
2026-06-10,12:13:50.792284,[]
2026-06-10,12:13:50.825651,[]
2026-06-10,12:13:50.859018,[]
2026-06-10,12:13:50.892385,[]
2026-06-10,12:13:50.925752,[]
2026-06-10,12:13:50.959119,[]
2026-06-10,12:13:50.992486,[]
2026-06-10,12:13:51.025853,[]
2026-06-10,12:13:51.059220,[]
2026-06-10,12:13:51.092587,[]
2026-06-10,12:13:51.125954,[]
2026-06-10,12:13:51.159321,[]
2026-06-10,12:13:51.192688,[]
2026-06-10,12:13:51.226055,[]
2026-06-10,12:13:51.259422,[]
2026-06-10,12:13:51.292789,[]
2026-06-10,12:13:51.326156,[]
2026-06-10,12:13:51.359523,[]
2026-06-10,12:13:51.392890,[]
2026-06-10,12:13:51.426257,[]
2026-06-10,12:13:51.459624,[]
2026-06-10,12:13:51.492991,[]
2026-06-10,12:13:51.526358,[]
2026-06-10,12:13:51.559725,[]
2026-06-10,12:13:51.593092,[]
2026-06-10,12:13:51.626459,[]
2026-06-10,12:13:51.659826,[]
2026-06-10,12:13:51.693193,[]
2026-06-10,12:13:51.726560,[]
2026-06-10,12:13:51.759927,[]
2026-06-10,12:13:51.793294,[]
2026-06-10,12:13:51.826661,[]
2026-06-10,12:13:51.860028,[]
2026-06-10,12:13:51.893395,[]
2026-06-10,12:13:51.926762,[]
2026-06-10,12:13:51.960129,[]
2026-06-10,12:13:51.993496,[]
2026-06-10,12:13:52.026863,[]
2026-06-10,12:13:52.060230,[]
2026-06-10,12:13:52.093597,[]
2026-06-10,12:13:52.126964,[]
2026-06-10,12:13:52.160331,[]
2026-06-10,12:13:52.193698,[]
2026-06-10,12:13:52.227065,[]
2026-06-10,12:13:52.260432,[]
2026-06-10,12:13:52.293799,[]
2026-06-10,12:13:52.327166,[]
2026-06-10,12:13:52.360533,[]
2026-06-10,12:13:52.393900,[]
2026-06-10,12:13:52.427267,[]
2026-06-10,12:13:52.460634,[]
2026-06-10,12:13:52.494001,[]
2026-06-10,12:13:52.527368,[]
2026-06-10,12:13:52.560735,[]
2026-06-10,12:13:52.594102,[]
2026-06-10,12:13:52.627469,[]
2026-06-10,12:13:52.660836,[]
2026-06-10,12:13:52.694203,[]
2026-06-10,12:13:52.727570,[]
2026-06-10,12:13:52.760937,[]
2026-06-10,12:13:52.794304,[]
2026-06-10,12:13:52.827671,[]
2026-06-10,12:13:52.861038,[]
2026-06-10,12:13:52.894405,[]
2026-06-10,12:13:52.927772,[]
2026-06-10,12:13:52.961139,[]
2026-06-10,12:13:52.994506,[]
2026-06-10,12:13:53.027873,[]
2026-06-10,12:13:53.061240,[]
2026-06-10,12:13:53.094607,[]
2026-06-10,12:13:53.127974,[]
2026-06-10,12:13:53.161341,[]
2026-06-10,12:13:53.194708,[]
2026-06-10,12:13:53.228075,[]
2026-06-10,12:13:53.261442,[]
2026-06-10,12:13:53.294809,[]
2026-06-10,12:13:53.328176,[]
2026-06-10,12:13:53.361543,[]
2026-06-10,12:13:53.394910,[]
2026-06-10,12:13:53.428277,[]
2026-06-10,12:13:53.461644,[]
2026-06-10,12:13:53.495011,[]
2026-06-10,12:13:53.528378,[]
2026-06-10,12:13:53.561745,[]
2026-06-10,12:13:53.595112,[]
2026-06-10,12:13:53.628479,[]
2026-06-10,12:13:53.661846,[]
2026-06-10,12:13:53.695213,[]
2026-06-10,12:13:53.728580,[]
2026-06-10,12:13:53.761947,[]
2026-06-10,12:13:53.795314,[]
2026-06-10,12:13:53.828681,[]
2026-06-10,12:13:53.862048,[]
2026-06-10,12:13:53.895415,[]
2026-06-10,12:13:53.928782,[]
2026-06-10,12:13:53.962149,[]
2026-06-10,12:13:53.995516,[]
2026-06-10,12:13:54.028883,[]
2026-06-10,12:13:54.062250,[]
2026-06-10,12:13:54.095617,[]
2026-06-10,12:13:54.128984,[]
2026-06-10,12:13:54.162351,[]
2026-06-10,12:13:54.195718,[]
2026-06-10,12:13:54.229085,[]
2026-06-10,12:13:54.262452,[]
2026-06-10,12:13:54.295819,[]
2026-06-10,12:13:54.329186,[]
2026-06-10,12:13:54.362553,[]
2026-06-10,12:13:54.395920,[]
2026-06-10,12:13:54.429287,[]
2026-06-10,12:13:54.462654,[]
2026-06-10,12:13:54.496021,[]
2026-06-10,12:13:54.529388,[]
2026-06-10,12:13:54.562755,[]
2026-06-10,12:13:54.596122,[]
2026-06-10,12:13:54.629489,[]
2026-06-10,12:13:54.662856,[]
2026-06-10,12:13:54.696223,[]
2026-06-10,12:13:54.729590,[]
2026-06-10,12:13:54.762957,[]
2026-06-10,12:13:54.796324,[]
2026-06-10,12:13:54.829691,[]
2026-06-10,12:13:54.863058,[]
2026-06-10,12:13:54.896425,[]
2026-06-10,12:13:54.929792,[]
2026-06-10,12:13:54.963159,[]
2026-06-10,12:13:54.996526,[]
2026-06-10,12:13:55.029893,[]
2026-06-10,12:13:55.063260,[]
2026-06-10,12:13:55.096627,[]
2026-06-10,12:13:55.129994,[]
2026-06-10,12:13:55.163361,[]
2026-06-10,12:13:55.196728,[]
2026-06-10,12:13:55.230095,[]
2026-06-10,12:13:55.263462,[]
2026-06-10,12:13:55.296829,[]
2026-06-10,12:13:55.330196,[]
2026-06-10,12:13:55.363563,[]
2026-06-10,12:13:55.396930,[]
2026-06-10,12:13:55.430297,[]
2026-06-10,12:13:55.463664,[]
2026-06-10,12:13:55.497031,[]
2026-06-10,12:13:55.530398,[]
2026-06-10,12:13:55.563765,[]
2026-06-10,12:13:55.597132,[]
2026-06-10,12:13:55.630499,[]
2026-06-10,12:13:55.663866,[]
2026-06-10,12:13:55.697233,[]
2026-06-10,12:13:55.730600,[]
2026-06-10,12:13:55.763967,[]
2026-06-10,12:13:55.797334,[]
2026-06-10,12:13:55.830701,[]
2026-06-10,12:13:55.864068,[]
2026-06-10,12:13:55.897435,[]
2026-06-10,12:13:55.930802,[]
2026-06-10,12:13:55.964169,[]
2026-06-10,12:13:55.997536,[]
2026-06-10,12:13:56.030903,[]
2026-06-10,12:13:56.064270,[]
2026-06-10,12:13:56.097637,[]
2026-06-10,12:13:56.131004,[]
2026-06-10,12:13:56.164371,[]
2026-06-10,12:13:56.197738,[]
2026-06-10,12:13:56.231105,[]
2026-06-10,12:13:56.264472,[]
2026-06-10,12:13:56.297839,[]
2026-06-10,12:13:56.331206,[]
2026-06-10,12:13:56.364573,[]
2026-06-10,12:13:56.397940,[]
2026-06-10,12:13:56.431307,[]
2026-06-10,12:13:56.464674,[]
2026-06-10,12:13:56.498041,[]
2026-06-10,12:13:56.531408,[]
2026-06-10,12:13:56.564775,[]
2026-06-10,12:13:56.598142,[]
2026-06-10,12:13:56.631509,[]
2026-06-10,12:13:56.664876,[]
2026-06-10,12:13:56.698243,[]
2026-06-10,12:13:56.731610,[]
2026-06-10,12:13:56.764977,[]
2026-06-10,12:13:56.798344,[]
2026-06-10,12:13:56.831711,[]
2026-06-10,12:13:56.865078,[]
2026-06-10,12:13:56.898445,[]
2026-06-10,12:13:56.931812,[]
2026-06-10,12:13:56.965179,[]
2026-06-10,12:13:56.998546,[]
2026-06-10,12:13:57.031913,[]
2026-06-10,12:13:57.065280,[]
2026-06-10,12:13:57.098647,[]
2026-06-10,12:13:57.132014,[]
2026-06-10,12:13:57.165381,[]
2026-06-10,12:13:57.198748,[]
2026-06-10,12:13:57.232115,[]
2026-06-10,12:13:57.265482,[]
2026-06-10,12:13:57.298849,[]
2026-06-10,12:13:57.332216,[]
2026-06-10,12:13:57.365583,[]
2026-06-10,12:13:57.398950,[]
2026-06-10,12:13:57.432317,[]
2026-06-10,12:13:57.465684,[]
2026-06-10,12:13:57.499051,[]
2026-06-10,12:13:57.532418,[]
2026-06-10,12:13:57.565785,[]
2026-06-10,12:13:57.599152,[]
2026-06-10,12:13:57.632519,[]
2026-06-10,12:13:57.665886,[]
2026-06-10,12:13:57.699253,[]
2026-06-10,12:13:57.732620,[]
2026-06-10,12:13:57.765987,[]
2026-06-10,12:13:57.799354,[]
2026-06-10,12:13:57.832721,[]
2026-06-10,12:13:57.866088,[]
2026-06-10,12:13:57.899455,[]
2026-06-10,12:13:57.932822,[]
2026-06-10,12:13:57.966189,[]
2026-06-10,12:13:57.999556,[]
2026-06-10,12:13:58.032923,[]
2026-06-10,12:13:58.066290,[]
2026-06-10,12:13:58.099657,[]
2026-06-10,12:13:58.133024,[]
2026-06-10,12:13:58.166391,[]
2026-06-10,12:13:58.199758,[]
2026-06-10,12:13:58.233125,[]
2026-06-10,12:13:58.266492,[]
2026-06-10,12:13:58.299859,[]
2026-06-10,12:13:58.333226,[]
2026-06-10,12:13:58.366593,[]
2026-06-10,12:13:58.399960,[]
2026-06-10,12:13:58.433327,[]
2026-06-10,12:13:58.466694,[]
2026-06-10,12:13:58.500061,[]
2026-06-10,12:13:58.533428,[]
2026-06-10,12:13:58.566795,[]
2026-06-10,12:13:58.600162,[]
2026-06-10,12:13:58.633529,[]
2026-06-10,12:13:58.666896,[]
2026-06-10,12:13:58.700263,[]
2026-06-10,12:13:58.733630,[]
2026-06-10,12:13:58.766997,[]
2026-06-10,12:13:58.800364,[]
2026-06-10,12:13:58.833731,[]
2026-06-10,12:13:58.867098,[]
2026-06-10,12:13:58.900465,[]
2026-06-10,12:13:58.933832,[]
2026-06-10,12:13:58.967199,[]
2026-06-10,12:13:59.000566,[]
2026-06-10,12:13:59.033933,[]
2026-06-10,12:13:59.067300,[]
2026-06-10,12:13:59.100667,[]
2026-06-10,12:13:59.134034,[]
2026-06-10,12:13:59.167401,[]
2026-06-10,12:13:59.200768,[]
2026-06-10,12:13:59.234135,[]
2026-06-10,12:13:59.267502,[]
2026-06-10,12:13:59.300869,[]
2026-06-10,12:13:59.334236,[]
2026-06-10,12:13:59.367603,[]
2026-06-10,12:13:59.400970,[]
2026-06-10,12:13:59.434337,[]
2026-06-10,12:13:59.467704,[]
2026-06-10,12:13:59.501071,[]
2026-06-10,12:13:59.534438,[]
2026-06-10,12:13:59.567805,[]
2026-06-10,12:13:59.601172,[]
2026-06-10,12:13:59.634539,[]
2026-06-10,12:13:59.667906,[]
2026-06-10,12:13:59.701273,[]
2026-06-10,12:13:59.734640,[]
2026-06-10,12:13:59.768007,[]
2026-06-10,12:13:59.801374,[]
2026-06-10,12:13:59.834741,[]
2026-06-10,12:13:59.868108,[]
2026-06-10,12:13:59.901475,[]
2026-06-10,12:13:59.934842,[]
2026-06-10,12:13:59.968209,[]
2026-06-10,12:14:00.001576,[]
2026-06-10,12:14:00.034943,[]
2026-06-10,12:14:00.068310,[]
2026-06-10,12:14:00.101677,[]
2026-06-10,12:14:00.135044,[]
2026-06-10,12:14:00.168411,[]
2026-06-10,12:14:00.201778,[]
2026-06-10,12:14:00.235145,[]
2026-06-10,12:14:00.268512,[]
2026-06-10,12:14:00.301879,[]
2026-06-10,12:14:00.335246,[]
2026-06-10,12:14:00.368613,[]
2026-06-10,12:14:00.401980,[]
2026-06-10,12:14:00.435347,[]
2026-06-10,12:14:00.468714,[]
2026-06-10,12:14:00.502081,[]
2026-06-10,12:14:00.535448,[]
2026-06-10,12:14:00.568815,[]
2026-06-10,12:14:00.602182,[]
2026-06-10,12:14:00.635549,[]
2026-06-10,12:14:00.668916,[]
2026-06-10,12:14:00.702283,[]
2026-06-10,12:14:00.735650,[]
2026-06-10,12:14:00.769017,[]
2026-06-10,12:14:00.802384,[]
2026-06-10,12:14:00.835751,[]
2026-06-10,12:14:00.869118,[]
2026-06-10,12:14:00.902485,[]
2026-06-10,12:14:00.935852,[]
2026-06-10,12:14:00.969219,[]
2026-06-10,12:14:01.002586,[]
2026-06-10,12:14:01.035953,[]
2026-06-10,12:14:01.069320,[]
2026-06-10,12:14:01.102687,[]
2026-06-10,12:14:01.136054,[]
2026-06-10,12:14:01.169421,[]
2026-06-10,12:14:01.202788,[]
2026-06-10,12:14:01.236155,[]
2026-06-10,12:14:01.269522,[]
2026-06-10,12:14:01.302889,[]
2026-06-10,12:14:01.336256,[]
2026-06-10,12:14:01.369623,[]
2026-06-10,12:14:01.402990,[]
2026-06-10,12:14:01.436357,[]
2026-06-10,12:14:01.469724,[]
2026-06-10,12:14:01.503091,[]
2026-06-10,12:14:01.536458,[]
2026-06-10,12:14:01.569825,[]
2026-06-10,12:14:01.603192,[]
2026-06-10,12:14:01.636559,[]
2026-06-10,12:14:01.669926,[]
2026-06-10,12:14:01.703293,[]
2026-06-10,12:14:01.736660,[]
2026-06-10,12:14:01.770027,[]
2026-06-10,12:14:01.803394,[]
2026-06-10,12:14:01.836761,[]
2026-06-10,12:14:01.870128,[]
2026-06-10,12:14:01.903495,[]
2026-06-10,12:14:01.936862,[]
2026-06-10,12:14:01.970229,[]
2026-06-10,12:14:02.003596,[]
2026-06-10,12:14:02.036963,[]
2026-06-10,12:14:02.070330,[]
2026-06-10,12:14:02.103697,[]
2026-06-10,12:14:02.137064,[]
2026-06-10,12:14:02.170431,[]
2026-06-10,12:14:02.203798,[]
2026-06-10,12:14:02.237165,[]
2026-06-10,12:14:02.270532,[]
2026-06-10,12:14:02.303899,[]
2026-06-10,12:14:02.337266,[]
2026-06-10,12:14:02.370633,[]
2026-06-10,12:14:02.404000,[]
2026-06-10,12:14:02.437367,[]
2026-06-10,12:14:02.470734,[]
2026-06-10,12:14:02.504101,[]
2026-06-10,12:14:02.537468,[]
2026-06-10,12:14:02.570835,[]
2026-06-10,12:14:02.604202,[]
2026-06-10,12:14:02.637569,[]
2026-06-10,12:14:02.670936,[]
2026-06-10,12:14:02.704303,[]
2026-06-10,12:14:02.737670,[]
2026-06-10,12:14:02.771037,[]
2026-06-10,12:14:02.804404,[]
2026-06-10,12:14:02.837771,[]
2026-06-10,12:14:02.871138,[]
2026-06-10,12:14:02.904505,[]
2026-06-10,12:14:02.937872,[]
2026-06-10,12:14:02.971239,[]
2026-06-10,12:14:03.004606,[]
2026-06-10,12:14:03.037973,[]
2026-06-10,12:14:03.071340,[]
2026-06-10,12:14:03.104707,[]
2026-06-10,12:14:03.138074,[]
2026-06-10,12:14:03.171441,[]
2026-06-10,12:14:03.204808,[]
2026-06-10,12:14:03.238175,[]
2026-06-10,12:14:03.271542,[]
2026-06-10,12:14:03.304909,[]
2026-06-10,12:14:03.338276,[]
2026-06-10,12:14:03.371643,[]
2026-06-10,12:14:03.405010,[]
2026-06-10,12:14:03.438377,[]
2026-06-10,12:14:03.471744,[]
2026-06-10,12:14:03.505111,[]
2026-06-10,12:14:03.538478,[]
2026-06-10,12:14:03.571845,[]
2026-06-10,12:14:03.605212,[]
2026-06-10,12:14:03.638579,[]
2026-06-10,12:14:03.671946,[]
2026-06-10,12:14:03.705313,[]
2026-06-10,12:14:03.738680,[]
2026-06-10,12:14:03.772047,[]
2026-06-10,12:14:03.805414,[]
2026-06-10,12:14:03.838781,[]
2026-06-10,12:14:03.872148,[]
2026-06-10,12:14:03.905515,[]
2026-06-10,12:14:03.938882,[]
2026-06-10,12:14:03.972249,[]
2026-06-10,12:14:04.005616,[]
2026-06-10,12:14:04.038983,[]
2026-06-10,12:14:04.072350,[]
2026-06-10,12:14:04.105717,[]
2026-06-10,12:14:04.139084,[]
2026-06-10,12:14:04.172451,[]
2026-06-10,12:14:04.205818,[]
2026-06-10,12:14:04.239185,[]
2026-06-10,12:14:04.272552,[]
2026-06-10,12:14:04.305919,[]
2026-06-10,12:14:04.339286,[]
2026-06-10,12:14:04.372653,[]
2026-06-10,12:14:04.406020,[]
2026-06-10,12:14:04.439387,[]
2026-06-10,12:14:04.472754,[]
2026-06-10,12:14:04.506121,[]
2026-06-10,12:14:04.539488,[]
2026-06-10,12:14:04.572855,[]
2026-06-10,12:14:04.606222,[]
2026-06-10,12:14:04.639589,[]
2026-06-10,12:14:04.672956,[]
2026-06-10,12:14:04.706323,[]
2026-06-10,12:14:04.739690,[]
2026-06-10,12:14:04.773057,[]
2026-06-10,12:14:04.806424,[]
2026-06-10,12:14:04.839791,[]
2026-06-10,12:14:04.873158,[]
2026-06-10,12:14:04.906525,[]
2026-06-10,12:14:04.939892,[]
2026-06-10,12:14:04.973259,[]
2026-06-10,12:14:05.006626,[]
2026-06-10,12:14:05.039993,[]
2026-06-10,12:14:05.073360,[]
2026-06-10,12:14:05.106727,[]
2026-06-10,12:14:05.140094,[]
2026-06-10,12:14:05.173461,[]
2026-06-10,12:14:05.206828,[]
2026-06-10,12:14:05.240195,[]
2026-06-10,12:14:05.273562,[]
2026-06-10,12:14:05.306929,[]
2026-06-10,12:14:05.340296,[]
2026-06-10,12:14:05.373663,[]
2026-06-10,12:14:05.407030,[]
2026-06-10,12:14:05.440397,[]
2026-06-10,12:14:05.473764,[]
2026-06-10,12:14:05.507131,[]
2026-06-10,12:14:05.540498,[]
2026-06-10,12:14:05.573865,[]
2026-06-10,12:14:05.607232,[]
2026-06-10,12:14:05.640599,[]
2026-06-10,12:14:05.673966,[]
2026-06-10,12:14:05.707333,[]
2026-06-10,12:14:05.740700,[]
2026-06-10,12:14:05.774067,[]
2026-06-10,12:14:05.807434,[]
2026-06-10,12:14:05.840801,[]
2026-06-10,12:14:05.874168,[]
2026-06-10,12:14:05.907535,[]
2026-06-10,12:14:05.940902,[]
2026-06-10,12:14:05.974269,[]
2026-06-10,12:14:06.007636,[]
2026-06-10,12:14:06.041003,[]
2026-06-10,12:14:06.074370,[]
2026-06-10,12:14:06.107737,[]
2026-06-10,12:14:06.141104,[]
2026-06-10,12:14:06.174471,[]
2026-06-10,12:14:06.207838,[]
2026-06-10,12:14:06.241205,[]
2026-06-10,12:14:06.274572,[]
2026-06-10,12:14:06.307939,[]
2026-06-10,12:14:06.341306,[]
2026-06-10,12:14:06.374673,[]
2026-06-10,12:14:06.408040,[]
2026-06-10,12:14:06.441407,[]
2026-06-10,12:14:06.474774,[]
2026-06-10,12:14:06.508141,[]
2026-06-10,12:14:06.541508,[]
2026-06-10,12:14:06.574875,[]
2026-06-10,12:14:06.608242,[]
2026-06-10,12:14:06.641609,[]
2026-06-10,12:14:06.674976,[]
2026-06-10,12:14:06.708343,[]
2026-06-10,12:14:06.741710,[]
2026-06-10,12:14:06.775077,[]
2026-06-10,12:14:06.808444,[]
2026-06-10,12:14:06.841811,[]
2026-06-10,12:14:06.875178,[]
2026-06-10,12:14:06.908545,[]
2026-06-10,12:14:06.941912,[]
2026-06-10,12:14:06.975279,[]
2026-06-10,12:14:07.008646,[]
2026-06-10,12:14:07.042013,[]
2026-06-10,12:14:07.075380,[]
2026-06-10,12:14:07.108747,[]
2026-06-10,12:14:07.142114,[]
2026-06-10,12:14:07.175481,[]
2026-06-10,12:14:07.208848,[]
2026-06-10,12:14:07.242215,[]
2026-06-10,12:14:07.275582,[]
2026-06-10,12:14:07.308949,[]
2026-06-10,12:14:07.342316,[]
2026-06-10,12:14:07.375683,[]
2026-06-10,12:14:07.409050,[]
2026-06-10,12:14:07.442417,[]
2026-06-10,12:14:07.475784,[]
2026-06-10,12:14:07.509151,[]
2026-06-10,12:14:07.542518,[]
2026-06-10,12:14:07.575885,[]
2026-06-10,12:14:07.609252,[]
2026-06-10,12:14:07.642619,[]
2026-06-10,12:14:07.675986,[]
2026-06-10,12:14:07.709353,[]
2026-06-10,12:14:07.742720,[]
2026-06-10,12:14:07.776087,[]
2026-06-10,12:14:07.809454,[]
2026-06-10,12:14:07.842821,[]
2026-06-10,12:14:07.876188,[]
2026-06-10,12:14:07.909555,[]
2026-06-10,12:14:07.942922,[]
2026-06-10,12:14:07.976289,[]
2026-06-10,12:14:08.009656,[]
2026-06-10,12:14:08.043023,[]
2026-06-10,12:14:08.076390,[]
2026-06-10,12:14:08.109757,[]
2026-06-10,12:14:08.143124,[]
2026-06-10,12:14:08.176491,[]
2026-06-10,12:14:08.209858,[]
2026-06-10,12:14:08.243225,[]
2026-06-10,12:14:08.276592,[]
2026-06-10,12:14:08.309959,[]
2026-06-10,12:14:08.343326,[]
2026-06-10,12:14:08.376693,[]
2026-06-10,12:14:08.410060,[]
2026-06-10,12:14:08.443427,[]
2026-06-10,12:14:08.476794,[]
2026-06-10,12:14:08.510161,[]
2026-06-10,12:14:08.543528,[]
2026-06-10,12:14:08.576895,[]
2026-06-10,12:14:08.610262,[]
2026-06-10,12:14:08.643629,[]
2026-06-10,12:14:08.676996,[]
2026-06-10,12:14:08.710363,[]
2026-06-10,12:14:08.743730,[]
2026-06-10,12:14:08.777097,[]
2026-06-10,12:14:08.810464,[]
2026-06-10,12:14:08.843831,[]
2026-06-10,12:14:08.877198,[]
2026-06-10,12:14:08.910565,[]
2026-06-10,12:14:08.943932,[]
2026-06-10,12:14:08.977299,[]
2026-06-10,12:14:09.010666,[]
2026-06-10,12:14:09.044033,[]
2026-06-10,12:14:09.077400,[]
2026-06-10,12:14:09.110767,[]
2026-06-10,12:14:09.144134,[]
2026-06-10,12:14:09.177501,[]
2026-06-10,12:14:09.210868,[]
2026-06-10,12:14:09.244235,[]
2026-06-10,12:14:09.277602,[]
2026-06-10,12:14:09.310969,[]
2026-06-10,12:14:09.344336,[]
2026-06-10,12:14:09.377703,[]
2026-06-10,12:14:09.411070,[]
2026-06-10,12:14:09.444437,[]
2026-06-10,12:14:09.477804,[]
2026-06-10,12:14:09.511171,[]
2026-06-10,12:14:09.544538,[]
2026-06-10,12:14:09.577905,[]
2026-06-10,12:14:09.611272,[]
2026-06-10,12:14:09.644639,[]
2026-06-10,12:14:09.678006,[]
2026-06-10,12:14:09.711373,[]
2026-06-10,12:14:09.744740,[]
2026-06-10,12:14:09.778107,[]
2026-06-10,12:14:09.811474,[]
2026-06-10,12:14:09.844841,[]
2026-06-10,12:14:09.878208,[]
2026-06-10,12:14:09.911575,[]
2026-06-10,12:14:09.944942,[]
2026-06-10,12:14:09.978309,[]
2026-06-10,12:14:10.011676,[]
2026-06-10,12:14:10.045043,[]
2026-06-10,12:14:10.078410,[]
2026-06-10,12:14:10.111777,[]
2026-06-10,12:14:10.145144,[]
2026-06-10,12:14:10.178511,[]
2026-06-10,12:14:10.211878,[]
2026-06-10,12:14:10.245245,[]
2026-06-10,12:14:10.278612,[]
2026-06-10,12:14:10.311979,[]
2026-06-10,12:14:10.345346,[]
2026-06-10,12:14:10.378713,[]
2026-06-10,12:14:10.412080,[]
2026-06-10,12:14:10.445447,[]
2026-06-10,12:14:10.478814,[]
2026-06-10,12:14:10.512181,[]
2026-06-10,12:14:10.545548,[]
2026-06-10,12:14:10.578915,[]
2026-06-10,12:14:10.612282,[]
2026-06-10,12:14:10.645649,[]
2026-06-10,12:14:10.679016,[]
2026-06-10,12:14:10.712383,[]
2026-06-10,12:14:10.745750,[]
2026-06-10,12:14:10.779117,[]
2026-06-10,12:14:10.812484,[]
2026-06-10,12:14:10.845851,[]
2026-06-10,12:14:10.879218,[]
2026-06-10,12:14:10.912585,[]
2026-06-10,12:14:10.945952,[]
2026-06-10,12:14:10.979319,[]
2026-06-10,12:14:11.012686,[]
2026-06-10,12:14:11.046053,[]
2026-06-10,12:14:11.079420,[]
2026-06-10,12:14:11.112787,[]
2026-06-10,12:14:11.146154,[]
2026-06-10,12:14:11.179521,[]
2026-06-10,12:14:11.212888,[]
2026-06-10,12:14:11.246255,[]
2026-06-10,12:14:11.279622,[]
2026-06-10,12:14:11.312989,[]
2026-06-10,12:14:11.346356,[]
2026-06-10,12:14:11.379723,[]
2026-06-10,12:14:11.413090,[]
2026-06-10,12:14:11.446457,[]
2026-06-10,12:14:11.479824,[]
2026-06-10,12:14:11.513191,[]
2026-06-10,12:14:11.546558,[]
2026-06-10,12:14:11.579925,[]
2026-06-10,12:14:11.613292,[]
2026-06-10,12:14:11.646659,[]
2026-06-10,12:14:11.680026,[]
2026-06-10,12:14:11.713393,[]
2026-06-10,12:14:11.746760,[]
2026-06-10,12:14:11.780127,[]
2026-06-10,12:14:11.813494,[]
2026-06-10,12:14:11.846861,[]
2026-06-10,12:14:11.880228,[]
2026-06-10,12:14:11.913595,[]
2026-06-10,12:14:11.946962,[]
2026-06-10,12:14:11.980329,[]
2026-06-10,12:14:12.013696,[]
2026-06-10,12:14:12.047063,[]
2026-06-10,12:14:12.080430,[]
2026-06-10,12:14:12.113797,[]
2026-06-10,12:14:12.147164,[]
2026-06-10,12:14:12.180531,[]
2026-06-10,12:14:12.213898,[]
2026-06-10,12:14:12.247265,[]
2026-06-10,12:14:12.280632,[]
2026-06-10,12:14:12.313999,[]
2026-06-10,12:14:12.347366,[]
2026-06-10,12:14:12.380733,[]
2026-06-10,12:14:12.414100,[]
2026-06-10,12:14:12.447467,[]
2026-06-10,12:14:12.480834,[]
2026-06-10,12:14:12.514201,[]
2026-06-10,12:14:12.547568,[]
2026-06-10,12:14:12.580935,[]
2026-06-10,12:14:12.614302,[]
2026-06-10,12:14:12.647669,[]
2026-06-10,12:14:12.681036,[]
2026-06-10,12:14:12.714403,[]
2026-06-10,12:14:12.747770,[]
2026-06-10,12:14:12.781137,[]
2026-06-10,12:14:12.814504,[]
2026-06-10,12:14:12.847871,[]
2026-06-10,12:14:12.881238,[]
2026-06-10,12:14:12.914605,[]
2026-06-10,12:14:12.947972,[]
2026-06-10,12:14:12.981339,[]
2026-06-10,12:14:13.014706,[]
2026-06-10,12:14:13.048073,[]
2026-06-10,12:14:13.081440,[]
2026-06-10,12:14:13.114807,[]
2026-06-10,12:14:13.148174,[]
2026-06-10,12:14:13.181541,[]
2026-06-10,12:14:13.214908,[]
2026-06-10,12:14:13.248275,[]
2026-06-10,12:14:13.281642,[]
2026-06-10,12:14:13.315009,[]
2026-06-10,12:14:13.348376,[]
2026-06-10,12:14:13.381743,[]
2026-06-10,12:14:13.415110,[]
2026-06-10,12:14:13.448477,[]
2026-06-10,12:14:13.481844,[]
2026-06-10,12:14:13.515211,[]
2026-06-10,12:14:13.548578,[]
2026-06-10,12:14:13.581945,[]
2026-06-10,12:14:13.615312,[]
2026-06-10,12:14:13.648679,[]
2026-06-10,12:14:13.682046,[]
2026-06-10,12:14:13.715413,[]
2026-06-10,12:14:13.748780,[]
2026-06-10,12:14:13.782147,[]
2026-06-10,12:14:13.815514,[]
2026-06-10,12:14:13.848881,[]
2026-06-10,12:14:13.882248,[]
2026-06-10,12:14:13.915615,[]
2026-06-10,12:14:13.948982,[]
2026-06-10,12:14:13.982349,[]
2026-06-10,12:14:14.015716,[]
2026-06-10,12:14:14.049083,[]
2026-06-10,12:14:14.082450,[]
2026-06-10,12:14:14.115817,[]
2026-06-10,12:14:14.149184,[]
2026-06-10,12:14:14.182551,[]
2026-06-10,12:14:14.215918,[]
2026-06-10,12:14:14.249285,[]
2026-06-10,12:14:14.282652,[]
2026-06-10,12:14:14.316019,[]
2026-06-10,12:14:14.349386,[]
2026-06-10,12:14:14.382753,[]
2026-06-10,12:14:14.416120,[]
2026-06-10,12:14:14.449487,[]
2026-06-10,12:14:14.482854,[]
2026-06-10,12:14:14.516221,[]
2026-06-10,12:14:14.549588,[]
2026-06-10,12:14:14.582955,[]
2026-06-10,12:14:14.616322,[]
2026-06-10,12:14:14.649689,[]
2026-06-10,12:14:14.683056,[]
2026-06-10,12:14:14.716423,[]
2026-06-10,12:14:14.749790,[]
2026-06-10,12:14:14.783157,[]
2026-06-10,12:14:14.816524,[]
2026-06-10,12:14:14.849891,[]
2026-06-10,12:14:14.883258,[]
2026-06-10,12:14:14.916625,[]
2026-06-10,12:14:14.949992,[]
2026-06-10,12:14:14.983359,[]
2026-06-10,12:14:15.016726,[]
2026-06-10,12:14:15.050093,[]
2026-06-10,12:14:15.083460,[]
2026-06-10,12:14:15.116827,[]
2026-06-10,12:14:15.150194,[]
2026-06-10,12:14:15.183561,[]
2026-06-10,12:14:15.216928,[]
2026-06-10,12:14:15.250295,[]
2026-06-10,12:14:15.283662,[]
2026-06-10,12:14:15.317029,[]
2026-06-10,12:14:15.350396,[]
2026-06-10,12:14:15.383763,[]
2026-06-10,12:14:15.417130,[]
2026-06-10,12:14:15.450497,[]
2026-06-10,12:14:15.483864,[]
2026-06-10,12:14:15.517231,[]
2026-06-10,12:14:15.550598,[]
2026-06-10,12:14:15.583965,[]
2026-06-10,12:14:15.617332,[]
2026-06-10,12:14:15.650699,[]
2026-06-10,12:14:15.684066,[]
2026-06-10,12:14:15.717433,[]
2026-06-10,12:14:15.750800,[]
2026-06-10,12:14:15.784167,[]
2026-06-10,12:14:15.817534,[]
2026-06-10,12:14:15.850901,[]
2026-06-10,12:14:15.884268,[]
2026-06-10,12:14:15.917635,[]
2026-06-10,12:14:15.951002,[]
2026-06-10,12:14:15.984369,[]
2026-06-10,12:14:16.017736,[]
2026-06-10,12:14:16.051103,[]
2026-06-10,12:14:16.084470,[]
2026-06-10,12:14:16.117837,[]
2026-06-10,12:14:16.151204,[]
2026-06-10,12:14:16.184571,[]
2026-06-10,12:14:16.217938,[]
2026-06-10,12:14:16.251305,[]
2026-06-10,12:14:16.284672,[]
2026-06-10,12:14:16.318039,[]
2026-06-10,12:14:16.351406,[]
2026-06-10,12:14:16.384773,[]
2026-06-10,12:14:16.418140,[]
2026-06-10,12:14:16.451507,[]
2026-06-10,12:14:16.484874,[]
2026-06-10,12:14:16.518241,[]
2026-06-10,12:14:16.551608,[]
2026-06-10,12:14:16.584975,[]
2026-06-10,12:14:16.618342,[]
2026-06-10,12:14:16.651709,[]
2026-06-10,12:14:16.685076,[]
2026-06-10,12:14:16.718443,[]
2026-06-10,12:14:16.751810,[]
2026-06-10,12:14:16.785177,[]
2026-06-10,12:14:16.818544,[]
2026-06-10,12:14:16.851911,[]
2026-06-10,12:14:16.885278,[]
2026-06-10,12:14:16.918645,[]
2026-06-10,12:14:16.952012,[]
2026-06-10,12:14:16.985379,[]
2026-06-10,12:14:17.018746,[]
2026-06-10,12:14:17.052113,[]
2026-06-10,12:14:17.085480,[]
2026-06-10,12:14:17.118847,[]
2026-06-10,12:14:17.152214,[]
2026-06-10,12:14:17.185581,[]
2026-06-10,12:14:17.218948,[]
2026-06-10,12:14:17.252315,[]
2026-06-10,12:14:17.285682,[]
2026-06-10,12:14:17.319049,[]
2026-06-10,12:14:17.352416,[]
2026-06-10,12:14:17.385783,[]
2026-06-10,12:14:17.419150,[]
2026-06-10,12:14:17.452517,[]
2026-06-10,12:14:17.485884,[]
2026-06-10,12:14:17.519251,[]
2026-06-10,12:14:17.552618,[]
2026-06-10,12:14:17.585985,[]
2026-06-10,12:14:17.619352,[]
2026-06-10,12:14:17.652719,[]
2026-06-10,12:14:17.686086,[]
2026-06-10,12:14:17.719453,[]
2026-06-10,12:14:17.752820,[]
2026-06-10,12:14:17.786187,[]
2026-06-10,12:14:17.819554,[]
2026-06-10,12:14:17.852921,[]
2026-06-10,12:14:17.886288,[]
2026-06-10,12:14:17.919655,[]
2026-06-10,12:14:17.953022,[]
2026-06-10,12:14:17.986389,[]
2026-06-10,12:14:18.019756,[]
2026-06-10,12:14:18.053123,[]
2026-06-10,12:14:18.086490,[]
2026-06-10,12:14:18.119857,[]
2026-06-10,12:14:18.153224,[]
2026-06-10,12:14:18.186591,[]
2026-06-10,12:14:18.219958,[]
2026-06-10,12:14:18.253325,[]
2026-06-10,12:14:18.286692,[]
2026-06-10,12:14:18.320059,[]
2026-06-10,12:14:18.353426,[]
2026-06-10,12:14:18.386793,[]
2026-06-10,12:14:18.420160,[]
2026-06-10,12:14:18.453527,[]
2026-06-10,12:14:18.486894,[]
2026-06-10,12:14:18.520261,[]
2026-06-10,12:14:18.553628,[]
2026-06-10,12:14:18.586995,[]
2026-06-10,12:14:18.620362,[]
2026-06-10,12:14:18.653729,[]
2026-06-10,12:14:18.687096,[]
2026-06-10,12:14:18.720463,[]
2026-06-10,12:14:18.753830,[]
2026-06-10,12:14:18.787197,[]
2026-06-10,12:14:18.820564,[]
2026-06-10,12:14:18.853931,[]
2026-06-10,12:14:18.887298,[]
2026-06-10,12:14:18.920665,[]
2026-06-10,12:14:18.954032,[]
2026-06-10,12:14:18.987399,[]
2026-06-10,12:14:19.020766,[]
2026-06-10,12:14:19.054133,[]
2026-06-10,12:14:19.087500,[]
2026-06-10,12:14:19.120867,[]
2026-06-10,12:14:19.154234,[]
2026-06-10,12:14:19.187601,[]
2026-06-10,12:14:19.220968,[]
2026-06-10,12:14:19.254335,[]
2026-06-10,12:14:19.287702,[]
2026-06-10,12:14:19.321069,[]
2026-06-10,12:14:19.354436,[]
2026-06-10,12:14:19.387803,[]
2026-06-10,12:14:19.421170,[]
2026-06-10,12:14:19.454537,[]
2026-06-10,12:14:19.487904,[]
2026-06-10,12:14:19.521271,[]
2026-06-10,12:14:19.554638,[]
2026-06-10,12:14:19.588005,[]
2026-06-10,12:14:19.621372,[]
2026-06-10,12:14:19.654739,[]
2026-06-10,12:14:19.688106,[]
2026-06-10,12:14:19.721473,[]
2026-06-10,12:14:19.754840,[]
2026-06-10,12:14:19.788207,[]
2026-06-10,12:14:19.821574,[]
2026-06-10,12:14:19.854941,[]
2026-06-10,12:14:19.888308,[]
2026-06-10,12:14:19.921675,[]
2026-06-10,12:14:19.955042,[]
2026-06-10,12:14:19.988409,[]
2026-06-10,12:14:20.021776,[]
2026-06-10,12:14:20.055143,[]
2026-06-10,12:14:20.088510,[]
2026-06-10,12:14:20.121877,[]
2026-06-10,12:14:20.155244,[]
2026-06-10,12:14:20.188611,[]
2026-06-10,12:14:20.221978,[]
2026-06-10,12:14:20.255345,[]
2026-06-10,12:14:20.288712,[]
2026-06-10,12:14:20.322079,[]
2026-06-10,12:14:20.355446,[]
2026-06-10,12:14:20.388813,[]
2026-06-10,12:14:20.422180,[]
2026-06-10,12:14:20.455547,[]
2026-06-10,12:14:20.488914,[]
2026-06-10,12:14:20.522281,[]
2026-06-10,12:14:20.555648,[]
2026-06-10,12:14:20.589015,[]
2026-06-10,12:14:20.622382,[]
2026-06-10,12:14:20.655749,[]
2026-06-10,12:14:20.689116,[]
2026-06-10,12:14:20.722483,[]
2026-06-10,12:14:20.755850,[]
2026-06-10,12:14:20.789217,[]
2026-06-10,12:14:20.822584,[]
2026-06-10,12:14:20.855951,[]
2026-06-10,12:14:20.889318,[]
2026-06-10,12:14:20.922685,[]
2026-06-10,12:14:20.956052,[]
2026-06-10,12:14:20.989419,[]
2026-06-10,12:14:21.022786,[]
2026-06-10,12:14:21.056153,[]
2026-06-10,12:14:21.089520,[]
2026-06-10,12:14:21.122887,[]
2026-06-10,12:14:21.156254,[]
2026-06-10,12:14:21.189621,[]
2026-06-10,12:14:21.222988,[]
2026-06-10,12:14:21.256355,[]
2026-06-10,12:14:21.289722,[]
2026-06-10,12:14:21.323089,[]
2026-06-10,12:14:21.356456,[]
2026-06-10,12:14:21.389823,[]
2026-06-10,12:14:21.423190,[]
2026-06-10,12:14:21.456557,[]
2026-06-10,12:14:21.489924,[]
2026-06-10,12:14:21.523291,[]
2026-06-10,12:14:21.556658,[]
2026-06-10,12:14:21.590025,[]
2026-06-10,12:14:21.623392,[]
2026-06-10,12:14:21.656759,[]
2026-06-10,12:14:21.690126,[]
2026-06-10,12:14:21.723493,[]
2026-06-10,12:14:21.756860,[]
2026-06-10,12:14:21.790227,[]
2026-06-10,12:14:21.823594,[]
2026-06-10,12:14:21.856961,[]
2026-06-10,12:14:21.890328,[]
2026-06-10,12:14:21.923695,[]
2026-06-10,12:14:21.957062,[]
2026-06-10,12:14:21.990429,[]
2026-06-10,12:14:22.023796,[]
2026-06-10,12:14:22.057163,[]
2026-06-10,12:14:22.090530,[]
2026-06-10,12:14:22.123897,[]
2026-06-10,12:14:22.157264,[]
2026-06-10,12:14:22.190631,[]
2026-06-10,12:14:22.223998,[]
2026-06-10,12:14:22.257365,[]
2026-06-10,12:14:22.290732,[]
2026-06-10,12:14:22.324099,[]
2026-06-10,12:14:22.357466,[]
2026-06-10,12:14:22.390833,[]
2026-06-10,12:14:22.424200,[]
2026-06-10,12:14:22.457567,[]
2026-06-10,12:14:22.490934,[]
2026-06-10,12:14:22.524301,[]
2026-06-10,12:14:22.557668,[]
2026-06-10,12:14:22.591035,[]
2026-06-10,12:14:22.624402,[]
2026-06-10,12:14:22.657769,[]
2026-06-10,12:14:22.691136,[]
2026-06-10,12:14:22.724503,[]
2026-06-10,12:14:22.757870,[]
2026-06-10,12:14:22.791237,[]
2026-06-10,12:14:22.824604,[]
2026-06-10,12:14:22.857971,[]
2026-06-10,12:14:22.891338,[]
2026-06-10,12:14:22.924705,[]
2026-06-10,12:14:22.958072,[]
2026-06-10,12:14:22.991439,[]
2026-06-10,12:14:23.024806,[]
2026-06-10,12:14:23.058173,[]
2026-06-10,12:14:23.091540,[]
2026-06-10,12:14:23.124907,[]
2026-06-10,12:14:23.158274,[]
2026-06-10,12:14:23.191641,[]
2026-06-10,12:14:23.225008,[]
2026-06-10,12:14:23.258375,[]
2026-06-10,12:14:23.291742,[]
2026-06-10,12:14:23.325109,[]
2026-06-10,12:14:23.358476,[]
2026-06-10,12:14:23.391843,[]
2026-06-10,12:14:23.425210,[]
2026-06-10,12:14:23.458577,[]
2026-06-10,12:14:23.491944,[]
2026-06-10,12:14:23.525311,[]
2026-06-10,12:14:23.558678,[]
2026-06-10,12:14:23.592045,[]
2026-06-10,12:14:23.625412,[]
2026-06-10,12:14:23.658779,[]
2026-06-10,12:14:23.692146,[]
2026-06-10,12:14:23.725513,[]
2026-06-10,12:14:23.758880,[]
2026-06-10,12:14:23.792247,[]
2026-06-10,12:14:23.825614,[]
2026-06-10,12:14:23.858981,[]
2026-06-10,12:14:23.892348,[]
2026-06-10,12:14:23.925715,[]
2026-06-10,12:14:23.959082,[]
2026-06-10,12:14:23.992449,[]
2026-06-10,12:14:24.025816,[]
2026-06-10,12:14:24.059183,[]
2026-06-10,12:14:24.092550,[]
2026-06-10,12:14:24.125917,[]
2026-06-10,12:14:24.159284,[]
2026-06-10,12:14:24.192651,[]
2026-06-10,12:14:24.226018,[]
2026-06-10,12:14:24.259385,[]
2026-06-10,12:14:24.292752,[]
2026-06-10,12:14:24.326119,[]
2026-06-10,12:14:24.359486,[]
2026-06-10,12:14:24.392853,[]
2026-06-10,12:14:24.426220,[]
2026-06-10,12:14:24.459587,[]
2026-06-10,12:14:24.492954,[]
2026-06-10,12:14:24.526321,[]
2026-06-10,12:14:24.559688,[]
2026-06-10,12:14:24.593055,[]
2026-06-10,12:14:24.626422,[]
2026-06-10,12:14:24.659789,[]
2026-06-10,12:14:24.693156,[]
2026-06-10,12:14:24.726523,[]
2026-06-10,12:14:24.759890,[]
2026-06-10,12:14:24.793257,[]
2026-06-10,12:14:24.826624,[]
2026-06-10,12:14:24.859991,[]
2026-06-10,12:14:24.893358,[]
2026-06-10,12:14:24.926725,[]
2026-06-10,12:14:24.960092,[]
2026-06-10,12:14:24.993459,[]
2026-06-10,12:14:25.026826,[]
2026-06-10,12:14:25.060193,[]
2026-06-10,12:14:25.093560,[]
2026-06-10,12:14:25.126927,[]
2026-06-10,12:14:25.160294,[]
2026-06-10,12:14:25.193661,[]
2026-06-10,12:14:25.227028,[]
2026-06-10,12:14:25.260395,[]
2026-06-10,12:14:25.293762,[]
2026-06-10,12:14:25.327129,[]
2026-06-10,12:14:25.360496,[]
2026-06-10,12:14:25.393863,[]
2026-06-10,12:14:25.427230,[]
2026-06-10,12:14:25.460597,[]
2026-06-10,12:14:25.493964,[]
2026-06-10,12:14:25.527331,[]
2026-06-10,12:14:25.560698,[]
2026-06-10,12:14:25.594065,[]
2026-06-10,12:14:25.627432,[]
2026-06-10,12:14:25.660799,[]
2026-06-10,12:14:25.694166,[]
2026-06-10,12:14:25.727533,[]
2026-06-10,12:14:25.760900,[]
2026-06-10,12:14:25.794267,[]
2026-06-10,12:14:25.827634,[]
2026-06-10,12:14:25.861001,[]
2026-06-10,12:14:25.894368,[]
2026-06-10,12:14:25.927735,[]
2026-06-10,12:14:25.961102,[]
2026-06-10,12:14:25.994469,[]
2026-06-10,12:14:26.027836,[]
2026-06-10,12:14:26.061203,[]
2026-06-10,12:14:26.094570,[]
2026-06-10,12:14:26.127937,[]
2026-06-10,12:14:26.161304,[]
2026-06-10,12:14:26.194671,[]
2026-06-10,12:14:26.228038,[]
2026-06-10,12:14:26.261405,[]
2026-06-10,12:14:26.294772,[]
2026-06-10,12:14:26.328139,[]
2026-06-10,12:14:26.361506,[]
2026-06-10,12:14:26.394873,[]
2026-06-10,12:14:26.428240,[]
2026-06-10,12:14:26.461607,[]
2026-06-10,12:14:26.494974,[]
2026-06-10,12:14:26.528341,[]
2026-06-10,12:14:26.561708,[]
2026-06-10,12:14:26.595075,[]
2026-06-10,12:14:26.628442,[]
2026-06-10,12:14:26.661809,[]
2026-06-10,12:14:26.695176,[]
2026-06-10,12:14:26.728543,[]
2026-06-10,12:14:26.761910,[]
2026-06-10,12:14:26.795277,[]
2026-06-10,12:14:26.828644,[]
2026-06-10,12:14:26.862011,[]
2026-06-10,12:14:26.895378,[]
2026-06-10,12:14:26.928745,[]
2026-06-10,12:14:26.962112,[]
2026-06-10,12:14:26.995479,[]
2026-06-10,12:14:27.028846,[]
2026-06-10,12:14:27.062213,[]
2026-06-10,12:14:27.095580,[]
2026-06-10,12:14:27.128947,[]
2026-06-10,12:14:27.162314,[]
2026-06-10,12:14:27.195681,[]
2026-06-10,12:14:27.229048,[]
2026-06-10,12:14:27.262415,[]
2026-06-10,12:14:27.295782,[]
2026-06-10,12:14:27.329149,[]
2026-06-10,12:14:27.362516,[]
2026-06-10,12:14:27.395883,[]
2026-06-10,12:14:27.429250,[]
2026-06-10,12:14:27.462617,[]
2026-06-10,12:14:27.495984,[]
2026-06-10,12:14:27.529351,[]
2026-06-10,12:14:27.562718,[]
2026-06-10,12:14:27.596085,[]
2026-06-10,12:14:27.629452,[]
2026-06-10,12:14:27.662819,[]
2026-06-10,12:14:27.696186,[]
2026-06-10,12:14:27.729553,[]
2026-06-10,12:14:27.762920,[]
2026-06-10,12:14:27.796287,[]
2026-06-10,12:14:27.829654,[]
2026-06-10,12:14:27.863021,[]
2026-06-10,12:14:27.896388,[]
2026-06-10,12:14:27.929755,[]
2026-06-10,12:14:27.963122,[]
2026-06-10,12:14:27.996489,[]
2026-06-10,12:14:28.029856,[]
2026-06-10,12:14:28.063223,[]
2026-06-10,12:14:28.096590,[]
2026-06-10,12:14:28.129957,[]
2026-06-10,12:14:28.163324,[]
2026-06-10,12:14:28.196691,[]
2026-06-10,12:14:28.230058,[]
2026-06-10,12:14:28.263425,[]
2026-06-10,12:14:28.296792,[]
2026-06-10,12:14:28.330159,[]
2026-06-10,12:14:28.363526,[]
2026-06-10,12:14:28.396893,[]
2026-06-10,12:14:28.430260,[]
2026-06-10,12:14:28.463627,[]
2026-06-10,12:14:28.496994,[]
2026-06-10,12:14:28.530361,[]
2026-06-10,12:14:28.563728,[]
2026-06-10,12:14:28.597095,[]
2026-06-10,12:14:28.630462,[]
2026-06-10,12:14:28.663829,[]
2026-06-10,12:14:28.697196,[]
2026-06-10,12:14:28.730563,[]
2026-06-10,12:14:28.763930,[]
2026-06-10,12:14:28.797297,[]
2026-06-10,12:14:28.830664,[]
2026-06-10,12:14:28.864031,[]
2026-06-10,12:14:28.897398,[]
2026-06-10,12:14:28.930765,[]
2026-06-10,12:14:28.964132,[]
2026-06-10,12:14:28.997499,[]
2026-06-10,12:14:29.030866,[]
2026-06-10,12:14:29.064233,[]
2026-06-10,12:14:29.097600,[]
2026-06-10,12:14:29.130967,[]
2026-06-10,12:14:29.164334,[]
2026-06-10,12:14:29.197701,[]
2026-06-10,12:14:29.231068,[]
2026-06-10,12:14:29.264435,[]
2026-06-10,12:14:29.297802,[]
2026-06-10,12:14:29.331169,[]
2026-06-10,12:14:29.364536,[]
2026-06-10,12:14:29.397903,[]
2026-06-10,12:14:29.431270,[]
2026-06-10,12:14:29.464637,[]
2026-06-10,12:14:29.498004,[]
2026-06-10,12:14:29.531371,[]
2026-06-10,12:14:29.564738,[]
2026-06-10,12:14:29.598105,[]
2026-06-10,12:14:29.631472,[]
2026-06-10,12:14:29.664839,[]
2026-06-10,12:14:29.698206,[]
2026-06-10,12:14:29.731573,[]
2026-06-10,12:14:29.764940,[]
2026-06-10,12:14:29.798307,[]
2026-06-10,12:14:29.831674,[]
2026-06-10,12:14:29.865041,[]
2026-06-10,12:14:29.898408,[]
2026-06-10,12:14:29.931775,[]
2026-06-10,12:14:29.965142,[]
2026-06-10,12:14:29.998509,[]
2026-06-10,12:14:30.031876,[]
2026-06-10,12:14:30.065243,['BC32852']
2026-06-10,12:14:30.098610,['BC32852']
2026-06-10,12:14:30.131977,['BC32852']
2026-06-10,12:14:30.165344,[]
2026-06-10,12:14:30.198711,[]
2026-06-10,12:14:30.232078,[]
2026-06-10,12:14:30.265445,[]
2026-06-10,12:14:30.298812,[]
2026-06-10,12:14:30.332179,[]
2026-06-10,12:14:30.365546,[]
2026-06-10,12:14:30.398913,[]
2026-06-10,12:14:30.432280,[]
2026-06-10,12:14:30.465647,[]
2026-06-10,12:14:30.499014,[]
2026-06-10,12:14:30.532381,[]
2026-06-10,12:14:30.565748,[]
2026-06-10,12:14:30.599115,[]
2026-06-10,12:14:30.632482,[]
2026-06-10,12:14:30.665849,[]
2026-06-10,12:14:30.699216,[]
2026-06-10,12:14:30.732583,[]
2026-06-10,12:14:30.765950,[]
2026-06-10,12:14:30.799317,[]
2026-06-10,12:14:30.832684,[]
2026-06-10,12:14:30.866051,[]
2026-06-10,12:14:30.899418,[]
2026-06-10,12:14:30.932785,[]
2026-06-10,12:14:30.966152,[]
2026-06-10,12:14:30.999519,[]
2026-06-10,12:14:31.032886,[]
2026-06-10,12:14:31.066253,[]
2026-06-10,12:14:31.099620,[]
2026-06-10,12:14:31.132987,[]
2026-06-10,12:14:31.166354,[]
2026-06-10,12:14:31.199721,[]
2026-06-10,12:14:31.233088,[]
2026-06-10,12:14:31.266455,[]
2026-06-10,12:14:31.299822,[]
2026-06-10,12:14:31.333189,[]
2026-06-10,12:14:31.366556,[]
2026-06-10,12:14:31.399923,[]
2026-06-10,12:14:31.433290,[]
2026-06-10,12:14:31.466657,[]
2026-06-10,12:14:31.500024,[]
2026-06-10,12:14:31.533391,[]
2026-06-10,12:14:31.566758,[]
2026-06-10,12:14:31.600125,[]
2026-06-10,12:14:31.633492,[]
2026-06-10,12:14:31.666859,[]
2026-06-10,12:14:31.700226,[]
2026-06-10,12:14:31.733593,[]
2026-06-10,12:14:31.766960,[]
2026-06-10,12:14:31.800327,[]
2026-06-10,12:14:31.833694,[]
2026-06-10,12:14:31.867061,[]
2026-06-10,12:14:31.900428,[]
2026-06-10,12:14:31.933795,[]
2026-06-10,12:14:31.967162,[]
2026-06-10,12:14:32.000529,[]
2026-06-10,12:14:32.033896,[]
2026-06-10,12:14:32.067263,[]
2026-06-10,12:14:32.100630,[]
2026-06-10,12:14:32.133997,[]
2026-06-10,12:14:32.167364,[]
2026-06-10,12:14:32.200731,[]
2026-06-10,12:14:32.234098,[]
2026-06-10,12:14:32.267465,[]
2026-06-10,12:14:32.300832,[]
2026-06-10,12:14:32.334199,[]
2026-06-10,12:14:32.367566,[]
2026-06-10,12:14:32.400933,[]
2026-06-10,12:14:32.434300,[]
2026-06-10,12:14:32.467667,[]
2026-06-10,12:14:32.501034,[]
2026-06-10,12:14:32.534401,[]
2026-06-10,12:14:32.567768,[]
2026-06-10,12:14:32.601135,[]
2026-06-10,12:14:32.634502,[]
2026-06-10,12:14:32.667869,[]
2026-06-10,12:14:32.701236,[]
2026-06-10,12:14:32.734603,[]
2026-06-10,12:14:32.767970,[]
2026-06-10,12:14:32.801337,[]
2026-06-10,12:14:32.834704,[]
2026-06-10,12:14:32.868071,[]
2026-06-10,12:14:32.901438,[]
2026-06-10,12:14:32.934805,[]
2026-06-10,12:14:32.968172,[]
2026-06-10,12:14:33.001539,[]
2026-06-10,12:14:33.034906,[]
2026-06-10,12:14:33.068273,[]
2026-06-10,12:14:33.101640,[]
2026-06-10,12:14:33.135007,[]
2026-06-10,12:14:33.168374,[]
2026-06-10,12:14:33.201741,[]
2026-06-10,12:14:33.235108,[]
2026-06-10,12:14:33.268475,[]
2026-06-10,12:14:33.301842,[]
2026-06-10,12:14:33.335209,[]
2026-06-10,12:14:33.368576,[]
2026-06-10,12:14:33.401943,[]
2026-06-10,12:14:33.435310,[]
2026-06-10,12:14:33.468677,[]
2026-06-10,12:14:33.502044,[]
2026-06-10,12:14:33.535411,[]
2026-06-10,12:14:33.568778,[]
2026-06-10,12:14:33.602145,[]
2026-06-10,12:14:33.635512,[]
2026-06-10,12:14:33.668879,[]
2026-06-10,12:14:33.702246,[]
2026-06-10,12:14:33.735613,[]
2026-06-10,12:14:33.768980,[]
2026-06-10,12:14:33.802347,[]
2026-06-10,12:14:33.835714,[]
2026-06-10,12:14:33.869081,[]
2026-06-10,12:14:33.902448,[]
2026-06-10,12:14:33.935815,[]
2026-06-10,12:14:33.969182,[]
2026-06-10,12:14:34.002549,[]
2026-06-10,12:14:34.035916,[]
2026-06-10,12:14:34.069283,[]
2026-06-10,12:14:34.102650,[]
2026-06-10,12:14:34.136017,[]
2026-06-10,12:14:34.169384,[]
2026-06-10,12:14:34.202751,[]
2026-06-10,12:14:34.236118,[]
2026-06-10,12:14:34.269485,[]
2026-06-10,12:14:34.302852,[]
2026-06-10,12:14:34.336219,[]
2026-06-10,12:14:34.369586,[]
2026-06-10,12:14:34.402953,[]
2026-06-10,12:14:34.436320,[]
2026-06-10,12:14:34.469687,[]
2026-06-10,12:14:34.503054,[]
2026-06-10,12:14:34.536421,[]
2026-06-10,12:14:34.569788,[]
2026-06-10,12:14:34.603155,[]
2026-06-10,12:14:34.636522,[]
2026-06-10,12:14:34.669889,[]
2026-06-10,12:14:34.703256,[]
2026-06-10,12:14:34.736623,[]
2026-06-10,12:14:34.769990,[]
2026-06-10,12:14:34.803357,[]
2026-06-10,12:14:34.836724,[]
2026-06-10,12:14:34.870091,[]
2026-06-10,12:14:34.903458,[]
2026-06-10,12:14:34.936825,[]
2026-06-10,12:14:34.970192,[]
2026-06-10,12:14:35.003559,[]
2026-06-10,12:14:35.036926,[]
2026-06-10,12:14:35.070293,[]
2026-06-10,12:14:35.103660,[]
2026-06-10,12:14:35.137027,[]
2026-06-10,12:14:35.170394,[]
2026-06-10,12:14:35.203761,[]
2026-06-10,12:14:35.237128,[]
2026-06-10,12:14:35.270495,[]
2026-06-10,12:14:35.303862,[]
2026-06-10,12:14:35.337229,[]
2026-06-10,12:14:35.370596,[]
2026-06-10,12:14:35.403963,[]
2026-06-10,12:14:35.437330,[]
2026-06-10,12:14:35.470697,[]
2026-06-10,12:14:35.504064,[]
2026-06-10,12:14:35.537431,[]
2026-06-10,12:14:35.570798,['DY82343']
2026-06-10,12:14:35.604165,['DY82343']
2026-06-10,12:14:35.637532,['DY82343']
2026-06-10,12:14:35.670899,['DY82343']
2026-06-10,12:14:35.704266,[]
2026-06-10,12:14:35.737633,[]
2026-06-10,12:14:35.771000,[]
2026-06-10,12:14:35.804367,[]
2026-06-10,12:14:35.837734,[]
2026-06-10,12:14:35.871101,[]
2026-06-10,12:14:35.904468,[]
2026-06-10,12:14:35.937835,[]
2026-06-10,12:14:35.971202,[]
2026-06-10,12:14:36.004569,[]
2026-06-10,12:14:36.037936,[]
2026-06-10,12:14:36.071303,[]
2026-06-10,12:14:36.104670,[]
2026-06-10,12:14:36.138037,[]
2026-06-10,12:14:36.171404,[]
2026-06-10,12:14:36.204771,[]
2026-06-10,12:14:36.238138,[]
2026-06-10,12:14:36.271505,[]
2026-06-10,12:14:36.304872,[]
2026-06-10,12:14:36.338239,[]
2026-06-10,12:14:36.371606,[]
2026-06-10,12:14:36.404973,[]
2026-06-10,12:14:36.438340,[]
2026-06-10,12:14:36.471707,[]
2026-06-10,12:14:36.505074,[]
2026-06-10,12:14:36.538441,[]
2026-06-10,12:14:36.571808,[]
2026-06-10,12:14:36.605175,[]
2026-06-10,12:14:36.638542,[]
2026-06-10,12:14:36.671909,[]
2026-06-10,12:14:36.705276,[]
2026-06-10,12:14:36.738643,[]
2026-06-10,12:14:36.772010,[]
2026-06-10,12:14:36.805377,[]
2026-06-10,12:14:36.838744,[]
2026-06-10,12:14:36.872111,[]
2026-06-10,12:14:36.905478,[]
2026-06-10,12:14:36.938845,['EK40869']
2026-06-10,12:14:36.972212,['EK40869']
2026-06-10,12:14:37.005579,['EK40869']
2026-06-10,12:14:37.038946,['EK40869']
2026-06-10,12:14:37.072313,[]
2026-06-10,12:14:37.105680,[]
2026-06-10,12:14:37.139047,[]
2026-06-10,12:14:37.172414,[]
2026-06-10,12:14:37.205781,[]
2026-06-10,12:14:37.239148,[]
2026-06-10,12:14:37.272515,[]
2026-06-10,12:14:37.305882,[]
2026-06-10,12:14:37.339249,[]
2026-06-10,12:14:37.372616,[]
2026-06-10,12:14:37.405983,[]
2026-06-10,12:14:37.439350,[]
2026-06-10,12:14:37.472717,[]
2026-06-10,12:14:37.506084,[]
2026-06-10,12:14:37.539451,[]
2026-06-10,12:14:37.572818,[]
2026-06-10,12:14:37.606185,[]
2026-06-10,12:14:37.639552,[]
2026-06-10,12:14:37.672919,[]
2026-06-10,12:14:37.706286,[]
2026-06-10,12:14:37.739653,[]
2026-06-10,12:14:37.773020,[]
2026-06-10,12:14:37.806387,[]
2026-06-10,12:14:37.839754,[]
2026-06-10,12:14:37.873121,[]
2026-06-10,12:14:37.906488,[]
2026-06-10,12:14:37.939855,[]
2026-06-10,12:14:37.973222,[]
2026-06-10,12:14:38.006589,[]
2026-06-10,12:14:38.039956,[]
2026-06-10,12:14:38.073323,[]
2026-06-10,12:14:38.106690,[]
2026-06-10,12:14:38.140057,[]
2026-06-10,12:14:38.173424,[]
2026-06-10,12:14:38.206791,[]
2026-06-10,12:14:38.240158,[]
2026-06-10,12:14:38.273525,[]
2026-06-10,12:14:38.306892,[]
2026-06-10,12:14:38.340259,[]
2026-06-10,12:14:38.373626,[]
2026-06-10,12:14:38.406993,[]
2026-06-10,12:14:38.440360,[]
2026-06-10,12:14:38.473727,[]
2026-06-10,12:14:38.507094,[]
2026-06-10,12:14:38.540461,[]
2026-06-10,12:14:38.573828,[]
2026-06-10,12:14:38.607195,[]
2026-06-10,12:14:38.640562,[]
2026-06-10,12:14:38.673929,[]
2026-06-10,12:14:38.707296,[]
2026-06-10,12:14:38.740663,[]
2026-06-10,12:14:38.774030,[]
2026-06-10,12:14:38.807397,[]
2026-06-10,12:14:38.840764,[]
2026-06-10,12:14:38.874131,[]
2026-06-10,12:14:38.907498,[]
2026-06-10,12:14:38.940865,[]
2026-06-10,12:14:38.974232,[]
2026-06-10,12:14:39.007599,[]
2026-06-10,12:14:39.040966,[]
2026-06-10,12:14:39.074333,[]
2026-06-10,12:14:39.107700,['DX20137']
2026-06-10,12:14:39.141067,['DX20137']
2026-06-10,12:14:39.174434,['DX20137']
2026-06-10,12:14:39.207801,[]
2026-06-10,12:14:39.241168,[]
2026-06-10,12:14:39.274535,[]
2026-06-10,12:14:39.307902,[]
2026-06-10,12:14:39.341269,[]
2026-06-10,12:14:39.374636,[]
2026-06-10,12:14:39.408003,[]
2026-06-10,12:14:39.441370,[]
2026-06-10,12:14:39.474737,[]
2026-06-10,12:14:39.508104,[]
2026-06-10,12:14:39.541471,[]
2026-06-10,12:14:39.574838,[]
2026-06-10,12:14:39.608205,[]
2026-06-10,12:14:39.641572,[]
2026-06-10,12:14:39.674939,[]
2026-06-10,12:14:39.708306,[]
2026-06-10,12:14:39.741673,[]
2026-06-10,12:14:39.775040,[]
2026-06-10,12:14:39.808407,[]
2026-06-10,12:14:39.841774,[]
2026-06-10,12:14:39.875141,[]
2026-06-10,12:14:39.908508,[]
2026-06-10,12:14:39.941875,[]
2026-06-10,12:14:39.975242,[]
2026-06-10,12:14:40.008609,[]
2026-06-10,12:14:40.041976,[]
2026-06-10,12:14:40.075343,[]
2026-06-10,12:14:40.108710,[]
2026-06-10,12:14:40.142077,[]
2026-06-10,12:14:40.175444,[]
2026-06-10,12:14:40.208811,[]
2026-06-10,12:14:40.242178,[]
2026-06-10,12:14:40.275545,[]
2026-06-10,12:14:40.308912,[]
2026-06-10,12:14:40.342279,[]
2026-06-10,12:14:40.375646,[]
2026-06-10,12:14:40.409013,[]
2026-06-10,12:14:40.442380,[]
2026-06-10,12:14:40.475747,[]
2026-06-10,12:14:40.509114,[]
2026-06-10,12:14:40.542481,[]
2026-06-10,12:14:40.575848,[]
2026-06-10,12:14:40.609215,[]
2026-06-10,12:14:40.642582,[]
2026-06-10,12:14:40.675949,[]
2026-06-10,12:14:40.709316,[]
2026-06-10,12:14:40.742683,[]
2026-06-10,12:14:40.776050,[]
2026-06-10,12:14:40.809417,[]
2026-06-10,12:14:40.842784,[]
2026-06-10,12:14:40.876151,[]
2026-06-10,12:14:40.909518,[]
2026-06-10,12:14:40.942885,[]
2026-06-10,12:14:40.976252,[]
2026-06-10,12:14:41.009619,[]
2026-06-10,12:14:41.042986,[]
2026-06-10,12:14:41.076353,[]
2026-06-10,12:14:41.109720,[]
2026-06-10,12:14:41.143087,[]
2026-06-10,12:14:41.176454,[]
2026-06-10,12:14:41.209821,[]
2026-06-10,12:14:41.243188,[]
2026-06-10,12:14:41.276555,[]
2026-06-10,12:14:41.309922,[]
2026-06-10,12:14:41.343289,[]
2026-06-10,12:14:41.376656,[]
2026-06-10,12:14:41.410023,[]
2026-06-10,12:14:41.443390,[]
2026-06-10,12:14:41.476757,[]
2026-06-10,12:14:41.510124,[]
2026-06-10,12:14:41.543491,[]
2026-06-10,12:14:41.576858,[]
2026-06-10,12:14:41.610225,[]
2026-06-10,12:14:41.643592,[]
2026-06-10,12:14:41.676959,[]
2026-06-10,12:14:41.710326,[]
2026-06-10,12:14:41.743693,[]
2026-06-10,12:14:41.777060,[]
2026-06-10,12:14:41.810427,[]
2026-06-10,12:14:41.843794,[]
2026-06-10,12:14:41.877161,[]
2026-06-10,12:14:41.910528,[]
2026-06-10,12:14:41.943895,[]
2026-06-10,12:14:41.977262,[]
2026-06-10,12:14:42.010629,[]
2026-06-10,12:14:42.043996,[]
2026-06-10,12:14:42.077363,[]
2026-06-10,12:14:42.110730,[]
2026-06-10,12:14:42.144097,[]
2026-06-10,12:14:42.177464,[]
2026-06-10,12:14:42.210831,[]
2026-06-10,12:14:42.244198,[]
2026-06-10,12:14:42.277565,[]
2026-06-10,12:14:42.310932,[]
2026-06-10,12:14:42.344299,[]
2026-06-10,12:14:42.377666,[]
2026-06-10,12:14:42.411033,[]
2026-06-10,12:14:42.444400,[]
2026-06-10,12:14:42.477767,[]
2026-06-10,12:14:42.511134,[]
2026-06-10,12:14:42.544501,[]
2026-06-10,12:14:42.577868,[]
2026-06-10,12:14:42.611235,['BL99979']
2026-06-10,12:14:42.644602,['BL99979']
2026-06-10,12:14:42.677969,['BL99979']
2026-06-10,12:14:42.711336,['BL99979']
2026-06-10,12:14:42.744703,['BL99979']
2026-06-10,12:14:42.778070,[]
2026-06-10,12:14:42.811437,[]
2026-06-10,12:14:42.844804,[]
2026-06-10,12:14:42.878171,[]
2026-06-10,12:14:42.911538,[]
2026-06-10,12:14:42.944905,[]
2026-06-10,12:14:42.978272,[]
2026-06-10,12:14:43.011639,[]
2026-06-10,12:14:43.045006,[]
2026-06-10,12:14:43.078373,[]
2026-06-10,12:14:43.111740,[]
2026-06-10,12:14:43.145107,[]
2026-06-10,12:14:43.178474,[]
2026-06-10,12:14:43.211841,[]
2026-06-10,12:14:43.245208,[]
2026-06-10,12:14:43.278575,[]
2026-06-10,12:14:43.311942,[]
2026-06-10,12:14:43.345309,[]
2026-06-10,12:14:43.378676,[]
2026-06-10,12:14:43.412043,[]
2026-06-10,12:14:43.445410,[]
2026-06-10,12:14:43.478777,[]
2026-06-10,12:14:43.512144,[]
2026-06-10,12:14:43.545511,[]
2026-06-10,12:14:43.578878,[]
2026-06-10,12:14:43.612245,[]
2026-06-10,12:14:43.645612,[]
2026-06-10,12:14:43.678979,[]
2026-06-10,12:14:43.712346,[]
2026-06-10,12:14:43.745713,[]
2026-06-10,12:14:43.779080,[]
2026-06-10,12:14:43.812447,[]
2026-06-10,12:14:43.845814,[]
2026-06-10,12:14:43.879181,[]
2026-06-10,12:14:43.912548,[]
2026-06-10,12:14:43.945915,[]
2026-06-10,12:14:43.979282,[]
2026-06-10,12:14:44.012649,[]
2026-06-10,12:14:44.046016,[]
2026-06-10,12:14:44.079383,[]
2026-06-10,12:14:44.112750,[]
2026-06-10,12:14:44.146117,[]
2026-06-10,12:14:44.179484,[]
2026-06-10,12:14:44.212851,[]
2026-06-10,12:14:44.246218,[]
2026-06-10,12:14:44.279585,[]
2026-06-10,12:14:44.312952,[]
2026-06-10,12:14:44.346319,[]
2026-06-10,12:14:44.379686,[]
2026-06-10,12:14:44.413053,[]
2026-06-10,12:14:44.446420,[]
2026-06-10,12:14:44.479787,[]
2026-06-10,12:14:44.513154,[]
2026-06-10,12:14:44.546521,[]
2026-06-10,12:14:44.579888,[]
2026-06-10,12:14:44.613255,[]
2026-06-10,12:14:44.646622,[]
2026-06-10,12:14:44.679989,[]
2026-06-10,12:14:44.713356,[]
2026-06-10,12:14:44.746723,[]
2026-06-10,12:14:44.780090,[]
2026-06-10,12:14:44.813457,[]
2026-06-10,12:14:44.846824,[]
2026-06-10,12:14:44.880191,[]
2026-06-10,12:14:44.913558,[]
2026-06-10,12:14:44.946925,[]
2026-06-10,12:14:44.980292,[]
2026-06-10,12:14:45.013659,[]
2026-06-10,12:14:45.047026,[]
2026-06-10,12:14:45.080393,[]
2026-06-10,12:14:45.113760,[]
2026-06-10,12:14:45.147127,[]
2026-06-10,12:14:45.180494,[]
2026-06-10,12:14:45.213861,[]
2026-06-10,12:14:45.247228,[]
2026-06-10,12:14:45.280595,[]
2026-06-10,12:14:45.313962,[]
2026-06-10,12:14:45.347329,[]
2026-06-10,12:14:45.380696,[]
2026-06-10,12:14:45.414063,[]
2026-06-10,12:14:45.447430,[]
2026-06-10,12:14:45.480797,[]
2026-06-10,12:14:45.514164,[]
2026-06-10,12:14:45.547531,[]
2026-06-10,12:14:45.580898,[]
2026-06-10,12:14:45.614265,[]
2026-06-10,12:14:45.647632,[]
2026-06-10,12:14:45.680999,[]
2026-06-10,12:14:45.714366,[]
2026-06-10,12:14:45.747733,[]
2026-06-10,12:14:45.781100,[]
2026-06-10,12:14:45.814467,[]
2026-06-10,12:14:45.847834,[]
2026-06-10,12:14:45.881201,[]
2026-06-10,12:14:45.914568,[]
2026-06-10,12:14:45.947935,[]
2026-06-10,12:14:45.981302,[]
2026-06-10,12:14:46.014669,[]
2026-06-10,12:14:46.048036,[]
2026-06-10,12:14:46.081403,[]
2026-06-10,12:14:46.114770,[]
2026-06-10,12:14:46.148137,[]
2026-06-10,12:14:46.181504,[]
2026-06-10,12:14:46.214871,[]
2026-06-10,12:14:46.248238,[]
2026-06-10,12:14:46.281605,[]
2026-06-10,12:14:46.314972,[]
2026-06-10,12:14:46.348339,[]
2026-06-10,12:14:46.381706,[]
2026-06-10,12:14:46.415073,[]
2026-06-10,12:14:46.448440,[]
2026-06-10,12:14:46.481807,[]
2026-06-10,12:14:46.515174,[]
2026-06-10,12:14:46.548541,[]
2026-06-10,12:14:46.581908,[]
2026-06-10,12:14:46.615275,[]
2026-06-10,12:14:46.648642,[]
2026-06-10,12:14:46.682009,[]
2026-06-10,12:14:46.715376,[]
2026-06-10,12:14:46.748743,[]
2026-06-10,12:14:46.782110,[]
2026-06-10,12:14:46.815477,[]
2026-06-10,12:14:46.848844,[]
2026-06-10,12:14:46.882211,[]
2026-06-10,12:14:46.915578,[]
2026-06-10,12:14:46.948945,[]
2026-06-10,12:14:46.982312,[]
2026-06-10,12:14:47.015679,[]
2026-06-10,12:14:47.049046,[]
2026-06-10,12:14:47.082413,[]
2026-06-10,12:14:47.115780,[]
2026-06-10,12:14:47.149147,[]
2026-06-10,12:14:47.182514,[]
2026-06-10,12:14:47.215881,[]
2026-06-10,12:14:47.249248,[]
2026-06-10,12:14:47.282615,[]
2026-06-10,12:14:47.315982,[]
2026-06-10,12:14:47.349349,[]
2026-06-10,12:14:47.382716,[]
2026-06-10,12:14:47.416083,[]
2026-06-10,12:14:47.449450,[]
2026-06-10,12:14:47.482817,[]
2026-06-10,12:14:47.516184,[]
2026-06-10,12:14:47.549551,[]
2026-06-10,12:14:47.582918,[]
2026-06-10,12:14:47.616285,[]
2026-06-10,12:14:47.649652,[]
2026-06-10,12:14:47.683019,[]
2026-06-10,12:14:47.716386,[]
2026-06-10,12:14:47.749753,[]
2026-06-10,12:14:47.783120,[]
2026-06-10,12:14:47.816487,[]
2026-06-10,12:14:47.849854,[]
2026-06-10,12:14:47.883221,[]
2026-06-10,12:14:47.916588,[]
2026-06-10,12:14:47.949955,[]
2026-06-10,12:14:47.983322,[]
2026-06-10,12:14:48.016689,[]
2026-06-10,12:14:48.050056,[]
2026-06-10,12:14:48.083423,[]
2026-06-10,12:14:48.116790,[]
2026-06-10,12:14:48.150157,[]
2026-06-10,12:14:48.183524,[]
2026-06-10,12:14:48.216891,[]
2026-06-10,12:14:48.250258,[]
2026-06-10,12:14:48.283625,['BN99078']
2026-06-10,12:14:48.316992,['BN99078']
2026-06-10,12:14:48.350359,['BN99078']
2026-06-10,12:14:48.383726,['BN99078']
2026-06-10,12:14:48.417093,[]
2026-06-10,12:14:48.450460,[]
2026-06-10,12:14:48.483827,[]
2026-06-10,12:14:48.517194,[]
2026-06-10,12:14:48.550561,[]
2026-06-10,12:14:48.583928,[]
2026-06-10,12:14:48.617295,[]
2026-06-10,12:14:48.650662,[]
2026-06-10,12:14:48.684029,[]
2026-06-10,12:14:48.717396,[]
2026-06-10,12:14:48.750763,[]
2026-06-10,12:14:48.784130,[]
2026-06-10,12:14:48.817497,[]
2026-06-10,12:14:48.850864,[]
2026-06-10,12:14:48.884231,[]
2026-06-10,12:14:48.917598,[]
2026-06-10,12:14:48.950965,[]
2026-06-10,12:14:48.984332,[]
2026-06-10,12:14:49.017699,[]
2026-06-10,12:14:49.051066,[]
2026-06-10,12:14:49.084433,[]
2026-06-10,12:14:49.117800,[]
2026-06-10,12:14:49.151167,[]
2026-06-10,12:14:49.184534,[]
2026-06-10,12:14:49.217901,[]
2026-06-10,12:14:49.251268,[]
2026-06-10,12:14:49.284635,[]
2026-06-10,12:14:49.318002,[]
2026-06-10,12:14:49.351369,[]
2026-06-10,12:14:49.384736,[]
2026-06-10,12:14:49.418103,[]
2026-06-10,12:14:49.451470,[]
2026-06-10,12:14:49.484837,[]
2026-06-10,12:14:49.518204,[]
2026-06-10,12:14:49.551571,[]
2026-06-10,12:14:49.584938,[]
2026-06-10,12:14:49.618305,[]
2026-06-10,12:14:49.651672,[]
2026-06-10,12:14:49.685039,[]
2026-06-10,12:14:49.718406,[]
2026-06-10,12:14:49.751773,[]
2026-06-10,12:14:49.785140,[]
2026-06-10,12:14:49.818507,[]
2026-06-10,12:14:49.851874,[]
2026-06-10,12:14:49.885241,[]
2026-06-10,12:14:49.918608,[]
2026-06-10,12:14:49.951975,[]
2026-06-10,12:14:49.985342,[]
2026-06-10,12:14:50.018709,[]
2026-06-10,12:14:50.052076,[]
2026-06-10,12:14:50.085443,[]
2026-06-10,12:14:50.118810,[]
2026-06-10,12:14:50.152177,[]
2026-06-10,12:14:50.185544,[]
2026-06-10,12:14:50.218911,[]
2026-06-10,12:14:50.252278,[]
2026-06-10,12:14:50.285645,[]
2026-06-10,12:14:50.319012,[]
2026-06-10,12:14:50.352379,[]
2026-06-10,12:14:50.385746,[]
2026-06-10,12:14:50.419113,[]
2026-06-10,12:14:50.452480,[]
2026-06-10,12:14:50.485847,[]
2026-06-10,12:14:50.519214,[]
2026-06-10,12:14:50.552581,[]
2026-06-10,12:14:50.585948,[]
2026-06-10,12:14:50.619315,[]
2026-06-10,12:14:50.652682,[]
2026-06-10,12:14:50.686049,[]
2026-06-10,12:14:50.719416,[]
2026-06-10,12:14:50.752783,[]
2026-06-10,12:14:50.786150,[]
2026-06-10,12:14:50.819517,[]
2026-06-10,12:14:50.852884,[]
2026-06-10,12:14:50.886251,[]
2026-06-10,12:14:50.919618,[]
2026-06-10,12:14:50.952985,[]
2026-06-10,12:14:50.986352,[]
2026-06-10,12:14:51.019719,[]
2026-06-10,12:14:51.053086,[]
2026-06-10,12:14:51.086453,[]
2026-06-10,12:14:51.119820,[]
2026-06-10,12:14:51.153187,[]
2026-06-10,12:14:51.186554,[]
2026-06-10,12:14:51.219921,[]
2026-06-10,12:14:51.253288,[]
2026-06-10,12:14:51.286655,[]
2026-06-10,12:14:51.320022,[]
2026-06-10,12:14:51.353389,[]
2026-06-10,12:14:51.386756,[]
2026-06-10,12:14:51.420123,[]
2026-06-10,12:14:51.453490,[]
2026-06-10,12:14:51.486857,[]
2026-06-10,12:14:51.520224,[]
2026-06-10,12:14:51.553591,[]
2026-06-10,12:14:51.586958,[]
2026-06-10,12:14:51.620325,[]
2026-06-10,12:14:51.653692,[]
2026-06-10,12:14:51.687059,[]
2026-06-10,12:14:51.720426,[]
2026-06-10,12:14:51.753793,[]
2026-06-10,12:14:51.787160,[]
2026-06-10,12:14:51.820527,[]
2026-06-10,12:14:51.853894,[]
2026-06-10,12:14:51.887261,[]
2026-06-10,12:14:51.920628,[]
2026-06-10,12:14:51.953995,[]
2026-06-10,12:14:51.987362,[]
2026-06-10,12:14:52.020729,[]
2026-06-10,12:14:52.054096,[]
2026-06-10,12:14:52.087463,[]
2026-06-10,12:14:52.120830,[]
2026-06-10,12:14:52.154197,[]
2026-06-10,12:14:52.187564,[]
2026-06-10,12:14:52.220931,[]
2026-06-10,12:14:52.254298,[]
2026-06-10,12:14:52.287665,[]
2026-06-10,12:14:52.321032,[]
2026-06-10,12:14:52.354399,[]
2026-06-10,12:14:52.387766,[]
2026-06-10,12:14:52.421133,[]
2026-06-10,12:14:52.454500,[]
2026-06-10,12:14:52.487867,[]
2026-06-10,12:14:52.521234,[]
2026-06-10,12:14:52.554601,[]
2026-06-10,12:14:52.587968,[]
2026-06-10,12:14:52.621335,[]
2026-06-10,12:14:52.654702,[]
2026-06-10,12:14:52.688069,[]
2026-06-10,12:14:52.721436,[]
2026-06-10,12:14:52.754803,[]
2026-06-10,12:14:52.788170,[]
2026-06-10,12:14:52.821537,[]
2026-06-10,12:14:52.854904,[]
2026-06-10,12:14:52.888271,[]
2026-06-10,12:14:52.921638,[]
2026-06-10,12:14:52.955005,[]
2026-06-10,12:14:52.988372,[]
2026-06-10,12:14:53.021739,[]
2026-06-10,12:14:53.055106,[]
2026-06-10,12:14:53.088473,[]
2026-06-10,12:14:53.121840,[]
2026-06-10,12:14:53.155207,[]
2026-06-10,12:14:53.188574,[]
2026-06-10,12:14:53.221941,[]
2026-06-10,12:14:53.255308,[]
2026-06-10,12:14:53.288675,[]
2026-06-10,12:14:53.322042,[]
2026-06-10,12:14:53.355409,[]
2026-06-10,12:14:53.388776,[]
2026-06-10,12:14:53.422143,[]
2026-06-10,12:14:53.455510,[]
2026-06-10,12:14:53.488877,[]
2026-06-10,12:14:53.522244,[]
2026-06-10,12:14:53.555611,[]
2026-06-10,12:14:53.588978,[]
2026-06-10,12:14:53.622345,[]
2026-06-10,12:14:53.655712,[]
2026-06-10,12:14:53.689079,[]
2026-06-10,12:14:53.722446,[]
2026-06-10,12:14:53.755813,[]
2026-06-10,12:14:53.789180,[]
2026-06-10,12:14:53.822547,[]
2026-06-10,12:14:53.855914,[]
2026-06-10,12:14:53.889281,[]
2026-06-10,12:14:53.922648,[]
2026-06-10,12:14:53.956015,[]
2026-06-10,12:14:53.989382,[]
2026-06-10,12:14:54.022749,[]
2026-06-10,12:14:54.056116,[]
2026-06-10,12:14:54.089483,[]
2026-06-10,12:14:54.122850,[]
2026-06-10,12:14:54.156217,[]
2026-06-10,12:14:54.189584,[]
2026-06-10,12:14:54.222951,[]
2026-06-10,12:14:54.256318,[]
2026-06-10,12:14:54.289685,[]
2026-06-10,12:14:54.323052,[]
2026-06-10,12:14:54.356419,[]
2026-06-10,12:14:54.389786,[]
2026-06-10,12:14:54.423153,[]
2026-06-10,12:14:54.456520,[]
2026-06-10,12:14:54.489887,[]
2026-06-10,12:14:54.523254,[]
2026-06-10,12:14:54.556621,[]
2026-06-10,12:14:54.589988,[]
2026-06-10,12:14:54.623355,[]
2026-06-10,12:14:54.656722,[]
2026-06-10,12:14:54.690089,[]
2026-06-10,12:14:54.723456,[]
2026-06-10,12:14:54.756823,[]
2026-06-10,12:14:54.790190,[]
2026-06-10,12:14:54.823557,[]
2026-06-10,12:14:54.856924,[]
2026-06-10,12:14:54.890291,[]
2026-06-10,12:14:54.923658,[]
2026-06-10,12:14:54.957025,[]
2026-06-10,12:14:54.990392,[]
2026-06-10,12:14:55.023759,[]
2026-06-10,12:14:55.057126,[]
2026-06-10,12:14:55.090493,[]
2026-06-10,12:14:55.123860,[]
2026-06-10,12:14:55.157227,[]
2026-06-10,12:14:55.190594,[]
2026-06-10,12:14:55.223961,[]
2026-06-10,12:14:55.257328,[]
2026-06-10,12:14:55.290695,[]
2026-06-10,12:14:55.324062,[]
2026-06-10,12:14:55.357429,[]
2026-06-10,12:14:55.390796,[]
2026-06-10,12:14:55.424163,[]
2026-06-10,12:14:55.457530,[]
2026-06-10,12:14:55.490897,[]
2026-06-10,12:14:55.524264,[]
2026-06-10,12:14:55.557631,[]
2026-06-10,12:14:55.590998,[]
2026-06-10,12:14:55.624365,[]
2026-06-10,12:14:55.657732,[]
2026-06-10,12:14:55.691099,[]
2026-06-10,12:14:55.724466,[]
2026-06-10,12:14:55.757833,[]
2026-06-10,12:14:55.791200,[]
2026-06-10,12:14:55.824567,[]
2026-06-10,12:14:55.857934,[]
2026-06-10,12:14:55.891301,[]
2026-06-10,12:14:55.924668,[]
2026-06-10,12:14:55.958035,[]
2026-06-10,12:14:55.991402,[]
2026-06-10,12:14:56.024769,[]
2026-06-10,12:14:56.058136,[]
2026-06-10,12:14:56.091503,[]
2026-06-10,12:14:56.124870,[]
2026-06-10,12:14:56.158237,[]
2026-06-10,12:14:56.191604,[]
2026-06-10,12:14:56.224971,[]
2026-06-10,12:14:56.258338,[]
2026-06-10,12:14:56.291705,[]
2026-06-10,12:14:56.325072,[]
2026-06-10,12:14:56.358439,[]
2026-06-10,12:14:56.391806,[]
2026-06-10,12:14:56.425173,[]
2026-06-10,12:14:56.458540,[]
2026-06-10,12:14:56.491907,[]
2026-06-10,12:14:56.525274,[]
2026-06-10,12:14:56.558641,[]
2026-06-10,12:14:56.592008,[]
2026-06-10,12:14:56.625375,[]
2026-06-10,12:14:56.658742,[]
2026-06-10,12:14:56.692109,[]
2026-06-10,12:14:56.725476,[]
2026-06-10,12:14:56.758843,[]
2026-06-10,12:14:56.792210,[]
2026-06-10,12:14:56.825577,[]
2026-06-10,12:14:56.858944,[]
2026-06-10,12:14:56.892311,[]
2026-06-10,12:14:56.925678,[]
2026-06-10,12:14:56.959045,[]
2026-06-10,12:14:56.992412,[]
2026-06-10,12:14:57.025779,[]
2026-06-10,12:14:57.059146,[]
2026-06-10,12:14:57.092513,[]
2026-06-10,12:14:57.125880,[]
2026-06-10,12:14:57.159247,[]
2026-06-10,12:14:57.192614,[]
2026-06-10,12:14:57.225981,[]
2026-06-10,12:14:57.259348,[]
2026-06-10,12:14:57.292715,[]
2026-06-10,12:14:57.326082,[]
2026-06-10,12:14:57.359449,[]
2026-06-10,12:14:57.392816,[]
2026-06-10,12:14:57.426183,[]
2026-06-10,12:14:57.459550,[]
2026-06-10,12:14:57.492917,[]
2026-06-10,12:14:57.526284,[]
2026-06-10,12:14:57.559651,[]
2026-06-10,12:14:57.593018,[]
2026-06-10,12:14:57.626385,[]
2026-06-10,12:14:57.659752,[]
2026-06-10,12:14:57.693119,[]
2026-06-10,12:14:57.726486,[]
2026-06-10,12:14:57.759853,[]
2026-06-10,12:14:57.793220,[]
2026-06-10,12:14:57.826587,[]
2026-06-10,12:14:57.859954,[]
2026-06-10,12:14:57.893321,[]
2026-06-10,12:14:57.926688,[]
2026-06-10,12:14:57.960055,[]
2026-06-10,12:14:57.993422,[]
2026-06-10,12:14:58.026789,[]
2026-06-10,12:14:58.060156,[]
2026-06-10,12:14:58.093523,[]
2026-06-10,12:14:58.126890,[]
2026-06-10,12:14:58.160257,[]
2026-06-10,12:14:58.193624,[]
2026-06-10,12:14:58.226991,[]
2026-06-10,12:14:58.260358,[]
2026-06-10,12:14:58.293725,[]
2026-06-10,12:14:58.327092,[]
2026-06-10,12:14:58.360459,[]
2026-06-10,12:14:58.393826,[]
2026-06-10,12:14:58.427193,[]
2026-06-10,12:14:58.460560,[]
2026-06-10,12:14:58.493927,[]
2026-06-10,12:14:58.527294,[]
2026-06-10,12:14:58.560661,[]
2026-06-10,12:14:58.594028,[]
2026-06-10,12:14:58.627395,[]
2026-06-10,12:14:58.660762,[]
2026-06-10,12:14:58.694129,[]
2026-06-10,12:14:58.727496,[]
2026-06-10,12:14:58.760863,[]
2026-06-10,12:14:58.794230,[]
2026-06-10,12:14:58.827597,[]
2026-06-10,12:14:58.860964,[]
2026-06-10,12:14:58.894331,[]
2026-06-10,12:14:58.927698,[]
2026-06-10,12:14:58.961065,[]
2026-06-10,12:14:58.994432,[]
2026-06-10,12:14:59.027799,[]
2026-06-10,12:14:59.061166,[]
2026-06-10,12:14:59.094533,[]
2026-06-10,12:14:59.127900,[]
2026-06-10,12:14:59.161267,[]
2026-06-10,12:14:59.194634,[]
2026-06-10,12:14:59.228001,[]
2026-06-10,12:14:59.261368,[]
2026-06-10,12:14:59.294735,[]
2026-06-10,12:14:59.328102,[]
2026-06-10,12:14:59.361469,[]
2026-06-10,12:14:59.394836,[]
2026-06-10,12:14:59.428203,[]
2026-06-10,12:14:59.461570,[]
2026-06-10,12:14:59.494937,[]
2026-06-10,12:14:59.528304,[]
2026-06-10,12:14:59.561671,[]
2026-06-10,12:14:59.595038,[]
2026-06-10,12:14:59.628405,[]
2026-06-10,12:14:59.661772,[]
2026-06-10,12:14:59.695139,[]
2026-06-10,12:14:59.728506,[]
2026-06-10,12:14:59.761873,[]
2026-06-10,12:14:59.795240,[]
2026-06-10,12:14:59.828607,[]
2026-06-10,12:14:59.861974,[]
2026-06-10,12:14:59.895341,[]
2026-06-10,12:14:59.928708,[]
2026-06-10,12:14:59.962075,[]
2026-06-10,12:14:59.995442,[]
2026-06-10,12:15:00.028809,[]
2026-06-10,12:15:00.062176,[]
2026-06-10,12:15:00.095543,[]
2026-06-10,12:15:00.128910,[]
2026-06-10,12:15:00.162277,[]
2026-06-10,12:15:00.195644,[]
2026-06-10,12:15:00.229011,[]
2026-06-10,12:15:00.262378,[]
2026-06-10,12:15:00.295745,[]
2026-06-10,12:15:00.329112,[]
2026-06-10,12:15:00.362479,[]
2026-06-10,12:15:00.395846,[]
2026-06-10,12:15:00.429213,[]
2026-06-10,12:15:00.462580,[]
2026-06-10,12:15:00.495947,[]
2026-06-10,12:15:00.529314,[]
2026-06-10,12:15:00.562681,[]
2026-06-10,12:15:00.596048,[]
2026-06-10,12:15:00.629415,[]
2026-06-10,12:15:00.662782,[]
2026-06-10,12:15:00.696149,[]
2026-06-10,12:15:00.729516,[]
2026-06-10,12:15:00.762883,[]
2026-06-10,12:15:00.796250,[]
2026-06-10,12:15:00.829617,[]
2026-06-10,12:15:00.862984,[]
2026-06-10,12:15:00.896351,[]
2026-06-10,12:15:00.929718,[]
2026-06-10,12:15:00.963085,[]
2026-06-10,12:15:00.996452,[]
2026-06-10,12:15:01.029819,[]
2026-06-10,12:15:01.063186,[]
2026-06-10,12:15:01.096553,[]
2026-06-10,12:15:01.129920,[]
2026-06-10,12:15:01.163287,[]
2026-06-10,12:15:01.196654,[]
2026-06-10,12:15:01.230021,[]
2026-06-10,12:15:01.263388,[]
2026-06-10,12:15:01.296755,[]
2026-06-10,12:15:01.330122,[]
2026-06-10,12:15:01.363489,[]
2026-06-10,12:15:01.396856,[]
2026-06-10,12:15:01.430223,[]
2026-06-10,12:15:01.463590,[]
2026-06-10,12:15:01.496957,[]
2026-06-10,12:15:01.530324,[]
2026-06-10,12:15:01.563691,[]
2026-06-10,12:15:01.597058,[]
2026-06-10,12:15:01.630425,[]
2026-06-10,12:15:01.663792,[]
2026-06-10,12:15:01.697159,[]
2026-06-10,12:15:01.730526,[]
2026-06-10,12:15:01.763893,[]
2026-06-10,12:15:01.797260,[]
2026-06-10,12:15:01.830627,[]
2026-06-10,12:15:01.863994,[]
2026-06-10,12:15:01.897361,[]
2026-06-10,12:15:01.930728,[]
2026-06-10,12:15:01.964095,[]
2026-06-10,12:15:01.997462,[]
2026-06-10,12:15:02.030829,[]
2026-06-10,12:15:02.064196,[]
2026-06-10,12:15:02.097563,[]
2026-06-10,12:15:02.130930,[]
2026-06-10,12:15:02.164297,[]
2026-06-10,12:15:02.197664,[]
2026-06-10,12:15:02.231031,[]
2026-06-10,12:15:02.264398,[]
2026-06-10,12:15:02.297765,[]
2026-06-10,12:15:02.331132,[]
2026-06-10,12:15:02.364499,[]
2026-06-10,12:15:02.397866,[]
2026-06-10,12:15:02.431233,[]
2026-06-10,12:15:02.464600,[]
2026-06-10,12:15:02.497967,[]
2026-06-10,12:15:02.531334,[]
2026-06-10,12:15:02.564701,[]
2026-06-10,12:15:02.598068,[]
2026-06-10,12:15:02.631435,[]
2026-06-10,12:15:02.664802,[]
2026-06-10,12:15:02.698169,[]
2026-06-10,12:15:02.731536,[]
2026-06-10,12:15:02.764903,[]
2026-06-10,12:15:02.798270,[]
2026-06-10,12:15:02.831637,[]
2026-06-10,12:15:02.865004,[]
2026-06-10,12:15:02.898371,[]
2026-06-10,12:15:02.931738,[]
2026-06-10,12:15:02.965105,[]
2026-06-10,12:15:02.998472,[]
2026-06-10,12:15:03.031839,[]
2026-06-10,12:15:03.065206,[]
2026-06-10,12:15:03.098573,[]
2026-06-10,12:15:03.131940,[]
2026-06-10,12:15:03.165307,[]
2026-06-10,12:15:03.198674,[]
2026-06-10,12:15:03.232041,[]
2026-06-10,12:15:03.265408,[]
2026-06-10,12:15:03.298775,[]
2026-06-10,12:15:03.332142,[]
2026-06-10,12:15:03.365509,[]
2026-06-10,12:15:03.398876,[]
2026-06-10,12:15:03.432243,[]
2026-06-10,12:15:03.465610,[]
2026-06-10,12:15:03.498977,[]
2026-06-10,12:15:03.532344,[]
2026-06-10,12:15:03.565711,[]
2026-06-10,12:15:03.599078,[]
2026-06-10,12:15:03.632445,[]
2026-06-10,12:15:03.665812,[]
2026-06-10,12:15:03.699179,[]
2026-06-10,12:15:03.732546,[]
2026-06-10,12:15:03.765913,[]
2026-06-10,12:15:03.799280,[]
2026-06-10,12:15:03.832647,[]
2026-06-10,12:15:03.866014,[]
2026-06-10,12:15:03.899381,[]
2026-06-10,12:15:03.932748,[]
2026-06-10,12:15:03.966115,[]
2026-06-10,12:15:03.999482,[]
2026-06-10,12:15:04.032849,[]
2026-06-10,12:15:04.066216,[]
2026-06-10,12:15:04.099583,[]
2026-06-10,12:15:04.132950,[]
2026-06-10,12:15:04.166317,[]
2026-06-10,12:15:04.199684,[]
2026-06-10,12:15:04.233051,[]
2026-06-10,12:15:04.266418,[]
2026-06-10,12:15:04.299785,[]
2026-06-10,12:15:04.333152,[]
2026-06-10,12:15:04.366519,[]
2026-06-10,12:15:04.399886,[]
2026-06-10,12:15:04.433253,[]
2026-06-10,12:15:04.466620,[]
2026-06-10,12:15:04.499987,[]
2026-06-10,12:15:04.533354,[]
2026-06-10,12:15:04.566721,[]
2026-06-10,12:15:04.600088,[]
2026-06-10,12:15:04.633455,[]
2026-06-10,12:15:04.666822,[]
2026-06-10,12:15:04.700189,[]
2026-06-10,12:15:04.733556,[]
2026-06-10,12:15:04.766923,[]
2026-06-10,12:15:04.800290,[]
2026-06-10,12:15:04.833657,[]
2026-06-10,12:15:04.867024,[]
2026-06-10,12:15:04.900391,[]
2026-06-10,12:15:04.933758,[]
2026-06-10,12:15:04.967125,[]
2026-06-10,12:15:05.000492,[]
2026-06-10,12:15:05.033859,[]
2026-06-10,12:15:05.067226,[]
2026-06-10,12:15:05.100593,[]
2026-06-10,12:15:05.133960,[]
2026-06-10,12:15:05.167327,[]
2026-06-10,12:15:05.200694,[]
2026-06-10,12:15:05.234061,[]
2026-06-10,12:15:05.267428,[]
2026-06-10,12:15:05.300795,[]
2026-06-10,12:15:05.334162,[]
2026-06-10,12:15:05.367529,[]
2026-06-10,12:15:05.400896,[]
2026-06-10,12:15:05.434263,[]
2026-06-10,12:15:05.467630,[]
2026-06-10,12:15:05.500997,[]
2026-06-10,12:15:05.534364,[]
2026-06-10,12:15:05.567731,[]
2026-06-10,12:15:05.601098,[]
2026-06-10,12:15:05.634465,[]
2026-06-10,12:15:05.667832,[]
2026-06-10,12:15:05.701199,[]
2026-06-10,12:15:05.734566,[]
2026-06-10,12:15:05.767933,[]
2026-06-10,12:15:05.801300,[]
2026-06-10,12:15:05.834667,[]
2026-06-10,12:15:05.868034,[]
2026-06-10,12:15:05.901401,[]
2026-06-10,12:15:05.934768,[]
2026-06-10,12:15:05.968135,[]
2026-06-10,12:15:06.001502,[]
2026-06-10,12:15:06.034869,[]
2026-06-10,12:15:06.068236,[]
2026-06-10,12:15:06.101603,[]
2026-06-10,12:15:06.134970,[]
2026-06-10,12:15:06.168337,[]
2026-06-10,12:15:06.201704,[]
2026-06-10,12:15:06.235071,[]
2026-06-10,12:15:06.268438,[]
2026-06-10,12:15:06.301805,[]
2026-06-10,12:15:06.335172,[]
2026-06-10,12:15:06.368539,[]
2026-06-10,12:15:06.401906,[]
2026-06-10,12:15:06.435273,[]
2026-06-10,12:15:06.468640,[]
2026-06-10,12:15:06.502007,[]
2026-06-10,12:15:06.535374,[]
2026-06-10,12:15:06.568741,[]
2026-06-10,12:15:06.602108,[]
2026-06-10,12:15:06.635475,[]
2026-06-10,12:15:06.668842,[]
2026-06-10,12:15:06.702209,[]
2026-06-10,12:15:06.735576,[]
2026-06-10,12:15:06.768943,[]
2026-06-10,12:15:06.802310,[]
2026-06-10,12:15:06.835677,[]
2026-06-10,12:15:06.869044,[]
2026-06-10,12:15:06.902411,[]
2026-06-10,12:15:06.935778,[]
2026-06-10,12:15:06.969145,[]
2026-06-10,12:15:07.002512,[]
2026-06-10,12:15:07.035879,[]
2026-06-10,12:15:07.069246,[]
2026-06-10,12:15:07.102613,[]
2026-06-10,12:15:07.135980,[]
2026-06-10,12:15:07.169347,[]
2026-06-10,12:15:07.202714,[]
2026-06-10,12:15:07.236081,[]
2026-06-10,12:15:07.269448,[]
2026-06-10,12:15:07.302815,[]
2026-06-10,12:15:07.336182,[]
2026-06-10,12:15:07.369549,[]
2026-06-10,12:15:07.402916,[]
2026-06-10,12:15:07.436283,[]
2026-06-10,12:15:07.469650,[]
2026-06-10,12:15:07.503017,[]
2026-06-10,12:15:07.536384,[]
2026-06-10,12:15:07.569751,[]
2026-06-10,12:15:07.603118,[]
2026-06-10,12:15:07.636485,[]
2026-06-10,12:15:07.669852,[]
2026-06-10,12:15:07.703219,[]
2026-06-10,12:15:07.736586,[]
2026-06-10,12:15:07.769953,[]
2026-06-10,12:15:07.803320,[]
2026-06-10,12:15:07.836687,[]
2026-06-10,12:15:07.870054,[]
2026-06-10,12:15:07.903421,[]
2026-06-10,12:15:07.936788,[]
2026-06-10,12:15:07.970155,[]
2026-06-10,12:15:08.003522,[]
2026-06-10,12:15:08.036889,[]
2026-06-10,12:15:08.070256,[]
2026-06-10,12:15:08.103623,[]
2026-06-10,12:15:08.136990,[]
2026-06-10,12:15:08.170357,[]
2026-06-10,12:15:08.203724,[]
2026-06-10,12:15:08.237091,[]
2026-06-10,12:15:08.270458,[]
2026-06-10,12:15:08.303825,[]
2026-06-10,12:15:08.337192,[]
2026-06-10,12:15:08.370559,[]
2026-06-10,12:15:08.403926,[]
2026-06-10,12:15:08.437293,[]
2026-06-10,12:15:08.470660,[]
2026-06-10,12:15:08.504027,[]
2026-06-10,12:15:08.537394,[]
2026-06-10,12:15:08.570761,[]
2026-06-10,12:15:08.604128,[]
2026-06-10,12:15:08.637495,[]
2026-06-10,12:15:08.670862,[]
2026-06-10,12:15:08.704229,[]
2026-06-10,12:15:08.737596,[]
2026-06-10,12:15:08.770963,[]
2026-06-10,12:15:08.804330,[]
2026-06-10,12:15:08.837697,[]
2026-06-10,12:15:08.871064,[]
2026-06-10,12:15:08.904431,[]
2026-06-10,12:15:08.937798,[]
2026-06-10,12:15:08.971165,[]
2026-06-10,12:15:09.004532,[]
2026-06-10,12:15:09.037899,[]
2026-06-10,12:15:09.071266,[]
2026-06-10,12:15:09.104633,[]
2026-06-10,12:15:09.138000,[]
2026-06-10,12:15:09.171367,[]
2026-06-10,12:15:09.204734,[]
2026-06-10,12:15:09.238101,[]
2026-06-10,12:15:09.271468,[]
2026-06-10,12:15:09.304835,[]
2026-06-10,12:15:09.338202,[]
2026-06-10,12:15:09.371569,[]
2026-06-10,12:15:09.404936,[]
2026-06-10,12:15:09.438303,[]
2026-06-10,12:15:09.471670,[]
2026-06-10,12:15:09.505037,[]
2026-06-10,12:15:09.538404,[]
2026-06-10,12:15:09.571771,[]
2026-06-10,12:15:09.605138,[]
2026-06-10,12:15:09.638505,[]
2026-06-10,12:15:09.671872,[]
2026-06-10,12:15:09.705239,[]
2026-06-10,12:15:09.738606,[]
2026-06-10,12:15:09.771973,[]
2026-06-10,12:15:09.805340,[]
2026-06-10,12:15:09.838707,[]
2026-06-10,12:15:09.872074,[]
2026-06-10,12:15:09.905441,[]
2026-06-10,12:15:09.938808,[]
2026-06-10,12:15:09.972175,[]
2026-06-10,12:15:10.005542,[]
2026-06-10,12:15:10.038909,[]
2026-06-10,12:15:10.072276,[]
2026-06-10,12:15:10.105643,[]
2026-06-10,12:15:10.139010,[]
2026-06-10,12:15:10.172377,[]
2026-06-10,12:15:10.205744,[]
2026-06-10,12:15:10.239111,[]
2026-06-10,12:15:10.272478,[]
2026-06-10,12:15:10.305845,[]
2026-06-10,12:15:10.339212,[]
2026-06-10,12:15:10.372579,[]
2026-06-10,12:15:10.405946,[]
2026-06-10,12:15:10.439313,[]
2026-06-10,12:15:10.472680,[]
2026-06-10,12:15:10.506047,[]
2026-06-10,12:15:10.539414,[]
2026-06-10,12:15:10.572781,[]
2026-06-10,12:15:10.606148,[]
2026-06-10,12:15:10.639515,[]
2026-06-10,12:15:10.672882,[]
2026-06-10,12:15:10.706249,[]
2026-06-10,12:15:10.739616,[]
2026-06-10,12:15:10.772983,[]
2026-06-10,12:15:10.806350,[]
2026-06-10,12:15:10.839717,[]
2026-06-10,12:15:10.873084,[]
2026-06-10,12:15:10.906451,[]
2026-06-10,12:15:10.939818,[]
2026-06-10,12:15:10.973185,[]
2026-06-10,12:15:11.006552,[]
2026-06-10,12:15:11.039919,[]
2026-06-10,12:15:11.073286,[]
2026-06-10,12:15:11.106653,[]
2026-06-10,12:15:11.140020,[]
2026-06-10,12:15:11.173387,[]
2026-06-10,12:15:11.206754,[]
2026-06-10,12:15:11.240121,[]
2026-06-10,12:15:11.273488,[]
2026-06-10,12:15:11.306855,[]
2026-06-10,12:15:11.340222,[]
2026-06-10,12:15:11.373589,[]
2026-06-10,12:15:11.406956,[]
2026-06-10,12:15:11.440323,[]
2026-06-10,12:15:11.473690,[]
2026-06-10,12:15:11.507057,[]
2026-06-10,12:15:11.540424,[]
2026-06-10,12:15:11.573791,[]
2026-06-10,12:15:11.607158,[]
2026-06-10,12:15:11.640525,[]
2026-06-10,12:15:11.673892,[]
2026-06-10,12:15:11.707259,[]
2026-06-10,12:15:11.740626,[]
2026-06-10,12:15:11.773993,[]
2026-06-10,12:15:11.807360,[]
2026-06-10,12:15:11.840727,[]
2026-06-10,12:15:11.874094,[]
2026-06-10,12:15:11.907461,[]
2026-06-10,12:15:11.940828,[]
2026-06-10,12:15:11.974195,[]
2026-06-10,12:15:12.007562,[]
2026-06-10,12:15:12.040929,[]
2026-06-10,12:15:12.074296,[]
2026-06-10,12:15:12.107663,[]
2026-06-10,12:15:12.141030,[]
2026-06-10,12:15:12.174397,[]
2026-06-10,12:15:12.207764,[]
2026-06-10,12:15:12.241131,[]
2026-06-10,12:15:12.274498,[]
2026-06-10,12:15:12.307865,[]
2026-06-10,12:15:12.341232,[]
2026-06-10,12:15:12.374599,[]
2026-06-10,12:15:12.407966,[]
2026-06-10,12:15:12.441333,[]
2026-06-10,12:15:12.474700,[]
2026-06-10,12:15:12.508067,[]
2026-06-10,12:15:12.541434,[]
2026-06-10,12:15:12.574801,[]
2026-06-10,12:15:12.608168,[]
2026-06-10,12:15:12.641535,[]
2026-06-10,12:15:12.674902,[]
2026-06-10,12:15:12.708269,[]
2026-06-10,12:15:12.741636,[]
2026-06-10,12:15:12.775003,[]
2026-06-10,12:15:12.808370,[]
2026-06-10,12:15:12.841737,[]
2026-06-10,12:15:12.875104,[]
2026-06-10,12:15:12.908471,[]
2026-06-10,12:15:12.941838,[]
2026-06-10,12:15:12.975205,[]
2026-06-10,12:15:13.008572,[]
2026-06-10,12:15:13.041939,[]
2026-06-10,12:15:13.075306,[]
2026-06-10,12:15:13.108673,[]
2026-06-10,12:15:13.142040,[]
2026-06-10,12:15:13.175407,[]
2026-06-10,12:15:13.208774,[]
2026-06-10,12:15:13.242141,[]
2026-06-10,12:15:13.275508,[]
2026-06-10,12:15:13.308875,[]
2026-06-10,12:15:13.342242,[]
2026-06-10,12:15:13.375609,[]
2026-06-10,12:15:13.408976,[]
2026-06-10,12:15:13.442343,[]
2026-06-10,12:15:13.475710,['DS88280']
2026-06-10,12:15:13.509077,['DS88280']
2026-06-10,12:15:13.542444,[]
2026-06-10,12:15:13.575811,[]
2026-06-10,12:15:13.609178,[]
2026-06-10,12:15:13.642545,[]
2026-06-10,12:15:13.675912,[]
2026-06-10,12:15:13.709279,[]
2026-06-10,12:15:13.742646,[]
2026-06-10,12:15:13.776013,[]
2026-06-10,12:15:13.809380,[]
2026-06-10,12:15:13.842747,[]
2026-06-10,12:15:13.876114,[]
2026-06-10,12:15:13.909481,[]
2026-06-10,12:15:13.942848,[]
2026-06-10,12:15:13.976215,[]
2026-06-10,12:15:14.009582,[]
2026-06-10,12:15:14.042949,[]
2026-06-10,12:15:14.076316,[]
2026-06-10,12:15:14.109683,[]
2026-06-10,12:15:14.143050,[]
2026-06-10,12:15:14.176417,[]
2026-06-10,12:15:14.209784,[]
2026-06-10,12:15:14.243151,[]
2026-06-10,12:15:14.276518,[]
2026-06-10,12:15:14.309885,[]
2026-06-10,12:15:14.343252,[]
2026-06-10,12:15:14.376619,[]
2026-06-10,12:15:14.409986,[]
2026-06-10,12:15:14.443353,[]
2026-06-10,12:15:14.476720,[]
2026-06-10,12:15:14.510087,[]
2026-06-10,12:15:14.543454,[]
2026-06-10,12:15:14.576821,[]
2026-06-10,12:15:14.610188,[]
2026-06-10,12:15:14.643555,[]
2026-06-10,12:15:14.676922,[]
2026-06-10,12:15:14.710289,[]
2026-06-10,12:15:14.743656,[]
2026-06-10,12:15:14.777023,[]
2026-06-10,12:15:14.810390,[]
2026-06-10,12:15:14.843757,[]
2026-06-10,12:15:14.877124,[]
2026-06-10,12:15:14.910491,[]
2026-06-10,12:15:14.943858,[]
2026-06-10,12:15:14.977225,[]
2026-06-10,12:15:15.010592,[]
2026-06-10,12:15:15.043959,[]
2026-06-10,12:15:15.077326,[]
2026-06-10,12:15:15.110693,[]
2026-06-10,12:15:15.144060,[]
2026-06-10,12:15:15.177427,[]
2026-06-10,12:15:15.210794,[]
2026-06-10,12:15:15.244161,[]
2026-06-10,12:15:15.277528,[]
2026-06-10,12:15:15.310895,[]
2026-06-10,12:15:15.344262,[]
2026-06-10,12:15:15.377629,[]
2026-06-10,12:15:15.410996,[]
2026-06-10,12:15:15.444363,[]
2026-06-10,12:15:15.477730,[]
2026-06-10,12:15:15.511097,[]
2026-06-10,12:15:15.544464,[]
2026-06-10,12:15:15.577831,[]
2026-06-10,12:15:15.611198,[]
2026-06-10,12:15:15.644565,[]
2026-06-10,12:15:15.677932,[]
2026-06-10,12:15:15.711299,[]
2026-06-10,12:15:15.744666,[]
2026-06-10,12:15:15.778033,[]
2026-06-10,12:15:15.811400,[]
2026-06-10,12:15:15.844767,[]
2026-06-10,12:15:15.878134,[]
2026-06-10,12:15:15.911501,[]
2026-06-10,12:15:15.944868,[]
2026-06-10,12:15:15.978235,[]
2026-06-10,12:15:16.011602,[]
2026-06-10,12:15:16.044969,[]
2026-06-10,12:15:16.078336,[]
2026-06-10,12:15:16.111703,[]
2026-06-10,12:15:16.145070,[]
2026-06-10,12:15:16.178437,[]
2026-06-10,12:15:16.211804,[]
2026-06-10,12:15:16.245171,[]
2026-06-10,12:15:16.278538,[]
2026-06-10,12:15:16.311905,[]
2026-06-10,12:15:16.345272,[]
2026-06-10,12:15:16.378639,[]
2026-06-10,12:15:16.412006,[]
2026-06-10,12:15:16.445373,[]
2026-06-10,12:15:16.478740,[]
2026-06-10,12:15:16.512107,[]
2026-06-10,12:15:16.545474,[]
2026-06-10,12:15:16.578841,[]
2026-06-10,12:15:16.612208,[]
2026-06-10,12:15:16.645575,[]
2026-06-10,12:15:16.678942,[]
2026-06-10,12:15:16.712309,[]
2026-06-10,12:15:16.745676,[]
2026-06-10,12:15:16.779043,[]
2026-06-10,12:15:16.812410,[]
2026-06-10,12:15:16.845777,[]
2026-06-10,12:15:16.879144,[]
2026-06-10,12:15:16.912511,[]
2026-06-10,12:15:16.945878,[]
2026-06-10,12:15:16.979245,[]
2026-06-10,12:15:17.012612,[]
2026-06-10,12:15:17.045979,[]
2026-06-10,12:15:17.079346,[]
2026-06-10,12:15:17.112713,[]
2026-06-10,12:15:17.146080,[]
2026-06-10,12:15:17.179447,[]
2026-06-10,12:15:17.212814,[]
2026-06-10,12:15:17.246181,[]
2026-06-10,12:15:17.279548,[]
2026-06-10,12:15:17.312915,[]
2026-06-10,12:15:17.346282,[]
2026-06-10,12:15:17.379649,[]
2026-06-10,12:15:17.413016,[]
2026-06-10,12:15:17.446383,[]
2026-06-10,12:15:17.479750,[]
2026-06-10,12:15:17.513117,[]
2026-06-10,12:15:17.546484,[]
2026-06-10,12:15:17.579851,[]
2026-06-10,12:15:17.613218,[]
2026-06-10,12:15:17.646585,[]
2026-06-10,12:15:17.679952,[]
2026-06-10,12:15:17.713319,[]
2026-06-10,12:15:17.746686,[]
2026-06-10,12:15:17.780053,[]
2026-06-10,12:15:17.813420,[]
2026-06-10,12:15:17.846787,[]
2026-06-10,12:15:17.880154,[]
2026-06-10,12:15:17.913521,[]
2026-06-10,12:15:17.946888,[]
2026-06-10,12:15:17.980255,[]
2026-06-10,12:15:18.013622,[]
2026-06-10,12:15:18.046989,[]
2026-06-10,12:15:18.080356,[]
2026-06-10,12:15:18.113723,[]
2026-06-10,12:15:18.147090,[]
2026-06-10,12:15:18.180457,[]
2026-06-10,12:15:18.213824,[]
2026-06-10,12:15:18.247191,[]
2026-06-10,12:15:18.280558,[]
2026-06-10,12:15:18.313925,[]
2026-06-10,12:15:18.347292,[]
2026-06-10,12:15:18.380659,[]
2026-06-10,12:15:18.414026,[]
2026-06-10,12:15:18.447393,[]
2026-06-10,12:15:18.480760,[]
2026-06-10,12:15:18.514127,[]
2026-06-10,12:15:18.547494,[]
2026-06-10,12:15:18.580861,[]
2026-06-10,12:15:18.614228,[]
2026-06-10,12:15:18.647595,[]
2026-06-10,12:15:18.680962,[]
2026-06-10,12:15:18.714329,[]
2026-06-10,12:15:18.747696,[]
2026-06-10,12:15:18.781063,[]
2026-06-10,12:15:18.814430,[]
2026-06-10,12:15:18.847797,[]
2026-06-10,12:15:18.881164,[]
2026-06-10,12:15:18.914531,[]
2026-06-10,12:15:18.947898,[]
2026-06-10,12:15:18.981265,[]
2026-06-10,12:15:19.014632,[]
2026-06-10,12:15:19.047999,[]
2026-06-10,12:15:19.081366,[]
2026-06-10,12:15:19.114733,[]
2026-06-10,12:15:19.148100,[]
2026-06-10,12:15:19.181467,[]
2026-06-10,12:15:19.214834,[]
2026-06-10,12:15:19.248201,[]
2026-06-10,12:15:19.281568,[]
2026-06-10,12:15:19.314935,[]
2026-06-10,12:15:19.348302,[]
2026-06-10,12:15:19.381669,[]
2026-06-10,12:15:19.415036,[]
2026-06-10,12:15:19.448403,[]
2026-06-10,12:15:19.481770,[]
2026-06-10,12:15:19.515137,[]
2026-06-10,12:15:19.548504,[]
2026-06-10,12:15:19.581871,[]
2026-06-10,12:15:19.615238,[]
2026-06-10,12:15:19.648605,[]
2026-06-10,12:15:19.681972,[]
2026-06-10,12:15:19.715339,[]
2026-06-10,12:15:19.748706,[]
2026-06-10,12:15:19.782073,[]
2026-06-10,12:15:19.815440,[]
2026-06-10,12:15:19.848807,[]
2026-06-10,12:15:19.882174,[]
2026-06-10,12:15:19.915541,[]
2026-06-10,12:15:19.948908,[]
2026-06-10,12:15:19.982275,[]
2026-06-10,12:15:20.015642,[]
2026-06-10,12:15:20.049009,[]
2026-06-10,12:15:20.082376,[]
2026-06-10,12:15:20.115743,[]
2026-06-10,12:15:20.149110,[]
2026-06-10,12:15:20.182477,[]
2026-06-10,12:15:20.215844,[]
2026-06-10,12:15:20.249211,[]
2026-06-10,12:15:20.282578,[]
2026-06-10,12:15:20.315945,[]
2026-06-10,12:15:20.349312,[]
2026-06-10,12:15:20.382679,[]
2026-06-10,12:15:20.416046,[]
2026-06-10,12:15:20.449413,[]
2026-06-10,12:15:20.482780,[]
2026-06-10,12:15:20.516147,[]
2026-06-10,12:15:20.549514,[]
2026-06-10,12:15:20.582881,[]
2026-06-10,12:15:20.616248,[]
2026-06-10,12:15:20.649615,[]
2026-06-10,12:15:20.682982,[]
2026-06-10,12:15:20.716349,[]
2026-06-10,12:15:20.749716,[]
2026-06-10,12:15:20.783083,[]
2026-06-10,12:15:20.816450,[]
2026-06-10,12:15:20.849817,[]
2026-06-10,12:15:20.883184,[]
2026-06-10,12:15:20.916551,[]
2026-06-10,12:15:20.949918,[]
2026-06-10,12:15:20.983285,[]
2026-06-10,12:15:21.016652,[]
2026-06-10,12:15:21.050019,[]
2026-06-10,12:15:21.083386,[]
2026-06-10,12:15:21.116753,[]
2026-06-10,12:15:21.150120,[]
2026-06-10,12:15:21.183487,[]
2026-06-10,12:15:21.216854,[]
2026-06-10,12:15:21.250221,[]
2026-06-10,12:15:21.283588,[]
2026-06-10,12:15:21.316955,[]
2026-06-10,12:15:21.350322,[]
2026-06-10,12:15:21.383689,[]
2026-06-10,12:15:21.417056,[]
2026-06-10,12:15:21.450423,[]
2026-06-10,12:15:21.483790,[]
2026-06-10,12:15:21.517157,[]
2026-06-10,12:15:21.550524,[]
2026-06-10,12:15:21.583891,[]
2026-06-10,12:15:21.617258,[]
2026-06-10,12:15:21.650625,[]
2026-06-10,12:15:21.683992,[]
2026-06-10,12:15:21.717359,[]
2026-06-10,12:15:21.750726,[]
2026-06-10,12:15:21.784093,[]
2026-06-10,12:15:21.817460,[]
2026-06-10,12:15:21.850827,[]
2026-06-10,12:15:21.884194,[]
2026-06-10,12:15:21.917561,[]
2026-06-10,12:15:21.950928,[]
2026-06-10,12:15:21.984295,[]
2026-06-10,12:15:22.017662,[]
2026-06-10,12:15:22.051029,[]
2026-06-10,12:15:22.084396,[]
2026-06-10,12:15:22.117763,[]
2026-06-10,12:15:22.151130,[]
2026-06-10,12:15:22.184497,[]
2026-06-10,12:15:22.217864,[]
2026-06-10,12:15:22.251231,[]
2026-06-10,12:15:22.284598,[]
2026-06-10,12:15:22.317965,[]
2026-06-10,12:15:22.351332,[]
2026-06-10,12:15:22.384699,[]
2026-06-10,12:15:22.418066,[]
2026-06-10,12:15:22.451433,[]
2026-06-10,12:15:22.484800,[]
2026-06-10,12:15:22.518167,[]
2026-06-10,12:15:22.551534,[]
2026-06-10,12:15:22.584901,[]
2026-06-10,12:15:22.618268,[]
2026-06-10,12:15:22.651635,[]
2026-06-10,12:15:22.685002,[]
2026-06-10,12:15:22.718369,[]
2026-06-10,12:15:22.751736,[]
2026-06-10,12:15:22.785103,[]
2026-06-10,12:15:22.818470,[]
2026-06-10,12:15:22.851837,[]
2026-06-10,12:15:22.885204,[]
2026-06-10,12:15:22.918571,[]
2026-06-10,12:15:22.951938,[]
2026-06-10,12:15:22.985305,[]
2026-06-10,12:15:23.018672,[]
2026-06-10,12:15:23.052039,[]
2026-06-10,12:15:23.085406,[]
2026-06-10,12:15:23.118773,[]
2026-06-10,12:15:23.152140,[]
2026-06-10,12:15:23.185507,[]
2026-06-10,12:15:23.218874,[]
2026-06-10,12:15:23.252241,[]
2026-06-10,12:15:23.285608,[]
2026-06-10,12:15:23.318975,[]
2026-06-10,12:15:23.352342,[]
2026-06-10,12:15:23.385709,[]
2026-06-10,12:15:23.419076,[]
2026-06-10,12:15:23.452443,[]
2026-06-10,12:15:23.485810,[]
2026-06-10,12:15:23.519177,[]
2026-06-10,12:15:23.552544,[]
2026-06-10,12:15:23.585911,[]
2026-06-10,12:15:23.619278,[]
2026-06-10,12:15:23.652645,[]
2026-06-10,12:15:23.686012,[]
2026-06-10,12:15:23.719379,[]
2026-06-10,12:15:23.752746,[]
2026-06-10,12:15:23.786113,[]
2026-06-10,12:15:23.819480,[]
2026-06-10,12:15:23.852847,[]
2026-06-10,12:15:23.886214,[]
2026-06-10,12:15:23.919581,[]
2026-06-10,12:15:23.952948,[]
2026-06-10,12:15:23.986315,[]
2026-06-10,12:15:24.019682,[]
2026-06-10,12:15:24.053049,[]
2026-06-10,12:15:24.086416,[]
2026-06-10,12:15:24.119783,[]
2026-06-10,12:15:24.153150,[]
2026-06-10,12:15:24.186517,[]
2026-06-10,12:15:24.219884,[]
2026-06-10,12:15:24.253251,[]
2026-06-10,12:15:24.286618,[]
2026-06-10,12:15:24.319985,[]
2026-06-10,12:15:24.353352,[]
2026-06-10,12:15:24.386719,[]
2026-06-10,12:15:24.420086,[]
2026-06-10,12:15:24.453453,[]
2026-06-10,12:15:24.486820,[]
2026-06-10,12:15:24.520187,[]
2026-06-10,12:15:24.553554,[]
2026-06-10,12:15:24.586921,[]
2026-06-10,12:15:24.620288,[]
2026-06-10,12:15:24.653655,[]
2026-06-10,12:15:24.687022,[]
2026-06-10,12:15:24.720389,[]
2026-06-10,12:15:24.753756,[]
2026-06-10,12:15:24.787123,[]
2026-06-10,12:15:24.820490,[]
2026-06-10,12:15:24.853857,[]
2026-06-10,12:15:24.887224,[]
2026-06-10,12:15:24.920591,[]
2026-06-10,12:15:24.953958,[]
2026-06-10,12:15:24.987325,[]
2026-06-10,12:15:25.020692,[]
2026-06-10,12:15:25.054059,[]
2026-06-10,12:15:25.087426,[]
2026-06-10,12:15:25.120793,[]
2026-06-10,12:15:25.154160,[]
2026-06-10,12:15:25.187527,[]
2026-06-10,12:15:25.220894,[]
2026-06-10,12:15:25.254261,[]
2026-06-10,12:15:25.287628,[]
2026-06-10,12:15:25.320995,[]
2026-06-10,12:15:25.354362,[]
2026-06-10,12:15:25.387729,[]
2026-06-10,12:15:25.421096,[]
2026-06-10,12:15:25.454463,[]
2026-06-10,12:15:25.487830,[]
2026-06-10,12:15:25.521197,[]
2026-06-10,12:15:25.554564,[]
2026-06-10,12:15:25.587931,[]
2026-06-10,12:15:25.621298,[]
2026-06-10,12:15:25.654665,[]
2026-06-10,12:15:25.688032,[]
2026-06-10,12:15:25.721399,[]
2026-06-10,12:15:25.754766,[]
2026-06-10,12:15:25.788133,[]
2026-06-10,12:15:25.821500,[]
2026-06-10,12:15:25.854867,[]
2026-06-10,12:15:25.888234,[]
2026-06-10,12:15:25.921601,[]
2026-06-10,12:15:25.954968,[]
2026-06-10,12:15:25.988335,[]
2026-06-10,12:15:26.021702,[]
2026-06-10,12:15:26.055069,[]
2026-06-10,12:15:26.088436,[]
2026-06-10,12:15:26.121803,[]
2026-06-10,12:15:26.155170,[]
2026-06-10,12:15:26.188537,[]
2026-06-10,12:15:26.221904,[]
2026-06-10,12:15:26.255271,[]
2026-06-10,12:15:26.288638,[]
2026-06-10,12:15:26.322005,[]
2026-06-10,12:15:26.355372,[]
2026-06-10,12:15:26.388739,[]
2026-06-10,12:15:26.422106,[]
2026-06-10,12:15:26.455473,[]
2026-06-10,12:15:26.488840,[]
2026-06-10,12:15:26.522207,[]
2026-06-10,12:15:26.555574,[]
2026-06-10,12:15:26.588941,[]
2026-06-10,12:15:26.622308,[]
2026-06-10,12:15:26.655675,[]
2026-06-10,12:15:26.689042,[]
2026-06-10,12:15:26.722409,[]
2026-06-10,12:15:26.755776,[]
2026-06-10,12:15:26.789143,[]
2026-06-10,12:15:26.822510,[]
2026-06-10,12:15:26.855877,[]
2026-06-10,12:15:26.889244,[]
2026-06-10,12:15:26.922611,[]
2026-06-10,12:15:26.955978,[]
2026-06-10,12:15:26.989345,[]
2026-06-10,12:15:27.022712,[]
2026-06-10,12:15:27.056079,[]
2026-06-10,12:15:27.089446,[]
2026-06-10,12:15:27.122813,[]
2026-06-10,12:15:27.156180,[]
2026-06-10,12:15:27.189547,[]
2026-06-10,12:15:27.222914,[]
2026-06-10,12:15:27.256281,[]
2026-06-10,12:15:27.289648,[]
2026-06-10,12:15:27.323015,[]
2026-06-10,12:15:27.356382,[]
2026-06-10,12:15:27.389749,[]
2026-06-10,12:15:27.423116,[]
2026-06-10,12:15:27.456483,[]
2026-06-10,12:15:27.489850,[]
2026-06-10,12:15:27.523217,[]
2026-06-10,12:15:27.556584,[]
2026-06-10,12:15:27.589951,[]
2026-06-10,12:15:27.623318,[]
2026-06-10,12:15:27.656685,[]
2026-06-10,12:15:27.690052,[]
2026-06-10,12:15:27.723419,[]
2026-06-10,12:15:27.756786,[]
2026-06-10,12:15:27.790153,[]
2026-06-10,12:15:27.823520,[]
2026-06-10,12:15:27.856887,[]
2026-06-10,12:15:27.890254,[]
2026-06-10,12:15:27.923621,[]
2026-06-10,12:15:27.956988,[]
2026-06-10,12:15:27.990355,[]
2026-06-10,12:15:28.023722,[]
2026-06-10,12:15:28.057089,[]
2026-06-10,12:15:28.090456,[]
2026-06-10,12:15:28.123823,[]
2026-06-10,12:15:28.157190,[]
2026-06-10,12:15:28.190557,[]
2026-06-10,12:15:28.223924,[]
2026-06-10,12:15:28.257291,[]
2026-06-10,12:15:28.290658,[]
2026-06-10,12:15:28.324025,[]
2026-06-10,12:15:28.357392,[]
2026-06-10,12:15:28.390759,[]
2026-06-10,12:15:28.424126,[]
2026-06-10,12:15:28.457493,[]
2026-06-10,12:15:28.490860,[]
2026-06-10,12:15:28.524227,[]
2026-06-10,12:15:28.557594,[]
2026-06-10,12:15:28.590961,[]
2026-06-10,12:15:28.624328,[]
2026-06-10,12:15:28.657695,[]
2026-06-10,12:15:28.691062,[]
2026-06-10,12:15:28.724429,[]
2026-06-10,12:15:28.757796,[]
2026-06-10,12:15:28.791163,[]
2026-06-10,12:15:28.824530,[]
2026-06-10,12:15:28.857897,[]
2026-06-10,12:15:28.891264,[]
2026-06-10,12:15:28.924631,[]
2026-06-10,12:15:28.957998,[]
2026-06-10,12:15:28.991365,[]
2026-06-10,12:15:29.024732,[]
2026-06-10,12:15:29.058099,[]
2026-06-10,12:15:29.091466,[]
2026-06-10,12:15:29.124833,[]
2026-06-10,12:15:29.158200,[]
2026-06-10,12:15:29.191567,[]
2026-06-10,12:15:29.224934,[]
2026-06-10,12:15:29.258301,[]
2026-06-10,12:15:29.291668,[]
2026-06-10,12:15:29.325035,[]
2026-06-10,12:15:29.358402,[]
2026-06-10,12:15:29.391769,[]
2026-06-10,12:15:29.425136,[]
2026-06-10,12:15:29.458503,[]
2026-06-10,12:15:29.491870,[]
2026-06-10,12:15:29.525237,[]
2026-06-10,12:15:29.558604,[]
2026-06-10,12:15:29.591971,[]
2026-06-10,12:15:29.625338,[]
2026-06-10,12:15:29.658705,[]
2026-06-10,12:15:29.692072,[]
2026-06-10,12:15:29.725439,[]
2026-06-10,12:15:29.758806,[]
2026-06-10,12:15:29.792173,[]
2026-06-10,12:15:29.825540,[]
2026-06-10,12:15:29.858907,[]
2026-06-10,12:15:29.892274,[]
2026-06-10,12:15:29.925641,[]
2026-06-10,12:15:29.959008,[]
2026-06-10,12:15:29.992375,[]
2026-06-10,12:15:30.025742,[]
2026-06-10,12:15:30.059109,[]
2026-06-10,12:15:30.092476,[]
2026-06-10,12:15:30.125843,[]
2026-06-10,12:15:30.159210,[]
2026-06-10,12:15:30.192577,[]
2026-06-10,12:15:30.225944,[]
2026-06-10,12:15:30.259311,[]
2026-06-10,12:15:30.292678,[]
2026-06-10,12:15:30.326045,[]
2026-06-10,12:15:30.359412,[]
2026-06-10,12:15:30.392779,[]
2026-06-10,12:15:30.426146,[]
2026-06-10,12:15:30.459513,[]
2026-06-10,12:15:30.492880,[]
2026-06-10,12:15:30.526247,[]
2026-06-10,12:15:30.559614,[]
2026-06-10,12:15:30.592981,[]
2026-06-10,12:15:30.626348,[]
2026-06-10,12:15:30.659715,[]
2026-06-10,12:15:30.693082,[]
2026-06-10,12:15:30.726449,[]
2026-06-10,12:15:30.759816,[]
2026-06-10,12:15:30.793183,[]
2026-06-10,12:15:30.826550,[]
2026-06-10,12:15:30.859917,[]
2026-06-10,12:15:30.893284,[]
2026-06-10,12:15:30.926651,[]
2026-06-10,12:15:30.960018,[]
2026-06-10,12:15:30.993385,[]
2026-06-10,12:15:31.026752,[]
2026-06-10,12:15:31.060119,[]
2026-06-10,12:15:31.093486,[]
2026-06-10,12:15:31.126853,[]
2026-06-10,12:15:31.160220,[]
2026-06-10,12:15:31.193587,[]
2026-06-10,12:15:31.226954,[]
2026-06-10,12:15:31.260321,[]
2026-06-10,12:15:31.293688,[]
2026-06-10,12:15:31.327055,[]
2026-06-10,12:15:31.360422,[]
2026-06-10,12:15:31.393789,[]
2026-06-10,12:15:31.427156,[]
2026-06-10,12:15:31.460523,[]
2026-06-10,12:15:31.493890,[]
2026-06-10,12:15:31.527257,[]
2026-06-10,12:15:31.560624,[]
2026-06-10,12:15:31.593991,[]
2026-06-10,12:15:31.627358,[]
2026-06-10,12:15:31.660725,[]
2026-06-10,12:15:31.694092,[]
2026-06-10,12:15:31.727459,[]
2026-06-10,12:15:31.760826,[]
2026-06-10,12:15:31.794193,[]
2026-06-10,12:15:31.827560,[]
2026-06-10,12:15:31.860927,[]
2026-06-10,12:15:31.894294,[]
2026-06-10,12:15:31.927661,[]
2026-06-10,12:15:31.961028,[]
2026-06-10,12:15:31.994395,[]
2026-06-10,12:15:32.027762,[]
2026-06-10,12:15:32.061129,[]
2026-06-10,12:15:32.094496,[]
2026-06-10,12:15:32.127863,[]
2026-06-10,12:15:32.161230,[]
2026-06-10,12:15:32.194597,[]
2026-06-10,12:15:32.227964,[]
2026-06-10,12:15:32.261331,[]
2026-06-10,12:15:32.294698,[]
2026-06-10,12:15:32.328065,[]
2026-06-10,12:15:32.361432,[]
2026-06-10,12:15:32.394799,[]
2026-06-10,12:15:32.428166,[]
2026-06-10,12:15:32.461533,[]
2026-06-10,12:15:32.494900,[]
2026-06-10,12:15:32.528267,[]
2026-06-10,12:15:32.561634,[]
2026-06-10,12:15:32.595001,[]
2026-06-10,12:15:32.628368,[]
2026-06-10,12:15:32.661735,[]
2026-06-10,12:15:32.695102,[]
2026-06-10,12:15:32.728469,[]
2026-06-10,12:15:32.761836,[]
2026-06-10,12:15:32.795203,[]
2026-06-10,12:15:32.828570,[]
2026-06-10,12:15:32.861937,[]
2026-06-10,12:15:32.895304,[]
2026-06-10,12:15:32.928671,[]
2026-06-10,12:15:32.962038,[]
2026-06-10,12:15:32.995405,[]
2026-06-10,12:15:33.028772,[]
2026-06-10,12:15:33.062139,[]
2026-06-10,12:15:33.095506,[]
2026-06-10,12:15:33.128873,[]
2026-06-10,12:15:33.162240,[]
2026-06-10,12:15:33.195607,[]
2026-06-10,12:15:33.228974,[]
2026-06-10,12:15:33.262341,[]
2026-06-10,12:15:33.295708,[]
2026-06-10,12:15:33.329075,[]
2026-06-10,12:15:33.362442,[]
2026-06-10,12:15:33.395809,[]
2026-06-10,12:15:33.429176,[]
2026-06-10,12:15:33.462543,[]
2026-06-10,12:15:33.495910,[]
2026-06-10,12:15:33.529277,[]
2026-06-10,12:15:33.562644,[]
2026-06-10,12:15:33.596011,[]
2026-06-10,12:15:33.629378,[]
2026-06-10,12:15:33.662745,[]
2026-06-10,12:15:33.696112,[]
2026-06-10,12:15:33.729479,[]
2026-06-10,12:15:33.762846,[]
2026-06-10,12:15:33.796213,[]
2026-06-10,12:15:33.829580,[]
2026-06-10,12:15:33.862947,[]
2026-06-10,12:15:33.896314,[]
2026-06-10,12:15:33.929681,[]
2026-06-10,12:15:33.963048,[]
2026-06-10,12:15:33.996415,[]
2026-06-10,12:15:34.029782,[]
2026-06-10,12:15:34.063149,[]
2026-06-10,12:15:34.096516,[]
2026-06-10,12:15:34.129883,[]
2026-06-10,12:15:34.163250,[]
2026-06-10,12:15:34.196617,[]
2026-06-10,12:15:34.229984,[]
2026-06-10,12:15:34.263351,[]
2026-06-10,12:15:34.296718,[]
2026-06-10,12:15:34.330085,[]
2026-06-10,12:15:34.363452,[]
2026-06-10,12:15:34.396819,[]
2026-06-10,12:15:34.430186,[]
2026-06-10,12:15:34.463553,[]
2026-06-10,12:15:34.496920,[]
2026-06-10,12:15:34.530287,[]
2026-06-10,12:15:34.563654,[]
2026-06-10,12:15:34.597021,[]
2026-06-10,12:15:34.630388,[]
2026-06-10,12:15:34.663755,[]
2026-06-10,12:15:34.697122,[]
2026-06-10,12:15:34.730489,[]
2026-06-10,12:15:34.763856,[]
2026-06-10,12:15:34.797223,[]
2026-06-10,12:15:34.830590,[]
2026-06-10,12:15:34.863957,[]
2026-06-10,12:15:34.897324,[]
2026-06-10,12:15:34.930691,[]
2026-06-10,12:15:34.964058,[]
2026-06-10,12:15:34.997425,[]
2026-06-10,12:15:35.030792,[]
2026-06-10,12:15:35.064159,[]
2026-06-10,12:15:35.097526,[]
2026-06-10,12:15:35.130893,[]
2026-06-10,12:15:35.164260,[]
2026-06-10,12:15:35.197627,[]
2026-06-10,12:15:35.230994,[]
2026-06-10,12:15:35.264361,[]
2026-06-10,12:15:35.297728,[]
2026-06-10,12:15:35.331095,[]
2026-06-10,12:15:35.364462,[]
2026-06-10,12:15:35.397829,[]
2026-06-10,12:15:35.431196,[]
2026-06-10,12:15:35.464563,[]
2026-06-10,12:15:35.497930,[]
2026-06-10,12:15:35.531297,[]
2026-06-10,12:15:35.564664,[]
2026-06-10,12:15:35.598031,[]
2026-06-10,12:15:35.631398,[]
2026-06-10,12:15:35.664765,[]
2026-06-10,12:15:35.698132,[]
2026-06-10,12:15:35.731499,[]
2026-06-10,12:15:35.764866,[]
2026-06-10,12:15:35.798233,[]
2026-06-10,12:15:35.831600,[]
2026-06-10,12:15:35.864967,[]
2026-06-10,12:15:35.898334,[]
2026-06-10,12:15:35.931701,[]
2026-06-10,12:15:35.965068,[]
2026-06-10,12:15:35.998435,[]
2026-06-10,12:15:36.031802,[]
2026-06-10,12:15:36.065169,[]
2026-06-10,12:15:36.098536,[]
2026-06-10,12:15:36.131903,[]
2026-06-10,12:15:36.165270,[]
2026-06-10,12:15:36.198637,[]
2026-06-10,12:15:36.232004,[]
2026-06-10,12:15:36.265371,[]
2026-06-10,12:15:36.298738,[]
2026-06-10,12:15:36.332105,[]
2026-06-10,12:15:36.365472,[]
2026-06-10,12:15:36.398839,[]
2026-06-10,12:15:36.432206,[]
2026-06-10,12:15:36.465573,[]
2026-06-10,12:15:36.498940,[]
2026-06-10,12:15:36.532307,[]
2026-06-10,12:15:36.565674,[]
2026-06-10,12:15:36.599041,[]
2026-06-10,12:15:36.632408,[]
2026-06-10,12:15:36.665775,[]
2026-06-10,12:15:36.699142,[]
2026-06-10,12:15:36.732509,[]
2026-06-10,12:15:36.765876,[]
2026-06-10,12:15:36.799243,[]
2026-06-10,12:15:36.832610,[]
2026-06-10,12:15:36.865977,[]
2026-06-10,12:15:36.899344,[]
2026-06-10,12:15:36.932711,[]
2026-06-10,12:15:36.966078,[]
2026-06-10,12:15:36.999445,[]
2026-06-10,12:15:37.032812,[]
2026-06-10,12:15:37.066179,[]
2026-06-10,12:15:37.099546,[]
2026-06-10,12:15:37.132913,[]
2026-06-10,12:15:37.166280,[]
2026-06-10,12:15:37.199647,[]
2026-06-10,12:15:37.233014,[]
2026-06-10,12:15:37.266381,[]
2026-06-10,12:15:37.299748,[]
2026-06-10,12:15:37.333115,[]
2026-06-10,12:15:37.366482,[]
2026-06-10,12:15:37.399849,[]
2026-06-10,12:15:37.433216,[]
2026-06-10,12:15:37.466583,[]
2026-06-10,12:15:37.499950,[]
2026-06-10,12:15:37.533317,[]
2026-06-10,12:15:37.566684,[]
2026-06-10,12:15:37.600051,[]
2026-06-10,12:15:37.633418,[]
2026-06-10,12:15:37.666785,[]
2026-06-10,12:15:37.700152,[]
2026-06-10,12:15:37.733519,[]
2026-06-10,12:15:37.766886,[]
2026-06-10,12:15:37.800253,[]
2026-06-10,12:15:37.833620,[]
2026-06-10,12:15:37.866987,[]
2026-06-10,12:15:37.900354,[]
2026-06-10,12:15:37.933721,[]
2026-06-10,12:15:37.967088,[]
2026-06-10,12:15:38.000455,[]
2026-06-10,12:15:38.033822,[]
2026-06-10,12:15:38.067189,[]
2026-06-10,12:15:38.100556,[]
2026-06-10,12:15:38.133923,[]
2026-06-10,12:15:38.167290,[]
2026-06-10,12:15:38.200657,[]
2026-06-10,12:15:38.234024,[]
2026-06-10,12:15:38.267391,[]
2026-06-10,12:15:38.300758,[]
2026-06-10,12:15:38.334125,[]
2026-06-10,12:15:38.367492,[]
2026-06-10,12:15:38.400859,[]
2026-06-10,12:15:38.434226,[]
2026-06-10,12:15:38.467593,[]
2026-06-10,12:15:38.500960,[]
2026-06-10,12:15:38.534327,[]
2026-06-10,12:15:38.567694,[]
2026-06-10,12:15:38.601061,[]
2026-06-10,12:15:38.634428,[]
2026-06-10,12:15:38.667795,[]
2026-06-10,12:15:38.701162,[]
2026-06-10,12:15:38.734529,[]
2026-06-10,12:15:38.767896,[]
2026-06-10,12:15:38.801263,[]
2026-06-10,12:15:38.834630,[]
2026-06-10,12:15:38.867997,[]
2026-06-10,12:15:38.901364,[]
2026-06-10,12:15:38.934731,[]
2026-06-10,12:15:38.968098,[]
2026-06-10,12:15:39.001465,[]
2026-06-10,12:15:39.034832,[]
2026-06-10,12:15:39.068199,[]
2026-06-10,12:15:39.101566,[]
2026-06-10,12:15:39.134933,[]
2026-06-10,12:15:39.168300,[]
2026-06-10,12:15:39.201667,[]
2026-06-10,12:15:39.235034,[]
2026-06-10,12:15:39.268401,[]
2026-06-10,12:15:39.301768,[]
2026-06-10,12:15:39.335135,[]
2026-06-10,12:15:39.368502,[]
2026-06-10,12:15:39.401869,[]
2026-06-10,12:15:39.435236,[]
2026-06-10,12:15:39.468603,[]
2026-06-10,12:15:39.501970,[]
2026-06-10,12:15:39.535337,[]
2026-06-10,12:15:39.568704,[]
2026-06-10,12:15:39.602071,[]
2026-06-10,12:15:39.635438,[]
2026-06-10,12:15:39.668805,[]
2026-06-10,12:15:39.702172,[]
2026-06-10,12:15:39.735539,[]
2026-06-10,12:15:39.768906,[]
2026-06-10,12:15:39.802273,[]
2026-06-10,12:15:39.835640,[]
2026-06-10,12:15:39.869007,[]
2026-06-10,12:15:39.902374,[]
2026-06-10,12:15:39.935741,[]
2026-06-10,12:15:39.969108,[]
2026-06-10,12:15:40.002475,[]
2026-06-10,12:15:40.035842,[]
2026-06-10,12:15:40.069209,[]
2026-06-10,12:15:40.102576,[]
2026-06-10,12:15:40.135943,[]
2026-06-10,12:15:40.169310,[]
2026-06-10,12:15:40.202677,[]
2026-06-10,12:15:40.236044,[]
2026-06-10,12:15:40.269411,[]
2026-06-10,12:15:40.302778,[]
2026-06-10,12:15:40.336145,[]
2026-06-10,12:15:40.369512,[]
2026-06-10,12:15:40.402879,[]
2026-06-10,12:15:40.436246,[]
2026-06-10,12:15:40.469613,[]
2026-06-10,12:15:40.502980,[]
2026-06-10,12:15:40.536347,[]
2026-06-10,12:15:40.569714,[]
2026-06-10,12:15:40.603081,[]
2026-06-10,12:15:40.636448,[]
2026-06-10,12:15:40.669815,[]
2026-06-10,12:15:40.703182,[]
2026-06-10,12:15:40.736549,[]
2026-06-10,12:15:40.769916,[]
2026-06-10,12:15:40.803283,[]
2026-06-10,12:15:40.836650,[]
2026-06-10,12:15:40.870017,[]
2026-06-10,12:15:40.903384,[]
2026-06-10,12:15:40.936751,[]
2026-06-10,12:15:40.970118,[]
2026-06-10,12:15:41.003485,[]
2026-06-10,12:15:41.036852,[]
2026-06-10,12:15:41.070219,[]
2026-06-10,12:15:41.103586,[]
2026-06-10,12:15:41.136953,[]
2026-06-10,12:15:41.170320,[]
2026-06-10,12:15:41.203687,[]
2026-06-10,12:15:41.237054,[]
2026-06-10,12:15:41.270421,[]
2026-06-10,12:15:41.303788,[]
2026-06-10,12:15:41.337155,[]
2026-06-10,12:15:41.370522,[]
2026-06-10,12:15:41.403889,[]
2026-06-10,12:15:41.437256,[]
2026-06-10,12:15:41.470623,[]
2026-06-10,12:15:41.503990,[]
2026-06-10,12:15:41.537357,[]
2026-06-10,12:15:41.570724,[]
2026-06-10,12:15:41.604091,[]
2026-06-10,12:15:41.637458,[]
2026-06-10,12:15:41.670825,[]
2026-06-10,12:15:41.704192,[]
2026-06-10,12:15:41.737559,[]
2026-06-10,12:15:41.770926,[]
2026-06-10,12:15:41.804293,[]
2026-06-10,12:15:41.837660,[]
2026-06-10,12:15:41.871027,[]
2026-06-10,12:15:41.904394,[]
2026-06-10,12:15:41.937761,[]
2026-06-10,12:15:41.971128,[]
2026-06-10,12:15:42.004495,[]
2026-06-10,12:15:42.037862,[]
2026-06-10,12:15:42.071229,[]
2026-06-10,12:15:42.104596,[]
2026-06-10,12:15:42.137963,[]
2026-06-10,12:15:42.171330,[]
2026-06-10,12:15:42.204697,[]
2026-06-10,12:15:42.238064,[]
2026-06-10,12:15:42.271431,[]
2026-06-10,12:15:42.304798,[]
2026-06-10,12:15:42.338165,[]
2026-06-10,12:15:42.371532,[]
2026-06-10,12:15:42.404899,[]
2026-06-10,12:15:42.438266,[]
2026-06-10,12:15:42.471633,[]
2026-06-10,12:15:42.505000,[]
2026-06-10,12:15:42.538367,[]
2026-06-10,12:15:42.571734,[]
2026-06-10,12:15:42.605101,[]
2026-06-10,12:15:42.638468,[]
2026-06-10,12:15:42.671835,[]
2026-06-10,12:15:42.705202,[]
2026-06-10,12:15:42.738569,[]
2026-06-10,12:15:42.771936,[]
2026-06-10,12:15:42.805303,[]
2026-06-10,12:15:42.838670,[]
2026-06-10,12:15:42.872037,[]
2026-06-10,12:15:42.905404,[]
2026-06-10,12:15:42.938771,[]
2026-06-10,12:15:42.972138,[]
2026-06-10,12:15:43.005505,[]
2026-06-10,12:15:43.038872,[]
2026-06-10,12:15:43.072239,[]
2026-06-10,12:15:43.105606,[]
2026-06-10,12:15:43.138973,[]
2026-06-10,12:15:43.172340,[]
2026-06-10,12:15:43.205707,[]
2026-06-10,12:15:43.239074,[]
2026-06-10,12:15:43.272441,[]
2026-06-10,12:15:43.305808,[]
2026-06-10,12:15:43.339175,[]
2026-06-10,12:15:43.372542,[]
2026-06-10,12:15:43.405909,[]
2026-06-10,12:15:43.439276,[]
2026-06-10,12:15:43.472643,[]
2026-06-10,12:15:43.506010,[]
2026-06-10,12:15:43.539377,[]
2026-06-10,12:15:43.572744,[]
2026-06-10,12:15:43.606111,[]
2026-06-10,12:15:43.639478,[]
2026-06-10,12:15:43.672845,[]
2026-06-10,12:15:43.706212,[]
2026-06-10,12:15:43.739579,[]
2026-06-10,12:15:43.772946,[]
2026-06-10,12:15:43.806313,[]
2026-06-10,12:15:43.839680,[]
2026-06-10,12:15:43.873047,[]
2026-06-10,12:15:43.906414,[]
2026-06-10,12:15:43.939781,[]
2026-06-10,12:15:43.973148,[]
2026-06-10,12:15:44.006515,[]
2026-06-10,12:15:44.039882,[]
2026-06-10,12:15:44.073249,[]
2026-06-10,12:15:44.106616,[]
2026-06-10,12:15:44.139983,[]
2026-06-10,12:15:44.173350,[]
2026-06-10,12:15:44.206717,[]
2026-06-10,12:15:44.240084,[]
2026-06-10,12:15:44.273451,[]
2026-06-10,12:15:44.306818,[]
2026-06-10,12:15:44.340185,[]
2026-06-10,12:15:44.373552,[]
2026-06-10,12:15:44.406919,[]
2026-06-10,12:15:44.440286,[]
2026-06-10,12:15:44.473653,[]
2026-06-10,12:15:44.507020,[]
2026-06-10,12:15:44.540387,[]
2026-06-10,12:15:44.573754,[]
2026-06-10,12:15:44.607121,[]
2026-06-10,12:15:44.640488,[]
2026-06-10,12:15:44.673855,[]
2026-06-10,12:15:44.707222,[]
2026-06-10,12:15:44.740589,[]
2026-06-10,12:15:44.773956,[]
2026-06-10,12:15:44.807323,[]
2026-06-10,12:15:44.840690,[]
2026-06-10,12:15:44.874057,[]
2026-06-10,12:15:44.907424,[]
2026-06-10,12:15:44.940791,[]
2026-06-10,12:15:44.974158,[]
2026-06-10,12:15:45.007525,[]
2026-06-10,12:15:45.040892,[]
2026-06-10,12:15:45.074259,[]
2026-06-10,12:15:45.107626,[]
2026-06-10,12:15:45.140993,[]
2026-06-10,12:15:45.174360,[]
2026-06-10,12:15:45.207727,[]
2026-06-10,12:15:45.241094,[]
2026-06-10,12:15:45.274461,[]
2026-06-10,12:15:45.307828,[]
2026-06-10,12:15:45.341195,[]
2026-06-10,12:15:45.374562,[]
2026-06-10,12:15:45.407929,[]
2026-06-10,12:15:45.441296,[]
2026-06-10,12:15:45.474663,[]
2026-06-10,12:15:45.508030,[]
2026-06-10,12:15:45.541397,[]
2026-06-10,12:15:45.574764,[]
2026-06-10,12:15:45.608131,[]
2026-06-10,12:15:45.641498,[]
2026-06-10,12:15:45.674865,[]
2026-06-10,12:15:45.708232,[]
2026-06-10,12:15:45.741599,[]
2026-06-10,12:15:45.774966,[]
2026-06-10,12:15:45.808333,[]
2026-06-10,12:15:45.841700,[]
2026-06-10,12:15:45.875067,[]
2026-06-10,12:15:45.908434,[]
2026-06-10,12:15:45.941801,[]
2026-06-10,12:15:45.975168,[]
2026-06-10,12:15:46.008535,[]
2026-06-10,12:15:46.041902,[]
2026-06-10,12:15:46.075269,[]
2026-06-10,12:15:46.108636,[]
2026-06-10,12:15:46.142003,[]
2026-06-10,12:15:46.175370,[]
2026-06-10,12:15:46.208737,[]
2026-06-10,12:15:46.242104,[]
2026-06-10,12:15:46.275471,[]
2026-06-10,12:15:46.308838,[]
2026-06-10,12:15:46.342205,[]
2026-06-10,12:15:46.375572,[]
2026-06-10,12:15:46.408939,[]
2026-06-10,12:15:46.442306,[]
2026-06-10,12:15:46.475673,[]
2026-06-10,12:15:46.509040,[]
2026-06-10,12:15:46.542407,[]
2026-06-10,12:15:46.575774,[]
2026-06-10,12:15:46.609141,[]
2026-06-10,12:15:46.642508,[]
2026-06-10,12:15:46.675875,[]
2026-06-10,12:15:46.709242,[]
2026-06-10,12:15:46.742609,[]
2026-06-10,12:15:46.775976,[]
2026-06-10,12:15:46.809343,[]
2026-06-10,12:15:46.842710,[]
2026-06-10,12:15:46.876077,[]
2026-06-10,12:15:46.909444,[]
2026-06-10,12:15:46.942811,[]
2026-06-10,12:15:46.976178,[]
2026-06-10,12:15:47.009545,[]
2026-06-10,12:15:47.042912,[]
2026-06-10,12:15:47.076279,[]
2026-06-10,12:15:47.109646,[]
2026-06-10,12:15:47.143013,[]
2026-06-10,12:15:47.176380,[]
2026-06-10,12:15:47.209747,[]
2026-06-10,12:15:47.243114,[]
2026-06-10,12:15:47.276481,[]
2026-06-10,12:15:47.309848,[]
2026-06-10,12:15:47.343215,[]
2026-06-10,12:15:47.376582,[]
2026-06-10,12:15:47.409949,[]
2026-06-10,12:15:47.443316,[]
2026-06-10,12:15:47.476683,[]
2026-06-10,12:15:47.510050,[]
2026-06-10,12:15:47.543417,[]
2026-06-10,12:15:47.576784,[]
2026-06-10,12:15:47.610151,[]
2026-06-10,12:15:47.643518,[]
2026-06-10,12:15:47.676885,[]
2026-06-10,12:15:47.710252,[]
2026-06-10,12:15:47.743619,[]
2026-06-10,12:15:47.776986,[]
2026-06-10,12:15:47.810353,[]
2026-06-10,12:15:47.843720,[]
2026-06-10,12:15:47.877087,[]
2026-06-10,12:15:47.910454,[]
2026-06-10,12:15:47.943821,[]
2026-06-10,12:15:47.977188,[]
2026-06-10,12:15:48.010555,[]
2026-06-10,12:15:48.043922,[]
2026-06-10,12:15:48.077289,[]
2026-06-10,12:15:48.110656,[]
2026-06-10,12:15:48.144023,[]
2026-06-10,12:15:48.177390,[]
2026-06-10,12:15:48.210757,[]
2026-06-10,12:15:48.244124,[]
2026-06-10,12:15:48.277491,[]
2026-06-10,12:15:48.310858,[]
2026-06-10,12:15:48.344225,[]
2026-06-10,12:15:48.377592,[]
2026-06-10,12:15:48.410959,[]
2026-06-10,12:15:48.444326,[]
2026-06-10,12:15:48.477693,[]
2026-06-10,12:15:48.511060,[]
2026-06-10,12:15:48.544427,[]
2026-06-10,12:15:48.577794,[]
2026-06-10,12:15:48.611161,[]
2026-06-10,12:15:48.644528,[]
2026-06-10,12:15:48.677895,[]
2026-06-10,12:15:48.711262,[]
2026-06-10,12:15:48.744629,[]
2026-06-10,12:15:48.777996,[]
2026-06-10,12:15:48.811363,[]
2026-06-10,12:15:48.844730,[]
2026-06-10,12:15:48.878097,[]
2026-06-10,12:15:48.911464,[]
2026-06-10,12:15:48.944831,[]
2026-06-10,12:15:48.978198,[]
2026-06-10,12:15:49.011565,[]
2026-06-10,12:15:49.044932,[]
2026-06-10,12:15:49.078299,[]
2026-06-10,12:15:49.111666,[]
2026-06-10,12:15:49.145033,[]
2026-06-10,12:15:49.178400,[]
2026-06-10,12:15:49.211767,[]
2026-06-10,12:15:49.245134,[]
2026-06-10,12:15:49.278501,[]
2026-06-10,12:15:49.311868,[]
2026-06-10,12:15:49.345235,[]
2026-06-10,12:15:49.378602,[]
2026-06-10,12:15:49.411969,[]
2026-06-10,12:15:49.445336,[]
2026-06-10,12:15:49.478703,[]
2026-06-10,12:15:49.512070,[]
2026-06-10,12:15:49.545437,[]
2026-06-10,12:15:49.578804,[]
2026-06-10,12:15:49.612171,[]
2026-06-10,12:15:49.645538,[]
2026-06-10,12:15:49.678905,[]
2026-06-10,12:15:49.712272,[]
2026-06-10,12:15:49.745639,[]
2026-06-10,12:15:49.779006,[]
2026-06-10,12:15:49.812373,[]
2026-06-10,12:15:49.845740,[]
2026-06-10,12:15:49.879107,[]
2026-06-10,12:15:49.912474,[]
2026-06-10,12:15:49.945841,[]
2026-06-10,12:15:49.979208,[]
2026-06-10,12:15:50.012575,[]
2026-06-10,12:15:50.045942,[]
2026-06-10,12:15:50.079309,[]
2026-06-10,12:15:50.112676,[]
2026-06-10,12:15:50.146043,[]
2026-06-10,12:15:50.179410,[]
2026-06-10,12:15:50.212777,[]
2026-06-10,12:15:50.246144,[]
2026-06-10,12:15:50.279511,[]
2026-06-10,12:15:50.312878,[]
2026-06-10,12:15:50.346245,[]
2026-06-10,12:15:50.379612,[]
2026-06-10,12:15:50.412979,[]
2026-06-10,12:15:50.446346,[]
2026-06-10,12:15:50.479713,[]
2026-06-10,12:15:50.513080,[]
2026-06-10,12:15:50.546447,[]
2026-06-10,12:15:50.579814,[]
2026-06-10,12:15:50.613181,[]
2026-06-10,12:15:50.646548,[]
2026-06-10,12:15:50.679915,[]
2026-06-10,12:15:50.713282,[]
2026-06-10,12:15:50.746649,[]
2026-06-10,12:15:50.780016,[]
2026-06-10,12:15:50.813383,[]
2026-06-10,12:15:50.846750,[]
2026-06-10,12:15:50.880117,[]
2026-06-10,12:15:50.913484,[]
2026-06-10,12:15:50.946851,[]
2026-06-10,12:15:50.980218,[]
2026-06-10,12:15:51.013585,[]
2026-06-10,12:15:51.046952,[]
2026-06-10,12:15:51.080319,[]
2026-06-10,12:15:51.113686,[]
2026-06-10,12:15:51.147053,[]
2026-06-10,12:15:51.180420,[]
2026-06-10,12:15:51.213787,[]
2026-06-10,12:15:51.247154,[]
2026-06-10,12:15:51.280521,[]
2026-06-10,12:15:51.313888,[]
2026-06-10,12:15:51.347255,[]
2026-06-10,12:15:51.380622,[]
2026-06-10,12:15:51.413989,[]
2026-06-10,12:15:51.447356,[]
2026-06-10,12:15:51.480723,[]
2026-06-10,12:15:51.514090,[]
2026-06-10,12:15:51.547457,[]
2026-06-10,12:15:51.580824,[]
2026-06-10,12:15:51.614191,[]
2026-06-10,12:15:51.647558,[]
2026-06-10,12:15:51.680925,[]
2026-06-10,12:15:51.714292,[]
2026-06-10,12:15:51.747659,[]
2026-06-10,12:15:51.781026,[]
2026-06-10,12:15:51.814393,[]
2026-06-10,12:15:51.847760,[]
2026-06-10,12:15:51.881127,[]
2026-06-10,12:15:51.914494,[]
2026-06-10,12:15:51.947861,[]
2026-06-10,12:15:51.981228,[]
2026-06-10,12:15:52.014595,[]
2026-06-10,12:15:52.047962,[]
2026-06-10,12:15:52.081329,[]
2026-06-10,12:15:52.114696,[]
2026-06-10,12:15:52.148063,[]
2026-06-10,12:15:52.181430,[]
2026-06-10,12:15:52.214797,[]
2026-06-10,12:15:52.248164,[]
2026-06-10,12:15:52.281531,[]
2026-06-10,12:15:52.314898,[]
2026-06-10,12:15:52.348265,[]
2026-06-10,12:15:52.381632,[]
2026-06-10,12:15:52.414999,[]
2026-06-10,12:15:52.448366,[]
2026-06-10,12:15:52.481733,[]
2026-06-10,12:15:52.515100,[]
2026-06-10,12:15:52.548467,[]
2026-06-10,12:15:52.581834,[]
2026-06-10,12:15:52.615201,[]
2026-06-10,12:15:52.648568,[]
2026-06-10,12:15:52.681935,[]
2026-06-10,12:15:52.715302,[]
2026-06-10,12:15:52.748669,[]
2026-06-10,12:15:52.782036,[]
2026-06-10,12:15:52.815403,[]
2026-06-10,12:15:52.848770,[]
2026-06-10,12:15:52.882137,[]
2026-06-10,12:15:52.915504,[]
2026-06-10,12:15:52.948871,[]
2026-06-10,12:15:52.982238,[]
2026-06-10,12:15:53.015605,[]
2026-06-10,12:15:53.048972,[]
2026-06-10,12:15:53.082339,[]
2026-06-10,12:15:53.115706,[]
2026-06-10,12:15:53.149073,[]
2026-06-10,12:15:53.182440,[]
2026-06-10,12:15:53.215807,[]
2026-06-10,12:15:53.249174,[]
2026-06-10,12:15:53.282541,[]
2026-06-10,12:15:53.315908,[]
2026-06-10,12:15:53.349275,[]
2026-06-10,12:15:53.382642,[]
2026-06-10,12:15:53.416009,[]
2026-06-10,12:15:53.449376,[]
2026-06-10,12:15:53.482743,[]
2026-06-10,12:15:53.516110,[]
2026-06-10,12:15:53.549477,[]
2026-06-10,12:15:53.582844,[]
2026-06-10,12:15:53.616211,[]
2026-06-10,12:15:53.649578,[]
2026-06-10,12:15:53.682945,[]
2026-06-10,12:15:53.716312,[]
2026-06-10,12:15:53.749679,[]
2026-06-10,12:15:53.783046,[]
2026-06-10,12:15:53.816413,[]
2026-06-10,12:15:53.849780,[]
2026-06-10,12:15:53.883147,[]
2026-06-10,12:15:53.916514,[]
2026-06-10,12:15:53.949881,[]
2026-06-10,12:15:53.983248,[]
2026-06-10,12:15:54.016615,[]
2026-06-10,12:15:54.049982,[]
2026-06-10,12:15:54.083349,[]
2026-06-10,12:15:54.116716,[]
2026-06-10,12:15:54.150083,[]
2026-06-10,12:15:54.183450,[]
2026-06-10,12:15:54.216817,[]
2026-06-10,12:15:54.250184,[]
2026-06-10,12:15:54.283551,[]
2026-06-10,12:15:54.316918,[]
2026-06-10,12:15:54.350285,[]
2026-06-10,12:15:54.383652,[]
2026-06-10,12:15:54.417019,[]
2026-06-10,12:15:54.450386,[]
2026-06-10,12:15:54.483753,[]
2026-06-10,12:15:54.517120,[]
2026-06-10,12:15:54.550487,[]
2026-06-10,12:15:54.583854,[]
2026-06-10,12:15:54.617221,[]
2026-06-10,12:15:54.650588,[]
2026-06-10,12:15:54.683955,[]
2026-06-10,12:15:54.717322,[]
2026-06-10,12:15:54.750689,[]
2026-06-10,12:15:54.784056,[]
2026-06-10,12:15:54.817423,[]
2026-06-10,12:15:54.850790,[]
2026-06-10,12:15:54.884157,[]
2026-06-10,12:15:54.917524,[]
2026-06-10,12:15:54.950891,['BL99139']
2026-06-10,12:15:54.984258,['BL99139']
2026-06-10,12:15:55.017625,['BL99139']
2026-06-10,12:15:55.050992,['BL99139']
2026-06-10,12:15:55.084359,[]
2026-06-10,12:15:55.117726,[]
2026-06-10,12:15:55.151093,[]
2026-06-10,12:15:55.184460,[]
2026-06-10,12:15:55.217827,[]
2026-06-10,12:15:55.251194,[]
2026-06-10,12:15:55.284561,[]
2026-06-10,12:15:55.317928,[]
2026-06-10,12:15:55.351295,[]
2026-06-10,12:15:55.384662,[]
2026-06-10,12:15:55.418029,[]
2026-06-10,12:15:55.451396,[]
2026-06-10,12:15:55.484763,[]
2026-06-10,12:15:55.518130,[]
2026-06-10,12:15:55.551497,[]
2026-06-10,12:15:55.584864,[]
2026-06-10,12:15:55.618231,[]
2026-06-10,12:15:55.651598,[]
2026-06-10,12:15:55.684965,[]
2026-06-10,12:15:55.718332,[]
2026-06-10,12:15:55.751699,[]
2026-06-10,12:15:55.785066,[]
2026-06-10,12:15:55.818433,[]
2026-06-10,12:15:55.851800,[]
2026-06-10,12:15:55.885167,[]
2026-06-10,12:15:55.918534,[]
2026-06-10,12:15:55.951901,[]
2026-06-10,12:15:55.985268,[]
2026-06-10,12:15:56.018635,[]
2026-06-10,12:15:56.052002,[]
2026-06-10,12:15:56.085369,[]
2026-06-10,12:15:56.118736,[]
2026-06-10,12:15:56.152103,[]
2026-06-10,12:15:56.185470,['BK99453']
2026-06-10,12:15:56.218837,['BK99453']
2026-06-10,12:15:56.252204,['BK99453']
2026-06-10,12:15:56.285571,['BK99453']
2026-06-10,12:15:56.318938,['BK99453']
2026-06-10,12:15:56.352305,[]
2026-06-10,12:15:56.385672,[]
2026-06-10,12:15:56.419039,[]
2026-06-10,12:15:56.452406,[]
2026-06-10,12:15:56.485773,[]
2026-06-10,12:15:56.519140,[]
2026-06-10,12:15:56.552507,[]
2026-06-10,12:15:56.585874,[]
2026-06-10,12:15:56.619241,[]
2026-06-10,12:15:56.652608,[]
2026-06-10,12:15:56.685975,[]
2026-06-10,12:15:56.719342,[]
2026-06-10,12:15:56.752709,[]
2026-06-10,12:15:56.786076,[]
2026-06-10,12:15:56.819443,[]
2026-06-10,12:15:56.852810,[]
2026-06-10,12:15:56.886177,[]
2026-06-10,12:15:56.919544,[]
2026-06-10,12:15:56.952911,[]
2026-06-10,12:15:56.986278,[]
2026-06-10,12:15:57.019645,[]
2026-06-10,12:15:57.053012,[]
2026-06-10,12:15:57.086379,[]
2026-06-10,12:15:57.119746,[]
2026-06-10,12:15:57.153113,[]
2026-06-10,12:15:57.186480,[]
2026-06-10,12:15:57.219847,[]
2026-06-10,12:15:57.253214,[]
2026-06-10,12:15:57.286581,[]
2026-06-10,12:15:57.319948,[]
2026-06-10,12:15:57.353315,[]
2026-06-10,12:15:57.386682,[]
2026-06-10,12:15:57.420049,[]
2026-06-10,12:15:57.453416,[]
2026-06-10,12:15:57.486783,[]
2026-06-10,12:15:57.520150,[]
2026-06-10,12:15:57.553517,[]
2026-06-10,12:15:57.586884,[]
2026-06-10,12:15:57.620251,[]
2026-06-10,12:15:57.653618,[]
2026-06-10,12:15:57.686985,[]
2026-06-10,12:15:57.720352,[]
2026-06-10,12:15:57.753719,[]
2026-06-10,12:15:57.787086,[]
2026-06-10,12:15:57.820453,[]
2026-06-10,12:15:57.853820,[]
2026-06-10,12:15:57.887187,[]
2026-06-10,12:15:57.920554,[]
2026-06-10,12:15:57.953921,[]
2026-06-10,12:15:57.987288,[]
2026-06-10,12:15:58.020655,[]
2026-06-10,12:15:58.054022,[]
2026-06-10,12:15:58.087389,[]
2026-06-10,12:15:58.120756,[]
2026-06-10,12:15:58.154123,[]
2026-06-10,12:15:58.187490,[]
2026-06-10,12:15:58.220857,[]
2026-06-10,12:15:58.254224,[]
2026-06-10,12:15:58.287591,[]
2026-06-10,12:15:58.320958,[]
2026-06-10,12:15:58.354325,[]
2026-06-10,12:15:58.387692,[]
2026-06-10,12:15:58.421059,[]
2026-06-10,12:15:58.454426,[]
2026-06-10,12:15:58.487793,[]
2026-06-10,12:15:58.521160,[]
2026-06-10,12:15:58.554527,[]
2026-06-10,12:15:58.587894,[]
2026-06-10,12:15:58.621261,[]
2026-06-10,12:15:58.654628,[]
2026-06-10,12:15:58.687995,[]
2026-06-10,12:15:58.721362,[]
2026-06-10,12:15:58.754729,[]
2026-06-10,12:15:58.788096,[]
2026-06-10,12:15:58.821463,[]
2026-06-10,12:15:58.854830,[]
2026-06-10,12:15:58.888197,[]
2026-06-10,12:15:58.921564,[]
2026-06-10,12:15:58.954931,[]
2026-06-10,12:15:58.988298,[]
2026-06-10,12:15:59.021665,[]
2026-06-10,12:15:59.055032,[]
2026-06-10,12:15:59.088399,[]
2026-06-10,12:15:59.121766,[]
2026-06-10,12:15:59.155133,[]
2026-06-10,12:15:59.188500,[]
2026-06-10,12:15:59.221867,[]
2026-06-10,12:15:59.255234,[]
2026-06-10,12:15:59.288601,[]
2026-06-10,12:15:59.321968,[]
2026-06-10,12:15:59.355335,[]
2026-06-10,12:15:59.388702,[]
2026-06-10,12:15:59.422069,[]
2026-06-10,12:15:59.455436,[]
2026-06-10,12:15:59.488803,[]
2026-06-10,12:15:59.522170,[]
2026-06-10,12:15:59.555537,[]
2026-06-10,12:15:59.588904,[]
2026-06-10,12:15:59.622271,[]
2026-06-10,12:15:59.655638,[]
2026-06-10,12:15:59.689005,[]
2026-06-10,12:15:59.722372,[]
2026-06-10,12:15:59.755739,[]
2026-06-10,12:15:59.789106,[]
2026-06-10,12:15:59.822473,[]
2026-06-10,12:15:59.855840,[]
2026-06-10,12:15:59.889207,[]
2026-06-10,12:15:59.922574,[]
2026-06-10,12:15:59.955941,[]
2026-06-10,12:15:59.989308,[]
2026-06-10,12:16:00.022675,[]
2026-06-10,12:16:00.056042,[]
2026-06-10,12:16:00.089409,[]
2026-06-10,12:16:00.122776,[]
2026-06-10,12:16:00.156143,[]
2026-06-10,12:16:00.189510,[]
2026-06-10,12:16:00.222877,[]
2026-06-10,12:16:00.256244,[]
2026-06-10,12:16:00.289611,[]
2026-06-10,12:16:00.322978,[]
2026-06-10,12:16:00.356345,[]
2026-06-10,12:16:00.389712,[]
2026-06-10,12:16:00.423079,[]
2026-06-10,12:16:00.456446,[]
2026-06-10,12:16:00.489813,[]
2026-06-10,12:16:00.523180,[]
2026-06-10,12:16:00.556547,['EL60238']
2026-06-10,12:16:00.589914,['EL60238']
2026-06-10,12:16:00.623281,['EL60238']
2026-06-10,12:16:00.656648,['EL60238']
2026-06-10,12:16:00.690015,[]
2026-06-10,12:16:00.723382,[]
2026-06-10,12:16:00.756749,[]
2026-06-10,12:16:00.790116,[]
2026-06-10,12:16:00.823483,[]
2026-06-10,12:16:00.856850,[]
2026-06-10,12:16:00.890217,[]
2026-06-10,12:16:00.923584,[]
2026-06-10,12:16:00.956951,[]
2026-06-10,12:16:00.990318,[]
2026-06-10,12:16:01.023685,[]
2026-06-10,12:16:01.057052,[]
2026-06-10,12:16:01.090419,[]
2026-06-10,12:16:01.123786,[]
2026-06-10,12:16:01.157153,[]
2026-06-10,12:16:01.190520,[]
2026-06-10,12:16:01.223887,[]
2026-06-10,12:16:01.257254,[]
2026-06-10,12:16:01.290621,[]
2026-06-10,12:16:01.323988,[]
2026-06-10,12:16:01.357355,[]
2026-06-10,12:16:01.390722,[]
2026-06-10,12:16:01.424089,[]
2026-06-10,12:16:01.457456,[]
2026-06-10,12:16:01.490823,[]
2026-06-10,12:16:01.524190,[]
2026-06-10,12:16:01.557557,[]
2026-06-10,12:16:01.590924,[]
2026-06-10,12:16:01.624291,[]
2026-06-10,12:16:01.657658,[]
2026-06-10,12:16:01.691025,[]
2026-06-10,12:16:01.724392,[]
2026-06-10,12:16:01.757759,[]
2026-06-10,12:16:01.791126,[]
2026-06-10,12:16:01.824493,[]
2026-06-10,12:16:01.857860,[]
2026-06-10,12:16:01.891227,[]
2026-06-10,12:16:01.924594,[]
2026-06-10,12:16:01.957961,[]
2026-06-10,12:16:01.991328,[]
2026-06-10,12:16:02.024695,[]
2026-06-10,12:16:02.058062,[]
2026-06-10,12:16:02.091429,[]
2026-06-10,12:16:02.124796,[]
2026-06-10,12:16:02.158163,[]
2026-06-10,12:16:02.191530,[]
2026-06-10,12:16:02.224897,[]
2026-06-10,12:16:02.258264,[]
2026-06-10,12:16:02.291631,[]
2026-06-10,12:16:02.324998,[]
2026-06-10,12:16:02.358365,[]
2026-06-10,12:16:02.391732,[]
2026-06-10,12:16:02.425099,[]
2026-06-10,12:16:02.458466,[]
2026-06-10,12:16:02.491833,[]
2026-06-10,12:16:02.525200,[]
2026-06-10,12:16:02.558567,[]
2026-06-10,12:16:02.591934,[]
2026-06-10,12:16:02.625301,[]
2026-06-10,12:16:02.658668,[]
2026-06-10,12:16:02.692035,[]
2026-06-10,12:16:02.725402,[]
2026-06-10,12:16:02.758769,[]
2026-06-10,12:16:02.792136,[]
2026-06-10,12:16:02.825503,[]
2026-06-10,12:16:02.858870,[]
2026-06-10,12:16:02.892237,[]
2026-06-10,12:16:02.925604,[]
2026-06-10,12:16:02.958971,[]
2026-06-10,12:16:02.992338,[]
2026-06-10,12:16:03.025705,[]
2026-06-10,12:16:03.059072,[]
2026-06-10,12:16:03.092439,[]
2026-06-10,12:16:03.125806,[]
2026-06-10,12:16:03.159173,[]
2026-06-10,12:16:03.192540,[]
2026-06-10,12:16:03.225907,[]
2026-06-10,12:16:03.259274,[]
2026-06-10,12:16:03.292641,[]
2026-06-10,12:16:03.326008,[]
2026-06-10,12:16:03.359375,[]
2026-06-10,12:16:03.392742,[]
2026-06-10,12:16:03.426109,[]
2026-06-10,12:16:03.459476,[]
2026-06-10,12:16:03.492843,[]
2026-06-10,12:16:03.526210,[]
2026-06-10,12:16:03.559577,[]
2026-06-10,12:16:03.592944,['EA40353']
2026-06-10,12:16:03.626311,['EA40353']
2026-06-10,12:16:03.659678,['EA40353']
2026-06-10,12:16:03.693045,['EA40353']
2026-06-10,12:16:03.726412,[]
2026-06-10,12:16:03.759779,['EA40353']
2026-06-10,12:16:03.793146,[]
2026-06-10,12:16:03.826513,[]
2026-06-10,12:16:03.859880,[]
2026-06-10,12:16:03.893247,[]
2026-06-10,12:16:03.926614,[]
2026-06-10,12:16:03.959981,[]
2026-06-10,12:16:03.993348,[]
2026-06-10,12:16:04.026715,[]
2026-06-10,12:16:04.060082,[]
2026-06-10,12:16:04.093449,[]
2026-06-10,12:16:04.126816,[]
2026-06-10,12:16:04.160183,[]
2026-06-10,12:16:04.193550,[]
2026-06-10,12:16:04.226917,[]
2026-06-10,12:16:04.260284,[]
2026-06-10,12:16:04.293651,[]
2026-06-10,12:16:04.327018,[]
2026-06-10,12:16:04.360385,[]
2026-06-10,12:16:04.393752,[]
2026-06-10,12:16:04.427119,[]
2026-06-10,12:16:04.460486,[]
2026-06-10,12:16:04.493853,[]
2026-06-10,12:16:04.527220,[]
2026-06-10,12:16:04.560587,[]
2026-06-10,12:16:04.593954,[]
2026-06-10,12:16:04.627321,[]
2026-06-10,12:16:04.660688,[]
2026-06-10,12:16:04.694055,[]
2026-06-10,12:16:04.727422,[]
2026-06-10,12:16:04.760789,[]
2026-06-10,12:16:04.794156,[]
2026-06-10,12:16:04.827523,[]
2026-06-10,12:16:04.860890,[]
2026-06-10,12:16:04.894257,[]
2026-06-10,12:16:04.927624,[]
2026-06-10,12:16:04.960991,[]
2026-06-10,12:16:04.994358,[]
2026-06-10,12:16:05.027725,[]
2026-06-10,12:16:05.061092,[]
2026-06-10,12:16:05.094459,[]
2026-06-10,12:16:05.127826,[]
2026-06-10,12:16:05.161193,[]
2026-06-10,12:16:05.194560,['CH52560']
2026-06-10,12:16:05.227927,['CK52560']
2026-06-10,12:16:05.261294,['CH52560']
2026-06-10,12:16:05.294661,['CH52560']
2026-06-10,12:16:05.328028,['CH52560']
2026-06-10,12:16:05.361395,['CH52560']
2026-06-10,12:16:05.394762,[]
2026-06-10,12:16:05.428129,[]
2026-06-10,12:16:05.461496,[]
2026-06-10,12:16:05.494863,[]
2026-06-10,12:16:05.528230,[]
2026-06-10,12:16:05.561597,[]
2026-06-10,12:16:05.594964,[]
2026-06-10,12:16:05.628331,[]
2026-06-10,12:16:05.661698,[]
2026-06-10,12:16:05.695065,[]
2026-06-10,12:16:05.728432,[]
2026-06-10,12:16:05.761799,[]
2026-06-10,12:16:05.795166,[]
2026-06-10,12:16:05.828533,[]
2026-06-10,12:16:05.861900,[]
2026-06-10,12:16:05.895267,[]
2026-06-10,12:16:05.928634,[]
2026-06-10,12:16:05.962001,[]
2026-06-10,12:16:05.995368,[]
2026-06-10,12:16:06.028735,[]
2026-06-10,12:16:06.062102,[]
2026-06-10,12:16:06.095469,[]
2026-06-10,12:16:06.128836,[]
2026-06-10,12:16:06.162203,[]
2026-06-10,12:16:06.195570,[]
2026-06-10,12:16:06.228937,[]
2026-06-10,12:16:06.262304,[]
2026-06-10,12:16:06.295671,[]
2026-06-10,12:16:06.329038,[]
2026-06-10,12:16:06.362405,[]
2026-06-10,12:16:06.395772,[]
2026-06-10,12:16:06.429139,[]
2026-06-10,12:16:06.462506,[]
2026-06-10,12:16:06.495873,[]
2026-06-10,12:16:06.529240,[]
2026-06-10,12:16:06.562607,[]
2026-06-10,12:16:06.595974,[]
2026-06-10,12:16:06.629341,[]
2026-06-10,12:16:06.662708,[]
2026-06-10,12:16:06.696075,[]
2026-06-10,12:16:06.729442,[]
2026-06-10,12:16:06.762809,[]
2026-06-10,12:16:06.796176,[]
2026-06-10,12:16:06.829543,[]
2026-06-10,12:16:06.862910,[]
2026-06-10,12:16:06.896277,[]
2026-06-10,12:16:06.929644,[]
2026-06-10,12:16:06.963011,[]
2026-06-10,12:16:06.996378,[]
2026-06-10,12:16:07.029745,[]
2026-06-10,12:16:07.063112,[]
2026-06-10,12:16:07.096479,[]
2026-06-10,12:16:07.129846,[]
2026-06-10,12:16:07.163213,[]
2026-06-10,12:16:07.196580,[]
2026-06-10,12:16:07.229947,[]
2026-06-10,12:16:07.263314,[]
2026-06-10,12:16:07.296681,[]
2026-06-10,12:16:07.330048,[]
2026-06-10,12:16:07.363415,[]
2026-06-10,12:16:07.396782,[]
2026-06-10,12:16:07.430149,['ER30829']
2026-06-10,12:16:07.463516,['ER30829']
2026-06-10,12:16:07.496883,['ER30829']
2026-06-10,12:16:07.530250,['ER30829']
2026-06-10,12:16:07.563617,['ER30829']
2026-06-10,12:16:07.596984,[]
2026-06-10,12:16:07.630351,[]
2026-06-10,12:16:07.663718,[]
2026-06-10,12:16:07.697085,[]
2026-06-10,12:16:07.730452,[]
2026-06-10,12:16:07.763819,[]
2026-06-10,12:16:07.797186,[]
2026-06-10,12:16:07.830553,[]
2026-06-10,12:16:07.863920,[]
2026-06-10,12:16:07.897287,[]
2026-06-10,12:16:07.930654,[]
2026-06-10,12:16:07.964021,[]
2026-06-10,12:16:07.997388,[]
2026-06-10,12:16:08.030755,[]
2026-06-10,12:16:08.064122,[]
2026-06-10,12:16:08.097489,[]
2026-06-10,12:16:08.130856,[]
2026-06-10,12:16:08.164223,[]
2026-06-10,12:16:08.197590,[]
2026-06-10,12:16:08.230957,[]
2026-06-10,12:16:08.264324,[]
2026-06-10,12:16:08.297691,[]
2026-06-10,12:16:08.331058,[]
2026-06-10,12:16:08.364425,[]
2026-06-10,12:16:08.397792,[]
2026-06-10,12:16:08.431159,[]
2026-06-10,12:16:08.464526,[]
2026-06-10,12:16:08.497893,[]
2026-06-10,12:16:08.531260,[]
2026-06-10,12:16:08.564627,[]
2026-06-10,12:16:08.597994,[]
2026-06-10,12:16:08.631361,[]
2026-06-10,12:16:08.664728,[]
2026-06-10,12:16:08.698095,[]
2026-06-10,12:16:08.731462,[]
2026-06-10,12:16:08.764829,[]
2026-06-10,12:16:08.798196,[]
2026-06-10,12:16:08.831563,[]
2026-06-10,12:16:08.864930,[]
2026-06-10,12:16:08.898297,[]
2026-06-10,12:16:08.931664,[]
2026-06-10,12:16:08.965031,[]
2026-06-10,12:16:08.998398,[]
2026-06-10,12:16:09.031765,[]
2026-06-10,12:16:09.065132,[]
2026-06-10,12:16:09.098499,[]
2026-06-10,12:16:09.131866,[]
2026-06-10,12:16:09.165233,[]
2026-06-10,12:16:09.198600,[]
2026-06-10,12:16:09.231967,[]
2026-06-10,12:16:09.265334,[]
2026-06-10,12:16:09.298701,[]
2026-06-10,12:16:09.332068,[]
2026-06-10,12:16:09.365435,[]
2026-06-10,12:16:09.398802,[]
2026-06-10,12:16:09.432169,[]
2026-06-10,12:16:09.465536,[]
2026-06-10,12:16:09.498903,[]
2026-06-10,12:16:09.532270,[]
2026-06-10,12:16:09.565637,[]
2026-06-10,12:16:09.599004,[]
2026-06-10,12:16:09.632371,[]
2026-06-10,12:16:09.665738,[]
2026-06-10,12:16:09.699105,[]
2026-06-10,12:16:09.732472,[]
2026-06-10,12:16:09.765839,[]
2026-06-10,12:16:09.799206,[]
2026-06-10,12:16:09.832573,[]
2026-06-10,12:16:09.865940,[]
2026-06-10,12:16:09.899307,[]
2026-06-10,12:16:09.932674,[]
2026-06-10,12:16:09.966041,[]
2026-06-10,12:16:09.999408,[]
2026-06-10,12:16:10.032775,[]
2026-06-10,12:16:10.066142,[]
2026-06-10,12:16:10.099509,[]
2026-06-10,12:16:10.132876,['AF89043']
2026-06-10,12:16:10.166243,['AF89043']
2026-06-10,12:16:10.199610,['AF89043']
2026-06-10,12:16:10.232977,['AF89043']
2026-06-10,12:16:10.266344,[]
2026-06-10,12:16:10.299711,[]
2026-06-10,12:16:10.333078,[]
2026-06-10,12:16:10.366445,[]
2026-06-10,12:16:10.399812,[]
2026-06-10,12:16:10.433179,[]
2026-06-10,12:16:10.466546,[]
2026-06-10,12:16:10.499913,[]
2026-06-10,12:16:10.533280,[]
2026-06-10,12:16:10.566647,[]
2026-06-10,12:16:10.600014,[]
2026-06-10,12:16:10.633381,[]
2026-06-10,12:16:10.666748,[]
2026-06-10,12:16:10.700115,[]
2026-06-10,12:16:10.733482,[]
2026-06-10,12:16:10.766849,[]
2026-06-10,12:16:10.800216,[]
2026-06-10,12:16:10.833583,[]
2026-06-10,12:16:10.866950,[]
2026-06-10,12:16:10.900317,[]
2026-06-10,12:16:10.933684,[]
2026-06-10,12:16:10.967051,[]
2026-06-10,12:16:11.000418,[]
2026-06-10,12:16:11.033785,[]
2026-06-10,12:16:11.067152,[]
2026-06-10,12:16:11.100519,[]
2026-06-10,12:16:11.133886,[]
2026-06-10,12:16:11.167253,[]
2026-06-10,12:16:11.200620,[]
2026-06-10,12:16:11.233987,[]
2026-06-10,12:16:11.267354,[]
2026-06-10,12:16:11.300721,[]
2026-06-10,12:16:11.334088,[]
2026-06-10,12:16:11.367455,[]
2026-06-10,12:16:11.400822,[]
2026-06-10,12:16:11.434189,[]
2026-06-10,12:16:11.467556,[]
2026-06-10,12:16:11.500923,[]
2026-06-10,12:16:11.534290,[]
2026-06-10,12:16:11.567657,[]
2026-06-10,12:16:11.601024,[]
2026-06-10,12:16:11.634391,[]
2026-06-10,12:16:11.667758,[]
2026-06-10,12:16:11.701125,[]
2026-06-10,12:16:11.734492,[]
2026-06-10,12:16:11.767859,[]
2026-06-10,12:16:11.801226,[]
2026-06-10,12:16:11.834593,[]
2026-06-10,12:16:11.867960,[]
2026-06-10,12:16:11.901327,[]
2026-06-10,12:16:11.934694,[]
2026-06-10,12:16:11.968061,[]
2026-06-10,12:16:12.001428,[]
2026-06-10,12:16:12.034795,[]
2026-06-10,12:16:12.068162,[]
2026-06-10,12:16:12.101529,[]
2026-06-10,12:16:12.134896,[]
2026-06-10,12:16:12.168263,[]
2026-06-10,12:16:12.201630,[]
2026-06-10,12:16:12.234997,[]
2026-06-10,12:16:12.268364,[]
2026-06-10,12:16:12.301731,[]
2026-06-10,12:16:12.335098,[]
2026-06-10,12:16:12.368465,[]
2026-06-10,12:16:12.401832,[]
2026-06-10,12:16:12.435199,[]
2026-06-10,12:16:12.468566,[]
2026-06-10,12:16:12.501933,[]
2026-06-10,12:16:12.535300,[]
2026-06-10,12:16:12.568667,[]
2026-06-10,12:16:12.602034,[]
2026-06-10,12:16:12.635401,[]
2026-06-10,12:16:12.668768,[]
2026-06-10,12:16:12.702135,[]
2026-06-10,12:16:12.735502,[]
2026-06-10,12:16:12.768869,[]
2026-06-10,12:16:12.802236,[]
2026-06-10,12:16:12.835603,[]
2026-06-10,12:16:12.868970,[]
2026-06-10,12:16:12.902337,[]
2026-06-10,12:16:12.935704,[]
2026-06-10,12:16:12.969071,[]
2026-06-10,12:16:13.002438,[]
2026-06-10,12:16:13.035805,[]
2026-06-10,12:16:13.069172,[]
2026-06-10,12:16:13.102539,[]
2026-06-10,12:16:13.135906,[]
2026-06-10,12:16:13.169273,[]
2026-06-10,12:16:13.202640,[]
2026-06-10,12:16:13.236007,[]
2026-06-10,12:16:13.269374,[]
2026-06-10,12:16:13.302741,[]
2026-06-10,12:16:13.336108,[]
2026-06-10,12:16:13.369475,[]
2026-06-10,12:16:13.402842,[]
2026-06-10,12:16:13.436209,[]
2026-06-10,12:16:13.469576,[]
2026-06-10,12:16:13.502943,[]
2026-06-10,12:16:13.536310,[]
2026-06-10,12:16:13.569677,[]
2026-06-10,12:16:13.603044,[]
2026-06-10,12:16:13.636411,[]
2026-06-10,12:16:13.669778,[]
2026-06-10,12:16:13.703145,[]
2026-06-10,12:16:13.736512,[]
2026-06-10,12:16:13.769879,[]
2026-06-10,12:16:13.803246,[]
2026-06-10,12:16:13.836613,[]
2026-06-10,12:16:13.869980,[]
2026-06-10,12:16:13.903347,[]
2026-06-10,12:16:13.936714,[]
2026-06-10,12:16:13.970081,[]
2026-06-10,12:16:14.003448,[]
2026-06-10,12:16:14.036815,[]
2026-06-10,12:16:14.070182,[]
2026-06-10,12:16:14.103549,[]
2026-06-10,12:16:14.136916,[]
2026-06-10,12:16:14.170283,[]
2026-06-10,12:16:14.203650,[]
2026-06-10,12:16:14.237017,[]
2026-06-10,12:16:14.270384,[]
2026-06-10,12:16:14.303751,[]
2026-06-10,12:16:14.337118,[]
2026-06-10,12:16:14.370485,[]
2026-06-10,12:16:14.403852,[]
2026-06-10,12:16:14.437219,[]
2026-06-10,12:16:14.470586,[]
2026-06-10,12:16:14.503953,[]
2026-06-10,12:16:14.537320,[]
2026-06-10,12:16:14.570687,[]
2026-06-10,12:16:14.604054,[]
2026-06-10,12:16:14.637421,[]
2026-06-10,12:16:14.670788,['BY44699']
2026-06-10,12:16:14.704155,['BY44699']
2026-06-10,12:16:14.737522,['BY44699']
2026-06-10,12:16:14.770889,[]
2026-06-10,12:16:14.804256,[]
2026-06-10,12:16:14.837623,[]
2026-06-10,12:16:14.870990,[]
2026-06-10,12:16:14.904357,[]
2026-06-10,12:16:14.937724,[]
2026-06-10,12:16:14.971091,[]
2026-06-10,12:16:15.004458,[]
2026-06-10,12:16:15.037825,[]
2026-06-10,12:16:15.071192,[]
2026-06-10,12:16:15.104559,[]
2026-06-10,12:16:15.137926,[]
2026-06-10,12:16:15.171293,[]
2026-06-10,12:16:15.204660,[]
2026-06-10,12:16:15.238027,[]
2026-06-10,12:16:15.271394,[]
2026-06-10,12:16:15.304761,[]
2026-06-10,12:16:15.338128,[]
2026-06-10,12:16:15.371495,[]
2026-06-10,12:16:15.404862,[]
2026-06-10,12:16:15.438229,[]
2026-06-10,12:16:15.471596,[]
2026-06-10,12:16:15.504963,[]
2026-06-10,12:16:15.538330,[]
2026-06-10,12:16:15.571697,[]
2026-06-10,12:16:15.605064,[]
2026-06-10,12:16:15.638431,[]
2026-06-10,12:16:15.671798,[]
2026-06-10,12:16:15.705165,[]
2026-06-10,12:16:15.738532,[]
2026-06-10,12:16:15.771899,[]
2026-06-10,12:16:15.805266,[]
2026-06-10,12:16:15.838633,[]
2026-06-10,12:16:15.872000,[]
2026-06-10,12:16:15.905367,[]
2026-06-10,12:16:15.938734,[]
2026-06-10,12:16:15.972101,[]
2026-06-10,12:16:16.005468,[]
2026-06-10,12:16:16.038835,[]
2026-06-10,12:16:16.072202,[]
2026-06-10,12:16:16.105569,[]
2026-06-10,12:16:16.138936,[]
2026-06-10,12:16:16.172303,[]
2026-06-10,12:16:16.205670,[]
2026-06-10,12:16:16.239037,[]
2026-06-10,12:16:16.272404,[]
2026-06-10,12:16:16.305771,[]
2026-06-10,12:16:16.339138,[]
2026-06-10,12:16:16.372505,[]
2026-06-10,12:16:16.405872,[]
2026-06-10,12:16:16.439239,[]
2026-06-10,12:16:16.472606,[]
2026-06-10,12:16:16.505973,[]
2026-06-10,12:16:16.539340,[]
2026-06-10,12:16:16.572707,[]
2026-06-10,12:16:16.606074,[]
2026-06-10,12:16:16.639441,[]
2026-06-10,12:16:16.672808,[]
2026-06-10,12:16:16.706175,[]
2026-06-10,12:16:16.739542,[]
2026-06-10,12:16:16.772909,[]
2026-06-10,12:16:16.806276,[]
2026-06-10,12:16:16.839643,[]
2026-06-10,12:16:16.873010,[]
2026-06-10,12:16:16.906377,[]
2026-06-10,12:16:16.939744,[]
2026-06-10,12:16:16.973111,[]
2026-06-10,12:16:17.006478,[]
2026-06-10,12:16:17.039845,[]
2026-06-10,12:16:17.073212,[]
2026-06-10,12:16:17.106579,[]
2026-06-10,12:16:17.139946,[]
2026-06-10,12:16:17.173313,[]
2026-06-10,12:16:17.206680,[]
2026-06-10,12:16:17.240047,[]
2026-06-10,12:16:17.273414,[]
2026-06-10,12:16:17.306781,[]
2026-06-10,12:16:17.340148,[]
2026-06-10,12:16:17.373515,[]
2026-06-10,12:16:17.406882,[]
2026-06-10,12:16:17.440249,[]
2026-06-10,12:16:17.473616,[]
2026-06-10,12:16:17.506983,[]
2026-06-10,12:16:17.540350,[]
2026-06-10,12:16:17.573717,[]
2026-06-10,12:16:17.607084,[]
2026-06-10,12:16:17.640451,[]
2026-06-10,12:16:17.673818,[]
2026-06-10,12:16:17.707185,[]
2026-06-10,12:16:17.740552,[]
2026-06-10,12:16:17.773919,[]
2026-06-10,12:16:17.807286,[]
2026-06-10,12:16:17.840653,[]
2026-06-10,12:16:17.874020,[]
2026-06-10,12:16:17.907387,[]
2026-06-10,12:16:17.940754,[]
2026-06-10,12:16:17.974121,[]
2026-06-10,12:16:18.007488,[]
2026-06-10,12:16:18.040855,[]
2026-06-10,12:16:18.074222,[]
2026-06-10,12:16:18.107589,[]
2026-06-10,12:16:18.140956,[]
2026-06-10,12:16:18.174323,[]
2026-06-10,12:16:18.207690,[]
2026-06-10,12:16:18.241057,[]
2026-06-10,12:16:18.274424,[]
2026-06-10,12:16:18.307791,[]
2026-06-10,12:16:18.341158,[]
2026-06-10,12:16:18.374525,[]
2026-06-10,12:16:18.407892,[]
2026-06-10,12:16:18.441259,[]
2026-06-10,12:16:18.474626,[]
2026-06-10,12:16:18.507993,[]
2026-06-10,12:16:18.541360,[]
2026-06-10,12:16:18.574727,[]
2026-06-10,12:16:18.608094,[]
2026-06-10,12:16:18.641461,[]
2026-06-10,12:16:18.674828,[]
2026-06-10,12:16:18.708195,[]
2026-06-10,12:16:18.741562,[]
2026-06-10,12:16:18.774929,[]
2026-06-10,12:16:18.808296,[]
2026-06-10,12:16:18.841663,[]
2026-06-10,12:16:18.875030,[]
2026-06-10,12:16:18.908397,[]
2026-06-10,12:16:18.941764,[]
2026-06-10,12:16:18.975131,[]
2026-06-10,12:16:19.008498,[]
2026-06-10,12:16:19.041865,[]
2026-06-10,12:16:19.075232,[]
2026-06-10,12:16:19.108599,[]
2026-06-10,12:16:19.141966,[]
2026-06-10,12:16:19.175333,[]
2026-06-10,12:16:19.208700,[]
2026-06-10,12:16:19.242067,[]
2026-06-10,12:16:19.275434,[]
2026-06-10,12:16:19.308801,[]
2026-06-10,12:16:19.342168,[]
2026-06-10,12:16:19.375535,[]
2026-06-10,12:16:19.408902,[]
2026-06-10,12:16:19.442269,[]
2026-06-10,12:16:19.475636,[]
2026-06-10,12:16:19.509003,[]
2026-06-10,12:16:19.542370,[]
2026-06-10,12:16:19.575737,[]
2026-06-10,12:16:19.609104,[]
2026-06-10,12:16:19.642471,[]
2026-06-10,12:16:19.675838,[]
2026-06-10,12:16:19.709205,[]
2026-06-10,12:16:19.742572,[]
2026-06-10,12:16:19.775939,[]
2026-06-10,12:16:19.809306,[]
2026-06-10,12:16:19.842673,[]
2026-06-10,12:16:19.876040,[]
2026-06-10,12:16:19.909407,[]
2026-06-10,12:16:19.942774,[]
2026-06-10,12:16:19.976141,[]
2026-06-10,12:16:20.009508,[]
2026-06-10,12:16:20.042875,[]
2026-06-10,12:16:20.076242,[]
2026-06-10,12:16:20.109609,[]
2026-06-10,12:16:20.142976,[]
2026-06-10,12:16:20.176343,[]
2026-06-10,12:16:20.209710,[]
2026-06-10,12:16:20.243077,[]
2026-06-10,12:16:20.276444,[]
2026-06-10,12:16:20.309811,[]
2026-06-10,12:16:20.343178,[]
2026-06-10,12:16:20.376545,[]
2026-06-10,12:16:20.409912,[]
2026-06-10,12:16:20.443279,[]
2026-06-10,12:16:20.476646,[]
2026-06-10,12:16:20.510013,[]
2026-06-10,12:16:20.543380,[]
2026-06-10,12:16:20.576747,[]
2026-06-10,12:16:20.610114,[]
2026-06-10,12:16:20.643481,[]
2026-06-10,12:16:20.676848,[]
2026-06-10,12:16:20.710215,[]
2026-06-10,12:16:20.743582,[]
2026-06-10,12:16:20.776949,[]
2026-06-10,12:16:20.810316,[]
2026-06-10,12:16:20.843683,[]
2026-06-10,12:16:20.877050,[]
2026-06-10,12:16:20.910417,[]
2026-06-10,12:16:20.943784,[]
2026-06-10,12:16:20.977151,[]
2026-06-10,12:16:21.010518,[]
2026-06-10,12:16:21.043885,[]
2026-06-10,12:16:21.077252,[]
2026-06-10,12:16:21.110619,[]
2026-06-10,12:16:21.143986,[]
2026-06-10,12:16:21.177353,[]
2026-06-10,12:16:21.210720,[]
2026-06-10,12:16:21.244087,[]
2026-06-10,12:16:21.277454,[]
2026-06-10,12:16:21.310821,[]
2026-06-10,12:16:21.344188,[]
2026-06-10,12:16:21.377555,[]
2026-06-10,12:16:21.410922,[]
2026-06-10,12:16:21.444289,[]
2026-06-10,12:16:21.477656,[]
2026-06-10,12:16:21.511023,[]
2026-06-10,12:16:21.544390,[]
2026-06-10,12:16:21.577757,[]
2026-06-10,12:16:21.611124,[]
2026-06-10,12:16:21.644491,[]
2026-06-10,12:16:21.677858,[]
2026-06-10,12:16:21.711225,[]
2026-06-10,12:16:21.744592,[]
2026-06-10,12:16:21.777959,[]
2026-06-10,12:16:21.811326,[]
2026-06-10,12:16:21.844693,[]
2026-06-10,12:16:21.878060,[]
2026-06-10,12:16:21.911427,[]
2026-06-10,12:16:21.944794,[]
2026-06-10,12:16:21.978161,[]
2026-06-10,12:16:22.011528,[]
2026-06-10,12:16:22.044895,[]
2026-06-10,12:16:22.078262,[]
2026-06-10,12:16:22.111629,[]
2026-06-10,12:16:22.144996,[]
2026-06-10,12:16:22.178363,[]
2026-06-10,12:16:22.211730,[]
2026-06-10,12:16:22.245097,[]
2026-06-10,12:16:22.278464,[]
2026-06-10,12:16:22.311831,[]
2026-06-10,12:16:22.345198,[]
2026-06-10,12:16:22.378565,[]
2026-06-10,12:16:22.411932,[]
2026-06-10,12:16:22.445299,[]
2026-06-10,12:16:22.478666,[]
2026-06-10,12:16:22.512033,[]
2026-06-10,12:16:22.545400,[]
2026-06-10,12:16:22.578767,[]
2026-06-10,12:16:22.612134,[]
2026-06-10,12:16:22.645501,[]
2026-06-10,12:16:22.678868,[]
2026-06-10,12:16:22.712235,[]
2026-06-10,12:16:22.745602,[]
2026-06-10,12:16:22.778969,[]
2026-06-10,12:16:22.812336,[]
2026-06-10,12:16:22.845703,[]
2026-06-10,12:16:22.879070,[]
2026-06-10,12:16:22.912437,[]
2026-06-10,12:16:22.945804,[]
2026-06-10,12:16:22.979171,[]
2026-06-10,12:16:23.012538,[]
2026-06-10,12:16:23.045905,[]
2026-06-10,12:16:23.079272,[]
2026-06-10,12:16:23.112639,[]
2026-06-10,12:16:23.146006,[]
2026-06-10,12:16:23.179373,[]
2026-06-10,12:16:23.212740,[]
2026-06-10,12:16:23.246107,[]
2026-06-10,12:16:23.279474,[]
2026-06-10,12:16:23.312841,[]
2026-06-10,12:16:23.346208,[]
2026-06-10,12:16:23.379575,[]
2026-06-10,12:16:23.412942,[]
2026-06-10,12:16:23.446309,[]
2026-06-10,12:16:23.479676,[]
2026-06-10,12:16:23.513043,[]
2026-06-10,12:16:23.546410,[]
2026-06-10,12:16:23.579777,[]
2026-06-10,12:16:23.613144,[]
2026-06-10,12:16:23.646511,[]
2026-06-10,12:16:23.679878,[]
2026-06-10,12:16:23.713245,[]
2026-06-10,12:16:23.746612,[]
2026-06-10,12:16:23.779979,[]
2026-06-10,12:16:23.813346,[]
2026-06-10,12:16:23.846713,[]
2026-06-10,12:16:23.880080,[]
2026-06-10,12:16:23.913447,[]
2026-06-10,12:16:23.946814,[]
2026-06-10,12:16:23.980181,[]
2026-06-10,12:16:24.013548,[]
2026-06-10,12:16:24.046915,[]
2026-06-10,12:16:24.080282,[]
2026-06-10,12:16:24.113649,[]
2026-06-10,12:16:24.147016,[]
2026-06-10,12:16:24.180383,[]
2026-06-10,12:16:24.213750,[]
2026-06-10,12:16:24.247117,[]
2026-06-10,12:16:24.280484,[]
2026-06-10,12:16:24.313851,[]
2026-06-10,12:16:24.347218,[]
2026-06-10,12:16:24.380585,[]
2026-06-10,12:16:24.413952,[]
2026-06-10,12:16:24.447319,[]
2026-06-10,12:16:24.480686,[]
2026-06-10,12:16:24.514053,[]
2026-06-10,12:16:24.547420,[]
2026-06-10,12:16:24.580787,[]
2026-06-10,12:16:24.614154,[]
2026-06-10,12:16:24.647521,[]
2026-06-10,12:16:24.680888,[]
2026-06-10,12:16:24.714255,[]
2026-06-10,12:16:24.747622,[]
2026-06-10,12:16:24.780989,[]
2026-06-10,12:16:24.814356,[]
2026-06-10,12:16:24.847723,[]
2026-06-10,12:16:24.881090,[]
2026-06-10,12:16:24.914457,[]
2026-06-10,12:16:24.947824,[]
2026-06-10,12:16:24.981191,[]
2026-06-10,12:16:25.014558,[]
2026-06-10,12:16:25.047925,[]
2026-06-10,12:16:25.081292,[]
2026-06-10,12:16:25.114659,[]
2026-06-10,12:16:25.148026,[]
2026-06-10,12:16:25.181393,[]
2026-06-10,12:16:25.214760,[]
2026-06-10,12:16:25.248127,[]
2026-06-10,12:16:25.281494,[]
2026-06-10,12:16:25.314861,[]
2026-06-10,12:16:25.348228,[]
2026-06-10,12:16:25.381595,[]
2026-06-10,12:16:25.414962,[]
2026-06-10,12:16:25.448329,[]
2026-06-10,12:16:25.481696,[]
2026-06-10,12:16:25.515063,[]
2026-06-10,12:16:25.548430,[]
2026-06-10,12:16:25.581797,[]
2026-06-10,12:16:25.615164,[]
2026-06-10,12:16:25.648531,[]
2026-06-10,12:16:25.681898,[]
2026-06-10,12:16:25.715265,[]
2026-06-10,12:16:25.748632,[]
2026-06-10,12:16:25.781999,[]
2026-06-10,12:16:25.815366,[]
2026-06-10,12:16:25.848733,[]
2026-06-10,12:16:25.882100,[]
2026-06-10,12:16:25.915467,[]
2026-06-10,12:16:25.948834,[]
2026-06-10,12:16:25.982201,[]
2026-06-10,12:16:26.015568,[]
2026-06-10,12:16:26.048935,[]
2026-06-10,12:16:26.082302,[]
2026-06-10,12:16:26.115669,[]
2026-06-10,12:16:26.149036,[]
2026-06-10,12:16:26.182403,[]
2026-06-10,12:16:26.215770,[]
2026-06-10,12:16:26.249137,[]
2026-06-10,12:16:26.282504,[]
2026-06-10,12:16:26.315871,[]
2026-06-10,12:16:26.349238,[]
2026-06-10,12:16:26.382605,[]
2026-06-10,12:16:26.415972,[]
2026-06-10,12:16:26.449339,[]
2026-06-10,12:16:26.482706,[]
2026-06-10,12:16:26.516073,[]
2026-06-10,12:16:26.549440,[]
2026-06-10,12:16:26.582807,[]
2026-06-10,12:16:26.616174,[]
2026-06-10,12:16:26.649541,[]
2026-06-10,12:16:26.682908,[]
2026-06-10,12:16:26.716275,[]
2026-06-10,12:16:26.749642,[]
2026-06-10,12:16:26.783009,[]
2026-06-10,12:16:26.816376,[]
2026-06-10,12:16:26.849743,[]
2026-06-10,12:16:26.883110,[]
2026-06-10,12:16:26.916477,[]
2026-06-10,12:16:26.949844,[]
2026-06-10,12:16:26.983211,[]
2026-06-10,12:16:27.016578,[]
2026-06-10,12:16:27.049945,[]
2026-06-10,12:16:27.083312,[]
2026-06-10,12:16:27.116679,[]
2026-06-10,12:16:27.150046,[]
2026-06-10,12:16:27.183413,[]
2026-06-10,12:16:27.216780,[]
2026-06-10,12:16:27.250147,[]
2026-06-10,12:16:27.283514,[]
2026-06-10,12:16:27.316881,[]
2026-06-10,12:16:27.350248,[]
2026-06-10,12:16:27.383615,[]
2026-06-10,12:16:27.416982,[]
2026-06-10,12:16:27.450349,[]
2026-06-10,12:16:27.483716,[]
2026-06-10,12:16:27.517083,[]
2026-06-10,12:16:27.550450,[]
2026-06-10,12:16:27.583817,[]
2026-06-10,12:16:27.617184,[]
2026-06-10,12:16:27.650551,[]
2026-06-10,12:16:27.683918,[]
2026-06-10,12:16:27.717285,[]
2026-06-10,12:16:27.750652,[]
2026-06-10,12:16:27.784019,[]
2026-06-10,12:16:27.817386,[]
2026-06-10,12:16:27.850753,[]
2026-06-10,12:16:27.884120,[]
2026-06-10,12:16:27.917487,[]
2026-06-10,12:16:27.950854,[]
2026-06-10,12:16:27.984221,[]
2026-06-10,12:16:28.017588,[]
2026-06-10,12:16:28.050955,[]
2026-06-10,12:16:28.084322,[]
2026-06-10,12:16:28.117689,[]
2026-06-10,12:16:28.151056,[]
2026-06-10,12:16:28.184423,[]
2026-06-10,12:16:28.217790,[]
2026-06-10,12:16:28.251157,[]
2026-06-10,12:16:28.284524,[]
2026-06-10,12:16:28.317891,[]
2026-06-10,12:16:28.351258,[]
2026-06-10,12:16:28.384625,[]
2026-06-10,12:16:28.417992,[]
2026-06-10,12:16:28.451359,[]
2026-06-10,12:16:28.484726,[]
2026-06-10,12:16:28.518093,[]
2026-06-10,12:16:28.551460,[]
2026-06-10,12:16:28.584827,[]
2026-06-10,12:16:28.618194,[]
2026-06-10,12:16:28.651561,[]
2026-06-10,12:16:28.684928,[]
2026-06-10,12:16:28.718295,[]
2026-06-10,12:16:28.751662,[]
2026-06-10,12:16:28.785029,[]
2026-06-10,12:16:28.818396,[]
2026-06-10,12:16:28.851763,[]
2026-06-10,12:16:28.885130,[]
2026-06-10,12:16:28.918497,[]
2026-06-10,12:16:28.951864,[]
2026-06-10,12:16:28.985231,[]
2026-06-10,12:16:29.018598,[]
2026-06-10,12:16:29.051965,[]
2026-06-10,12:16:29.085332,[]
2026-06-10,12:16:29.118699,[]
2026-06-10,12:16:29.152066,[]
2026-06-10,12:16:29.185433,[]
2026-06-10,12:16:29.218800,[]
2026-06-10,12:16:29.252167,[]
2026-06-10,12:16:29.285534,[]
2026-06-10,12:16:29.318901,[]
2026-06-10,12:16:29.352268,[]
2026-06-10,12:16:29.385635,[]
2026-06-10,12:16:29.419002,[]
2026-06-10,12:16:29.452369,[]
2026-06-10,12:16:29.485736,[]
2026-06-10,12:16:29.519103,[]
2026-06-10,12:16:29.552470,[]
2026-06-10,12:16:29.585837,[]
2026-06-10,12:16:29.619204,[]
2026-06-10,12:16:29.652571,[]
2026-06-10,12:16:29.685938,[]
2026-06-10,12:16:29.719305,[]
2026-06-10,12:16:29.752672,[]
2026-06-10,12:16:29.786039,[]
2026-06-10,12:16:29.819406,[]
2026-06-10,12:16:29.852773,[]
2026-06-10,12:16:29.886140,[]
2026-06-10,12:16:29.919507,[]
2026-06-10,12:16:29.952874,[]
2026-06-10,12:16:29.986241,[]
2026-06-10,12:16:30.019608,[]
2026-06-10,12:16:30.052975,[]
2026-06-10,12:16:30.086342,[]
2026-06-10,12:16:30.119709,[]
2026-06-10,12:16:30.153076,[]
2026-06-10,12:16:30.186443,[]
2026-06-10,12:16:30.219810,[]
2026-06-10,12:16:30.253177,[]
2026-06-10,12:16:30.286544,[]
2026-06-10,12:16:30.319911,[]
2026-06-10,12:16:30.353278,[]
2026-06-10,12:16:30.386645,[]
2026-06-10,12:16:30.420012,[]
2026-06-10,12:16:30.453379,[]
2026-06-10,12:16:30.486746,[]
2026-06-10,12:16:30.520113,[]
2026-06-10,12:16:30.553480,[]
2026-06-10,12:16:30.586847,[]
2026-06-10,12:16:30.620214,[]
2026-06-10,12:16:30.653581,[]
2026-06-10,12:16:30.686948,[]
2026-06-10,12:16:30.720315,[]
2026-06-10,12:16:30.753682,[]
2026-06-10,12:16:30.787049,[]
2026-06-10,12:16:30.820416,[]
2026-06-10,12:16:30.853783,[]
2026-06-10,12:16:30.887150,[]
2026-06-10,12:16:30.920517,[]
2026-06-10,12:16:30.953884,[]
2026-06-10,12:16:30.987251,[]
2026-06-10,12:16:31.020618,[]
2026-06-10,12:16:31.053985,[]
2026-06-10,12:16:31.087352,[]
2026-06-10,12:16:31.120719,[]
2026-06-10,12:16:31.154086,[]
2026-06-10,12:16:31.187453,[]
2026-06-10,12:16:31.220820,[]
2026-06-10,12:16:31.254187,[]
2026-06-10,12:16:31.287554,[]
2026-06-10,12:16:31.320921,[]
2026-06-10,12:16:31.354288,[]
2026-06-10,12:16:31.387655,[]
2026-06-10,12:16:31.421022,[]
2026-06-10,12:16:31.454389,[]
2026-06-10,12:16:31.487756,[]
2026-06-10,12:16:31.521123,[]
2026-06-10,12:16:31.554490,[]
2026-06-10,12:16:31.587857,[]
2026-06-10,12:16:31.621224,[]
2026-06-10,12:16:31.654591,[]
2026-06-10,12:16:31.687958,[]
2026-06-10,12:16:31.721325,[]
2026-06-10,12:16:31.754692,[]
2026-06-10,12:16:31.788059,[]
2026-06-10,12:16:31.821426,[]
2026-06-10,12:16:31.854793,[]
2026-06-10,12:16:31.888160,[]
2026-06-10,12:16:31.921527,[]
2026-06-10,12:16:31.954894,[]
2026-06-10,12:16:31.988261,[]
2026-06-10,12:16:32.021628,[]
2026-06-10,12:16:32.054995,[]
2026-06-10,12:16:32.088362,[]
2026-06-10,12:16:32.121729,[]
2026-06-10,12:16:32.155096,[]
2026-06-10,12:16:32.188463,[]
2026-06-10,12:16:32.221830,[]
2026-06-10,12:16:32.255197,[]
2026-06-10,12:16:32.288564,[]
2026-06-10,12:16:32.321931,[]
2026-06-10,12:16:32.355298,[]
2026-06-10,12:16:32.388665,[]
2026-06-10,12:16:32.422032,[]
2026-06-10,12:16:32.455399,[]
2026-06-10,12:16:32.488766,[]
2026-06-10,12:16:32.522133,[]
2026-06-10,12:16:32.555500,[]
2026-06-10,12:16:32.588867,[]
2026-06-10,12:16:32.622234,[]
2026-06-10,12:16:32.655601,[]
2026-06-10,12:16:32.688968,[]
2026-06-10,12:16:32.722335,[]
2026-06-10,12:16:32.755702,[]
2026-06-10,12:16:32.789069,[]
2026-06-10,12:16:32.822436,[]
2026-06-10,12:16:32.855803,[]
2026-06-10,12:16:32.889170,[]
2026-06-10,12:16:32.922537,[]
2026-06-10,12:16:32.955904,[]
2026-06-10,12:16:32.989271,[]
2026-06-10,12:16:33.022638,[]
2026-06-10,12:16:33.056005,[]
2026-06-10,12:16:33.089372,[]
2026-06-10,12:16:33.122739,[]
2026-06-10,12:16:33.156106,[]
2026-06-10,12:16:33.189473,[]
2026-06-10,12:16:33.222840,[]
2026-06-10,12:16:33.256207,[]
2026-06-10,12:16:33.289574,[]
2026-06-10,12:16:33.322941,[]
2026-06-10,12:16:33.356308,[]
2026-06-10,12:16:33.389675,[]
2026-06-10,12:16:33.423042,[]
2026-06-10,12:16:33.456409,[]
2026-06-10,12:16:33.489776,[]
2026-06-10,12:16:33.523143,[]
2026-06-10,12:16:33.556510,[]
2026-06-10,12:16:33.589877,[]
2026-06-10,12:16:33.623244,[]
2026-06-10,12:16:33.656611,[]
2026-06-10,12:16:33.689978,[]
2026-06-10,12:16:33.723345,[]
2026-06-10,12:16:33.756712,[]
2026-06-10,12:16:33.790079,[]
2026-06-10,12:16:33.823446,[]
2026-06-10,12:16:33.856813,[]
2026-06-10,12:16:33.890180,[]
2026-06-10,12:16:33.923547,[]
2026-06-10,12:16:33.956914,[]
2026-06-10,12:16:33.990281,[]
2026-06-10,12:16:34.023648,[]
2026-06-10,12:16:34.057015,[]
2026-06-10,12:16:34.090382,[]
2026-06-10,12:16:34.123749,[]
2026-06-10,12:16:34.157116,[]
2026-06-10,12:16:34.190483,[]
2026-06-10,12:16:34.223850,[]
2026-06-10,12:16:34.257217,[]
2026-06-10,12:16:34.290584,[]
2026-06-10,12:16:34.323951,[]
2026-06-10,12:16:34.357318,[]
2026-06-10,12:16:34.390685,[]
2026-06-10,12:16:34.424052,[]
2026-06-10,12:16:34.457419,[]
2026-06-10,12:16:34.490786,[]
2026-06-10,12:16:34.524153,[]
2026-06-10,12:16:34.557520,[]
2026-06-10,12:16:34.590887,[]
2026-06-10,12:16:34.624254,[]
2026-06-10,12:16:34.657621,[]
2026-06-10,12:16:34.690988,[]
2026-06-10,12:16:34.724355,[]
2026-06-10,12:16:34.757722,[]
2026-06-10,12:16:34.791089,[]
2026-06-10,12:16:34.824456,[]
2026-06-10,12:16:34.857823,[]
2026-06-10,12:16:34.891190,[]
2026-06-10,12:16:34.924557,[]
2026-06-10,12:16:34.957924,[]
2026-06-10,12:16:34.991291,[]
2026-06-10,12:16:35.024658,[]
2026-06-10,12:16:35.058025,[]
2026-06-10,12:16:35.091392,[]
2026-06-10,12:16:35.124759,[]
2026-06-10,12:16:35.158126,[]
2026-06-10,12:16:35.191493,[]
2026-06-10,12:16:35.224860,[]
2026-06-10,12:16:35.258227,[]
2026-06-10,12:16:35.291594,[]
2026-06-10,12:16:35.324961,[]
2026-06-10,12:16:35.358328,[]
2026-06-10,12:16:35.391695,[]
2026-06-10,12:16:35.425062,[]
2026-06-10,12:16:35.458429,[]
2026-06-10,12:16:35.491796,[]
2026-06-10,12:16:35.525163,[]
2026-06-10,12:16:35.558530,[]
2026-06-10,12:16:35.591897,[]
2026-06-10,12:16:35.625264,[]
2026-06-10,12:16:35.658631,[]
2026-06-10,12:16:35.691998,[]
2026-06-10,12:16:35.725365,[]
2026-06-10,12:16:35.758732,[]
2026-06-10,12:16:35.792099,[]
2026-06-10,12:16:35.825466,[]
2026-06-10,12:16:35.858833,[]
2026-06-10,12:16:35.892200,[]
2026-06-10,12:16:35.925567,[]
2026-06-10,12:16:35.958934,[]
2026-06-10,12:16:35.992301,[]
2026-06-10,12:16:36.025668,[]
2026-06-10,12:16:36.059035,[]
2026-06-10,12:16:36.092402,[]
2026-06-10,12:16:36.125769,[]
2026-06-10,12:16:36.159136,[]
2026-06-10,12:16:36.192503,[]
2026-06-10,12:16:36.225870,[]
2026-06-10,12:16:36.259237,[]
2026-06-10,12:16:36.292604,[]
2026-06-10,12:16:36.325971,[]
2026-06-10,12:16:36.359338,[]
2026-06-10,12:16:36.392705,[]
2026-06-10,12:16:36.426072,[]
2026-06-10,12:16:36.459439,[]
2026-06-10,12:16:36.492806,[]
2026-06-10,12:16:36.526173,[]
2026-06-10,12:16:36.559540,[]
2026-06-10,12:16:36.592907,[]
2026-06-10,12:16:36.626274,[]
2026-06-10,12:16:36.659641,[]
2026-06-10,12:16:36.693008,[]
2026-06-10,12:16:36.726375,[]
2026-06-10,12:16:36.759742,[]
2026-06-10,12:16:36.793109,[]
2026-06-10,12:16:36.826476,[]
2026-06-10,12:16:36.859843,[]
2026-06-10,12:16:36.893210,[]
2026-06-10,12:16:36.926577,[]
2026-06-10,12:16:36.959944,[]
2026-06-10,12:16:36.993311,[]
2026-06-10,12:16:37.026678,[]
2026-06-10,12:16:37.060045,[]
2026-06-10,12:16:37.093412,[]
2026-06-10,12:16:37.126779,[]
2026-06-10,12:16:37.160146,[]
2026-06-10,12:16:37.193513,[]
2026-06-10,12:16:37.226880,[]
2026-06-10,12:16:37.260247,[]
2026-06-10,12:16:37.293614,[]
2026-06-10,12:16:37.326981,[]
2026-06-10,12:16:37.360348,[]
2026-06-10,12:16:37.393715,[]
2026-06-10,12:16:37.427082,[]
2026-06-10,12:16:37.460449,[]
2026-06-10,12:16:37.493816,[]
2026-06-10,12:16:37.527183,[]
2026-06-10,12:16:37.560550,[]
2026-06-10,12:16:37.593917,[]
2026-06-10,12:16:37.627284,[]
2026-06-10,12:16:37.660651,[]
2026-06-10,12:16:37.694018,[]
2026-06-10,12:16:37.727385,[]
2026-06-10,12:16:37.760752,[]
2026-06-10,12:16:37.794119,[]
2026-06-10,12:16:37.827486,[]
2026-06-10,12:16:37.860853,[]
2026-06-10,12:16:37.894220,[]
2026-06-10,12:16:37.927587,[]
2026-06-10,12:16:37.960954,[]
2026-06-10,12:16:37.994321,[]
2026-06-10,12:16:38.027688,[]
2026-06-10,12:16:38.061055,[]
2026-06-10,12:16:38.094422,[]
2026-06-10,12:16:38.127789,[]
2026-06-10,12:16:38.161156,[]
2026-06-10,12:16:38.194523,[]
2026-06-10,12:16:38.227890,[]
2026-06-10,12:16:38.261257,[]
2026-06-10,12:16:38.294624,[]
2026-06-10,12:16:38.327991,[]
2026-06-10,12:16:38.361358,[]
2026-06-10,12:16:38.394725,[]
2026-06-10,12:16:38.428092,[]
2026-06-10,12:16:38.461459,[]
2026-06-10,12:16:38.494826,[]
2026-06-10,12:16:38.528193,[]
2026-06-10,12:16:38.561560,[]
2026-06-10,12:16:38.594927,[]
2026-06-10,12:16:38.628294,[]
2026-06-10,12:16:38.661661,[]
2026-06-10,12:16:38.695028,[]
2026-06-10,12:16:38.728395,[]
2026-06-10,12:16:38.761762,[]
2026-06-10,12:16:38.795129,[]
2026-06-10,12:16:38.828496,[]
2026-06-10,12:16:38.861863,[]
2026-06-10,12:16:38.895230,[]
2026-06-10,12:16:38.928597,[]
2026-06-10,12:16:38.961964,[]
2026-06-10,12:16:38.995331,[]
2026-06-10,12:16:39.028698,[]
2026-06-10,12:16:39.062065,[]
2026-06-10,12:16:39.095432,[]
2026-06-10,12:16:39.128799,[]
2026-06-10,12:16:39.162166,[]
2026-06-10,12:16:39.195533,[]
2026-06-10,12:16:39.228900,[]
2026-06-10,12:16:39.262267,[]
2026-06-10,12:16:39.295634,[]
2026-06-10,12:16:39.329001,[]
2026-06-10,12:16:39.362368,[]
2026-06-10,12:16:39.395735,[]
2026-06-10,12:16:39.429102,[]
2026-06-10,12:16:39.462469,[]
2026-06-10,12:16:39.495836,[]
2026-06-10,12:16:39.529203,[]
2026-06-10,12:16:39.562570,[]
2026-06-10,12:16:39.595937,[]
2026-06-10,12:16:39.629304,[]
2026-06-10,12:16:39.662671,[]
2026-06-10,12:16:39.696038,[]
2026-06-10,12:16:39.729405,[]
2026-06-10,12:16:39.762772,[]
2026-06-10,12:16:39.796139,[]
2026-06-10,12:16:39.829506,[]
2026-06-10,12:16:39.862873,[]
2026-06-10,12:16:39.896240,[]
2026-06-10,12:16:39.929607,[]
2026-06-10,12:16:39.962974,[]
2026-06-10,12:16:39.996341,[]
2026-06-10,12:16:40.029708,[]
2026-06-10,12:16:40.063075,[]
2026-06-10,12:16:40.096442,[]
2026-06-10,12:16:40.129809,[]
2026-06-10,12:16:40.163176,[]
2026-06-10,12:16:40.196543,[]
2026-06-10,12:16:40.229910,[]
2026-06-10,12:16:40.263277,[]
2026-06-10,12:16:40.296644,[]
2026-06-10,12:16:40.330011,[]
2026-06-10,12:16:40.363378,[]
2026-06-10,12:16:40.396745,[]
2026-06-10,12:16:40.430112,[]
2026-06-10,12:16:40.463479,[]
2026-06-10,12:16:40.496846,[]
2026-06-10,12:16:40.530213,[]
2026-06-10,12:16:40.563580,[]
2026-06-10,12:16:40.596947,[]
2026-06-10,12:16:40.630314,[]
2026-06-10,12:16:40.663681,[]
2026-06-10,12:16:40.697048,[]
2026-06-10,12:16:40.730415,[]
2026-06-10,12:16:40.763782,[]
2026-06-10,12:16:40.797149,[]
2026-06-10,12:16:40.830516,[]
2026-06-10,12:16:40.863883,[]
2026-06-10,12:16:40.897250,[]
2026-06-10,12:16:40.930617,[]
2026-06-10,12:16:40.963984,[]
2026-06-10,12:16:40.997351,[]
2026-06-10,12:16:41.030718,[]
2026-06-10,12:16:41.064085,[]
2026-06-10,12:16:41.097452,[]
2026-06-10,12:16:41.130819,[]
2026-06-10,12:16:41.164186,[]
2026-06-10,12:16:41.197553,[]
2026-06-10,12:16:41.230920,[]
2026-06-10,12:16:41.264287,[]
2026-06-10,12:16:41.297654,[]
2026-06-10,12:16:41.331021,[]
2026-06-10,12:16:41.364388,[]
2026-06-10,12:16:41.397755,[]
2026-06-10,12:16:41.431122,[]
2026-06-10,12:16:41.464489,[]
2026-06-10,12:16:41.497856,[]
2026-06-10,12:16:41.531223,[]
2026-06-10,12:16:41.564590,[]
2026-06-10,12:16:41.597957,[]
2026-06-10,12:16:41.631324,[]
2026-06-10,12:16:41.664691,[]
2026-06-10,12:16:41.698058,[]
2026-06-10,12:16:41.731425,[]
2026-06-10,12:16:41.764792,[]
2026-06-10,12:16:41.798159,[]
2026-06-10,12:16:41.831526,[]
2026-06-10,12:16:41.864893,[]
2026-06-10,12:16:41.898260,[]
2026-06-10,12:16:41.931627,[]
2026-06-10,12:16:41.964994,[]
2026-06-10,12:16:41.998361,[]
2026-06-10,12:16:42.031728,[]
2026-06-10,12:16:42.065095,[]
2026-06-10,12:16:42.098462,[]
2026-06-10,12:16:42.131829,[]
2026-06-10,12:16:42.165196,[]
2026-06-10,12:16:42.198563,[]
2026-06-10,12:16:42.231930,[]
2026-06-10,12:16:42.265297,[]
2026-06-10,12:16:42.298664,[]
2026-06-10,12:16:42.332031,[]
2026-06-10,12:16:42.365398,[]
2026-06-10,12:16:42.398765,[]
2026-06-10,12:16:42.432132,[]
2026-06-10,12:16:42.465499,[]
2026-06-10,12:16:42.498866,[]
2026-06-10,12:16:42.532233,[]
2026-06-10,12:16:42.565600,[]
2026-06-10,12:16:42.598967,[]
2026-06-10,12:16:42.632334,[]
2026-06-10,12:16:42.665701,[]
2026-06-10,12:16:42.699068,[]
2026-06-10,12:16:42.732435,[]
2026-06-10,12:16:42.765802,[]
2026-06-10,12:16:42.799169,[]
2026-06-10,12:16:42.832536,[]
2026-06-10,12:16:42.865903,[]
2026-06-10,12:16:42.899270,[]
2026-06-10,12:16:42.932637,[]
2026-06-10,12:16:42.966004,[]
2026-06-10,12:16:42.999371,[]
2026-06-10,12:16:43.032738,[]
2026-06-10,12:16:43.066105,[]
2026-06-10,12:16:43.099472,[]
2026-06-10,12:16:43.132839,[]
2026-06-10,12:16:43.166206,[]
2026-06-10,12:16:43.199573,[]
2026-06-10,12:16:43.232940,[]
2026-06-10,12:16:43.266307,[]
2026-06-10,12:16:43.299674,[]
2026-06-10,12:16:43.333041,[]
2026-06-10,12:16:43.366408,[]
2026-06-10,12:16:43.399775,[]
2026-06-10,12:16:43.433142,[]
2026-06-10,12:16:43.466509,[]
2026-06-10,12:16:43.499876,[]
2026-06-10,12:16:43.533243,[]
2026-06-10,12:16:43.566610,[]
2026-06-10,12:16:43.599977,[]
2026-06-10,12:16:43.633344,[]
2026-06-10,12:16:43.666711,[]
2026-06-10,12:16:43.700078,[]
2026-06-10,12:16:43.733445,[]
2026-06-10,12:16:43.766812,[]
2026-06-10,12:16:43.800179,[]
2026-06-10,12:16:43.833546,[]
2026-06-10,12:16:43.866913,[]
2026-06-10,12:16:43.900280,[]
2026-06-10,12:16:43.933647,[]
2026-06-10,12:16:43.967014,[]
2026-06-10,12:16:44.000381,[]
2026-06-10,12:16:44.033748,[]
2026-06-10,12:16:44.067115,[]
2026-06-10,12:16:44.100482,[]
2026-06-10,12:16:44.133849,[]
2026-06-10,12:16:44.167216,[]
2026-06-10,12:16:44.200583,[]
2026-06-10,12:16:44.233950,[]
2026-06-10,12:16:44.267317,[]
2026-06-10,12:16:44.300684,[]
2026-06-10,12:16:44.334051,[]
2026-06-10,12:16:44.367418,[]
2026-06-10,12:16:44.400785,[]
2026-06-10,12:16:44.434152,[]
2026-06-10,12:16:44.467519,[]
2026-06-10,12:16:44.500886,[]
2026-06-10,12:16:44.534253,[]
2026-06-10,12:16:44.567620,[]
2026-06-10,12:16:44.600987,[]
2026-06-10,12:16:44.634354,[]
2026-06-10,12:16:44.667721,[]
2026-06-10,12:16:44.701088,[]
2026-06-10,12:16:44.734455,[]
2026-06-10,12:16:44.767822,[]
2026-06-10,12:16:44.801189,[]
2026-06-10,12:16:44.834556,[]
2026-06-10,12:16:44.867923,[]
2026-06-10,12:16:44.901290,[]
2026-06-10,12:16:44.934657,[]
2026-06-10,12:16:44.968024,[]
2026-06-10,12:16:45.001391,[]
2026-06-10,12:16:45.034758,[]
2026-06-10,12:16:45.068125,[]
2026-06-10,12:16:45.101492,[]
2026-06-10,12:16:45.134859,[]
2026-06-10,12:16:45.168226,[]
2026-06-10,12:16:45.201593,[]
2026-06-10,12:16:45.234960,[]
2026-06-10,12:16:45.268327,[]
2026-06-10,12:16:45.301694,[]
2026-06-10,12:16:45.335061,[]
2026-06-10,12:16:45.368428,[]
2026-06-10,12:16:45.401795,[]
2026-06-10,12:16:45.435162,[]
2026-06-10,12:16:45.468529,[]
2026-06-10,12:16:45.501896,[]
2026-06-10,12:16:45.535263,[]
2026-06-10,12:16:45.568630,[]
2026-06-10,12:16:45.601997,[]
2026-06-10,12:16:45.635364,[]
2026-06-10,12:16:45.668731,[]
2026-06-10,12:16:45.702098,[]
2026-06-10,12:16:45.735465,[]
2026-06-10,12:16:45.768832,[]
2026-06-10,12:16:45.802199,[]
2026-06-10,12:16:45.835566,[]
2026-06-10,12:16:45.868933,[]
2026-06-10,12:16:45.902300,[]
2026-06-10,12:16:45.935667,[]
2026-06-10,12:16:45.969034,[]
2026-06-10,12:16:46.002401,[]
2026-06-10,12:16:46.035768,[]
2026-06-10,12:16:46.069135,[]
2026-06-10,12:16:46.102502,[]
2026-06-10,12:16:46.135869,[]
2026-06-10,12:16:46.169236,[]
2026-06-10,12:16:46.202603,[]
2026-06-10,12:16:46.235970,[]
2026-06-10,12:16:46.269337,[]
2026-06-10,12:16:46.302704,[]
2026-06-10,12:16:46.336071,[]
2026-06-10,12:16:46.369438,[]
2026-06-10,12:16:46.402805,[]
2026-06-10,12:16:46.436172,[]
2026-06-10,12:16:46.469539,[]
2026-06-10,12:16:46.502906,[]
2026-06-10,12:16:46.536273,[]
2026-06-10,12:16:46.569640,[]
2026-06-10,12:16:46.603007,[]
2026-06-10,12:16:46.636374,[]
2026-06-10,12:16:46.669741,[]
2026-06-10,12:16:46.703108,[]
2026-06-10,12:16:46.736475,[]
2026-06-10,12:16:46.769842,[]
2026-06-10,12:16:46.803209,[]
2026-06-10,12:16:46.836576,[]
2026-06-10,12:16:46.869943,[]
2026-06-10,12:16:46.903310,[]
2026-06-10,12:16:46.936677,[]
2026-06-10,12:16:46.970044,[]
2026-06-10,12:16:47.003411,[]
2026-06-10,12:16:47.036778,[]
2026-06-10,12:16:47.070145,[]
2026-06-10,12:16:47.103512,[]
2026-06-10,12:16:47.136879,[]
2026-06-10,12:16:47.170246,[]
2026-06-10,12:16:47.203613,[]
2026-06-10,12:16:47.236980,[]
2026-06-10,12:16:47.270347,[]
2026-06-10,12:16:47.303714,[]
2026-06-10,12:16:47.337081,[]
2026-06-10,12:16:47.370448,[]
2026-06-10,12:16:47.403815,[]
2026-06-10,12:16:47.437182,[]
2026-06-10,12:16:47.470549,[]
2026-06-10,12:16:47.503916,[]
2026-06-10,12:16:47.537283,[]
2026-06-10,12:16:47.570650,[]
2026-06-10,12:16:47.604017,[]
2026-06-10,12:16:47.637384,[]
2026-06-10,12:16:47.670751,[]
2026-06-10,12:16:47.704118,[]
2026-06-10,12:16:47.737485,[]
2026-06-10,12:16:47.770852,[]
2026-06-10,12:16:47.804219,[]
2026-06-10,12:16:47.837586,[]
2026-06-10,12:16:47.870953,[]
2026-06-10,12:16:47.904320,[]
2026-06-10,12:16:47.937687,[]
2026-06-10,12:16:47.971054,[]
2026-06-10,12:16:48.004421,[]
2026-06-10,12:16:48.037788,[]
2026-06-10,12:16:48.071155,[]
2026-06-10,12:16:48.104522,[]
2026-06-10,12:16:48.137889,[]
2026-06-10,12:16:48.171256,[]
2026-06-10,12:16:48.204623,[]
2026-06-10,12:16:48.237990,[]
2026-06-10,12:16:48.271357,[]
2026-06-10,12:16:48.304724,[]
2026-06-10,12:16:48.338091,[]
2026-06-10,12:16:48.371458,[]
2026-06-10,12:16:48.404825,[]
2026-06-10,12:16:48.438192,[]
2026-06-10,12:16:48.471559,[]
2026-06-10,12:16:48.504926,[]
2026-06-10,12:16:48.538293,[]
2026-06-10,12:16:48.571660,[]
2026-06-10,12:16:48.605027,[]
2026-06-10,12:16:48.638394,[]
2026-06-10,12:16:48.671761,[]
2026-06-10,12:16:48.705128,[]
2026-06-10,12:16:48.738495,[]
2026-06-10,12:16:48.771862,[]
2026-06-10,12:16:48.805229,[]
2026-06-10,12:16:48.838596,[]
2026-06-10,12:16:48.871963,[]
2026-06-10,12:16:48.905330,[]
2026-06-10,12:16:48.938697,[]
2026-06-10,12:16:48.972064,[]
2026-06-10,12:16:49.005431,[]
2026-06-10,12:16:49.038798,[]
2026-06-10,12:16:49.072165,[]
2026-06-10,12:16:49.105532,[]
2026-06-10,12:16:49.138899,[]
2026-06-10,12:16:49.172266,[]
2026-06-10,12:16:49.205633,[]
2026-06-10,12:16:49.239000,[]
2026-06-10,12:16:49.272367,[]
2026-06-10,12:16:49.305734,[]
2026-06-10,12:16:49.339101,[]
2026-06-10,12:16:49.372468,[]
2026-06-10,12:16:49.405835,[]
2026-06-10,12:16:49.439202,[]
2026-06-10,12:16:49.472569,[]
2026-06-10,12:16:49.505936,[]
2026-06-10,12:16:49.539303,[]
2026-06-10,12:16:49.572670,[]
2026-06-10,12:16:49.606037,[]
2026-06-10,12:16:49.639404,[]
2026-06-10,12:16:49.672771,[]
2026-06-10,12:16:49.706138,[]
2026-06-10,12:16:49.739505,[]
2026-06-10,12:16:49.772872,[]
2026-06-10,12:16:49.806239,[]
2026-06-10,12:16:49.839606,[]
2026-06-10,12:16:49.872973,[]
2026-06-10,12:16:49.906340,[]
2026-06-10,12:16:49.939707,[]
2026-06-10,12:16:49.973074,[]
2026-06-10,12:16:50.006441,[]
2026-06-10,12:16:50.039808,[]
2026-06-10,12:16:50.073175,[]
2026-06-10,12:16:50.106542,[]
2026-06-10,12:16:50.139909,[]
2026-06-10,12:16:50.173276,[]
2026-06-10,12:16:50.206643,[]
2026-06-10,12:16:50.240010,[]
2026-06-10,12:16:50.273377,[]
2026-06-10,12:16:50.306744,[]
2026-06-10,12:16:50.340111,[]
2026-06-10,12:16:50.373478,[]
2026-06-10,12:16:50.406845,[]
2026-06-10,12:16:50.440212,[]
2026-06-10,12:16:50.473579,[]
2026-06-10,12:16:50.506946,[]
2026-06-10,12:16:50.540313,[]
2026-06-10,12:16:50.573680,[]
2026-06-10,12:16:50.607047,[]
2026-06-10,12:16:50.640414,[]
2026-06-10,12:16:50.673781,[]
2026-06-10,12:16:50.707148,[]
2026-06-10,12:16:50.740515,[]
2026-06-10,12:16:50.773882,[]
2026-06-10,12:16:50.807249,[]
2026-06-10,12:16:50.840616,[]
2026-06-10,12:16:50.873983,[]
2026-06-10,12:16:50.907350,[]
2026-06-10,12:16:50.940717,[]
2026-06-10,12:16:50.974084,[]
2026-06-10,12:16:51.007451,[]
2026-06-10,12:16:51.040818,[]
2026-06-10,12:16:51.074185,[]
2026-06-10,12:16:51.107552,[]
2026-06-10,12:16:51.140919,[]
2026-06-10,12:16:51.174286,[]
2026-06-10,12:16:51.207653,[]
2026-06-10,12:16:51.241020,[]
2026-06-10,12:16:51.274387,[]
2026-06-10,12:16:51.307754,[]
2026-06-10,12:16:51.341121,[]
2026-06-10,12:16:51.374488,[]
2026-06-10,12:16:51.407855,[]
2026-06-10,12:16:51.441222,[]
2026-06-10,12:16:51.474589,[]
2026-06-10,12:16:51.507956,[]
2026-06-10,12:16:51.541323,[]
2026-06-10,12:16:51.574690,[]
2026-06-10,12:16:51.608057,[]
2026-06-10,12:16:51.641424,[]
2026-06-10,12:16:51.674791,[]
2026-06-10,12:16:51.708158,[]
2026-06-10,12:16:51.741525,[]
2026-06-10,12:16:51.774892,[]
2026-06-10,12:16:51.808259,[]
2026-06-10,12:16:51.841626,[]
2026-06-10,12:16:51.874993,[]
2026-06-10,12:16:51.908360,[]
2026-06-10,12:16:51.941727,[]
2026-06-10,12:16:51.975094,[]
2026-06-10,12:16:52.008461,[]
2026-06-10,12:16:52.041828,[]
2026-06-10,12:16:52.075195,[]
2026-06-10,12:16:52.108562,[]
2026-06-10,12:16:52.141929,[]
2026-06-10,12:16:52.175296,[]
2026-06-10,12:16:52.208663,[]
2026-06-10,12:16:52.242030,[]
2026-06-10,12:16:52.275397,[]
2026-06-10,12:16:52.308764,[]
2026-06-10,12:16:52.342131,[]
2026-06-10,12:16:52.375498,[]
2026-06-10,12:16:52.408865,[]
2026-06-10,12:16:52.442232,[]
2026-06-10,12:16:52.475599,[]
2026-06-10,12:16:52.508966,[]
2026-06-10,12:16:52.542333,[]
2026-06-10,12:16:52.575700,[]
2026-06-10,12:16:52.609067,[]
2026-06-10,12:16:52.642434,[]
2026-06-10,12:16:52.675801,[]
2026-06-10,12:16:52.709168,[]
2026-06-10,12:16:52.742535,[]
2026-06-10,12:16:52.775902,[]
2026-06-10,12:16:52.809269,[]
2026-06-10,12:16:52.842636,[]
2026-06-10,12:16:52.876003,[]
2026-06-10,12:16:52.909370,[]
2026-06-10,12:16:52.942737,[]
2026-06-10,12:16:52.976104,[]
2026-06-10,12:16:53.009471,[]
2026-06-10,12:16:53.042838,[]
2026-06-10,12:16:53.076205,[]
2026-06-10,12:16:53.109572,[]
2026-06-10,12:16:53.142939,[]
2026-06-10,12:16:53.176306,[]
2026-06-10,12:16:53.209673,[]
2026-06-10,12:16:53.243040,[]
2026-06-10,12:16:53.276407,[]
2026-06-10,12:16:53.309774,[]
2026-06-10,12:16:53.343141,[]
2026-06-10,12:16:53.376508,[]
2026-06-10,12:16:53.409875,[]
2026-06-10,12:16:53.443242,[]
2026-06-10,12:16:53.476609,[]
2026-06-10,12:16:53.509976,[]
2026-06-10,12:16:53.543343,[]
2026-06-10,12:16:53.576710,[]
2026-06-10,12:16:53.610077,[]
2026-06-10,12:16:53.643444,[]
2026-06-10,12:16:53.676811,[]
2026-06-10,12:16:53.710178,[]
2026-06-10,12:16:53.743545,[]
2026-06-10,12:16:53.776912,[]
2026-06-10,12:16:53.810279,[]
2026-06-10,12:16:53.843646,[]
2026-06-10,12:16:53.877013,[]
2026-06-10,12:16:53.910380,[]
2026-06-10,12:16:53.943747,[]
2026-06-10,12:16:53.977114,[]
2026-06-10,12:16:54.010481,[]
2026-06-10,12:16:54.043848,[]
2026-06-10,12:16:54.077215,[]
2026-06-10,12:16:54.110582,[]
2026-06-10,12:16:54.143949,[]
2026-06-10,12:16:54.177316,[]
2026-06-10,12:16:54.210683,[]
2026-06-10,12:16:54.244050,[]
2026-06-10,12:16:54.277417,[]
2026-06-10,12:16:54.310784,[]
2026-06-10,12:16:54.344151,[]
2026-06-10,12:16:54.377518,[]
2026-06-10,12:16:54.410885,[]
2026-06-10,12:16:54.444252,[]
2026-06-10,12:16:54.477619,[]
2026-06-10,12:16:54.510986,[]
2026-06-10,12:16:54.544353,[]
2026-06-10,12:16:54.577720,[]
2026-06-10,12:16:54.611087,[]
2026-06-10,12:16:54.644454,[]
2026-06-10,12:16:54.677821,[]
2026-06-10,12:16:54.711188,[]
2026-06-10,12:16:54.744555,[]
2026-06-10,12:16:54.777922,[]
2026-06-10,12:16:54.811289,[]
2026-06-10,12:16:54.844656,[]
2026-06-10,12:16:54.878023,[]
2026-06-10,12:16:54.911390,[]
2026-06-10,12:16:54.944757,[]
2026-06-10,12:16:54.978124,[]
2026-06-10,12:16:55.011491,[]
2026-06-10,12:16:55.044858,[]
2026-06-10,12:16:55.078225,[]
2026-06-10,12:16:55.111592,[]
2026-06-10,12:16:55.144959,[]
2026-06-10,12:16:55.178326,[]
2026-06-10,12:16:55.211693,[]
2026-06-10,12:16:55.245060,[]
2026-06-10,12:16:55.278427,[]
2026-06-10,12:16:55.311794,[]
2026-06-10,12:16:55.345161,[]
2026-06-10,12:16:55.378528,[]
2026-06-10,12:16:55.411895,[]
2026-06-10,12:16:55.445262,[]
2026-06-10,12:16:55.478629,[]
2026-06-10,12:16:55.511996,[]
2026-06-10,12:16:55.545363,[]
2026-06-10,12:16:55.578730,[]
2026-06-10,12:16:55.612097,[]
2026-06-10,12:16:55.645464,[]
2026-06-10,12:16:55.678831,[]
2026-06-10,12:16:55.712198,[]
2026-06-10,12:16:55.745565,[]
2026-06-10,12:16:55.778932,[]
2026-06-10,12:16:55.812299,[]
2026-06-10,12:16:55.845666,[]
2026-06-10,12:16:55.879033,[]
2026-06-10,12:16:55.912400,[]
2026-06-10,12:16:55.945767,[]
2026-06-10,12:16:55.979134,[]
2026-06-10,12:16:56.012501,[]
2026-06-10,12:16:56.045868,[]
2026-06-10,12:16:56.079235,[]
2026-06-10,12:16:56.112602,[]
2026-06-10,12:16:56.145969,[]
2026-06-10,12:16:56.179336,[]
2026-06-10,12:16:56.212703,[]
2026-06-10,12:16:56.246070,[]
2026-06-10,12:16:56.279437,[]
2026-06-10,12:16:56.312804,[]
2026-06-10,12:16:56.346171,[]
2026-06-10,12:16:56.379538,[]
2026-06-10,12:16:56.412905,[]
2026-06-10,12:16:56.446272,[]
2026-06-10,12:16:56.479639,[]
2026-06-10,12:16:56.513006,[]
2026-06-10,12:16:56.546373,[]
2026-06-10,12:16:56.579740,[]
2026-06-10,12:16:56.613107,[]
2026-06-10,12:16:56.646474,[]
2026-06-10,12:16:56.679841,[]
2026-06-10,12:16:56.713208,[]
2026-06-10,12:16:56.746575,[]
2026-06-10,12:16:56.779942,[]
2026-06-10,12:16:56.813309,[]
2026-06-10,12:16:56.846676,[]
2026-06-10,12:16:56.880043,[]
2026-06-10,12:16:56.913410,[]
2026-06-10,12:16:56.946777,[]
2026-06-10,12:16:56.980144,[]
2026-06-10,12:16:57.013511,[]
2026-06-10,12:16:57.046878,[]
2026-06-10,12:16:57.080245,[]
2026-06-10,12:16:57.113612,[]
2026-06-10,12:16:57.146979,[]
2026-06-10,12:16:57.180346,[]
2026-06-10,12:16:57.213713,[]
2026-06-10,12:16:57.247080,[]
2026-06-10,12:16:57.280447,[]
2026-06-10,12:16:57.313814,[]
2026-06-10,12:16:57.347181,[]
2026-06-10,12:16:57.380548,[]
2026-06-10,12:16:57.413915,[]
2026-06-10,12:16:57.447282,[]
2026-06-10,12:16:57.480649,[]
2026-06-10,12:16:57.514016,[]
2026-06-10,12:16:57.547383,[]
2026-06-10,12:16:57.580750,[]
2026-06-10,12:16:57.614117,[]
2026-06-10,12:16:57.647484,[]
2026-06-10,12:16:57.680851,[]
2026-06-10,12:16:57.714218,[]
2026-06-10,12:16:57.747585,[]
2026-06-10,12:16:57.780952,[]
2026-06-10,12:16:57.814319,[]
2026-06-10,12:16:57.847686,[]
2026-06-10,12:16:57.881053,[]
2026-06-10,12:16:57.914420,[]
2026-06-10,12:16:57.947787,[]
2026-06-10,12:16:57.981154,[]
2026-06-10,12:16:58.014521,[]
2026-06-10,12:16:58.047888,[]
2026-06-10,12:16:58.081255,[]
2026-06-10,12:16:58.114622,[]
2026-06-10,12:16:58.147989,[]
2026-06-10,12:16:58.181356,[]
2026-06-10,12:16:58.214723,[]
2026-06-10,12:16:58.248090,[]
2026-06-10,12:16:58.281457,[]
2026-06-10,12:16:58.314824,[]
2026-06-10,12:16:58.348191,[]
2026-06-10,12:16:58.381558,[]
2026-06-10,12:16:58.414925,[]
2026-06-10,12:16:58.448292,[]
2026-06-10,12:16:58.481659,[]
2026-06-10,12:16:58.515026,[]
2026-06-10,12:16:58.548393,[]
2026-06-10,12:16:58.581760,[]
2026-06-10,12:16:58.615127,[]
2026-06-10,12:16:58.648494,[]
2026-06-10,12:16:58.681861,[]
2026-06-10,12:16:58.715228,[]
2026-06-10,12:16:58.748595,[]
2026-06-10,12:16:58.781962,[]
2026-06-10,12:16:58.815329,[]
2026-06-10,12:16:58.848696,[]
2026-06-10,12:16:58.882063,[]
2026-06-10,12:16:58.915430,[]
2026-06-10,12:16:58.948797,[]
2026-06-10,12:16:58.982164,[]
2026-06-10,12:16:59.015531,[]
2026-06-10,12:16:59.048898,[]
2026-06-10,12:16:59.082265,[]
2026-06-10,12:16:59.115632,[]
2026-06-10,12:16:59.148999,[]
2026-06-10,12:16:59.182366,[]
2026-06-10,12:16:59.215733,[]
2026-06-10,12:16:59.249100,[]
2026-06-10,12:16:59.282467,[]
2026-06-10,12:16:59.315834,[]
2026-06-10,12:16:59.349201,[]
2026-06-10,12:16:59.382568,[]
2026-06-10,12:16:59.415935,[]
2026-06-10,12:16:59.449302,[]
2026-06-10,12:16:59.482669,[]
2026-06-10,12:16:59.516036,[]
2026-06-10,12:16:59.549403,[]
2026-06-10,12:16:59.582770,[]
2026-06-10,12:16:59.616137,[]
2026-06-10,12:16:59.649504,[]
2026-06-10,12:16:59.682871,[]
2026-06-10,12:16:59.716238,[]
2026-06-10,12:16:59.749605,[]
2026-06-10,12:16:59.782972,[]
2026-06-10,12:16:59.816339,[]
2026-06-10,12:16:59.849706,[]
2026-06-10,12:16:59.883073,[]
2026-06-10,12:16:59.916440,[]
2026-06-10,12:16:59.949807,[]
2026-06-10,12:16:59.983174,[]
2026-06-10,12:17:00.016541,[]
2026-06-10,12:17:00.049908,[]
2026-06-10,12:17:00.083275,[]
2026-06-10,12:17:00.116642,[]
2026-06-10,12:17:00.150009,[]
2026-06-10,12:17:00.183376,[]
2026-06-10,12:17:00.216743,[]
2026-06-10,12:17:00.250110,[]
2026-06-10,12:17:00.283477,[]
2026-06-10,12:17:00.316844,[]
2026-06-10,12:17:00.350211,[]
2026-06-10,12:17:00.383578,[]
2026-06-10,12:17:00.416945,[]
2026-06-10,12:17:00.450312,[]
2026-06-10,12:17:00.483679,[]
2026-06-10,12:17:00.517046,[]
2026-06-10,12:17:00.550413,[]
2026-06-10,12:17:00.583780,[]
2026-06-10,12:17:00.617147,[]
2026-06-10,12:17:00.650514,[]
2026-06-10,12:17:00.683881,[]
2026-06-10,12:17:00.717248,[]
2026-06-10,12:17:00.750615,[]
2026-06-10,12:17:00.783982,[]
2026-06-10,12:17:00.817349,[]
2026-06-10,12:17:00.850716,[]
2026-06-10,12:17:00.884083,[]
2026-06-10,12:17:00.917450,[]
2026-06-10,12:17:00.950817,[]
2026-06-10,12:17:00.984184,[]
2026-06-10,12:17:01.017551,[]
2026-06-10,12:17:01.050918,[]
2026-06-10,12:17:01.084285,[]
2026-06-10,12:17:01.117652,[]
2026-06-10,12:17:01.151019,[]
2026-06-10,12:17:01.184386,[]
2026-06-10,12:17:01.217753,[]
2026-06-10,12:17:01.251120,[]
2026-06-10,12:17:01.284487,[]
2026-06-10,12:17:01.317854,[]
2026-06-10,12:17:01.351221,[]
2026-06-10,12:17:01.384588,[]
2026-06-10,12:17:01.417955,[]
2026-06-10,12:17:01.451322,[]
2026-06-10,12:17:01.484689,[]
2026-06-10,12:17:01.518056,[]
2026-06-10,12:17:01.551423,[]
2026-06-10,12:17:01.584790,[]
2026-06-10,12:17:01.618157,[]
2026-06-10,12:17:01.651524,[]
2026-06-10,12:17:01.684891,[]
2026-06-10,12:17:01.718258,[]
2026-06-10,12:17:01.751625,[]
2026-06-10,12:17:01.784992,[]
2026-06-10,12:17:01.818359,[]
2026-06-10,12:17:01.851726,[]
2026-06-10,12:17:01.885093,[]
2026-06-10,12:17:01.918460,[]
2026-06-10,12:17:01.951827,[]
2026-06-10,12:17:01.985194,[]
2026-06-10,12:17:02.018561,[]
2026-06-10,12:17:02.051928,[]
2026-06-10,12:17:02.085295,[]
2026-06-10,12:17:02.118662,[]
2026-06-10,12:17:02.152029,[]
2026-06-10,12:17:02.185396,[]
2026-06-10,12:17:02.218763,[]
2026-06-10,12:17:02.252130,[]
2026-06-10,12:17:02.285497,[]
2026-06-10,12:17:02.318864,[]
2026-06-10,12:17:02.352231,[]
2026-06-10,12:17:02.385598,[]
2026-06-10,12:17:02.418965,[]
2026-06-10,12:17:02.452332,[]
2026-06-10,12:17:02.485699,[]
2026-06-10,12:17:02.519066,[]
2026-06-10,12:17:02.552433,[]
2026-06-10,12:17:02.585800,[]
2026-06-10,12:17:02.619167,[]
2026-06-10,12:17:02.652534,[]
2026-06-10,12:17:02.685901,[]
2026-06-10,12:17:02.719268,[]
2026-06-10,12:17:02.752635,[]
2026-06-10,12:17:02.786002,[]
2026-06-10,12:17:02.819369,[]
2026-06-10,12:17:02.852736,[]
2026-06-10,12:17:02.886103,[]
2026-06-10,12:17:02.919470,[]
2026-06-10,12:17:02.952837,[]
2026-06-10,12:17:02.986204,[]
2026-06-10,12:17:03.019571,[]
2026-06-10,12:17:03.052938,[]
2026-06-10,12:17:03.086305,[]
2026-06-10,12:17:03.119672,[]
2026-06-10,12:17:03.153039,[]
2026-06-10,12:17:03.186406,[]
2026-06-10,12:17:03.219773,[]
2026-06-10,12:17:03.253140,[]
2026-06-10,12:17:03.286507,[]
2026-06-10,12:17:03.319874,[]
2026-06-10,12:17:03.353241,[]
2026-06-10,12:17:03.386608,[]
2026-06-10,12:17:03.419975,[]
2026-06-10,12:17:03.453342,[]
2026-06-10,12:17:03.486709,[]
2026-06-10,12:17:03.520076,[]
2026-06-10,12:17:03.553443,[]
2026-06-10,12:17:03.586810,[]
2026-06-10,12:17:03.620177,[]
2026-06-10,12:17:03.653544,[]
2026-06-10,12:17:03.686911,[]
2026-06-10,12:17:03.720278,[]
2026-06-10,12:17:03.753645,[]
2026-06-10,12:17:03.787012,[]
2026-06-10,12:17:03.820379,[]
2026-06-10,12:17:03.853746,[]
2026-06-10,12:17:03.887113,[]
2026-06-10,12:17:03.920480,[]
2026-06-10,12:17:03.953847,[]
2026-06-10,12:17:03.987214,[]
2026-06-10,12:17:04.020581,[]
2026-06-10,12:17:04.053948,[]
2026-06-10,12:17:04.087315,[]
2026-06-10,12:17:04.120682,[]
2026-06-10,12:17:04.154049,[]
2026-06-10,12:17:04.187416,[]
2026-06-10,12:17:04.220783,[]
2026-06-10,12:17:04.254150,[]
2026-06-10,12:17:04.287517,[]
2026-06-10,12:17:04.320884,[]
2026-06-10,12:17:04.354251,[]
2026-06-10,12:17:04.387618,[]
2026-06-10,12:17:04.420985,[]
2026-06-10,12:17:04.454352,[]
2026-06-10,12:17:04.487719,[]
2026-06-10,12:17:04.521086,[]
2026-06-10,12:17:04.554453,[]
2026-06-10,12:17:04.587820,[]
2026-06-10,12:17:04.621187,[]
2026-06-10,12:17:04.654554,[]
2026-06-10,12:17:04.687921,[]
2026-06-10,12:17:04.721288,[]
2026-06-10,12:17:04.754655,[]
2026-06-10,12:17:04.788022,[]
2026-06-10,12:17:04.821389,[]
2026-06-10,12:17:04.854756,[]
2026-06-10,12:17:04.888123,[]
2026-06-10,12:17:04.921490,[]
2026-06-10,12:17:04.954857,[]
2026-06-10,12:17:04.988224,[]
2026-06-10,12:17:05.021591,[]
2026-06-10,12:17:05.054958,[]
2026-06-10,12:17:05.088325,[]
2026-06-10,12:17:05.121692,[]
2026-06-10,12:17:05.155059,[]
2026-06-10,12:17:05.188426,[]
2026-06-10,12:17:05.221793,[]
2026-06-10,12:17:05.255160,[]
2026-06-10,12:17:05.288527,[]
2026-06-10,12:17:05.321894,[]
2026-06-10,12:17:05.355261,[]
2026-06-10,12:17:05.388628,[]
2026-06-10,12:17:05.421995,[]
2026-06-10,12:17:05.455362,[]
2026-06-10,12:17:05.488729,[]
2026-06-10,12:17:05.522096,[]
2026-06-10,12:17:05.555463,[]
2026-06-10,12:17:05.588830,[]
2026-06-10,12:17:05.622197,[]
2026-06-10,12:17:05.655564,[]
2026-06-10,12:17:05.688931,[]
2026-06-10,12:17:05.722298,[]
2026-06-10,12:17:05.755665,[]
2026-06-10,12:17:05.789032,[]
2026-06-10,12:17:05.822399,[]
2026-06-10,12:17:05.855766,[]
2026-06-10,12:17:05.889133,[]
2026-06-10,12:17:05.922500,[]
2026-06-10,12:17:05.955867,[]
2026-06-10,12:17:05.989234,[]
2026-06-10,12:17:06.022601,[]
2026-06-10,12:17:06.055968,[]
2026-06-10,12:17:06.089335,[]
2026-06-10,12:17:06.122702,[]
2026-06-10,12:17:06.156069,[]
2026-06-10,12:17:06.189436,[]
2026-06-10,12:17:06.222803,[]
2026-06-10,12:17:06.256170,[]
2026-06-10,12:17:06.289537,[]
2026-06-10,12:17:06.322904,[]
2026-06-10,12:17:06.356271,[]
2026-06-10,12:17:06.389638,[]
2026-06-10,12:17:06.423005,[]
2026-06-10,12:17:06.456372,[]
2026-06-10,12:17:06.489739,[]
2026-06-10,12:17:06.523106,[]
2026-06-10,12:17:06.556473,[]
2026-06-10,12:17:06.589840,[]
2026-06-10,12:17:06.623207,[]
2026-06-10,12:17:06.656574,[]
2026-06-10,12:17:06.689941,[]
2026-06-10,12:17:06.723308,[]
2026-06-10,12:17:06.756675,[]
2026-06-10,12:17:06.790042,[]
2026-06-10,12:17:06.823409,[]
2026-06-10,12:17:06.856776,[]
2026-06-10,12:17:06.890143,[]
2026-06-10,12:17:06.923510,[]
2026-06-10,12:17:06.956877,[]
2026-06-10,12:17:06.990244,[]
2026-06-10,12:17:07.023611,[]
2026-06-10,12:17:07.056978,[]
2026-06-10,12:17:07.090345,[]
2026-06-10,12:17:07.123712,[]
2026-06-10,12:17:07.157079,[]
2026-06-10,12:17:07.190446,[]
2026-06-10,12:17:07.223813,[]
2026-06-10,12:17:07.257180,[]
2026-06-10,12:17:07.290547,[]
2026-06-10,12:17:07.323914,[]
2026-06-10,12:17:07.357281,[]
2026-06-10,12:17:07.390648,[]
2026-06-10,12:17:07.424015,[]
2026-06-10,12:17:07.457382,[]
2026-06-10,12:17:07.490749,[]
2026-06-10,12:17:07.524116,[]
2026-06-10,12:17:07.557483,[]
2026-06-10,12:17:07.590850,[]
2026-06-10,12:17:07.624217,[]
2026-06-10,12:17:07.657584,[]
2026-06-10,12:17:07.690951,[]
2026-06-10,12:17:07.724318,[]
2026-06-10,12:17:07.757685,[]
2026-06-10,12:17:07.791052,[]
2026-06-10,12:17:07.824419,[]
2026-06-10,12:17:07.857786,[]
2026-06-10,12:17:07.891153,[]
2026-06-10,12:17:07.924520,[]
2026-06-10,12:17:07.957887,[]
2026-06-10,12:17:07.991254,[]
2026-06-10,12:17:08.024621,[]
2026-06-10,12:17:08.057988,[]
2026-06-10,12:17:08.091355,[]
2026-06-10,12:17:08.124722,[]
2026-06-10,12:17:08.158089,[]
2026-06-10,12:17:08.191456,[]
2026-06-10,12:17:08.224823,[]
2026-06-10,12:17:08.258190,[]
2026-06-10,12:17:08.291557,[]
2026-06-10,12:17:08.324924,[]
2026-06-10,12:17:08.358291,[]
2026-06-10,12:17:08.391658,[]
2026-06-10,12:17:08.425025,[]
2026-06-10,12:17:08.458392,[]
2026-06-10,12:17:08.491759,[]
2026-06-10,12:17:08.525126,[]
2026-06-10,12:17:08.558493,[]
2026-06-10,12:17:08.591860,[]
2026-06-10,12:17:08.625227,[]
2026-06-10,12:17:08.658594,[]
2026-06-10,12:17:08.691961,[]
2026-06-10,12:17:08.725328,[]
2026-06-10,12:17:08.758695,[]
2026-06-10,12:17:08.792062,[]
2026-06-10,12:17:08.825429,[]
2026-06-10,12:17:08.858796,[]
2026-06-10,12:17:08.892163,[]
2026-06-10,12:17:08.925530,[]
2026-06-10,12:17:08.958897,[]
2026-06-10,12:17:08.992264,[]
2026-06-10,12:17:09.025631,[]
2026-06-10,12:17:09.058998,[]
2026-06-10,12:17:09.092365,[]
2026-06-10,12:17:09.125732,[]
2026-06-10,12:17:09.159099,[]
2026-06-10,12:17:09.192466,[]
2026-06-10,12:17:09.225833,[]
2026-06-10,12:17:09.259200,[]
2026-06-10,12:17:09.292567,[]
2026-06-10,12:17:09.325934,[]
2026-06-10,12:17:09.359301,[]
2026-06-10,12:17:09.392668,[]
2026-06-10,12:17:09.426035,[]
2026-06-10,12:17:09.459402,[]
2026-06-10,12:17:09.492769,[]
2026-06-10,12:17:09.526136,[]
2026-06-10,12:17:09.559503,[]
2026-06-10,12:17:09.592870,[]
2026-06-10,12:17:09.626237,[]
2026-06-10,12:17:09.659604,[]
2026-06-10,12:17:09.692971,[]
2026-06-10,12:17:09.726338,[]
2026-06-10,12:17:09.759705,[]
2026-06-10,12:17:09.793072,[]
2026-06-10,12:17:09.826439,[]
2026-06-10,12:17:09.859806,[]
2026-06-10,12:17:09.893173,[]
2026-06-10,12:17:09.926540,[]
2026-06-10,12:17:09.959907,[]
2026-06-10,12:17:09.993274,[]
2026-06-10,12:17:10.026641,[]
2026-06-10,12:17:10.060008,[]
2026-06-10,12:17:10.093375,[]
2026-06-10,12:17:10.126742,[]
2026-06-10,12:17:10.160109,[]
2026-06-10,12:17:10.193476,[]
2026-06-10,12:17:10.226843,[]
2026-06-10,12:17:10.260210,[]
2026-06-10,12:17:10.293577,[]
2026-06-10,12:17:10.326944,[]
2026-06-10,12:17:10.360311,[]
2026-06-10,12:17:10.393678,[]
2026-06-10,12:17:10.427045,[]
2026-06-10,12:17:10.460412,[]
2026-06-10,12:17:10.493779,[]
2026-06-10,12:17:10.527146,[]
2026-06-10,12:17:10.560513,[]
2026-06-10,12:17:10.593880,[]
2026-06-10,12:17:10.627247,[]
2026-06-10,12:17:10.660614,[]
2026-06-10,12:17:10.693981,[]
2026-06-10,12:17:10.727348,[]
2026-06-10,12:17:10.760715,[]
2026-06-10,12:17:10.794082,[]
2026-06-10,12:17:10.827449,[]
2026-06-10,12:17:10.860816,[]
2026-06-10,12:17:10.894183,[]
2026-06-10,12:17:10.927550,[]
2026-06-10,12:17:10.960917,[]
2026-06-10,12:17:10.994284,[]
2026-06-10,12:17:11.027651,[]
2026-06-10,12:17:11.061018,[]
2026-06-10,12:17:11.094385,[]
2026-06-10,12:17:11.127752,[]
2026-06-10,12:17:11.161119,[]
2026-06-10,12:17:11.194486,[]
2026-06-10,12:17:11.227853,[]
2026-06-10,12:17:11.261220,[]
2026-06-10,12:17:11.294587,[]
2026-06-10,12:17:11.327954,[]
2026-06-10,12:17:11.361321,[]
2026-06-10,12:17:11.394688,[]
2026-06-10,12:17:11.428055,[]
2026-06-10,12:17:11.461422,[]
2026-06-10,12:17:11.494789,[]
2026-06-10,12:17:11.528156,[]
2026-06-10,12:17:11.561523,[]
2026-06-10,12:17:11.594890,[]
2026-06-10,12:17:11.628257,[]
2026-06-10,12:17:11.661624,[]
2026-06-10,12:17:11.694991,[]
2026-06-10,12:17:11.728358,[]
2026-06-10,12:17:11.761725,[]
2026-06-10,12:17:11.795092,[]
2026-06-10,12:17:11.828459,[]
2026-06-10,12:17:11.861826,[]
2026-06-10,12:17:11.895193,[]
2026-06-10,12:17:11.928560,[]
2026-06-10,12:17:11.961927,[]
2026-06-10,12:17:11.995294,[]
2026-06-10,12:17:12.028661,[]
2026-06-10,12:17:12.062028,[]
2026-06-10,12:17:12.095395,[]
2026-06-10,12:17:12.128762,[]
2026-06-10,12:17:12.162129,[]
2026-06-10,12:17:12.195496,[]
2026-06-10,12:17:12.228863,[]
2026-06-10,12:17:12.262230,[]
2026-06-10,12:17:12.295597,[]
2026-06-10,12:17:12.328964,[]
2026-06-10,12:17:12.362331,[]
2026-06-10,12:17:12.395698,[]
2026-06-10,12:17:12.429065,[]
2026-06-10,12:17:12.462432,[]
2026-06-10,12:17:12.495799,[]
2026-06-10,12:17:12.529166,[]
2026-06-10,12:17:12.562533,[]
2026-06-10,12:17:12.595900,[]
2026-06-10,12:17:12.629267,[]
2026-06-10,12:17:12.662634,[]
2026-06-10,12:17:12.696001,[]
2026-06-10,12:17:12.729368,[]
2026-06-10,12:17:12.762735,[]
2026-06-10,12:17:12.796102,[]
2026-06-10,12:17:12.829469,[]
2026-06-10,12:17:12.862836,[]
2026-06-10,12:17:12.896203,[]
2026-06-10,12:17:12.929570,[]
2026-06-10,12:17:12.962937,[]
2026-06-10,12:17:12.996304,[]
2026-06-10,12:17:13.029671,[]
2026-06-10,12:17:13.063038,[]
2026-06-10,12:17:13.096405,[]
2026-06-10,12:17:13.129772,[]
2026-06-10,12:17:13.163139,[]
2026-06-10,12:17:13.196506,[]
2026-06-10,12:17:13.229873,[]
2026-06-10,12:17:13.263240,[]
2026-06-10,12:17:13.296607,[]
2026-06-10,12:17:13.329974,[]
2026-06-10,12:17:13.363341,[]
2026-06-10,12:17:13.396708,[]
2026-06-10,12:17:13.430075,[]
2026-06-10,12:17:13.463442,[]
2026-06-10,12:17:13.496809,[]
2026-06-10,12:17:13.530176,[]
2026-06-10,12:17:13.563543,[]
2026-06-10,12:17:13.596910,[]
2026-06-10,12:17:13.630277,[]
2026-06-10,12:17:13.663644,[]
2026-06-10,12:17:13.697011,[]
2026-06-10,12:17:13.730378,[]
2026-06-10,12:17:13.763745,[]
2026-06-10,12:17:13.797112,[]
2026-06-10,12:17:13.830479,[]
2026-06-10,12:17:13.863846,[]
2026-06-10,12:17:13.897213,[]
2026-06-10,12:17:13.930580,[]
2026-06-10,12:17:13.963947,[]
2026-06-10,12:17:13.997314,[]
2026-06-10,12:17:14.030681,[]
2026-06-10,12:17:14.064048,[]
2026-06-10,12:17:14.097415,[]
2026-06-10,12:17:14.130782,[]
2026-06-10,12:17:14.164149,[]
2026-06-10,12:17:14.197516,[]
2026-06-10,12:17:14.230883,[]
2026-06-10,12:17:14.264250,[]
2026-06-10,12:17:14.297617,[]
2026-06-10,12:17:14.330984,[]
2026-06-10,12:17:14.364351,[]
2026-06-10,12:17:14.397718,[]
2026-06-10,12:17:14.431085,[]
2026-06-10,12:17:14.464452,[]
2026-06-10,12:17:14.497819,[]
2026-06-10,12:17:14.531186,[]
2026-06-10,12:17:14.564553,[]
2026-06-10,12:17:14.597920,[]
2026-06-10,12:17:14.631287,[]
2026-06-10,12:17:14.664654,[]
2026-06-10,12:17:14.698021,[]
2026-06-10,12:17:14.731388,[]
2026-06-10,12:17:14.764755,[]
2026-06-10,12:17:14.798122,[]
2026-06-10,12:17:14.831489,[]
2026-06-10,12:17:14.864856,[]
2026-06-10,12:17:14.898223,[]
2026-06-10,12:17:14.931590,[]
2026-06-10,12:17:14.964957,[]
2026-06-10,12:17:14.998324,[]
2026-06-10,12:17:15.031691,[]
2026-06-10,12:17:15.065058,[]
2026-06-10,12:17:15.098425,[]
2026-06-10,12:17:15.131792,[]
2026-06-10,12:17:15.165159,[]
2026-06-10,12:17:15.198526,[]
2026-06-10,12:17:15.231893,[]
2026-06-10,12:17:15.265260,[]
2026-06-10,12:17:15.298627,[]
2026-06-10,12:17:15.331994,[]
2026-06-10,12:17:15.365361,[]
2026-06-10,12:17:15.398728,[]
2026-06-10,12:17:15.432095,[]
2026-06-10,12:17:15.465462,[]
2026-06-10,12:17:15.498829,[]
2026-06-10,12:17:15.532196,[]
2026-06-10,12:17:15.565563,[]
2026-06-10,12:17:15.598930,[]
2026-06-10,12:17:15.632297,[]
2026-06-10,12:17:15.665664,[]
2026-06-10,12:17:15.699031,[]
2026-06-10,12:17:15.732398,[]
2026-06-10,12:17:15.765765,[]
2026-06-10,12:17:15.799132,[]
2026-06-10,12:17:15.832499,[]
2026-06-10,12:17:15.865866,[]
2026-06-10,12:17:15.899233,[]
2026-06-10,12:17:15.932600,[]
2026-06-10,12:17:15.965967,[]
2026-06-10,12:17:15.999334,[]
2026-06-10,12:17:16.032701,[]
2026-06-10,12:17:16.066068,[]
2026-06-10,12:17:16.099435,[]
2026-06-10,12:17:16.132802,[]
2026-06-10,12:17:16.166169,[]
2026-06-10,12:17:16.199536,[]
2026-06-10,12:17:16.232903,[]
2026-06-10,12:17:16.266270,[]
2026-06-10,12:17:16.299637,[]
2026-06-10,12:17:16.333004,[]
2026-06-10,12:17:16.366371,[]
2026-06-10,12:17:16.399738,[]
2026-06-10,12:17:16.433105,[]
2026-06-10,12:17:16.466472,[]
2026-06-10,12:17:16.499839,[]
2026-06-10,12:17:16.533206,[]
2026-06-10,12:17:16.566573,[]
2026-06-10,12:17:16.599940,[]
2026-06-10,12:17:16.633307,[]
2026-06-10,12:17:16.666674,[]
2026-06-10,12:17:16.700041,[]
2026-06-10,12:17:16.733408,[]
2026-06-10,12:17:16.766775,[]
2026-06-10,12:17:16.800142,[]
2026-06-10,12:17:16.833509,[]
2026-06-10,12:17:16.866876,[]
2026-06-10,12:17:16.900243,[]
2026-06-10,12:17:16.933610,[]
2026-06-10,12:17:16.966977,[]
2026-06-10,12:17:17.000344,[]
2026-06-10,12:17:17.033711,[]
2026-06-10,12:17:17.067078,[]
2026-06-10,12:17:17.100445,[]
2026-06-10,12:17:17.133812,[]
2026-06-10,12:17:17.167179,[]
2026-06-10,12:17:17.200546,[]
2026-06-10,12:17:17.233913,[]
2026-06-10,12:17:17.267280,[]
2026-06-10,12:17:17.300647,[]
2026-06-10,12:17:17.334014,[]
2026-06-10,12:17:17.367381,[]
2026-06-10,12:17:17.400748,[]
2026-06-10,12:17:17.434115,[]
2026-06-10,12:17:17.467482,[]
2026-06-10,12:17:17.500849,[]
2026-06-10,12:17:17.534216,[]
2026-06-10,12:17:17.567583,[]
2026-06-10,12:17:17.600950,[]
2026-06-10,12:17:17.634317,[]
2026-06-10,12:17:17.667684,[]
2026-06-10,12:17:17.701051,[]
2026-06-10,12:17:17.734418,[]
2026-06-10,12:17:17.767785,[]
2026-06-10,12:17:17.801152,[]
2026-06-10,12:17:17.834519,[]
2026-06-10,12:17:17.867886,[]
2026-06-10,12:17:17.901253,[]
2026-06-10,12:17:17.934620,[]
2026-06-10,12:17:17.967987,[]
2026-06-10,12:17:18.001354,[]
2026-06-10,12:17:18.034721,[]
2026-06-10,12:17:18.068088,[]
2026-06-10,12:17:18.101455,[]
2026-06-10,12:17:18.134822,[]
2026-06-10,12:17:18.168189,[]
2026-06-10,12:17:18.201556,[]
2026-06-10,12:17:18.234923,[]
2026-06-10,12:17:18.268290,[]
2026-06-10,12:17:18.301657,[]
2026-06-10,12:17:18.335024,[]
2026-06-10,12:17:18.368391,[]
2026-06-10,12:17:18.401758,[]
2026-06-10,12:17:18.435125,[]
2026-06-10,12:17:18.468492,[]
2026-06-10,12:17:18.501859,[]
2026-06-10,12:17:18.535226,[]
2026-06-10,12:17:18.568593,[]
2026-06-10,12:17:18.601960,[]
2026-06-10,12:17:18.635327,[]
2026-06-10,12:17:18.668694,[]
2026-06-10,12:17:18.702061,[]
2026-06-10,12:17:18.735428,[]
2026-06-10,12:17:18.768795,[]
2026-06-10,12:17:18.802162,[]
2026-06-10,12:17:18.835529,[]
2026-06-10,12:17:18.868896,[]
2026-06-10,12:17:18.902263,[]
2026-06-10,12:17:18.935630,[]
2026-06-10,12:17:18.968997,[]
2026-06-10,12:17:19.002364,[]
2026-06-10,12:17:19.035731,[]
2026-06-10,12:17:19.069098,[]
2026-06-10,12:17:19.102465,[]
2026-06-10,12:17:19.135832,[]
2026-06-10,12:17:19.169199,[]
2026-06-10,12:17:19.202566,[]
2026-06-10,12:17:19.235933,[]
2026-06-10,12:17:19.269300,[]
2026-06-10,12:17:19.302667,[]
2026-06-10,12:17:19.336034,[]
2026-06-10,12:17:19.369401,[]
2026-06-10,12:17:19.402768,[]
2026-06-10,12:17:19.436135,[]
2026-06-10,12:17:19.469502,[]
2026-06-10,12:17:19.502869,[]
2026-06-10,12:17:19.536236,[]
2026-06-10,12:17:19.569603,[]
2026-06-10,12:17:19.602970,[]
2026-06-10,12:17:19.636337,[]
2026-06-10,12:17:19.669704,[]
2026-06-10,12:17:19.703071,[]
2026-06-10,12:17:19.736438,[]
2026-06-10,12:17:19.769805,[]
2026-06-10,12:17:19.803172,[]
2026-06-10,12:17:19.836539,['DM22413']
2026-06-10,12:17:19.869906,['DM22413']
2026-06-10,12:17:19.903273,['DM22413']
2026-06-10,12:17:19.936640,['DM22413']
2026-06-10,12:17:19.970007,[]
2026-06-10,12:17:20.003374,[]
2026-06-10,12:17:20.036741,[]
2026-06-10,12:17:20.070108,[]
2026-06-10,12:17:20.103475,[]
2026-06-10,12:17:20.136842,[]
2026-06-10,12:17:20.170209,[]
2026-06-10,12:17:20.203576,[]
2026-06-10,12:17:20.236943,[]
2026-06-10,12:17:20.270310,[]
2026-06-10,12:17:20.303677,[]
2026-06-10,12:17:20.337044,[]
2026-06-10,12:17:20.370411,[]
2026-06-10,12:17:20.403778,[]
2026-06-10,12:17:20.437145,[]
2026-06-10,12:17:20.470512,[]
2026-06-10,12:17:20.503879,[]
2026-06-10,12:17:20.537246,[]
2026-06-10,12:17:20.570613,[]
2026-06-10,12:17:20.603980,[]
2026-06-10,12:17:20.637347,[]
2026-06-10,12:17:20.670714,[]
2026-06-10,12:17:20.704081,[]
2026-06-10,12:17:20.737448,[]
2026-06-10,12:17:20.770815,[]
2026-06-10,12:17:20.804182,[]
2026-06-10,12:17:20.837549,[]
2026-06-10,12:17:20.870916,[]
2026-06-10,12:17:20.904283,[]
2026-06-10,12:17:20.937650,[]
2026-06-10,12:17:20.971017,[]
2026-06-10,12:17:21.004384,[]
2026-06-10,12:17:21.037751,[]
2026-06-10,12:17:21.071118,[]
2026-06-10,12:17:21.104485,[]
2026-06-10,12:17:21.137852,[]
2026-06-10,12:17:21.171219,[]
2026-06-10,12:17:21.204586,[]
2026-06-10,12:17:21.237953,[]
2026-06-10,12:17:21.271320,[]
2026-06-10,12:17:21.304687,[]
2026-06-10,12:17:21.338054,[]
2026-06-10,12:17:21.371421,[]
2026-06-10,12:17:21.404788,[]
2026-06-10,12:17:21.438155,[]
2026-06-10,12:17:21.471522,[]
2026-06-10,12:17:21.504889,[]
2026-06-10,12:17:21.538256,[]
2026-06-10,12:17:21.571623,[]
2026-06-10,12:17:21.604990,[]
2026-06-10,12:17:21.638357,[]
2026-06-10,12:17:21.671724,[]
2026-06-10,12:17:21.705091,[]
2026-06-10,12:17:21.738458,[]
2026-06-10,12:17:21.771825,[]
2026-06-10,12:17:21.805192,[]
2026-06-10,12:17:21.838559,[]
2026-06-10,12:17:21.871926,[]
2026-06-10,12:17:21.905293,[]
2026-06-10,12:17:21.938660,[]
2026-06-10,12:17:21.972027,[]
2026-06-10,12:17:22.005394,[]
2026-06-10,12:17:22.038761,[]
2026-06-10,12:17:22.072128,[]
2026-06-10,12:17:22.105495,[]
2026-06-10,12:17:22.138862,[]
2026-06-10,12:17:22.172229,[]
2026-06-10,12:17:22.205596,[]
2026-06-10,12:17:22.238963,[]
2026-06-10,12:17:22.272330,[]
2026-06-10,12:17:22.305697,[]
2026-06-10,12:17:22.339064,[]
2026-06-10,12:17:22.372431,[]
2026-06-10,12:17:22.405798,[]
2026-06-10,12:17:22.439165,[]
2026-06-10,12:17:22.472532,[]
2026-06-10,12:17:22.505899,[]
2026-06-10,12:17:22.539266,[]
2026-06-10,12:17:22.572633,[]
2026-06-10,12:17:22.606000,[]
2026-06-10,12:17:22.639367,[]
2026-06-10,12:17:22.672734,[]
2026-06-10,12:17:22.706101,[]
2026-06-10,12:17:22.739468,[]
2026-06-10,12:17:22.772835,[]
2026-06-10,12:17:22.806202,[]
2026-06-10,12:17:22.839569,[]
2026-06-10,12:17:22.872936,[]
2026-06-10,12:17:22.906303,[]
2026-06-10,12:17:22.939670,[]
2026-06-10,12:17:22.973037,[]
2026-06-10,12:17:23.006404,[]
2026-06-10,12:17:23.039771,[]
2026-06-10,12:17:23.073138,[]
2026-06-10,12:17:23.106505,[]
2026-06-10,12:17:23.139872,[]
2026-06-10,12:17:23.173239,[]
2026-06-10,12:17:23.206606,[]
2026-06-10,12:17:23.239973,[]
2026-06-10,12:17:23.273340,[]
2026-06-10,12:17:23.306707,[]
2026-06-10,12:17:23.340074,[]
2026-06-10,12:17:23.373441,[]
2026-06-10,12:17:23.406808,[]
2026-06-10,12:17:23.440175,[]
2026-06-10,12:17:23.473542,[]
2026-06-10,12:17:23.506909,[]
2026-06-10,12:17:23.540276,[]
2026-06-10,12:17:23.573643,[]
2026-06-10,12:17:23.607010,[]
2026-06-10,12:17:23.640377,[]
2026-06-10,12:17:23.673744,[]
2026-06-10,12:17:23.707111,[]
2026-06-10,12:17:23.740478,[]
2026-06-10,12:17:23.773845,[]
2026-06-10,12:17:23.807212,['ES12337']
2026-06-10,12:17:23.840579,['ES12337']
2026-06-10,12:17:23.873946,['ES12337']
2026-06-10,12:17:23.907313,['ES12337']
2026-06-10,12:17:23.940680,[]
2026-06-10,12:17:23.974047,[]
2026-06-10,12:17:24.007414,[]
2026-06-10,12:17:24.040781,[]
2026-06-10,12:17:24.074148,[]
2026-06-10,12:17:24.107515,[]
2026-06-10,12:17:24.140882,[]
2026-06-10,12:17:24.174249,[]
2026-06-10,12:17:24.207616,[]
2026-06-10,12:17:24.240983,[]
2026-06-10,12:17:24.274350,[]
2026-06-10,12:17:24.307717,[]
2026-06-10,12:17:24.341084,[]
2026-06-10,12:17:24.374451,[]
2026-06-10,12:17:24.407818,[]
2026-06-10,12:17:24.441185,[]
2026-06-10,12:17:24.474552,[]
2026-06-10,12:17:24.507919,[]
2026-06-10,12:17:24.541286,[]
2026-06-10,12:17:24.574653,[]
2026-06-10,12:17:24.608020,[]
2026-06-10,12:17:24.641387,[]
2026-06-10,12:17:24.674754,[]
2026-06-10,12:17:24.708121,[]
2026-06-10,12:17:24.741488,[]
2026-06-10,12:17:24.774855,[]
2026-06-10,12:17:24.808222,[]
2026-06-10,12:17:24.841589,[]
2026-06-10,12:17:24.874956,[]
2026-06-10,12:17:24.908323,[]
2026-06-10,12:17:24.941690,[]
2026-06-10,12:17:24.975057,[]
2026-06-10,12:17:25.008424,[]
2026-06-10,12:17:25.041791,[]
2026-06-10,12:17:25.075158,[]
2026-06-10,12:17:25.108525,[]
2026-06-10,12:17:25.141892,[]
2026-06-10,12:17:25.175259,[]
2026-06-10,12:17:25.208626,[]
2026-06-10,12:17:25.241993,[]
2026-06-10,12:17:25.275360,[]
2026-06-10,12:17:25.308727,[]
2026-06-10,12:17:25.342094,[]
2026-06-10,12:17:25.375461,[]
2026-06-10,12:17:25.408828,[]
2026-06-10,12:17:25.442195,[]
2026-06-10,12:17:25.475562,[]
2026-06-10,12:17:25.508929,[]
2026-06-10,12:17:25.542296,[]
2026-06-10,12:17:25.575663,[]
2026-06-10,12:17:25.609030,[]
2026-06-10,12:17:25.642397,[]
2026-06-10,12:17:25.675764,[]
2026-06-10,12:17:25.709131,[]
2026-06-10,12:17:25.742498,[]
2026-06-10,12:17:25.775865,[]
2026-06-10,12:17:25.809232,[]
2026-06-10,12:17:25.842599,[]
2026-06-10,12:17:25.875966,[]
2026-06-10,12:17:25.909333,[]
2026-06-10,12:17:25.942700,[]
2026-06-10,12:17:25.976067,[]
2026-06-10,12:17:26.009434,[]
2026-06-10,12:17:26.042801,[]
2026-06-10,12:17:26.076168,[]
2026-06-10,12:17:26.109535,[]
2026-06-10,12:17:26.142902,[]
2026-06-10,12:17:26.176269,[]
2026-06-10,12:17:26.209636,[]
2026-06-10,12:17:26.243003,[]
2026-06-10,12:17:26.276370,[]
2026-06-10,12:17:26.309737,[]
2026-06-10,12:17:26.343104,[]
2026-06-10,12:17:26.376471,[]
2026-06-10,12:17:26.409838,[]
2026-06-10,12:17:26.443205,[]
2026-06-10,12:17:26.476572,[]
2026-06-10,12:17:26.509939,[]
2026-06-10,12:17:26.543306,[]
2026-06-10,12:17:26.576673,[]
2026-06-10,12:17:26.610040,[]
2026-06-10,12:17:26.643407,[]
2026-06-10,12:17:26.676774,[]
2026-06-10,12:17:26.710141,[]
2026-06-10,12:17:26.743508,[]
2026-06-10,12:17:26.776875,[]
2026-06-10,12:17:26.810242,[]
2026-06-10,12:17:26.843609,[]
2026-06-10,12:17:26.876976,[]
2026-06-10,12:17:26.910343,[]
2026-06-10,12:17:26.943710,[]
2026-06-10,12:17:26.977077,[]
2026-06-10,12:17:27.010444,[]
2026-06-10,12:17:27.043811,[]
2026-06-10,12:17:27.077178,[]
2026-06-10,12:17:27.110545,[]
2026-06-10,12:17:27.143912,[]
2026-06-10,12:17:27.177279,[]
2026-06-10,12:17:27.210646,[]
2026-06-10,12:17:27.244013,[]
2026-06-10,12:17:27.277380,[]
2026-06-10,12:17:27.310747,[]
2026-06-10,12:17:27.344114,[]
2026-06-10,12:17:27.377481,[]
2026-06-10,12:17:27.410848,[]
2026-06-10,12:17:27.444215,[]
2026-06-10,12:17:27.477582,[]
2026-06-10,12:17:27.510949,[]
2026-06-10,12:17:27.544316,[]
2026-06-10,12:17:27.577683,[]
2026-06-10,12:17:27.611050,[]
2026-06-10,12:17:27.644417,[]
2026-06-10,12:17:27.677784,[]
2026-06-10,12:17:27.711151,[]
2026-06-10,12:17:27.744518,[]
2026-06-10,12:17:27.777885,[]
2026-06-10,12:17:27.811252,[]
2026-06-10,12:17:27.844619,[]
2026-06-10,12:17:27.877986,[]
2026-06-10,12:17:27.911353,[]
2026-06-10,12:17:27.944720,[]
2026-06-10,12:17:27.978087,[]
2026-06-10,12:17:28.011454,[]
2026-06-10,12:17:28.044821,[]
2026-06-10,12:17:28.078188,[]
2026-06-10,12:17:28.111555,[]
2026-06-10,12:17:28.144922,[]
2026-06-10,12:17:28.178289,[]
2026-06-10,12:17:28.211656,[]
2026-06-10,12:17:28.245023,[]
2026-06-10,12:17:28.278390,[]
2026-06-10,12:17:28.311757,[]
2026-06-10,12:17:28.345124,[]
2026-06-10,12:17:28.378491,[]
2026-06-10,12:17:28.411858,[]
2026-06-10,12:17:28.445225,[]
2026-06-10,12:17:28.478592,[]
2026-06-10,12:17:28.511959,[]
2026-06-10,12:17:28.545326,[]
2026-06-10,12:17:28.578693,[]
2026-06-10,12:17:28.612060,[]
2026-06-10,12:17:28.645427,[]
2026-06-10,12:17:28.678794,[]
2026-06-10,12:17:28.712161,[]
2026-06-10,12:17:28.745528,[]
2026-06-10,12:17:28.778895,[]
2026-06-10,12:17:28.812262,[]
2026-06-10,12:17:28.845629,[]
2026-06-10,12:17:28.878996,[]
2026-06-10,12:17:28.912363,[]
2026-06-10,12:17:28.945730,[]
2026-06-10,12:17:28.979097,[]
2026-06-10,12:17:29.012464,[]
2026-06-10,12:17:29.045831,[]
2026-06-10,12:17:29.079198,[]
2026-06-10,12:17:29.112565,['EK31471']
2026-06-10,12:17:29.145932,['EK31471']
2026-06-10,12:17:29.179299,['EK31471']
2026-06-10,12:17:29.212666,[]
2026-06-10,12:17:29.246033,[]
2026-06-10,12:17:29.279400,[]
2026-06-10,12:17:29.312767,[]
2026-06-10,12:17:29.346134,[]
2026-06-10,12:17:29.379501,[]
2026-06-10,12:17:29.412868,[]
2026-06-10,12:17:29.446235,[]
2026-06-10,12:17:29.479602,[]
2026-06-10,12:17:29.512969,[]
2026-06-10,12:17:29.546336,[]
2026-06-10,12:17:29.579703,[]
2026-06-10,12:17:29.613070,[]
2026-06-10,12:17:29.646437,[]
2026-06-10,12:17:29.679804,[]
2026-06-10,12:17:29.713171,[]
2026-06-10,12:17:29.746538,[]
2026-06-10,12:17:29.779905,[]
2026-06-10,12:17:29.813272,[]
2026-06-10,12:17:29.846639,[]
2026-06-10,12:17:29.880006,[]
2026-06-10,12:17:29.913373,[]
2026-06-10,12:17:29.946740,[]
2026-06-10,12:17:29.980107,[]
2026-06-10,12:17:30.013474,[]
2026-06-10,12:17:30.046841,[]
2026-06-10,12:17:30.080208,[]
2026-06-10,12:17:30.113575,[]
2026-06-10,12:17:30.146942,[]
2026-06-10,12:17:30.180309,[]
2026-06-10,12:17:30.213676,[]
2026-06-10,12:17:30.247043,[]
2026-06-10,12:17:30.280410,[]
2026-06-10,12:17:30.313777,[]
2026-06-10,12:17:30.347144,[]
2026-06-10,12:17:30.380511,[]
2026-06-10,12:17:30.413878,[]
2026-06-10,12:17:30.447245,[]
2026-06-10,12:17:30.480612,[]
2026-06-10,12:17:30.513979,[]
2026-06-10,12:17:30.547346,[]
2026-06-10,12:17:30.580713,[]
2026-06-10,12:17:30.614080,[]
2026-06-10,12:17:30.647447,[]
2026-06-10,12:17:30.680814,[]
2026-06-10,12:17:30.714181,[]
2026-06-10,12:17:30.747548,[]
2026-06-10,12:17:30.780915,[]
2026-06-10,12:17:30.814282,[]
2026-06-10,12:17:30.847649,[]
2026-06-10,12:17:30.881016,[]
2026-06-10,12:17:30.914383,[]
2026-06-10,12:17:30.947750,[]
2026-06-10,12:17:30.981117,[]
2026-06-10,12:17:31.014484,[]
2026-06-10,12:17:31.047851,[]
2026-06-10,12:17:31.081218,[]
2026-06-10,12:17:31.114585,[]
2026-06-10,12:17:31.147952,[]
2026-06-10,12:17:31.181319,[]
2026-06-10,12:17:31.214686,[]
2026-06-10,12:17:31.248053,[]
2026-06-10,12:17:31.281420,[]
2026-06-10,12:17:31.314787,[]
2026-06-10,12:17:31.348154,[]
2026-06-10,12:17:31.381521,[]
2026-06-10,12:17:31.414888,[]
2026-06-10,12:17:31.448255,[]
2026-06-10,12:17:31.481622,[]
2026-06-10,12:17:31.514989,[]
2026-06-10,12:17:31.548356,[]
2026-06-10,12:17:31.581723,[]
2026-06-10,12:17:31.615090,[]
2026-06-10,12:17:31.648457,[]
2026-06-10,12:17:31.681824,[]
2026-06-10,12:17:31.715191,[]
2026-06-10,12:17:31.748558,[]
2026-06-10,12:17:31.781925,[]
2026-06-10,12:17:31.815292,[]
2026-06-10,12:17:31.848659,[]
2026-06-10,12:17:31.882026,[]
2026-06-10,12:17:31.915393,[]
2026-06-10,12:17:31.948760,[]
2026-06-10,12:17:31.982127,[]
2026-06-10,12:17:32.015494,[]
2026-06-10,12:17:32.048861,[]
2026-06-10,12:17:32.082228,[]
2026-06-10,12:17:32.115595,[]
2026-06-10,12:17:32.148962,[]
2026-06-10,12:17:32.182329,[]
2026-06-10,12:17:32.215696,[]
2026-06-10,12:17:32.249063,[]
2026-06-10,12:17:32.282430,[]
2026-06-10,12:17:32.315797,[]
2026-06-10,12:17:32.349164,[]
2026-06-10,12:17:32.382531,[]
2026-06-10,12:17:32.415898,[]
2026-06-10,12:17:32.449265,['DY80625']
2026-06-10,12:17:32.482632,['DY80625']
2026-06-10,12:17:32.515999,['DY80625']
2026-06-10,12:17:32.549366,['DY80625']
2026-06-10,12:17:32.582733,[]
2026-06-10,12:17:32.616100,[]
2026-06-10,12:17:32.649467,[]
2026-06-10,12:17:32.682834,[]
2026-06-10,12:17:32.716201,[]
2026-06-10,12:17:32.749568,[]
2026-06-10,12:17:32.782935,[]
2026-06-10,12:17:32.816302,[]
2026-06-10,12:17:32.849669,[]
2026-06-10,12:17:32.883036,[]
2026-06-10,12:17:32.916403,[]
2026-06-10,12:17:32.949770,[]
2026-06-10,12:17:32.983137,[]
2026-06-10,12:17:33.016504,[]
2026-06-10,12:17:33.049871,[]
2026-06-10,12:17:33.083238,[]
2026-06-10,12:17:33.116605,[]
2026-06-10,12:17:33.149972,[]
2026-06-10,12:17:33.183339,[]
2026-06-10,12:17:33.216706,[]
2026-06-10,12:17:33.250073,[]
2026-06-10,12:17:33.283440,[]
2026-06-10,12:17:33.316807,[]
2026-06-10,12:17:33.350174,[]
2026-06-10,12:17:33.383541,[]
2026-06-10,12:17:33.416908,[]
2026-06-10,12:17:33.450275,[]
2026-06-10,12:17:33.483642,[]
2026-06-10,12:17:33.517009,[]
2026-06-10,12:17:33.550376,[]
2026-06-10,12:17:33.583743,[]
2026-06-10,12:17:33.617110,[]
2026-06-10,12:17:33.650477,[]
2026-06-10,12:17:33.683844,[]
2026-06-10,12:17:33.717211,[]
2026-06-10,12:17:33.750578,[]
2026-06-10,12:17:33.783945,[]
2026-06-10,12:17:33.817312,[]
2026-06-10,12:17:33.850679,[]
2026-06-10,12:17:33.884046,[]
2026-06-10,12:17:33.917413,[]
2026-06-10,12:17:33.950780,[]
2026-06-10,12:17:33.984147,[]
2026-06-10,12:17:34.017514,[]
2026-06-10,12:17:34.050881,[]
2026-06-10,12:17:34.084248,[]
2026-06-10,12:17:34.117615,[]
2026-06-10,12:17:34.150982,[]
2026-06-10,12:17:34.184349,[]
2026-06-10,12:17:34.217716,[]
2026-06-10,12:17:34.251083,[]
2026-06-10,12:17:34.284450,[]
2026-06-10,12:17:34.317817,[]
2026-06-10,12:17:34.351184,[]
2026-06-10,12:17:34.384551,[]
2026-06-10,12:17:34.417918,[]
2026-06-10,12:17:34.451285,[]
2026-06-10,12:17:34.484652,[]
2026-06-10,12:17:34.518019,[]
2026-06-10,12:17:34.551386,[]
2026-06-10,12:17:34.584753,[]
2026-06-10,12:17:34.618120,[]
2026-06-10,12:17:34.651487,[]
2026-06-10,12:17:34.684854,[]
2026-06-10,12:17:34.718221,[]
2026-06-10,12:17:34.751588,[]
2026-06-10,12:17:34.784955,[]
2026-06-10,12:17:34.818322,[]
2026-06-10,12:17:34.851689,[]
2026-06-10,12:17:34.885056,['BN98997']
2026-06-10,12:17:34.918423,['BN98997']
2026-06-10,12:17:34.951790,['BN98997']
2026-06-10,12:17:34.985157,['BN98997']
2026-06-10,12:17:35.018524,['BN98997']
2026-06-10,12:17:35.051891,[]
2026-06-10,12:17:35.085258,[]
2026-06-10,12:17:35.118625,[]
2026-06-10,12:17:35.151992,[]
2026-06-10,12:17:35.185359,[]
2026-06-10,12:17:35.218726,[]
2026-06-10,12:17:35.252093,[]
2026-06-10,12:17:35.285460,[]
2026-06-10,12:17:35.318827,[]
2026-06-10,12:17:35.352194,[]
2026-06-10,12:17:35.385561,[]
2026-06-10,12:17:35.418928,[]
2026-06-10,12:17:35.452295,[]
2026-06-10,12:17:35.485662,[]
2026-06-10,12:17:35.519029,[]
2026-06-10,12:17:35.552396,[]
2026-06-10,12:17:35.585763,[]
2026-06-10,12:17:35.619130,[]
2026-06-10,12:17:35.652497,[]
2026-06-10,12:17:35.685864,[]
2026-06-10,12:17:35.719231,[]
2026-06-10,12:17:35.752598,[]
2026-06-10,12:17:35.785965,[]
2026-06-10,12:17:35.819332,[]
2026-06-10,12:17:35.852699,[]
2026-06-10,12:17:35.886066,[]
2026-06-10,12:17:35.919433,[]
2026-06-10,12:17:35.952800,[]
2026-06-10,12:17:35.986167,[]
2026-06-10,12:17:36.019534,[]
2026-06-10,12:17:36.052901,[]
2026-06-10,12:17:36.086268,[]
2026-06-10,12:17:36.119635,[]
2026-06-10,12:17:36.153002,[]
2026-06-10,12:17:36.186369,[]
2026-06-10,12:17:36.219736,[]
2026-06-10,12:17:36.253103,[]
2026-06-10,12:17:36.286470,[]
2026-06-10,12:17:36.319837,[]
2026-06-10,12:17:36.353204,[]
2026-06-10,12:17:36.386571,[]
2026-06-10,12:17:36.419938,[]
2026-06-10,12:17:36.453305,[]
2026-06-10,12:17:36.486672,[]
2026-06-10,12:17:36.520039,[]
2026-06-10,12:17:36.553406,[]
2026-06-10,12:17:36.586773,[]
2026-06-10,12:17:36.620140,[]
2026-06-10,12:17:36.653507,[]
2026-06-10,12:17:36.686874,[]
2026-06-10,12:17:36.720241,[]
2026-06-10,12:17:36.753608,[]
2026-06-10,12:17:36.786975,[]
2026-06-10,12:17:36.820342,[]
2026-06-10,12:17:36.853709,[]
2026-06-10,12:17:36.887076,[]
2026-06-10,12:17:36.920443,[]
2026-06-10,12:17:36.953810,[]
2026-06-10,12:17:36.987177,[]
2026-06-10,12:17:37.020544,[]
2026-06-10,12:17:37.053911,[]
2026-06-10,12:17:37.087278,[]
2026-06-10,12:17:37.120645,[]
2026-06-10,12:17:37.154012,[]
2026-06-10,12:17:37.187379,[]
2026-06-10,12:17:37.220746,[]
2026-06-10,12:17:37.254113,[]
2026-06-10,12:17:37.287480,[]
2026-06-10,12:17:37.320847,[]
2026-06-10,12:17:37.354214,[]
2026-06-10,12:17:37.387581,[]
2026-06-10,12:17:37.420948,[]
2026-06-10,12:17:37.454315,[]
2026-06-10,12:17:37.487682,[]
2026-06-10,12:17:37.521049,[]
2026-06-10,12:17:37.554416,[]
2026-06-10,12:17:37.587783,[]
2026-06-10,12:17:37.621150,[]
2026-06-10,12:17:37.654517,[]
2026-06-10,12:17:37.687884,[]
2026-06-10,12:17:37.721251,[]
2026-06-10,12:17:37.754618,[]
2026-06-10,12:17:37.787985,[]
2026-06-10,12:17:37.821352,[]
2026-06-10,12:17:37.854719,[]
2026-06-10,12:17:37.888086,[]
2026-06-10,12:17:37.921453,[]
2026-06-10,12:17:37.954820,[]
2026-06-10,12:17:37.988187,[]
2026-06-10,12:17:38.021554,[]
2026-06-10,12:17:38.054921,[]
2026-06-10,12:17:38.088288,[]
2026-06-10,12:17:38.121655,[]
2026-06-10,12:17:38.155022,[]
2026-06-10,12:17:38.188389,[]
2026-06-10,12:17:38.221756,[]
2026-06-10,12:17:38.255123,[]
2026-06-10,12:17:38.288490,[]
2026-06-10,12:17:38.321857,[]
2026-06-10,12:17:38.355224,[]
2026-06-10,12:17:38.388591,[]
2026-06-10,12:17:38.421958,[]
2026-06-10,12:17:38.455325,[]
2026-06-10,12:17:38.488692,[]
2026-06-10,12:17:38.522059,[]
2026-06-10,12:17:38.555426,[]
2026-06-10,12:17:38.588793,[]
2026-06-10,12:17:38.622160,[]
2026-06-10,12:17:38.655527,[]
2026-06-10,12:17:38.688894,[]
2026-06-10,12:17:38.722261,[]
2026-06-10,12:17:38.755628,[]
2026-06-10,12:17:38.788995,[]
2026-06-10,12:17:38.822362,[]
2026-06-10,12:17:38.855729,[]
2026-06-10,12:17:38.889096,[]
2026-06-10,12:17:38.922463,[]
2026-06-10,12:17:38.955830,[]
2026-06-10,12:17:38.989197,[]
2026-06-10,12:17:39.022564,[]
2026-06-10,12:17:39.055931,[]
2026-06-10,12:17:39.089298,[]
2026-06-10,12:17:39.122665,[]
2026-06-10,12:17:39.156032,[]
2026-06-10,12:17:39.189399,[]
2026-06-10,12:17:39.222766,[]
2026-06-10,12:17:39.256133,[]
2026-06-10,12:17:39.289500,[]
2026-06-10,12:17:39.322867,[]
2026-06-10,12:17:39.356234,[]
2026-06-10,12:17:39.389601,[]
2026-06-10,12:17:39.422968,[]
2026-06-10,12:17:39.456335,[]
2026-06-10,12:17:39.489702,[]
2026-06-10,12:17:39.523069,[]
2026-06-10,12:17:39.556436,[]
2026-06-10,12:17:39.589803,[]
2026-06-10,12:17:39.623170,[]
2026-06-10,12:17:39.656537,[]
2026-06-10,12:17:39.689904,[]
2026-06-10,12:17:39.723271,[]
2026-06-10,12:17:39.756638,[]
2026-06-10,12:17:39.790005,[]
2026-06-10,12:17:39.823372,[]
2026-06-10,12:17:39.856739,[]
2026-06-10,12:17:39.890106,[]
2026-06-10,12:17:39.923473,[]
2026-06-10,12:17:39.956840,[]
2026-06-10,12:17:39.990207,[]
2026-06-10,12:17:40.023574,[]
2026-06-10,12:17:40.056941,[]
2026-06-10,12:17:40.090308,[]
2026-06-10,12:17:40.123675,[]
2026-06-10,12:17:40.157042,[]
2026-06-10,12:17:40.190409,[]
2026-06-10,12:17:40.223776,[]
2026-06-10,12:17:40.257143,[]
2026-06-10,12:17:40.290510,[]
2026-06-10,12:17:40.323877,[]
2026-06-10,12:17:40.357244,[]
2026-06-10,12:17:40.390611,[]
2026-06-10,12:17:40.423978,[]
2026-06-10,12:17:40.457345,[]
2026-06-10,12:17:40.490712,[]
2026-06-10,12:17:40.524079,[]
2026-06-10,12:17:40.557446,[]
2026-06-10,12:17:40.590813,[]
2026-06-10,12:17:40.624180,[]
2026-06-10,12:17:40.657547,[]
2026-06-10,12:17:40.690914,[]
2026-06-10,12:17:40.724281,[]
2026-06-10,12:17:40.757648,[]
2026-06-10,12:17:40.791015,[]
2026-06-10,12:17:40.824382,[]
2026-06-10,12:17:40.857749,[]
2026-06-10,12:17:40.891116,[]
2026-06-10,12:17:40.924483,[]
2026-06-10,12:17:40.957850,[]
2026-06-10,12:17:40.991217,[]
2026-06-10,12:17:41.024584,[]
2026-06-10,12:17:41.057951,[]
2026-06-10,12:17:41.091318,[]
2026-06-10,12:17:41.124685,[]
2026-06-10,12:17:41.158052,[]
2026-06-10,12:17:41.191419,[]
2026-06-10,12:17:41.224786,[]
2026-06-10,12:17:41.258153,[]
2026-06-10,12:17:41.291520,[]
2026-06-10,12:17:41.324887,[]
2026-06-10,12:17:41.358254,[]
2026-06-10,12:17:41.391621,[]
2026-06-10,12:17:41.424988,[]
2026-06-10,12:17:41.458355,[]
2026-06-10,12:17:41.491722,[]
2026-06-10,12:17:41.525089,[]
2026-06-10,12:17:41.558456,[]
2026-06-10,12:17:41.591823,[]
2026-06-10,12:17:41.625190,[]
2026-06-10,12:17:41.658557,[]
2026-06-10,12:17:41.691924,[]
2026-06-10,12:17:41.725291,[]
2026-06-10,12:17:41.758658,[]
2026-06-10,12:17:41.792025,[]
2026-06-10,12:17:41.825392,[]
2026-06-10,12:17:41.858759,[]
2026-06-10,12:17:41.892126,[]
2026-06-10,12:17:41.925493,[]
2026-06-10,12:17:41.958860,[]
2026-06-10,12:17:41.992227,[]
2026-06-10,12:17:42.025594,[]
2026-06-10,12:17:42.058961,[]
2026-06-10,12:17:42.092328,[]
2026-06-10,12:17:42.125695,[]
2026-06-10,12:17:42.159062,[]
2026-06-10,12:17:42.192429,[]
2026-06-10,12:17:42.225796,[]
2026-06-10,12:17:42.259163,[]
2026-06-10,12:17:42.292530,[]
2026-06-10,12:17:42.325897,[]
2026-06-10,12:17:42.359264,[]
2026-06-10,12:17:42.392631,[]
2026-06-10,12:17:42.425998,[]
2026-06-10,12:17:42.459365,[]
2026-06-10,12:17:42.492732,[]
2026-06-10,12:17:42.526099,[]
2026-06-10,12:17:42.559466,[]
2026-06-10,12:17:42.592833,[]
2026-06-10,12:17:42.626200,[]
2026-06-10,12:17:42.659567,[]
2026-06-10,12:17:42.692934,[]
2026-06-10,12:17:42.726301,[]
2026-06-10,12:17:42.759668,[]
2026-06-10,12:17:42.793035,[]
2026-06-10,12:17:42.826402,[]
2026-06-10,12:17:42.859769,[]
2026-06-10,12:17:42.893136,[]
2026-06-10,12:17:42.926503,[]
2026-06-10,12:17:42.959870,[]
2026-06-10,12:17:42.993237,[]
2026-06-10,12:17:43.026604,[]
2026-06-10,12:17:43.059971,[]
2026-06-10,12:17:43.093338,[]
2026-06-10,12:17:43.126705,[]
2026-06-10,12:17:43.160072,[]
2026-06-10,12:17:43.193439,[]
2026-06-10,12:17:43.226806,[]
2026-06-10,12:17:43.260173,[]
2026-06-10,12:17:43.293540,[]
2026-06-10,12:17:43.326907,[]
2026-06-10,12:17:43.360274,[]
2026-06-10,12:17:43.393641,[]
2026-06-10,12:17:43.427008,[]
2026-06-10,12:17:43.460375,[]
2026-06-10,12:17:43.493742,[]
2026-06-10,12:17:43.527109,[]
2026-06-10,12:17:43.560476,[]
2026-06-10,12:17:43.593843,[]
2026-06-10,12:17:43.627210,[]
2026-06-10,12:17:43.660577,[]
2026-06-10,12:17:43.693944,[]
2026-06-10,12:17:43.727311,[]
2026-06-10,12:17:43.760678,[]
2026-06-10,12:17:43.794045,[]
2026-06-10,12:17:43.827412,[]
2026-06-10,12:17:43.860779,[]
2026-06-10,12:17:43.894146,[]
2026-06-10,12:17:43.927513,[]
2026-06-10,12:17:43.960880,[]
2026-06-10,12:17:43.994247,[]
2026-06-10,12:17:44.027614,[]
2026-06-10,12:17:44.060981,[]
2026-06-10,12:17:44.094348,[]
2026-06-10,12:17:44.127715,[]
2026-06-10,12:17:44.161082,[]
2026-06-10,12:17:44.194449,[]
2026-06-10,12:17:44.227816,[]
2026-06-10,12:17:44.261183,[]
2026-06-10,12:17:44.294550,[]
2026-06-10,12:17:44.327917,[]
2026-06-10,12:17:44.361284,[]
2026-06-10,12:17:44.394651,[]
2026-06-10,12:17:44.428018,[]
2026-06-10,12:17:44.461385,[]
2026-06-10,12:17:44.494752,[]
2026-06-10,12:17:44.528119,[]
2026-06-10,12:17:44.561486,[]
2026-06-10,12:17:44.594853,[]
2026-06-10,12:17:44.628220,[]
2026-06-10,12:17:44.661587,[]
2026-06-10,12:17:44.694954,[]
2026-06-10,12:17:44.728321,[]
2026-06-10,12:17:44.761688,[]
2026-06-10,12:17:44.795055,[]
2026-06-10,12:17:44.828422,[]
2026-06-10,12:17:44.861789,[]
2026-06-10,12:17:44.895156,[]
2026-06-10,12:17:44.928523,[]
2026-06-10,12:17:44.961890,[]
2026-06-10,12:17:44.995257,[]
2026-06-10,12:17:45.028624,[]
2026-06-10,12:17:45.061991,[]
2026-06-10,12:17:45.095358,[]
2026-06-10,12:17:45.128725,[]
2026-06-10,12:17:45.162092,[]
2026-06-10,12:17:45.195459,[]
2026-06-10,12:17:45.228826,[]
2026-06-10,12:17:45.262193,[]
2026-06-10,12:17:45.295560,[]
2026-06-10,12:17:45.328927,[]
2026-06-10,12:17:45.362294,[]
2026-06-10,12:17:45.395661,[]
2026-06-10,12:17:45.429028,[]
2026-06-10,12:17:45.462395,[]
2026-06-10,12:17:45.495762,[]
2026-06-10,12:17:45.529129,[]
2026-06-10,12:17:45.562496,[]
2026-06-10,12:17:45.595863,[]
2026-06-10,12:17:45.629230,[]
2026-06-10,12:17:45.662597,[]
2026-06-10,12:17:45.695964,[]
2026-06-10,12:17:45.729331,[]
2026-06-10,12:17:45.762698,[]
2026-06-10,12:17:45.796065,[]
2026-06-10,12:17:45.829432,[]
2026-06-10,12:17:45.862799,[]
2026-06-10,12:17:45.896166,[]
2026-06-10,12:17:45.929533,[]
2026-06-10,12:17:45.962900,[]
2026-06-10,12:17:45.996267,[]
2026-06-10,12:17:46.029634,[]
2026-06-10,12:17:46.063001,[]
2026-06-10,12:17:46.096368,[]
2026-06-10,12:17:46.129735,[]
2026-06-10,12:17:46.163102,[]
2026-06-10,12:17:46.196469,[]
2026-06-10,12:17:46.229836,[]
2026-06-10,12:17:46.263203,[]
2026-06-10,12:17:46.296570,[]
2026-06-10,12:17:46.329937,[]
2026-06-10,12:17:46.363304,[]
2026-06-10,12:17:46.396671,[]
2026-06-10,12:17:46.430038,[]
2026-06-10,12:17:46.463405,[]
2026-06-10,12:17:46.496772,[]
2026-06-10,12:17:46.530139,[]
2026-06-10,12:17:46.563506,[]
2026-06-10,12:17:46.596873,[]
2026-06-10,12:17:46.630240,[]
2026-06-10,12:17:46.663607,[]
2026-06-10,12:17:46.696974,[]
2026-06-10,12:17:46.730341,[]
2026-06-10,12:17:46.763708,[]
2026-06-10,12:17:46.797075,[]
2026-06-10,12:17:46.830442,[]
2026-06-10,12:17:46.863809,[]
2026-06-10,12:17:46.897176,[]
2026-06-10,12:17:46.930543,[]
2026-06-10,12:17:46.963910,[]
2026-06-10,12:17:46.997277,[]
2026-06-10,12:17:47.030644,[]
2026-06-10,12:17:47.064011,[]
2026-06-10,12:17:47.097378,[]
2026-06-10,12:17:47.130745,[]
2026-06-10,12:17:47.164112,[]
2026-06-10,12:17:47.197479,[]
2026-06-10,12:17:47.230846,[]
2026-06-10,12:17:47.264213,[]
2026-06-10,12:17:47.297580,[]
2026-06-10,12:17:47.330947,[]
2026-06-10,12:17:47.364314,[]
2026-06-10,12:17:47.397681,[]
2026-06-10,12:17:47.431048,[]
2026-06-10,12:17:47.464415,[]
2026-06-10,12:17:47.497782,[]
2026-06-10,12:17:47.531149,[]
2026-06-10,12:17:47.564516,[]
2026-06-10,12:17:47.597883,[]
2026-06-10,12:17:47.631250,[]
2026-06-10,12:17:47.664617,[]
2026-06-10,12:17:47.697984,[]
2026-06-10,12:17:47.731351,[]
2026-06-10,12:17:47.764718,[]
2026-06-10,12:17:47.798085,[]
2026-06-10,12:17:47.831452,[]
2026-06-10,12:17:47.864819,[]
2026-06-10,12:17:47.898186,[]
2026-06-10,12:17:47.931553,[]
2026-06-10,12:17:47.964920,[]
2026-06-10,12:17:47.998287,[]
2026-06-10,12:17:48.031654,[]
2026-06-10,12:17:48.065021,[]
2026-06-10,12:17:48.098388,[]
2026-06-10,12:17:48.131755,[]
2026-06-10,12:17:48.165122,[]
2026-06-10,12:17:48.198489,[]
2026-06-10,12:17:48.231856,[]
2026-06-10,12:17:48.265223,[]
2026-06-10,12:17:48.298590,[]
2026-06-10,12:17:48.331957,[]
2026-06-10,12:17:48.365324,[]
2026-06-10,12:17:48.398691,[]
2026-06-10,12:17:48.432058,[]
2026-06-10,12:17:48.465425,[]
2026-06-10,12:17:48.498792,[]
2026-06-10,12:17:48.532159,[]
2026-06-10,12:17:48.565526,[]
2026-06-10,12:17:48.598893,[]
2026-06-10,12:17:48.632260,[]
2026-06-10,12:17:48.665627,[]
2026-06-10,12:17:48.698994,[]
2026-06-10,12:17:48.732361,[]
2026-06-10,12:17:48.765728,[]
2026-06-10,12:17:48.799095,[]
2026-06-10,12:17:48.832462,[]
2026-06-10,12:17:48.865829,[]
2026-06-10,12:17:48.899196,[]
2026-06-10,12:17:48.932563,[]
2026-06-10,12:17:48.965930,[]
2026-06-10,12:17:48.999297,[]
2026-06-10,12:17:49.032664,[]
2026-06-10,12:17:49.066031,[]
2026-06-10,12:17:49.099398,[]
2026-06-10,12:17:49.132765,[]
2026-06-10,12:17:49.166132,[]
2026-06-10,12:17:49.199499,[]
2026-06-10,12:17:49.232866,[]
2026-06-10,12:17:49.266233,[]
2026-06-10,12:17:49.299600,[]
2026-06-10,12:17:49.332967,[]
2026-06-10,12:17:49.366334,[]
2026-06-10,12:17:49.399701,[]
2026-06-10,12:17:49.433068,[]
2026-06-10,12:17:49.466435,[]
2026-06-10,12:17:49.499802,[]
2026-06-10,12:17:49.533169,[]
2026-06-10,12:17:49.566536,[]
2026-06-10,12:17:49.599903,[]
2026-06-10,12:17:49.633270,[]
2026-06-10,12:17:49.666637,[]
2026-06-10,12:17:49.700004,[]
2026-06-10,12:17:49.733371,[]
2026-06-10,12:17:49.766738,[]
2026-06-10,12:17:49.800105,[]
2026-06-10,12:17:49.833472,[]
2026-06-10,12:17:49.866839,[]
2026-06-10,12:17:49.900206,[]
2026-06-10,12:17:49.933573,[]
2026-06-10,12:17:49.966940,[]
2026-06-10,12:17:50.000307,[]
2026-06-10,12:17:50.033674,[]
2026-06-10,12:17:50.067041,[]
2026-06-10,12:17:50.100408,[]
2026-06-10,12:17:50.133775,[]
2026-06-10,12:17:50.167142,[]
2026-06-10,12:17:50.200509,[]
2026-06-10,12:17:50.233876,[]
2026-06-10,12:17:50.267243,[]
2026-06-10,12:17:50.300610,[]
2026-06-10,12:17:50.333977,[]
2026-06-10,12:17:50.367344,[]
2026-06-10,12:17:50.400711,[]
2026-06-10,12:17:50.434078,[]
2026-06-10,12:17:50.467445,[]
2026-06-10,12:17:50.500812,[]
2026-06-10,12:17:50.534179,[]
2026-06-10,12:17:50.567546,[]
2026-06-10,12:17:50.600913,[]
2026-06-10,12:17:50.634280,[]
2026-06-10,12:17:50.667647,[]
2026-06-10,12:17:50.701014,[]
2026-06-10,12:17:50.734381,[]
2026-06-10,12:17:50.767748,[]
2026-06-10,12:17:50.801115,[]
2026-06-10,12:17:50.834482,[]
2026-06-10,12:17:50.867849,[]
2026-06-10,12:17:50.901216,[]
2026-06-10,12:17:50.934583,[]
2026-06-10,12:17:50.967950,[]
2026-06-10,12:17:51.001317,[]
2026-06-10,12:17:51.034684,[]
2026-06-10,12:17:51.068051,[]
2026-06-10,12:17:51.101418,[]
2026-06-10,12:17:51.134785,[]
2026-06-10,12:17:51.168152,[]
2026-06-10,12:17:51.201519,[]
2026-06-10,12:17:51.234886,[]
2026-06-10,12:17:51.268253,[]
2026-06-10,12:17:51.301620,[]
2026-06-10,12:17:51.334987,[]
2026-06-10,12:17:51.368354,[]
2026-06-10,12:17:51.401721,[]
2026-06-10,12:17:51.435088,[]
2026-06-10,12:17:51.468455,[]
2026-06-10,12:17:51.501822,[]
2026-06-10,12:17:51.535189,[]
2026-06-10,12:17:51.568556,[]
2026-06-10,12:17:51.601923,[]
2026-06-10,12:17:51.635290,[]
2026-06-10,12:17:51.668657,[]
2026-06-10,12:17:51.702024,[]
2026-06-10,12:17:51.735391,[]
2026-06-10,12:17:51.768758,[]
2026-06-10,12:17:51.802125,[]
2026-06-10,12:17:51.835492,[]
2026-06-10,12:17:51.868859,[]
2026-06-10,12:17:51.902226,[]
2026-06-10,12:17:51.935593,[]
2026-06-10,12:17:51.968960,[]
2026-06-10,12:17:52.002327,[]
2026-06-10,12:17:52.035694,[]
2026-06-10,12:17:52.069061,[]
2026-06-10,12:17:52.102428,[]
2026-06-10,12:17:52.135795,[]
2026-06-10,12:17:52.169162,[]
2026-06-10,12:17:52.202529,[]
2026-06-10,12:17:52.235896,[]
2026-06-10,12:17:52.269263,[]
2026-06-10,12:17:52.302630,[]
2026-06-10,12:17:52.335997,[]
2026-06-10,12:17:52.369364,[]
2026-06-10,12:17:52.402731,[]
2026-06-10,12:17:52.436098,[]
2026-06-10,12:17:52.469465,[]
2026-06-10,12:17:52.502832,[]
2026-06-10,12:17:52.536199,[]
2026-06-10,12:17:52.569566,[]
2026-06-10,12:17:52.602933,[]
2026-06-10,12:17:52.636300,[]
2026-06-10,12:17:52.669667,[]
2026-06-10,12:17:52.703034,[]
2026-06-10,12:17:52.736401,[]
2026-06-10,12:17:52.769768,[]
2026-06-10,12:17:52.803135,[]
2026-06-10,12:17:52.836502,[]
2026-06-10,12:17:52.869869,[]
2026-06-10,12:17:52.903236,[]
2026-06-10,12:17:52.936603,[]
2026-06-10,12:17:52.969970,[]
2026-06-10,12:17:53.003337,[]
2026-06-10,12:17:53.036704,[]
2026-06-10,12:17:53.070071,[]
2026-06-10,12:17:53.103438,[]
2026-06-10,12:17:53.136805,[]
2026-06-10,12:17:53.170172,[]
2026-06-10,12:17:53.203539,[]
2026-06-10,12:17:53.236906,[]
2026-06-10,12:17:53.270273,[]
2026-06-10,12:17:53.303640,[]
2026-06-10,12:17:53.337007,[]
2026-06-10,12:17:53.370374,[]
2026-06-10,12:17:53.403741,[]
2026-06-10,12:17:53.437108,[]
2026-06-10,12:17:53.470475,[]
2026-06-10,12:17:53.503842,[]
2026-06-10,12:17:53.537209,[]
2026-06-10,12:17:53.570576,[]
2026-06-10,12:17:53.603943,[]
2026-06-10,12:17:53.637310,[]
2026-06-10,12:17:53.670677,[]
2026-06-10,12:17:53.704044,[]
2026-06-10,12:17:53.737411,[]
2026-06-10,12:17:53.770778,[]
2026-06-10,12:17:53.804145,[]
2026-06-10,12:17:53.837512,[]
2026-06-10,12:17:53.870879,[]
2026-06-10,12:17:53.904246,[]
2026-06-10,12:17:53.937613,[]
2026-06-10,12:17:53.970980,[]
2026-06-10,12:17:54.004347,[]
2026-06-10,12:17:54.037714,[]
2026-06-10,12:17:54.071081,[]
2026-06-10,12:17:54.104448,[]
2026-06-10,12:17:54.137815,[]
2026-06-10,12:17:54.171182,[]
2026-06-10,12:17:54.204549,[]
2026-06-10,12:17:54.237916,[]
2026-06-10,12:17:54.271283,[]
2026-06-10,12:17:54.304650,[]
2026-06-10,12:17:54.338017,[]
2026-06-10,12:17:54.371384,[]
2026-06-10,12:17:54.404751,[]
2026-06-10,12:17:54.438118,[]
2026-06-10,12:17:54.471485,[]
2026-06-10,12:17:54.504852,[]
2026-06-10,12:17:54.538219,[]
2026-06-10,12:17:54.571586,[]
2026-06-10,12:17:54.604953,[]
2026-06-10,12:17:54.638320,[]
2026-06-10,12:17:54.671687,[]
2026-06-10,12:17:54.705054,[]
2026-06-10,12:17:54.738421,[]
2026-06-10,12:17:54.771788,[]
2026-06-10,12:17:54.805155,[]
2026-06-10,12:17:54.838522,[]
2026-06-10,12:17:54.871889,[]
2026-06-10,12:17:54.905256,[]
2026-06-10,12:17:54.938623,[]
2026-06-10,12:17:54.971990,[]
2026-06-10,12:17:55.005357,[]
2026-06-10,12:17:55.038724,[]
2026-06-10,12:17:55.072091,[]
2026-06-10,12:17:55.105458,[]
2026-06-10,12:17:55.138825,[]
2026-06-10,12:17:55.172192,[]
2026-06-10,12:17:55.205559,[]
2026-06-10,12:17:55.238926,[]
2026-06-10,12:17:55.272293,[]
2026-06-10,12:17:55.305660,[]
2026-06-10,12:17:55.339027,[]
2026-06-10,12:17:55.372394,[]
2026-06-10,12:17:55.405761,[]
2026-06-10,12:17:55.439128,[]
2026-06-10,12:17:55.472495,[]
2026-06-10,12:17:55.505862,[]
2026-06-10,12:17:55.539229,[]
2026-06-10,12:17:55.572596,[]
2026-06-10,12:17:55.605963,[]
2026-06-10,12:17:55.639330,[]
2026-06-10,12:17:55.672697,[]
2026-06-10,12:17:55.706064,[]
2026-06-10,12:17:55.739431,[]
2026-06-10,12:17:55.772798,[]
2026-06-10,12:17:55.806165,[]
2026-06-10,12:17:55.839532,[]
2026-06-10,12:17:55.872899,[]
2026-06-10,12:17:55.906266,[]
2026-06-10,12:17:55.939633,[]
2026-06-10,12:17:55.973000,[]
2026-06-10,12:17:56.006367,[]
2026-06-10,12:17:56.039734,[]
2026-06-10,12:17:56.073101,[]
2026-06-10,12:17:56.106468,[]
2026-06-10,12:17:56.139835,[]
2026-06-10,12:17:56.173202,[]
2026-06-10,12:17:56.206569,[]
2026-06-10,12:17:56.239936,[]
2026-06-10,12:17:56.273303,[]
2026-06-10,12:17:56.306670,[]
2026-06-10,12:17:56.340037,[]
2026-06-10,12:17:56.373404,[]
2026-06-10,12:17:56.406771,[]
2026-06-10,12:17:56.440138,[]
2026-06-10,12:17:56.473505,[]
2026-06-10,12:17:56.506872,[]
2026-06-10,12:17:56.540239,[]
2026-06-10,12:17:56.573606,[]
2026-06-10,12:17:56.606973,[]
2026-06-10,12:17:56.640340,[]
2026-06-10,12:17:56.673707,[]
2026-06-10,12:17:56.707074,[]
2026-06-10,12:17:56.740441,[]
2026-06-10,12:17:56.773808,[]
2026-06-10,12:17:56.807175,[]
2026-06-10,12:17:56.840542,[]
2026-06-10,12:17:56.873909,[]
2026-06-10,12:17:56.907276,[]
2026-06-10,12:17:56.940643,[]
2026-06-10,12:17:56.974010,[]
2026-06-10,12:17:57.007377,[]
2026-06-10,12:17:57.040744,[]
2026-06-10,12:17:57.074111,[]
2026-06-10,12:17:57.107478,[]
2026-06-10,12:17:57.140845,[]
2026-06-10,12:17:57.174212,[]
2026-06-10,12:17:57.207579,[]
2026-06-10,12:17:57.240946,[]
2026-06-10,12:17:57.274313,[]
2026-06-10,12:17:57.307680,[]
2026-06-10,12:17:57.341047,[]
2026-06-10,12:17:57.374414,[]
2026-06-10,12:17:57.407781,[]
2026-06-10,12:17:57.441148,[]
2026-06-10,12:17:57.474515,[]
2026-06-10,12:17:57.507882,[]
2026-06-10,12:17:57.541249,[]
2026-06-10,12:17:57.574616,[]
2026-06-10,12:17:57.607983,[]
2026-06-10,12:17:57.641350,[]
2026-06-10,12:17:57.674717,[]
2026-06-10,12:17:57.708084,[]
2026-06-10,12:17:57.741451,[]
2026-06-10,12:17:57.774818,[]
2026-06-10,12:17:57.808185,[]
2026-06-10,12:17:57.841552,[]
2026-06-10,12:17:57.874919,[]
2026-06-10,12:17:57.908286,[]
2026-06-10,12:17:57.941653,[]
2026-06-10,12:17:57.975020,[]
2026-06-10,12:17:58.008387,[]
2026-06-10,12:17:58.041754,[]
2026-06-10,12:17:58.075121,[]
2026-06-10,12:17:58.108488,[]
2026-06-10,12:17:58.141855,[]
2026-06-10,12:17:58.175222,[]
2026-06-10,12:17:58.208589,[]
2026-06-10,12:17:58.241956,[]
2026-06-10,12:17:58.275323,[]
2026-06-10,12:17:58.308690,[]
2026-06-10,12:17:58.342057,[]
2026-06-10,12:17:58.375424,[]
2026-06-10,12:17:58.408791,[]
2026-06-10,12:17:58.442158,[]
2026-06-10,12:17:58.475525,[]
2026-06-10,12:17:58.508892,[]
2026-06-10,12:17:58.542259,[]
2026-06-10,12:17:58.575626,[]
2026-06-10,12:17:58.608993,[]
2026-06-10,12:17:58.642360,[]
2026-06-10,12:17:58.675727,[]
2026-06-10,12:17:58.709094,[]
2026-06-10,12:17:58.742461,[]
2026-06-10,12:17:58.775828,[]
2026-06-10,12:17:58.809195,[]
2026-06-10,12:17:58.842562,[]
2026-06-10,12:17:58.875929,[]
2026-06-10,12:17:58.909296,[]
2026-06-10,12:17:58.942663,[]
2026-06-10,12:17:58.976030,[]
2026-06-10,12:17:59.009397,[]
2026-06-10,12:17:59.042764,[]
2026-06-10,12:17:59.076131,[]
2026-06-10,12:17:59.109498,[]
2026-06-10,12:17:59.142865,[]
2026-06-10,12:17:59.176232,[]
2026-06-10,12:17:59.209599,[]
2026-06-10,12:17:59.242966,[]
2026-06-10,12:17:59.276333,[]
2026-06-10,12:17:59.309700,[]
2026-06-10,12:17:59.343067,[]
2026-06-10,12:17:59.376434,[]
2026-06-10,12:17:59.409801,[]
2026-06-10,12:17:59.443168,[]
2026-06-10,12:17:59.476535,[]
2026-06-10,12:17:59.509902,[]
2026-06-10,12:17:59.543269,[]
2026-06-10,12:17:59.576636,[]
2026-06-10,12:17:59.610003,[]
2026-06-10,12:17:59.643370,[]
2026-06-10,12:17:59.676737,[]
2026-06-10,12:17:59.710104,[]
2026-06-10,12:17:59.743471,[]
2026-06-10,12:17:59.776838,[]
2026-06-10,12:17:59.810205,[]
2026-06-10,12:17:59.843572,[]
2026-06-10,12:17:59.876939,[]
2026-06-10,12:17:59.910306,[]
2026-06-10,12:17:59.943673,[]
2026-06-10,12:17:59.977040,[]
2026-06-10,12:18:00.010407,[]
2026-06-10,12:18:00.043774,[]
2026-06-10,12:18:00.077141,[]
2026-06-10,12:18:00.110508,[]
2026-06-10,12:18:00.143875,[]
2026-06-10,12:18:00.177242,[]
2026-06-10,12:18:00.210609,[]
2026-06-10,12:18:00.243976,[]
2026-06-10,12:18:00.277343,[]
2026-06-10,12:18:00.310710,[]
2026-06-10,12:18:00.344077,[]
2026-06-10,12:18:00.377444,[]
2026-06-10,12:18:00.410811,[]
2026-06-10,12:18:00.444178,[]
2026-06-10,12:18:00.477545,[]
2026-06-10,12:18:00.510912,[]
2026-06-10,12:18:00.544279,[]
2026-06-10,12:18:00.577646,[]
2026-06-10,12:18:00.611013,[]
2026-06-10,12:18:00.644380,[]
2026-06-10,12:18:00.677747,[]
2026-06-10,12:18:00.711114,[]
2026-06-10,12:18:00.744481,[]
2026-06-10,12:18:00.777848,[]
2026-06-10,12:18:00.811215,[]
2026-06-10,12:18:00.844582,[]
2026-06-10,12:18:00.877949,[]
2026-06-10,12:18:00.911316,[]
2026-06-10,12:18:00.944683,[]
2026-06-10,12:18:00.978050,[]
2026-06-10,12:18:01.011417,[]
2026-06-10,12:18:01.044784,[]
2026-06-10,12:18:01.078151,[]
2026-06-10,12:18:01.111518,[]
2026-06-10,12:18:01.144885,[]
2026-06-10,12:18:01.178252,[]
2026-06-10,12:18:01.211619,[]
2026-06-10,12:18:01.244986,[]
2026-06-10,12:18:01.278353,[]
2026-06-10,12:18:01.311720,[]
2026-06-10,12:18:01.345087,[]
2026-06-10,12:18:01.378454,[]
2026-06-10,12:18:01.411821,[]
2026-06-10,12:18:01.445188,[]
2026-06-10,12:18:01.478555,[]
2026-06-10,12:18:01.511922,[]
2026-06-10,12:18:01.545289,[]
2026-06-10,12:18:01.578656,[]
2026-06-10,12:18:01.612023,[]
2026-06-10,12:18:01.645390,[]
2026-06-10,12:18:01.678757,[]
2026-06-10,12:18:01.712124,[]
2026-06-10,12:18:01.745491,[]
2026-06-10,12:18:01.778858,[]
2026-06-10,12:18:01.812225,[]
2026-06-10,12:18:01.845592,[]
2026-06-10,12:18:01.878959,[]
2026-06-10,12:18:01.912326,[]
2026-06-10,12:18:01.945693,[]
2026-06-10,12:18:01.979060,[]
2026-06-10,12:18:02.012427,[]
2026-06-10,12:18:02.045794,[]
2026-06-10,12:18:02.079161,[]
2026-06-10,12:18:02.112528,[]
2026-06-10,12:18:02.145895,[]
2026-06-10,12:18:02.179262,[]
2026-06-10,12:18:02.212629,[]
2026-06-10,12:18:02.245996,[]
2026-06-10,12:18:02.279363,[]
2026-06-10,12:18:02.312730,[]
2026-06-10,12:18:02.346097,[]
2026-06-10,12:18:02.379464,[]
2026-06-10,12:18:02.412831,[]
2026-06-10,12:18:02.446198,[]
2026-06-10,12:18:02.479565,[]
2026-06-10,12:18:02.512932,[]
2026-06-10,12:18:02.546299,[]
2026-06-10,12:18:02.579666,[]
2026-06-10,12:18:02.613033,[]
2026-06-10,12:18:02.646400,[]
2026-06-10,12:18:02.679767,[]
2026-06-10,12:18:02.713134,[]
2026-06-10,12:18:02.746501,[]
2026-06-10,12:18:02.779868,[]
2026-06-10,12:18:02.813235,[]
2026-06-10,12:18:02.846602,[]
2026-06-10,12:18:02.879969,[]
2026-06-10,12:18:02.913336,[]
2026-06-10,12:18:02.946703,[]
2026-06-10,12:18:02.980070,[]
2026-06-10,12:18:03.013437,[]
2026-06-10,12:18:03.046804,[]
2026-06-10,12:18:03.080171,[]
2026-06-10,12:18:03.113538,[]
2026-06-10,12:18:03.146905,[]
2026-06-10,12:18:03.180272,[]
2026-06-10,12:18:03.213639,[]
2026-06-10,12:18:03.247006,[]
2026-06-10,12:18:03.280373,[]
2026-06-10,12:18:03.313740,[]
2026-06-10,12:18:03.347107,[]
2026-06-10,12:18:03.380474,[]
2026-06-10,12:18:03.413841,[]
2026-06-10,12:18:03.447208,[]
2026-06-10,12:18:03.480575,[]
2026-06-10,12:18:03.513942,[]
2026-06-10,12:18:03.547309,[]
2026-06-10,12:18:03.580676,[]
2026-06-10,12:18:03.614043,[]
2026-06-10,12:18:03.647410,[]
2026-06-10,12:18:03.680777,[]
2026-06-10,12:18:03.714144,[]
2026-06-10,12:18:03.747511,[]
2026-06-10,12:18:03.780878,[]
2026-06-10,12:18:03.814245,[]
2026-06-10,12:18:03.847612,[]
2026-06-10,12:18:03.880979,[]
2026-06-10,12:18:03.914346,[]
2026-06-10,12:18:03.947713,[]
2026-06-10,12:18:03.981080,[]
2026-06-10,12:18:04.014447,[]
2026-06-10,12:18:04.047814,[]
2026-06-10,12:18:04.081181,[]
2026-06-10,12:18:04.114548,[]
2026-06-10,12:18:04.147915,[]
2026-06-10,12:18:04.181282,[]
2026-06-10,12:18:04.214649,[]
2026-06-10,12:18:04.248016,[]
2026-06-10,12:18:04.281383,[]
2026-06-10,12:18:04.314750,[]
2026-06-10,12:18:04.348117,[]
2026-06-10,12:18:04.381484,[]
2026-06-10,12:18:04.414851,[]
2026-06-10,12:18:04.448218,[]
2026-06-10,12:18:04.481585,[]
2026-06-10,12:18:04.514952,[]
2026-06-10,12:18:04.548319,[]
2026-06-10,12:18:04.581686,[]
2026-06-10,12:18:04.615053,[]
2026-06-10,12:18:04.648420,[]
2026-06-10,12:18:04.681787,[]
2026-06-10,12:18:04.715154,[]
2026-06-10,12:18:04.748521,[]
2026-06-10,12:18:04.781888,[]
2026-06-10,12:18:04.815255,[]
2026-06-10,12:18:04.848622,[]
2026-06-10,12:18:04.881989,[]
2026-06-10,12:18:04.915356,[]
2026-06-10,12:18:04.948723,[]
2026-06-10,12:18:04.982090,[]
2026-06-10,12:18:05.015457,[]
2026-06-10,12:18:05.048824,[]
2026-06-10,12:18:05.082191,[]
2026-06-10,12:18:05.115558,[]
2026-06-10,12:18:05.148925,[]
2026-06-10,12:18:05.182292,[]
2026-06-10,12:18:05.215659,[]
2026-06-10,12:18:05.249026,[]
2026-06-10,12:18:05.282393,[]
2026-06-10,12:18:05.315760,[]
2026-06-10,12:18:05.349127,[]
2026-06-10,12:18:05.382494,[]
2026-06-10,12:18:05.415861,[]
2026-06-10,12:18:05.449228,[]
2026-06-10,12:18:05.482595,[]
2026-06-10,12:18:05.515962,[]
2026-06-10,12:18:05.549329,[]
2026-06-10,12:18:05.582696,[]
2026-06-10,12:18:05.616063,[]
2026-06-10,12:18:05.649430,[]
2026-06-10,12:18:05.682797,[]
2026-06-10,12:18:05.716164,[]
2026-06-10,12:18:05.749531,[]
2026-06-10,12:18:05.782898,[]
2026-06-10,12:18:05.816265,[]
2026-06-10,12:18:05.849632,[]
2026-06-10,12:18:05.882999,[]
2026-06-10,12:18:05.916366,[]
2026-06-10,12:18:05.949733,[]
2026-06-10,12:18:05.983100,[]
2026-06-10,12:18:06.016467,[]
2026-06-10,12:18:06.049834,[]
2026-06-10,12:18:06.083201,[]
2026-06-10,12:18:06.116568,[]
2026-06-10,12:18:06.149935,[]
2026-06-10,12:18:06.183302,[]
2026-06-10,12:18:06.216669,[]
2026-06-10,12:18:06.250036,[]
2026-06-10,12:18:06.283403,[]
2026-06-10,12:18:06.316770,[]
2026-06-10,12:18:06.350137,[]
2026-06-10,12:18:06.383504,[]
2026-06-10,12:18:06.416871,[]
2026-06-10,12:18:06.450238,[]
2026-06-10,12:18:06.483605,[]
2026-06-10,12:18:06.516972,[]
2026-06-10,12:18:06.550339,[]
2026-06-10,12:18:06.583706,[]
2026-06-10,12:18:06.617073,[]
2026-06-10,12:18:06.650440,[]
2026-06-10,12:18:06.683807,[]
2026-06-10,12:18:06.717174,[]
2026-06-10,12:18:06.750541,[]
2026-06-10,12:18:06.783908,[]
2026-06-10,12:18:06.817275,[]
2026-06-10,12:18:06.850642,[]
2026-06-10,12:18:06.884009,[]
2026-06-10,12:18:06.917376,[]
2026-06-10,12:18:06.950743,[]
2026-06-10,12:18:06.984110,[]
2026-06-10,12:18:07.017477,[]
2026-06-10,12:18:07.050844,[]
2026-06-10,12:18:07.084211,[]
2026-06-10,12:18:07.117578,[]
2026-06-10,12:18:07.150945,[]
2026-06-10,12:18:07.184312,[]
2026-06-10,12:18:07.217679,[]
2026-06-10,12:18:07.251046,[]
2026-06-10,12:18:07.284413,[]
2026-06-10,12:18:07.317780,[]
2026-06-10,12:18:07.351147,[]
2026-06-10,12:18:07.384514,[]
2026-06-10,12:18:07.417881,[]
2026-06-10,12:18:07.451248,[]
2026-06-10,12:18:07.484615,[]
2026-06-10,12:18:07.517982,[]
2026-06-10,12:18:07.551349,[]
2026-06-10,12:18:07.584716,[]
2026-06-10,12:18:07.618083,[]
2026-06-10,12:18:07.651450,[]
2026-06-10,12:18:07.684817,[]
2026-06-10,12:18:07.718184,[]
2026-06-10,12:18:07.751551,[]
2026-06-10,12:18:07.784918,[]
2026-06-10,12:18:07.818285,[]
2026-06-10,12:18:07.851652,[]
2026-06-10,12:18:07.885019,[]
2026-06-10,12:18:07.918386,[]
2026-06-10,12:18:07.951753,[]
2026-06-10,12:18:07.985120,[]
2026-06-10,12:18:08.018487,[]
2026-06-10,12:18:08.051854,[]
2026-06-10,12:18:08.085221,[]
2026-06-10,12:18:08.118588,[]
2026-06-10,12:18:08.151955,[]
2026-06-10,12:18:08.185322,[]
2026-06-10,12:18:08.218689,[]
2026-06-10,12:18:08.252056,[]
2026-06-10,12:18:08.285423,[]
2026-06-10,12:18:08.318790,[]
2026-06-10,12:18:08.352157,[]
2026-06-10,12:18:08.385524,[]
2026-06-10,12:18:08.418891,[]
2026-06-10,12:18:08.452258,[]
2026-06-10,12:18:08.485625,[]
2026-06-10,12:18:08.518992,[]
2026-06-10,12:18:08.552359,[]
2026-06-10,12:18:08.585726,[]
2026-06-10,12:18:08.619093,[]
2026-06-10,12:18:08.652460,[]
2026-06-10,12:18:08.685827,[]
2026-06-10,12:18:08.719194,[]
2026-06-10,12:18:08.752561,[]
2026-06-10,12:18:08.785928,[]
2026-06-10,12:18:08.819295,[]
2026-06-10,12:18:08.852662,[]
2026-06-10,12:18:08.886029,[]
2026-06-10,12:18:08.919396,[]
2026-06-10,12:18:08.952763,[]
2026-06-10,12:18:08.986130,[]
2026-06-10,12:18:09.019497,[]
2026-06-10,12:18:09.052864,[]
2026-06-10,12:18:09.086231,[]
2026-06-10,12:18:09.119598,[]
2026-06-10,12:18:09.152965,[]
2026-06-10,12:18:09.186332,[]
2026-06-10,12:18:09.219699,[]
2026-06-10,12:18:09.253066,[]
2026-06-10,12:18:09.286433,[]
2026-06-10,12:18:09.319800,[]
2026-06-10,12:18:09.353167,[]
2026-06-10,12:18:09.386534,[]
2026-06-10,12:18:09.419901,[]
2026-06-10,12:18:09.453268,[]
2026-06-10,12:18:09.486635,[]
2026-06-10,12:18:09.520002,[]
2026-06-10,12:18:09.553369,[]
2026-06-10,12:18:09.586736,[]
2026-06-10,12:18:09.620103,[]
2026-06-10,12:18:09.653470,[]
2026-06-10,12:18:09.686837,[]
2026-06-10,12:18:09.720204,[]
2026-06-10,12:18:09.753571,[]
2026-06-10,12:18:09.786938,[]
2026-06-10,12:18:09.820305,[]
2026-06-10,12:18:09.853672,[]
2026-06-10,12:18:09.887039,[]
2026-06-10,12:18:09.920406,[]
2026-06-10,12:18:09.953773,[]
2026-06-10,12:18:09.987140,[]
2026-06-10,12:18:10.020507,[]
2026-06-10,12:18:10.053874,[]
2026-06-10,12:18:10.087241,[]
2026-06-10,12:18:10.120608,[]
2026-06-10,12:18:10.153975,[]
2026-06-10,12:18:10.187342,[]
2026-06-10,12:18:10.220709,[]
2026-06-10,12:18:10.254076,[]
2026-06-10,12:18:10.287443,[]
2026-06-10,12:18:10.320810,[]
2026-06-10,12:18:10.354177,[]
2026-06-10,12:18:10.387544,[]
2026-06-10,12:18:10.420911,[]
2026-06-10,12:18:10.454278,[]
2026-06-10,12:18:10.487645,[]
2026-06-10,12:18:10.521012,[]
2026-06-10,12:18:10.554379,[]
2026-06-10,12:18:10.587746,[]
2026-06-10,12:18:10.621113,[]
2026-06-10,12:18:10.654480,[]
2026-06-10,12:18:10.687847,[]
2026-06-10,12:18:10.721214,[]
2026-06-10,12:18:10.754581,[]
2026-06-10,12:18:10.787948,[]
2026-06-10,12:18:10.821315,[]
2026-06-10,12:18:10.854682,[]
2026-06-10,12:18:10.888049,[]
2026-06-10,12:18:10.921416,[]
2026-06-10,12:18:10.954783,[]
2026-06-10,12:18:10.988150,[]
2026-06-10,12:18:11.021517,[]
2026-06-10,12:18:11.054884,[]
2026-06-10,12:18:11.088251,[]
2026-06-10,12:18:11.121618,[]
2026-06-10,12:18:11.154985,[]
2026-06-10,12:18:11.188352,[]
2026-06-10,12:18:11.221719,[]
2026-06-10,12:18:11.255086,[]
2026-06-10,12:18:11.288453,[]
2026-06-10,12:18:11.321820,[]
2026-06-10,12:18:11.355187,[]
2026-06-10,12:18:11.388554,[]
2026-06-10,12:18:11.421921,[]
2026-06-10,12:18:11.455288,[]
2026-06-10,12:18:11.488655,[]
2026-06-10,12:18:11.522022,[]
2026-06-10,12:18:11.555389,[]
2026-06-10,12:18:11.588756,[]
2026-06-10,12:18:11.622123,[]
2026-06-10,12:18:11.655490,[]
2026-06-10,12:18:11.688857,[]
2026-06-10,12:18:11.722224,[]
2026-06-10,12:18:11.755591,[]
2026-06-10,12:18:11.788958,[]
2026-06-10,12:18:11.822325,[]
2026-06-10,12:18:11.855692,[]
2026-06-10,12:18:11.889059,[]
2026-06-10,12:18:11.922426,[]
2026-06-10,12:18:11.955793,[]
2026-06-10,12:18:11.989160,[]
2026-06-10,12:18:12.022527,[]
2026-06-10,12:18:12.055894,[]
2026-06-10,12:18:12.089261,[]
2026-06-10,12:18:12.122628,[]
2026-06-10,12:18:12.155995,[]
2026-06-10,12:18:12.189362,[]
2026-06-10,12:18:12.222729,[]
2026-06-10,12:18:12.256096,[]
2026-06-10,12:18:12.289463,[]
2026-06-10,12:18:12.322830,[]
2026-06-10,12:18:12.356197,[]
2026-06-10,12:18:12.389564,[]
2026-06-10,12:18:12.422931,[]
2026-06-10,12:18:12.456298,[]
2026-06-10,12:18:12.489665,[]
2026-06-10,12:18:12.523032,[]
2026-06-10,12:18:12.556399,[]
2026-06-10,12:18:12.589766,[]
2026-06-10,12:18:12.623133,[]
2026-06-10,12:18:12.656500,[]
2026-06-10,12:18:12.689867,[]
2026-06-10,12:18:12.723234,[]
2026-06-10,12:18:12.756601,[]
2026-06-10,12:18:12.789968,[]
2026-06-10,12:18:12.823335,[]
2026-06-10,12:18:12.856702,[]
2026-06-10,12:18:12.890069,[]
2026-06-10,12:18:12.923436,[]
2026-06-10,12:18:12.956803,[]
2026-06-10,12:18:12.990170,[]
2026-06-10,12:18:13.023537,[]
2026-06-10,12:18:13.056904,[]
2026-06-10,12:18:13.090271,[]
2026-06-10,12:18:13.123638,[]
2026-06-10,12:18:13.157005,[]
2026-06-10,12:18:13.190372,[]
2026-06-10,12:18:13.223739,[]
2026-06-10,12:18:13.257106,[]
2026-06-10,12:18:13.290473,[]
2026-06-10,12:18:13.323840,[]
2026-06-10,12:18:13.357207,[]
2026-06-10,12:18:13.390574,[]
2026-06-10,12:18:13.423941,[]
2026-06-10,12:18:13.457308,[]
2026-06-10,12:18:13.490675,[]
2026-06-10,12:18:13.524042,[]
2026-06-10,12:18:13.557409,[]
2026-06-10,12:18:13.590776,[]
2026-06-10,12:18:13.624143,[]
2026-06-10,12:18:13.657510,[]
2026-06-10,12:18:13.690877,[]
2026-06-10,12:18:13.724244,[]
2026-06-10,12:18:13.757611,[]
2026-06-10,12:18:13.790978,[]
2026-06-10,12:18:13.824345,[]
2026-06-10,12:18:13.857712,[]
2026-06-10,12:18:13.891079,[]
2026-06-10,12:18:13.924446,[]
2026-06-10,12:18:13.957813,[]
2026-06-10,12:18:13.991180,[]
2026-06-10,12:18:14.024547,[]
2026-06-10,12:18:14.057914,[]
2026-06-10,12:18:14.091281,[]
2026-06-10,12:18:14.124648,[]
2026-06-10,12:18:14.158015,[]
2026-06-10,12:18:14.191382,[]
2026-06-10,12:18:14.224749,[]
2026-06-10,12:18:14.258116,[]
2026-06-10,12:18:14.291483,[]
2026-06-10,12:18:14.324850,[]
2026-06-10,12:18:14.358217,[]
2026-06-10,12:18:14.391584,[]
2026-06-10,12:18:14.424951,[]
2026-06-10,12:18:14.458318,[]
2026-06-10,12:18:14.491685,[]
2026-06-10,12:18:14.525052,[]
2026-06-10,12:18:14.558419,[]
2026-06-10,12:18:14.591786,[]
2026-06-10,12:18:14.625153,[]
2026-06-10,12:18:14.658520,[]
2026-06-10,12:18:14.691887,[]
2026-06-10,12:18:14.725254,[]
2026-06-10,12:18:14.758621,[]
2026-06-10,12:18:14.791988,[]
2026-06-10,12:18:14.825355,[]
2026-06-10,12:18:14.858722,[]
2026-06-10,12:18:14.892089,[]
2026-06-10,12:18:14.925456,[]
2026-06-10,12:18:14.958823,[]
2026-06-10,12:18:14.992190,[]
2026-06-10,12:18:15.025557,[]
2026-06-10,12:18:15.058924,[]
2026-06-10,12:18:15.092291,[]
2026-06-10,12:18:15.125658,[]
2026-06-10,12:18:15.159025,[]
2026-06-10,12:18:15.192392,[]
2026-06-10,12:18:15.225759,[]
2026-06-10,12:18:15.259126,[]
2026-06-10,12:18:15.292493,[]
2026-06-10,12:18:15.325860,[]
2026-06-10,12:18:15.359227,[]
2026-06-10,12:18:15.392594,[]
2026-06-10,12:18:15.425961,[]
2026-06-10,12:18:15.459328,[]
2026-06-10,12:18:15.492695,[]
2026-06-10,12:18:15.526062,[]
2026-06-10,12:18:15.559429,[]
2026-06-10,12:18:15.592796,[]
2026-06-10,12:18:15.626163,[]
2026-06-10,12:18:15.659530,[]
2026-06-10,12:18:15.692897,[]
2026-06-10,12:18:15.726264,[]
2026-06-10,12:18:15.759631,[]
2026-06-10,12:18:15.792998,[]
2026-06-10,12:18:15.826365,[]
2026-06-10,12:18:15.859732,[]
2026-06-10,12:18:15.893099,[]
2026-06-10,12:18:15.926466,[]
2026-06-10,12:18:15.959833,[]
2026-06-10,12:18:15.993200,[]
2026-06-10,12:18:16.026567,[]
2026-06-10,12:18:16.059934,[]
2026-06-10,12:18:16.093301,[]
2026-06-10,12:18:16.126668,[]
2026-06-10,12:18:16.160035,[]
2026-06-10,12:18:16.193402,[]
2026-06-10,12:18:16.226769,[]
2026-06-10,12:18:16.260136,[]
2026-06-10,12:18:16.293503,[]
2026-06-10,12:18:16.326870,[]
2026-06-10,12:18:16.360237,[]
2026-06-10,12:18:16.393604,[]
2026-06-10,12:18:16.426971,[]
2026-06-10,12:18:16.460338,[]
2026-06-10,12:18:16.493705,[]
2026-06-10,12:18:16.527072,[]
2026-06-10,12:18:16.560439,[]
2026-06-10,12:18:16.593806,[]
2026-06-10,12:18:16.627173,[]
2026-06-10,12:18:16.660540,[]
2026-06-10,12:18:16.693907,[]
2026-06-10,12:18:16.727274,[]
2026-06-10,12:18:16.760641,[]
2026-06-10,12:18:16.794008,[]
2026-06-10,12:18:16.827375,[]
2026-06-10,12:18:16.860742,[]
2026-06-10,12:18:16.894109,[]
2026-06-10,12:18:16.927476,[]
2026-06-10,12:18:16.960843,[]
2026-06-10,12:18:16.994210,[]
2026-06-10,12:18:17.027577,[]
2026-06-10,12:18:17.060944,[]
2026-06-10,12:18:17.094311,[]
2026-06-10,12:18:17.127678,[]
2026-06-10,12:18:17.161045,[]
2026-06-10,12:18:17.194412,[]
2026-06-10,12:18:17.227779,[]
2026-06-10,12:18:17.261146,[]
2026-06-10,12:18:17.294513,[]
2026-06-10,12:18:17.327880,[]
2026-06-10,12:18:17.361247,[]
2026-06-10,12:18:17.394614,[]
2026-06-10,12:18:17.427981,[]
2026-06-10,12:18:17.461348,[]
2026-06-10,12:18:17.494715,[]
2026-06-10,12:18:17.528082,[]
2026-06-10,12:18:17.561449,[]
2026-06-10,12:18:17.594816,[]
2026-06-10,12:18:17.628183,[]
2026-06-10,12:18:17.661550,[]
2026-06-10,12:18:17.694917,[]
2026-06-10,12:18:17.728284,[]
2026-06-10,12:18:17.761651,[]
2026-06-10,12:18:17.795018,[]
2026-06-10,12:18:17.828385,[]
2026-06-10,12:18:17.861752,[]
2026-06-10,12:18:17.895119,[]
2026-06-10,12:18:17.928486,[]
2026-06-10,12:18:17.961853,[]
2026-06-10,12:18:17.995220,[]
2026-06-10,12:18:18.028587,[]
2026-06-10,12:18:18.061954,[]
2026-06-10,12:18:18.095321,[]
2026-06-10,12:18:18.128688,[]
2026-06-10,12:18:18.162055,[]
2026-06-10,12:18:18.195422,[]
2026-06-10,12:18:18.228789,[]
2026-06-10,12:18:18.262156,[]
2026-06-10,12:18:18.295523,[]
2026-06-10,12:18:18.328890,[]
2026-06-10,12:18:18.362257,[]
2026-06-10,12:18:18.395624,[]
2026-06-10,12:18:18.428991,[]
2026-06-10,12:18:18.462358,[]
2026-06-10,12:18:18.495725,[]
2026-06-10,12:18:18.529092,[]
2026-06-10,12:18:18.562459,[]
2026-06-10,12:18:18.595826,[]
2026-06-10,12:18:18.629193,[]
2026-06-10,12:18:18.662560,[]
2026-06-10,12:18:18.695927,[]
2026-06-10,12:18:18.729294,[]
2026-06-10,12:18:18.762661,[]
2026-06-10,12:18:18.796028,[]
2026-06-10,12:18:18.829395,[]
2026-06-10,12:18:18.862762,[]
2026-06-10,12:18:18.896129,[]
2026-06-10,12:18:18.929496,[]
2026-06-10,12:18:18.962863,[]
2026-06-10,12:18:18.996230,[]
2026-06-10,12:18:19.029597,[]
2026-06-10,12:18:19.062964,[]
2026-06-10,12:18:19.096331,[]
2026-06-10,12:18:19.129698,[]
2026-06-10,12:18:19.163065,[]
2026-06-10,12:18:19.196432,[]
2026-06-10,12:18:19.229799,[]
2026-06-10,12:18:19.263166,[]
2026-06-10,12:18:19.296533,[]
2026-06-10,12:18:19.329900,[]
2026-06-10,12:18:19.363267,[]
2026-06-10,12:18:19.396634,[]
2026-06-10,12:18:19.430001,[]
2026-06-10,12:18:19.463368,[]
2026-06-10,12:18:19.496735,[]
2026-06-10,12:18:19.530102,[]
2026-06-10,12:18:19.563469,[]
2026-06-10,12:18:19.596836,[]
2026-06-10,12:18:19.630203,[]
2026-06-10,12:18:19.663570,[]
2026-06-10,12:18:19.696937,[]
2026-06-10,12:18:19.730304,[]
2026-06-10,12:18:19.763671,[]
2026-06-10,12:18:19.797038,[]
2026-06-10,12:18:19.830405,[]
2026-06-10,12:18:19.863772,[]
2026-06-10,12:18:19.897139,[]
2026-06-10,12:18:19.930506,[]
2026-06-10,12:18:19.963873,[]
2026-06-10,12:18:19.997240,[]
2026-06-10,12:18:20.030607,[]
2026-06-10,12:18:20.063974,[]
2026-06-10,12:18:20.097341,[]
2026-06-10,12:18:20.130708,[]
2026-06-10,12:18:20.164075,[]
2026-06-10,12:18:20.197442,[]
2026-06-10,12:18:20.230809,[]
2026-06-10,12:18:20.264176,[]
2026-06-10,12:18:20.297543,[]
2026-06-10,12:18:20.330910,[]
2026-06-10,12:18:20.364277,[]
2026-06-10,12:18:20.397644,[]
2026-06-10,12:18:20.431011,[]
2026-06-10,12:18:20.464378,[]
2026-06-10,12:18:20.497745,[]
2026-06-10,12:18:20.531112,[]
2026-06-10,12:18:20.564479,[]
2026-06-10,12:18:20.597846,[]
2026-06-10,12:18:20.631213,[]
2026-06-10,12:18:20.664580,[]
2026-06-10,12:18:20.697947,[]
2026-06-10,12:18:20.731314,[]
2026-06-10,12:18:20.764681,[]
2026-06-10,12:18:20.798048,[]
2026-06-10,12:18:20.831415,[]
2026-06-10,12:18:20.864782,[]
2026-06-10,12:18:20.898149,[]
2026-06-10,12:18:20.931516,[]
2026-06-10,12:18:20.964883,[]
2026-06-10,12:18:20.998250,[]
2026-06-10,12:18:21.031617,[]
2026-06-10,12:18:21.064984,[]
2026-06-10,12:18:21.098351,[]
2026-06-10,12:18:21.131718,[]
2026-06-10,12:18:21.165085,[]
2026-06-10,12:18:21.198452,[]
2026-06-10,12:18:21.231819,[]
2026-06-10,12:18:21.265186,[]
2026-06-10,12:18:21.298553,[]
2026-06-10,12:18:21.331920,[]
2026-06-10,12:18:21.365287,[]
2026-06-10,12:18:21.398654,[]
2026-06-10,12:18:21.432021,[]
2026-06-10,12:18:21.465388,[]
2026-06-10,12:18:21.498755,[]
2026-06-10,12:18:21.532122,[]
2026-06-10,12:18:21.565489,[]
2026-06-10,12:18:21.598856,[]
2026-06-10,12:18:21.632223,[]
2026-06-10,12:18:21.665590,[]
2026-06-10,12:18:21.698957,[]
2026-06-10,12:18:21.732324,[]
2026-06-10,12:18:21.765691,[]
2026-06-10,12:18:21.799058,[]
2026-06-10,12:18:21.832425,[]
2026-06-10,12:18:21.865792,[]
2026-06-10,12:18:21.899159,[]
2026-06-10,12:18:21.932526,[]
2026-06-10,12:18:21.965893,[]
2026-06-10,12:18:21.999260,[]
2026-06-10,12:18:22.032627,[]
2026-06-10,12:18:22.065994,[]
2026-06-10,12:18:22.099361,[]
2026-06-10,12:18:22.132728,[]
2026-06-10,12:18:22.166095,[]
2026-06-10,12:18:22.199462,[]
2026-06-10,12:18:22.232829,[]
2026-06-10,12:18:22.266196,[]
2026-06-10,12:18:22.299563,[]
2026-06-10,12:18:22.332930,[]
2026-06-10,12:18:22.366297,[]
2026-06-10,12:18:22.399664,[]
2026-06-10,12:18:22.433031,[]
2026-06-10,12:18:22.466398,[]
2026-06-10,12:18:22.499765,[]
2026-06-10,12:18:22.533132,[]
2026-06-10,12:18:22.566499,[]
2026-06-10,12:18:22.599866,[]
2026-06-10,12:18:22.633233,[]
2026-06-10,12:18:22.666600,[]
2026-06-10,12:18:22.699967,[]
2026-06-10,12:18:22.733334,[]
2026-06-10,12:18:22.766701,[]
2026-06-10,12:18:22.800068,[]
2026-06-10,12:18:22.833435,[]
2026-06-10,12:18:22.866802,[]
2026-06-10,12:18:22.900169,[]
2026-06-10,12:18:22.933536,[]
2026-06-10,12:18:22.966903,[]
2026-06-10,12:18:23.000270,[]
2026-06-10,12:18:23.033637,[]
2026-06-10,12:18:23.067004,[]
2026-06-10,12:18:23.100371,[]
2026-06-10,12:18:23.133738,[]
2026-06-10,12:18:23.167105,[]
2026-06-10,12:18:23.200472,[]
2026-06-10,12:18:23.233839,[]
2026-06-10,12:18:23.267206,[]
2026-06-10,12:18:23.300573,[]
2026-06-10,12:18:23.333940,[]
2026-06-10,12:18:23.367307,[]
2026-06-10,12:18:23.400674,[]
2026-06-10,12:18:23.434041,[]
2026-06-10,12:18:23.467408,[]
2026-06-10,12:18:23.500775,[]
2026-06-10,12:18:23.534142,[]
2026-06-10,12:18:23.567509,[]
2026-06-10,12:18:23.600876,[]
2026-06-10,12:18:23.634243,[]
2026-06-10,12:18:23.667610,[]
2026-06-10,12:18:23.700977,[]
2026-06-10,12:18:23.734344,[]
2026-06-10,12:18:23.767711,[]
2026-06-10,12:18:23.801078,[]
2026-06-10,12:18:23.834445,[]
2026-06-10,12:18:23.867812,[]
2026-06-10,12:18:23.901179,[]
2026-06-10,12:18:23.934546,[]
2026-06-10,12:18:23.967913,[]
2026-06-10,12:18:24.001280,[]
2026-06-10,12:18:24.034647,[]
2026-06-10,12:18:24.068014,[]
2026-06-10,12:18:24.101381,[]
2026-06-10,12:18:24.134748,[]
2026-06-10,12:18:24.168115,[]
2026-06-10,12:18:24.201482,[]
2026-06-10,12:18:24.234849,[]
2026-06-10,12:18:24.268216,[]
2026-06-10,12:18:24.301583,[]
2026-06-10,12:18:24.334950,[]
2026-06-10,12:18:24.368317,[]
2026-06-10,12:18:24.401684,[]
2026-06-10,12:18:24.435051,[]
2026-06-10,12:18:24.468418,[]
2026-06-10,12:18:24.501785,[]
2026-06-10,12:18:24.535152,[]
2026-06-10,12:18:24.568519,[]
2026-06-10,12:18:24.601886,[]
2026-06-10,12:18:24.635253,[]
2026-06-10,12:18:24.668620,[]
2026-06-10,12:18:24.701987,[]
2026-06-10,12:18:24.735354,[]
2026-06-10,12:18:24.768721,[]
2026-06-10,12:18:24.802088,[]
2026-06-10,12:18:24.835455,[]
2026-06-10,12:18:24.868822,[]
2026-06-10,12:18:24.902189,[]
2026-06-10,12:18:24.935556,[]
2026-06-10,12:18:24.968923,[]
2026-06-10,12:18:25.002290,[]
2026-06-10,12:18:25.035657,[]
2026-06-10,12:18:25.069024,[]
2026-06-10,12:18:25.102391,[]
2026-06-10,12:18:25.135758,[]
2026-06-10,12:18:25.169125,[]
2026-06-10,12:18:25.202492,[]
2026-06-10,12:18:25.235859,[]
2026-06-10,12:18:25.269226,[]
2026-06-10,12:18:25.302593,[]
2026-06-10,12:18:25.335960,[]
2026-06-10,12:18:25.369327,[]
2026-06-10,12:18:25.402694,[]
2026-06-10,12:18:25.436061,[]
2026-06-10,12:18:25.469428,[]
2026-06-10,12:18:25.502795,[]
2026-06-10,12:18:25.536162,[]
2026-06-10,12:18:25.569529,[]
2026-06-10,12:18:25.602896,[]
2026-06-10,12:18:25.636263,[]
2026-06-10,12:18:25.669630,[]
2026-06-10,12:18:25.702997,[]
2026-06-10,12:18:25.736364,[]
2026-06-10,12:18:25.769731,[]
2026-06-10,12:18:25.803098,[]
2026-06-10,12:18:25.836465,[]
2026-06-10,12:18:25.869832,[]
2026-06-10,12:18:25.903199,[]
2026-06-10,12:18:25.936566,[]
2026-06-10,12:18:25.969933,[]
2026-06-10,12:18:26.003300,[]
2026-06-10,12:18:26.036667,[]
2026-06-10,12:18:26.070034,[]
2026-06-10,12:18:26.103401,[]
2026-06-10,12:18:26.136768,[]
2026-06-10,12:18:26.170135,[]
2026-06-10,12:18:26.203502,[]
2026-06-10,12:18:26.236869,[]
2026-06-10,12:18:26.270236,[]
2026-06-10,12:18:26.303603,[]
2026-06-10,12:18:26.336970,[]
2026-06-10,12:18:26.370337,[]
2026-06-10,12:18:26.403704,[]
2026-06-10,12:18:26.437071,[]
2026-06-10,12:18:26.470438,[]
2026-06-10,12:18:26.503805,[]
2026-06-10,12:18:26.537172,[]
2026-06-10,12:18:26.570539,[]
2026-06-10,12:18:26.603906,[]
2026-06-10,12:18:26.637273,[]
2026-06-10,12:18:26.670640,[]
2026-06-10,12:18:26.704007,[]
2026-06-10,12:18:26.737374,[]
2026-06-10,12:18:26.770741,[]
2026-06-10,12:18:26.804108,[]
2026-06-10,12:18:26.837475,[]
2026-06-10,12:18:26.870842,[]
2026-06-10,12:18:26.904209,[]
2026-06-10,12:18:26.937576,[]
2026-06-10,12:18:26.970943,[]
2026-06-10,12:18:27.004310,[]
2026-06-10,12:18:27.037677,[]
2026-06-10,12:18:27.071044,[]
2026-06-10,12:18:27.104411,[]
2026-06-10,12:18:27.137778,[]
2026-06-10,12:18:27.171145,[]
2026-06-10,12:18:27.204512,[]
2026-06-10,12:18:27.237879,[]
2026-06-10,12:18:27.271246,[]
2026-06-10,12:18:27.304613,[]
2026-06-10,12:18:27.337980,[]
2026-06-10,12:18:27.371347,[]
2026-06-10,12:18:27.404714,[]
2026-06-10,12:18:27.438081,[]
2026-06-10,12:18:27.471448,[]
2026-06-10,12:18:27.504815,[]
2026-06-10,12:18:27.538182,[]
2026-06-10,12:18:27.571549,[]
2026-06-10,12:18:27.604916,[]
2026-06-10,12:18:27.638283,[]
2026-06-10,12:18:27.671650,[]
2026-06-10,12:18:27.705017,[]
2026-06-10,12:18:27.738384,[]
2026-06-10,12:18:27.771751,[]
2026-06-10,12:18:27.805118,[]
2026-06-10,12:18:27.838485,[]
2026-06-10,12:18:27.871852,[]
2026-06-10,12:18:27.905219,[]
2026-06-10,12:18:27.938586,[]
2026-06-10,12:18:27.971953,[]
2026-06-10,12:18:28.005320,[]
2026-06-10,12:18:28.038687,[]
2026-06-10,12:18:28.072054,[]
2026-06-10,12:18:28.105421,[]
2026-06-10,12:18:28.138788,[]
2026-06-10,12:18:28.172155,[]
2026-06-10,12:18:28.205522,[]
2026-06-10,12:18:28.238889,[]
2026-06-10,12:18:28.272256,[]
2026-06-10,12:18:28.305623,[]
2026-06-10,12:18:28.338990,[]
2026-06-10,12:18:28.372357,[]
2026-06-10,12:18:28.405724,[]
2026-06-10,12:18:28.439091,[]
2026-06-10,12:18:28.472458,[]
2026-06-10,12:18:28.505825,[]
2026-06-10,12:18:28.539192,[]
2026-06-10,12:18:28.572559,[]
2026-06-10,12:18:28.605926,[]
2026-06-10,12:18:28.639293,[]
2026-06-10,12:18:28.672660,[]
2026-06-10,12:18:28.706027,[]
2026-06-10,12:18:28.739394,[]
2026-06-10,12:18:28.772761,[]
2026-06-10,12:18:28.806128,[]
2026-06-10,12:18:28.839495,[]
2026-06-10,12:18:28.872862,[]
2026-06-10,12:18:28.906229,[]
2026-06-10,12:18:28.939596,[]
2026-06-10,12:18:28.972963,[]
2026-06-10,12:18:29.006330,[]
2026-06-10,12:18:29.039697,[]
2026-06-10,12:18:29.073064,[]
2026-06-10,12:18:29.106431,[]
2026-06-10,12:18:29.139798,[]
2026-06-10,12:18:29.173165,[]
2026-06-10,12:18:29.206532,[]
2026-06-10,12:18:29.239899,[]
2026-06-10,12:18:29.273266,[]
2026-06-10,12:18:29.306633,[]
2026-06-10,12:18:29.340000,[]
2026-06-10,12:18:29.373367,[]
2026-06-10,12:18:29.406734,[]
2026-06-10,12:18:29.440101,[]
2026-06-10,12:18:29.473468,[]
2026-06-10,12:18:29.506835,[]
2026-06-10,12:18:29.540202,[]
2026-06-10,12:18:29.573569,[]
2026-06-10,12:18:29.606936,[]
2026-06-10,12:18:29.640303,[]
2026-06-10,12:18:29.673670,[]
2026-06-10,12:18:29.707037,[]
2026-06-10,12:18:29.740404,[]
2026-06-10,12:18:29.773771,[]
2026-06-10,12:18:29.807138,[]
2026-06-10,12:18:29.840505,[]
2026-06-10,12:18:29.873872,[]
2026-06-10,12:18:29.907239,[]
2026-06-10,12:18:29.940606,[]
2026-06-10,12:18:29.973973,[]
2026-06-10,12:18:30.007340,[]
2026-06-10,12:18:30.040707,[]
2026-06-10,12:18:30.074074,[]
2026-06-10,12:18:30.107441,[]
2026-06-10,12:18:30.140808,[]
2026-06-10,12:18:30.174175,[]
2026-06-10,12:18:30.207542,[]
2026-06-10,12:18:30.240909,[]
2026-06-10,12:18:30.274276,[]
2026-06-10,12:18:30.307643,[]
2026-06-10,12:18:30.341010,[]
2026-06-10,12:18:30.374377,[]
2026-06-10,12:18:30.407744,[]
2026-06-10,12:18:30.441111,[]
2026-06-10,12:18:30.474478,[]
2026-06-10,12:18:30.507845,[]
2026-06-10,12:18:30.541212,[]
2026-06-10,12:18:30.574579,[]
2026-06-10,12:18:30.607946,[]
2026-06-10,12:18:30.641313,[]
2026-06-10,12:18:30.674680,[]
2026-06-10,12:18:30.708047,[]
2026-06-10,12:18:30.741414,[]
2026-06-10,12:18:30.774781,[]
2026-06-10,12:18:30.808148,[]
2026-06-10,12:18:30.841515,[]
2026-06-10,12:18:30.874882,[]
2026-06-10,12:18:30.908249,[]
2026-06-10,12:18:30.941616,[]
2026-06-10,12:18:30.974983,[]
2026-06-10,12:18:31.008350,[]
2026-06-10,12:18:31.041717,[]
2026-06-10,12:18:31.075084,[]
2026-06-10,12:18:31.108451,[]
2026-06-10,12:18:31.141818,[]
2026-06-10,12:18:31.175185,[]
2026-06-10,12:18:31.208552,[]
2026-06-10,12:18:31.241919,[]
2026-06-10,12:18:31.275286,[]
2026-06-10,12:18:31.308653,[]
2026-06-10,12:18:31.342020,[]
2026-06-10,12:18:31.375387,[]
2026-06-10,12:18:31.408754,[]
2026-06-10,12:18:31.442121,[]
2026-06-10,12:18:31.475488,[]
2026-06-10,12:18:31.508855,[]
2026-06-10,12:18:31.542222,[]
2026-06-10,12:18:31.575589,[]
2026-06-10,12:18:31.608956,[]
2026-06-10,12:18:31.642323,[]
2026-06-10,12:18:31.675690,[]
2026-06-10,12:18:31.709057,[]
2026-06-10,12:18:31.742424,[]
2026-06-10,12:18:31.775791,[]
2026-06-10,12:18:31.809158,[]
2026-06-10,12:18:31.842525,[]
2026-06-10,12:18:31.875892,[]
2026-06-10,12:18:31.909259,[]
2026-06-10,12:18:31.942626,[]
2026-06-10,12:18:31.975993,[]
2026-06-10,12:18:32.009360,[]
2026-06-10,12:18:32.042727,[]
2026-06-10,12:18:32.076094,[]
2026-06-10,12:18:32.109461,[]
2026-06-10,12:18:32.142828,[]
2026-06-10,12:18:32.176195,[]
2026-06-10,12:18:32.209562,[]
2026-06-10,12:18:32.242929,[]
2026-06-10,12:18:32.276296,[]
2026-06-10,12:18:32.309663,[]
2026-06-10,12:18:32.343030,[]
2026-06-10,12:18:32.376397,[]
2026-06-10,12:18:32.409764,[]
2026-06-10,12:18:32.443131,[]
2026-06-10,12:18:32.476498,[]
2026-06-10,12:18:32.509865,[]
2026-06-10,12:18:32.543232,[]
2026-06-10,12:18:32.576599,[]
2026-06-10,12:18:32.609966,[]
2026-06-10,12:18:32.643333,[]
2026-06-10,12:18:32.676700,[]
2026-06-10,12:18:32.710067,[]
2026-06-10,12:18:32.743434,[]
2026-06-10,12:18:32.776801,[]
2026-06-10,12:18:32.810168,[]
2026-06-10,12:18:32.843535,[]
2026-06-10,12:18:32.876902,[]
2026-06-10,12:18:32.910269,[]
2026-06-10,12:18:32.943636,[]
2026-06-10,12:18:32.977003,[]
2026-06-10,12:18:33.010370,[]
2026-06-10,12:18:33.043737,[]
2026-06-10,12:18:33.077104,[]
2026-06-10,12:18:33.110471,[]
2026-06-10,12:18:33.143838,[]
2026-06-10,12:18:33.177205,[]
2026-06-10,12:18:33.210572,[]
2026-06-10,12:18:33.243939,[]
2026-06-10,12:18:33.277306,[]
2026-06-10,12:18:33.310673,[]
2026-06-10,12:18:33.344040,[]
2026-06-10,12:18:33.377407,[]
2026-06-10,12:18:33.410774,[]
2026-06-10,12:18:33.444141,[]
2026-06-10,12:18:33.477508,[]
2026-06-10,12:18:33.510875,[]
2026-06-10,12:18:33.544242,[]
2026-06-10,12:18:33.577609,[]
2026-06-10,12:18:33.610976,[]
2026-06-10,12:18:33.644343,[]
2026-06-10,12:18:33.677710,[]
2026-06-10,12:18:33.711077,[]
2026-06-10,12:18:33.744444,[]
2026-06-10,12:18:33.777811,[]
2026-06-10,12:18:33.811178,[]
2026-06-10,12:18:33.844545,[]
2026-06-10,12:18:33.877912,[]
2026-06-10,12:18:33.911279,[]
2026-06-10,12:18:33.944646,[]
2026-06-10,12:18:33.978013,[]
2026-06-10,12:18:34.011380,[]
2026-06-10,12:18:34.044747,[]
2026-06-10,12:18:34.078114,[]
2026-06-10,12:18:34.111481,[]
2026-06-10,12:18:34.144848,[]
2026-06-10,12:18:34.178215,[]
2026-06-10,12:18:34.211582,[]
2026-06-10,12:18:34.244949,[]
2026-06-10,12:18:34.278316,[]
2026-06-10,12:18:34.311683,[]
2026-06-10,12:18:34.345050,[]
2026-06-10,12:18:34.378417,[]
2026-06-10,12:18:34.411784,[]
2026-06-10,12:18:34.445151,[]
2026-06-10,12:18:34.478518,[]
2026-06-10,12:18:34.511885,[]
2026-06-10,12:18:34.545252,[]
2026-06-10,12:18:34.578619,[]
2026-06-10,12:18:34.611986,[]
2026-06-10,12:18:34.645353,[]
2026-06-10,12:18:34.678720,[]
2026-06-10,12:18:34.712087,[]
2026-06-10,12:18:34.745454,[]
2026-06-10,12:18:34.778821,[]
2026-06-10,12:18:34.812188,[]
2026-06-10,12:18:34.845555,[]
2026-06-10,12:18:34.878922,[]
2026-06-10,12:18:34.912289,[]
2026-06-10,12:18:34.945656,[]
2026-06-10,12:18:34.979023,[]
2026-06-10,12:18:35.012390,[]
2026-06-10,12:18:35.045757,[]
2026-06-10,12:18:35.079124,[]
2026-06-10,12:18:35.112491,[]
2026-06-10,12:18:35.145858,[]
2026-06-10,12:18:35.179225,[]
2026-06-10,12:18:35.212592,[]
2026-06-10,12:18:35.245959,[]
2026-06-10,12:18:35.279326,[]
2026-06-10,12:18:35.312693,[]
2026-06-10,12:18:35.346060,[]
2026-06-10,12:18:35.379427,[]
2026-06-10,12:18:35.412794,[]
2026-06-10,12:18:35.446161,['EL62484']
2026-06-10,12:18:35.479528,['EL62484']
2026-06-10,12:18:35.512895,['EL62484']
2026-06-10,12:18:35.546262,['EL62484']
2026-06-10,12:18:35.579629,[]
2026-06-10,12:18:35.612996,[]
2026-06-10,12:18:35.646363,[]
2026-06-10,12:18:35.679730,[]
2026-06-10,12:18:35.713097,[]
2026-06-10,12:18:35.746464,[]
2026-06-10,12:18:35.779831,[]
2026-06-10,12:18:35.813198,[]
2026-06-10,12:18:35.846565,[]
2026-06-10,12:18:35.879932,[]
2026-06-10,12:18:35.913299,[]
2026-06-10,12:18:35.946666,[]
2026-06-10,12:18:35.980033,[]
2026-06-10,12:18:36.013400,[]
2026-06-10,12:18:36.046767,[]
2026-06-10,12:18:36.080134,[]
2026-06-10,12:18:36.113501,[]
2026-06-10,12:18:36.146868,[]
2026-06-10,12:18:36.180235,[]
2026-06-10,12:18:36.213602,[]
2026-06-10,12:18:36.246969,[]
2026-06-10,12:18:36.280336,[]
2026-06-10,12:18:36.313703,[]
2026-06-10,12:18:36.347070,[]
2026-06-10,12:18:36.380437,[]
2026-06-10,12:18:36.413804,[]
2026-06-10,12:18:36.447171,[]
2026-06-10,12:18:36.480538,[]
2026-06-10,12:18:36.513905,[]
2026-06-10,12:18:36.547272,[]
2026-06-10,12:18:36.580639,[]
2026-06-10,12:18:36.614006,[]
2026-06-10,12:18:36.647373,[]
2026-06-10,12:18:36.680740,[]
2026-06-10,12:18:36.714107,[]
2026-06-10,12:18:36.747474,[]
2026-06-10,12:18:36.780841,[]
2026-06-10,12:18:36.814208,[]
2026-06-10,12:18:36.847575,[]
2026-06-10,12:18:36.880942,[]
2026-06-10,12:18:36.914309,[]
2026-06-10,12:18:36.947676,[]
2026-06-10,12:18:36.981043,[]
2026-06-10,12:18:37.014410,[]
2026-06-10,12:18:37.047777,[]
2026-06-10,12:18:37.081144,[]
2026-06-10,12:18:37.114511,[]
2026-06-10,12:18:37.147878,[]
2026-06-10,12:18:37.181245,[]
2026-06-10,12:18:37.214612,[]
2026-06-10,12:18:37.247979,[]
2026-06-10,12:18:37.281346,[]
2026-06-10,12:18:37.314713,[]
2026-06-10,12:18:37.348080,[]
2026-06-10,12:18:37.381447,[]
2026-06-10,12:18:37.414814,[]
2026-06-10,12:18:37.448181,[]
2026-06-10,12:18:37.481548,[]
2026-06-10,12:18:37.514915,[]
2026-06-10,12:18:37.548282,[]
2026-06-10,12:18:37.581649,[]
2026-06-10,12:18:37.615016,[]
2026-06-10,12:18:37.648383,[]
2026-06-10,12:18:37.681750,[]
2026-06-10,12:18:37.715117,[]
2026-06-10,12:18:37.748484,[]
2026-06-10,12:18:37.781851,[]
2026-06-10,12:18:37.815218,[]
2026-06-10,12:18:37.848585,[]
2026-06-10,12:18:37.881952,[]
2026-06-10,12:18:37.915319,[]
2026-06-10,12:18:37.948686,[]
2026-06-10,12:18:37.982053,[]
2026-06-10,12:18:38.015420,[]
2026-06-10,12:18:38.048787,[]
2026-06-10,12:18:38.082154,[]
2026-06-10,12:18:38.115521,[]
2026-06-10,12:18:38.148888,[]
2026-06-10,12:18:38.182255,[]
2026-06-10,12:18:38.215622,[]
2026-06-10,12:18:38.248989,[]
2026-06-10,12:18:38.282356,[]
2026-06-10,12:18:38.315723,[]
2026-06-10,12:18:38.349090,[]
2026-06-10,12:18:38.382457,[]
2026-06-10,12:18:38.415824,[]
2026-06-10,12:18:38.449191,[]
2026-06-10,12:18:38.482558,[]
2026-06-10,12:18:38.515925,[]
2026-06-10,12:18:38.549292,[]
2026-06-10,12:18:38.582659,[]
2026-06-10,12:18:38.616026,[]
2026-06-10,12:18:38.649393,[]
2026-06-10,12:18:38.682760,[]
2026-06-10,12:18:38.716127,[]
2026-06-10,12:18:38.749494,[]
2026-06-10,12:18:38.782861,[]
2026-06-10,12:18:38.816228,[]
2026-06-10,12:18:38.849595,[]
2026-06-10,12:18:38.882962,[]
2026-06-10,12:18:38.916329,[]
2026-06-10,12:18:38.949696,[]
2026-06-10,12:18:38.983063,[]
2026-06-10,12:18:39.016430,[]
2026-06-10,12:18:39.049797,[]
2026-06-10,12:18:39.083164,[]
2026-06-10,12:18:39.116531,[]
2026-06-10,12:18:39.149898,[]
2026-06-10,12:18:39.183265,[]
2026-06-10,12:18:39.216632,[]
2026-06-10,12:18:39.249999,[]
2026-06-10,12:18:39.283366,[]
2026-06-10,12:18:39.316733,['EF63826']
2026-06-10,12:18:39.350100,['EF63826']
2026-06-10,12:18:39.383467,['EF63826']
2026-06-10,12:18:39.416834,[]
2026-06-10,12:18:39.450201,[]
2026-06-10,12:18:39.483568,[]
2026-06-10,12:18:39.516935,[]
2026-06-10,12:18:39.550302,[]
2026-06-10,12:18:39.583669,[]
2026-06-10,12:18:39.617036,[]
2026-06-10,12:18:39.650403,[]
2026-06-10,12:18:39.683770,[]
2026-06-10,12:18:39.717137,[]
2026-06-10,12:18:39.750504,[]
2026-06-10,12:18:39.783871,[]
2026-06-10,12:18:39.817238,[]
2026-06-10,12:18:39.850605,[]
2026-06-10,12:18:39.883972,[]
2026-06-10,12:18:39.917339,[]
2026-06-10,12:18:39.950706,[]
2026-06-10,12:18:39.984073,[]
2026-06-10,12:18:40.017440,[]
2026-06-10,12:18:40.050807,[]
2026-06-10,12:18:40.084174,[]
2026-06-10,12:18:40.117541,[]
2026-06-10,12:18:40.150908,[]
2026-06-10,12:18:40.184275,[]
2026-06-10,12:18:40.217642,[]
2026-06-10,12:18:40.251009,[]
2026-06-10,12:18:40.284376,[]
2026-06-10,12:18:40.317743,[]
2026-06-10,12:18:40.351110,[]
2026-06-10,12:18:40.384477,[]
2026-06-10,12:18:40.417844,[]
2026-06-10,12:18:40.451211,[]
2026-06-10,12:18:40.484578,[]
2026-06-10,12:18:40.517945,[]
2026-06-10,12:18:40.551312,[]
2026-06-10,12:18:40.584679,[]
2026-06-10,12:18:40.618046,[]
2026-06-10,12:18:40.651413,[]
2026-06-10,12:18:40.684780,['CT72061']
2026-06-10,12:18:40.718147,['CT72061']
2026-06-10,12:18:40.751514,['CT72061']
2026-06-10,12:18:40.784881,['CT72061']
2026-06-10,12:18:40.818248,[]
2026-06-10,12:18:40.851615,[]
2026-06-10,12:18:40.884982,[]
2026-06-10,12:18:40.918349,[]
2026-06-10,12:18:40.951716,[]
2026-06-10,12:18:40.985083,[]
2026-06-10,12:18:41.018450,[]
2026-06-10,12:18:41.051817,[]
2026-06-10,12:18:41.085184,[]
2026-06-10,12:18:41.118551,[]
2026-06-10,12:18:41.151918,[]
2026-06-10,12:18:41.185285,[]
2026-06-10,12:18:41.218652,[]
2026-06-10,12:18:41.252019,[]
2026-06-10,12:18:41.285386,[]
2026-06-10,12:18:41.318753,[]
2026-06-10,12:18:41.352120,[]
2026-06-10,12:18:41.385487,[]
2026-06-10,12:18:41.418854,[]
2026-06-10,12:18:41.452221,[]
2026-06-10,12:18:41.485588,[]
2026-06-10,12:18:41.518955,[]
2026-06-10,12:18:41.552322,[]
2026-06-10,12:18:41.585689,[]
2026-06-10,12:18:41.619056,[]
2026-06-10,12:18:41.652423,[]
2026-06-10,12:18:41.685790,[]
2026-06-10,12:18:41.719157,[]
2026-06-10,12:18:41.752524,[]
2026-06-10,12:18:41.785891,[]
2026-06-10,12:18:41.819258,[]
2026-06-10,12:18:41.852625,[]
2026-06-10,12:18:41.885992,[]
2026-06-10,12:18:41.919359,[]
2026-06-10,12:18:41.952726,[]
2026-06-10,12:18:41.986093,[]
2026-06-10,12:18:42.019460,[]
2026-06-10,12:18:42.052827,[]
2026-06-10,12:18:42.086194,[]
2026-06-10,12:18:42.119561,[]
2026-06-10,12:18:42.152928,[]
2026-06-10,12:18:42.186295,[]
2026-06-10,12:18:42.219662,[]
2026-06-10,12:18:42.253029,[]
2026-06-10,12:18:42.286396,[]
2026-06-10,12:18:42.319763,[]
2026-06-10,12:18:42.353130,[]
2026-06-10,12:18:42.386497,[]
2026-06-10,12:18:42.419864,[]
2026-06-10,12:18:42.453231,[]
2026-06-10,12:18:42.486598,[]
2026-06-10,12:18:42.519965,[]
2026-06-10,12:18:42.553332,[]
2026-06-10,12:18:42.586699,[]
2026-06-10,12:18:42.620066,[]
2026-06-10,12:18:42.653433,[]
2026-06-10,12:18:42.686800,[]
2026-06-10,12:18:42.720167,[]
2026-06-10,12:18:42.753534,[]
2026-06-10,12:18:42.786901,[]
2026-06-10,12:18:42.820268,[]
2026-06-10,12:18:42.853635,[]
2026-06-10,12:18:42.887002,[]
2026-06-10,12:18:42.920369,[]
2026-06-10,12:18:42.953736,[]
2026-06-10,12:18:42.987103,[]
2026-06-10,12:18:43.020470,[]
2026-06-10,12:18:43.053837,[]
2026-06-10,12:18:43.087204,[]
2026-06-10,12:18:43.120571,[]
2026-06-10,12:18:43.153938,[]
2026-06-10,12:18:43.187305,[]
2026-06-10,12:18:43.220672,[]
2026-06-10,12:18:43.254039,[]
2026-06-10,12:18:43.287406,[]
2026-06-10,12:18:43.320773,[]
2026-06-10,12:18:43.354140,[]
2026-06-10,12:18:43.387507,[]
2026-06-10,12:18:43.420874,[]
2026-06-10,12:18:43.454241,[]
2026-06-10,12:18:43.487608,[]
2026-06-10,12:18:43.520975,[]
2026-06-10,12:18:43.554342,[]
2026-06-10,12:18:43.587709,[]
2026-06-10,12:18:43.621076,[]
2026-06-10,12:18:43.654443,[]
2026-06-10,12:18:43.687810,[]
2026-06-10,12:18:43.721177,[]
2026-06-10,12:18:43.754544,[]
2026-06-10,12:18:43.787911,[]
2026-06-10,12:18:43.821278,[]
2026-06-10,12:18:43.854645,[]
2026-06-10,12:18:43.888012,[]
2026-06-10,12:18:43.921379,[]
2026-06-10,12:18:43.954746,[]
2026-06-10,12:18:43.988113,[]
2026-06-10,12:18:44.021480,[]
2026-06-10,12:18:44.054847,[]
2026-06-10,12:18:44.088214,[]
2026-06-10,12:18:44.121581,[]
2026-06-10,12:18:44.154948,[]
2026-06-10,12:18:44.188315,[]
2026-06-10,12:18:44.221682,[]
2026-06-10,12:18:44.255049,[]
2026-06-10,12:18:44.288416,[]
2026-06-10,12:18:44.321783,[]
2026-06-10,12:18:44.355150,[]
2026-06-10,12:18:44.388517,[]
2026-06-10,12:18:44.421884,['EP20196']
2026-06-10,12:18:44.455251,[]
2026-06-10,12:18:44.488618,[]
2026-06-10,12:18:44.521985,[]
2026-06-10,12:18:44.555352,[]
2026-06-10,12:18:44.588719,[]
2026-06-10,12:18:44.622086,[]
2026-06-10,12:18:44.655453,[]
2026-06-10,12:18:44.688820,[]
2026-06-10,12:18:44.722187,[]
2026-06-10,12:18:44.755554,[]
2026-06-10,12:18:44.788921,[]
2026-06-10,12:18:44.822288,[]
2026-06-10,12:18:44.855655,[]
2026-06-10,12:18:44.889022,[]
2026-06-10,12:18:44.922389,[]
2026-06-10,12:18:44.955756,[]
2026-06-10,12:18:44.989123,[]
2026-06-10,12:18:45.022490,[]
2026-06-10,12:18:45.055857,[]
2026-06-10,12:18:45.089224,[]
2026-06-10,12:18:45.122591,[]
2026-06-10,12:18:45.155958,[]
2026-06-10,12:18:45.189325,[]
2026-06-10,12:18:45.222692,[]
2026-06-10,12:18:45.256059,[]
2026-06-10,12:18:45.289426,[]
2026-06-10,12:18:45.322793,[]
2026-06-10,12:18:45.356160,[]
2026-06-10,12:18:45.389527,[]
2026-06-10,12:18:45.422894,[]
2026-06-10,12:18:45.456261,[]
2026-06-10,12:18:45.489628,[]
2026-06-10,12:18:45.522995,[]
2026-06-10,12:18:45.556362,[]
2026-06-10,12:18:45.589729,[]
2026-06-10,12:18:45.623096,[]
2026-06-10,12:18:45.656463,[]
2026-06-10,12:18:45.689830,[]
2026-06-10,12:18:45.723197,[]
2026-06-10,12:18:45.756564,[]
2026-06-10,12:18:45.789931,[]
2026-06-10,12:18:45.823298,[]
2026-06-10,12:18:45.856665,[]
2026-06-10,12:18:45.890032,[]
2026-06-10,12:18:45.923399,[]
2026-06-10,12:18:45.956766,[]
2026-06-10,12:18:45.990133,[]
2026-06-10,12:18:46.023500,[]
2026-06-10,12:18:46.056867,[]
2026-06-10,12:18:46.090234,[]
2026-06-10,12:18:46.123601,[]
2026-06-10,12:18:46.156968,[]
2026-06-10,12:18:46.190335,[]
2026-06-10,12:18:46.223702,[]
2026-06-10,12:18:46.257069,[]
2026-06-10,12:18:46.290436,[]
2026-06-10,12:18:46.323803,[]
2026-06-10,12:18:46.357170,[]
2026-06-10,12:18:46.390537,[]
2026-06-10,12:18:46.423904,[]
2026-06-10,12:18:46.457271,[]
2026-06-10,12:18:46.490638,[]
2026-06-10,12:18:46.524005,[]
2026-06-10,12:18:46.557372,[]
2026-06-10,12:18:46.590739,[]
2026-06-10,12:18:46.624106,[]
2026-06-10,12:18:46.657473,[]
2026-06-10,12:18:46.690840,[]
2026-06-10,12:18:46.724207,[]
2026-06-10,12:18:46.757574,[]
2026-06-10,12:18:46.790941,[]
2026-06-10,12:18:46.824308,[]
2026-06-10,12:18:46.857675,[]
2026-06-10,12:18:46.891042,[]
2026-06-10,12:18:46.924409,[]
2026-06-10,12:18:46.957776,[]
2026-06-10,12:18:46.991143,[]
2026-06-10,12:18:47.024510,[]
2026-06-10,12:18:47.057877,[]
2026-06-10,12:18:47.091244,[]
2026-06-10,12:18:47.124611,[]
2026-06-10,12:18:47.157978,[]
2026-06-10,12:18:47.191345,[]
2026-06-10,12:18:47.224712,[]
2026-06-10,12:18:47.258079,[]
2026-06-10,12:18:47.291446,[]
2026-06-10,12:18:47.324813,[]
2026-06-10,12:18:47.358180,[]
2026-06-10,12:18:47.391547,[]
2026-06-10,12:18:47.424914,[]
2026-06-10,12:18:47.458281,[]
2026-06-10,12:18:47.491648,[]
2026-06-10,12:18:47.525015,[]
2026-06-10,12:18:47.558382,[]
2026-06-10,12:18:47.591749,[]
2026-06-10,12:18:47.625116,[]
2026-06-10,12:18:47.658483,[]
2026-06-10,12:18:47.691850,[]
2026-06-10,12:18:47.725217,[]
2026-06-10,12:18:47.758584,[]
2026-06-10,12:18:47.791951,[]
2026-06-10,12:18:47.825318,[]
2026-06-10,12:18:47.858685,[]
2026-06-10,12:18:47.892052,[]
2026-06-10,12:18:47.925419,[]
2026-06-10,12:18:47.958786,[]
2026-06-10,12:18:47.992153,[]
2026-06-10,12:18:48.025520,[]
2026-06-10,12:18:48.058887,[]
2026-06-10,12:18:48.092254,[]
2026-06-10,12:18:48.125621,[]
2026-06-10,12:18:48.158988,[]
2026-06-10,12:18:48.192355,[]
2026-06-10,12:18:48.225722,[]
2026-06-10,12:18:48.259089,[]
2026-06-10,12:18:48.292456,[]
2026-06-10,12:18:48.325823,[]
2026-06-10,12:18:48.359190,[]
2026-06-10,12:18:48.392557,[]
2026-06-10,12:18:48.425924,[]
2026-06-10,12:18:48.459291,[]
2026-06-10,12:18:48.492658,[]
2026-06-10,12:18:48.526025,[]
2026-06-10,12:18:48.559392,[]
2026-06-10,12:18:48.592759,[]
2026-06-10,12:18:48.626126,[]
2026-06-10,12:18:48.659493,[]
2026-06-10,12:18:48.692860,[]
2026-06-10,12:18:48.726227,[]
2026-06-10,12:18:48.759594,[]
2026-06-10,12:18:48.792961,[]
2026-06-10,12:18:48.826328,[]
2026-06-10,12:18:48.859695,[]
2026-06-10,12:18:48.893062,[]
2026-06-10,12:18:48.926429,[]
2026-06-10,12:18:48.959796,[]
2026-06-10,12:18:48.993163,[]
2026-06-10,12:18:49.026530,[]
2026-06-10,12:18:49.059897,[]
2026-06-10,12:18:49.093264,[]
2026-06-10,12:18:49.126631,[]
2026-06-10,12:18:49.159998,[]
2026-06-10,12:18:49.193365,[]
2026-06-10,12:18:49.226732,[]
2026-06-10,12:18:49.260099,[]
2026-06-10,12:18:49.293466,[]
2026-06-10,12:18:49.326833,[]
2026-06-10,12:18:49.360200,[]
2026-06-10,12:18:49.393567,[]
2026-06-10,12:18:49.426934,[]
2026-06-10,12:18:49.460301,[]
2026-06-10,12:18:49.493668,[]
2026-06-10,12:18:49.527035,[]
2026-06-10,12:18:49.560402,[]
2026-06-10,12:18:49.593769,[]
2026-06-10,12:18:49.627136,[]
2026-06-10,12:18:49.660503,[]
2026-06-10,12:18:49.693870,[]
2026-06-10,12:18:49.727237,[]
2026-06-10,12:18:49.760604,[]
2026-06-10,12:18:49.793971,[]
2026-06-10,12:18:49.827338,[]
2026-06-10,12:18:49.860705,[]
2026-06-10,12:18:49.894072,[]
2026-06-10,12:18:49.927439,[]
2026-06-10,12:18:49.960806,[]
2026-06-10,12:18:49.994173,[]
2026-06-10,12:18:50.027540,[]
2026-06-10,12:18:50.060907,[]
2026-06-10,12:18:50.094274,[]
2026-06-10,12:18:50.127641,[]
2026-06-10,12:18:50.161008,[]
2026-06-10,12:18:50.194375,[]
2026-06-10,12:18:50.227742,[]
2026-06-10,12:18:50.261109,[]
2026-06-10,12:18:50.294476,[]
2026-06-10,12:18:50.327843,[]
2026-06-10,12:18:50.361210,[]
2026-06-10,12:18:50.394577,[]
2026-06-10,12:18:50.427944,[]
2026-06-10,12:18:50.461311,[]
2026-06-10,12:18:50.494678,[]
2026-06-10,12:18:50.528045,[]
2026-06-10,12:18:50.561412,[]
2026-06-10,12:18:50.594779,[]
2026-06-10,12:18:50.628146,[]
2026-06-10,12:18:50.661513,[]
2026-06-10,12:18:50.694880,[]
2026-06-10,12:18:50.728247,[]
2026-06-10,12:18:50.761614,[]
2026-06-10,12:18:50.794981,[]
2026-06-10,12:18:50.828348,[]
2026-06-10,12:18:50.861715,[]
2026-06-10,12:18:50.895082,[]
2026-06-10,12:18:50.928449,[]
2026-06-10,12:18:50.961816,[]
2026-06-10,12:18:50.995183,[]
2026-06-10,12:18:51.028550,[]
2026-06-10,12:18:51.061917,[]
2026-06-10,12:18:51.095284,[]
2026-06-10,12:18:51.128651,[]
2026-06-10,12:18:51.162018,[]
2026-06-10,12:18:51.195385,[]
2026-06-10,12:18:51.228752,[]
2026-06-10,12:18:51.262119,[]
2026-06-10,12:18:51.295486,[]
2026-06-10,12:18:51.328853,[]
2026-06-10,12:18:51.362220,[]
2026-06-10,12:18:51.395587,[]
2026-06-10,12:18:51.428954,[]
2026-06-10,12:18:51.462321,[]
2026-06-10,12:18:51.495688,[]
2026-06-10,12:18:51.529055,[]
2026-06-10,12:18:51.562422,[]
2026-06-10,12:18:51.595789,[]
2026-06-10,12:18:51.629156,[]
2026-06-10,12:18:51.662523,[]
2026-06-10,12:18:51.695890,[]
2026-06-10,12:18:51.729257,[]
2026-06-10,12:18:51.762624,[]
2026-06-10,12:18:51.795991,[]
2026-06-10,12:18:51.829358,[]
2026-06-10,12:18:51.862725,[]
2026-06-10,12:18:51.896092,[]
2026-06-10,12:18:51.929459,[]
2026-06-10,12:18:51.962826,[]
2026-06-10,12:18:51.996193,[]
2026-06-10,12:18:52.029560,[]
2026-06-10,12:18:52.062927,[]
2026-06-10,12:18:52.096294,[]
2026-06-10,12:18:52.129661,[]
2026-06-10,12:18:52.163028,[]
2026-06-10,12:18:52.196395,[]
2026-06-10,12:18:52.229762,[]
2026-06-10,12:18:52.263129,[]
2026-06-10,12:18:52.296496,[]
2026-06-10,12:18:52.329863,[]
2026-06-10,12:18:52.363230,[]
2026-06-10,12:18:52.396597,[]
2026-06-10,12:18:52.429964,[]
2026-06-10,12:18:52.463331,[]
2026-06-10,12:18:52.496698,['DA85622']
2026-06-10,12:18:52.530065,[]
2026-06-10,12:18:52.563432,[]
2026-06-10,12:18:52.596799,[]
2026-06-10,12:18:52.630166,[]
2026-06-10,12:18:52.663533,[]
2026-06-10,12:18:52.696900,[]
2026-06-10,12:18:52.730267,[]
2026-06-10,12:18:52.763634,[]
2026-06-10,12:18:52.797001,[]
2026-06-10,12:18:52.830368,[]
2026-06-10,12:18:52.863735,[]
2026-06-10,12:18:52.897102,[]
2026-06-10,12:18:52.930469,[]
2026-06-10,12:18:52.963836,[]
2026-06-10,12:18:52.997203,[]
2026-06-10,12:18:53.030570,[]
2026-06-10,12:18:53.063937,[]
2026-06-10,12:18:53.097304,[]
2026-06-10,12:18:53.130671,[]
2026-06-10,12:18:53.164038,[]
2026-06-10,12:18:53.197405,[]
2026-06-10,12:18:53.230772,[]
2026-06-10,12:18:53.264139,[]
2026-06-10,12:18:53.297506,[]
2026-06-10,12:18:53.330873,[]
2026-06-10,12:18:53.364240,[]
2026-06-10,12:18:53.397607,[]
2026-06-10,12:18:53.430974,[]
2026-06-10,12:18:53.464341,[]
2026-06-10,12:18:53.497708,[]
2026-06-10,12:18:53.531075,[]
2026-06-10,12:18:53.564442,[]
2026-06-10,12:18:53.597809,[]
2026-06-10,12:18:53.631176,[]
2026-06-10,12:18:53.664543,[]
2026-06-10,12:18:53.697910,[]
2026-06-10,12:18:53.731277,[]
2026-06-10,12:18:53.764644,[]
2026-06-10,12:18:53.798011,[]
2026-06-10,12:18:53.831378,[]
2026-06-10,12:18:53.864745,[]
2026-06-10,12:18:53.898112,[]
2026-06-10,12:18:53.931479,[]
2026-06-10,12:18:53.964846,[]
2026-06-10,12:18:53.998213,[]
2026-06-10,12:18:54.031580,[]
2026-06-10,12:18:54.064947,[]
2026-06-10,12:18:54.098314,[]
2026-06-10,12:18:54.131681,[]
2026-06-10,12:18:54.165048,[]
2026-06-10,12:18:54.198415,[]
2026-06-10,12:18:54.231782,[]
2026-06-10,12:18:54.265149,[]
2026-06-10,12:18:54.298516,[]
2026-06-10,12:18:54.331883,[]
2026-06-10,12:18:54.365250,[]
2026-06-10,12:18:54.398617,[]
2026-06-10,12:18:54.431984,[]
2026-06-10,12:18:54.465351,[]
2026-06-10,12:18:54.498718,['CR14282']
2026-06-10,12:18:54.532085,['CR14282']
2026-06-10,12:18:54.565452,['CR14282']
2026-06-10,12:18:54.598819,['CR14282']
2026-06-10,12:18:54.632186,[]
2026-06-10,12:18:54.665553,[]
2026-06-10,12:18:54.698920,[]
2026-06-10,12:18:54.732287,[]
2026-06-10,12:18:54.765654,[]
2026-06-10,12:18:54.799021,[]
2026-06-10,12:18:54.832388,[]
2026-06-10,12:18:54.865755,[]
2026-06-10,12:18:54.899122,[]
2026-06-10,12:18:54.932489,[]
2026-06-10,12:18:54.965856,[]
2026-06-10,12:18:54.999223,[]
2026-06-10,12:18:55.032590,[]
2026-06-10,12:18:55.065957,[]
2026-06-10,12:18:55.099324,[]
2026-06-10,12:18:55.132691,[]
2026-06-10,12:18:55.166058,[]
2026-06-10,12:18:55.199425,[]
2026-06-10,12:18:55.232792,[]
2026-06-10,12:18:55.266159,[]
2026-06-10,12:18:55.299526,[]
2026-06-10,12:18:55.332893,[]
2026-06-10,12:18:55.366260,[]
2026-06-10,12:18:55.399627,[]
2026-06-10,12:18:55.432994,[]
2026-06-10,12:18:55.466361,[]
2026-06-10,12:18:55.499728,[]
2026-06-10,12:18:55.533095,[]
2026-06-10,12:18:55.566462,[]
2026-06-10,12:18:55.599829,[]
2026-06-10,12:18:55.633196,[]
2026-06-10,12:18:55.666563,[]
2026-06-10,12:18:55.699930,[]
2026-06-10,12:18:55.733297,[]
2026-06-10,12:18:55.766664,[]
2026-06-10,12:18:55.800031,[]
2026-06-10,12:18:55.833398,[]
2026-06-10,12:18:55.866765,[]
2026-06-10,12:18:55.900132,[]
2026-06-10,12:18:55.933499,[]
2026-06-10,12:18:55.966866,[]
2026-06-10,12:18:56.000233,[]
2026-06-10,12:18:56.033600,[]
2026-06-10,12:18:56.066967,[]
2026-06-10,12:18:56.100334,[]
2026-06-10,12:18:56.133701,[]
2026-06-10,12:18:56.167068,[]
2026-06-10,12:18:56.200435,[]
2026-06-10,12:18:56.233802,[]
2026-06-10,12:18:56.267169,[]
2026-06-10,12:18:56.300536,[]
2026-06-10,12:18:56.333903,['CV95879']
2026-06-10,12:18:56.367270,['CV95879']
2026-06-10,12:18:56.400637,['CV95879']
2026-06-10,12:18:56.434004,['CV95879']
2026-06-10,12:18:56.467371,[]
2026-06-10,12:18:56.500738,[]
2026-06-10,12:18:56.534105,[]
2026-06-10,12:18:56.567472,[]
2026-06-10,12:18:56.600839,[]
2026-06-10,12:18:56.634206,[]
2026-06-10,12:18:56.667573,[]
2026-06-10,12:18:56.700940,[]
2026-06-10,12:18:56.734307,[]
2026-06-10,12:18:56.767674,[]
2026-06-10,12:18:56.801041,[]
2026-06-10,12:18:56.834408,[]
2026-06-10,12:18:56.867775,[]
2026-06-10,12:18:56.901142,[]
2026-06-10,12:18:56.934509,[]
2026-06-10,12:18:56.967876,[]
2026-06-10,12:18:57.001243,[]
2026-06-10,12:18:57.034610,[]
2026-06-10,12:18:57.067977,[]
2026-06-10,12:18:57.101344,[]
2026-06-10,12:18:57.134711,[]
2026-06-10,12:18:57.168078,[]
2026-06-10,12:18:57.201445,[]
2026-06-10,12:18:57.234812,[]
2026-06-10,12:18:57.268179,[]
2026-06-10,12:18:57.301546,[]
2026-06-10,12:18:57.334913,[]
2026-06-10,12:18:57.368280,[]
2026-06-10,12:18:57.401647,[]
2026-06-10,12:18:57.435014,[]
2026-06-10,12:18:57.468381,[]
2026-06-10,12:18:57.501748,[]
2026-06-10,12:18:57.535115,[]
2026-06-10,12:18:57.568482,[]
2026-06-10,12:18:57.601849,[]
2026-06-10,12:18:57.635216,[]
2026-06-10,12:18:57.668583,[]
2026-06-10,12:18:57.701950,[]
2026-06-10,12:18:57.735317,[]
2026-06-10,12:18:57.768684,[]
2026-06-10,12:18:57.802051,[]
2026-06-10,12:18:57.835418,[]
2026-06-10,12:18:57.868785,[]
2026-06-10,12:18:57.902152,[]
2026-06-10,12:18:57.935519,[]
2026-06-10,12:18:57.968886,[]
2026-06-10,12:18:58.002253,[]
2026-06-10,12:18:58.035620,[]
2026-06-10,12:18:58.068987,[]
2026-06-10,12:18:58.102354,[]
2026-06-10,12:18:58.135721,[]
2026-06-10,12:18:58.169088,[]
2026-06-10,12:18:58.202455,[]
2026-06-10,12:18:58.235822,[]
2026-06-10,12:18:58.269189,[]
2026-06-10,12:18:58.302556,[]
2026-06-10,12:18:58.335923,[]
2026-06-10,12:18:58.369290,[]
2026-06-10,12:18:58.402657,[]
2026-06-10,12:18:58.436024,[]
2026-06-10,12:18:58.469391,[]
2026-06-10,12:18:58.502758,[]
2026-06-10,12:18:58.536125,[]
2026-06-10,12:18:58.569492,[]
2026-06-10,12:18:58.602859,[]
2026-06-10,12:18:58.636226,[]
2026-06-10,12:18:58.669593,[]
2026-06-10,12:18:58.702960,[]
2026-06-10,12:18:58.736327,[]
2026-06-10,12:18:58.769694,[]
2026-06-10,12:18:58.803061,[]
2026-06-10,12:18:58.836428,[]
2026-06-10,12:18:58.869795,[]
2026-06-10,12:18:58.903162,[]
2026-06-10,12:18:58.936529,[]
2026-06-10,12:18:58.969896,[]
2026-06-10,12:18:59.003263,[]
2026-06-10,12:18:59.036630,[]
2026-06-10,12:18:59.069997,[]
2026-06-10,12:18:59.103364,[]
2026-06-10,12:18:59.136731,[]
2026-06-10,12:18:59.170098,[]
2026-06-10,12:18:59.203465,[]
2026-06-10,12:18:59.236832,[]
2026-06-10,12:18:59.270199,[]
2026-06-10,12:18:59.303566,[]
2026-06-10,12:18:59.336933,[]
2026-06-10,12:18:59.370300,[]
2026-06-10,12:18:59.403667,[]
2026-06-10,12:18:59.437034,[]
2026-06-10,12:18:59.470401,[]
2026-06-10,12:18:59.503768,[]
2026-06-10,12:18:59.537135,[]
2026-06-10,12:18:59.570502,[]
2026-06-10,12:18:59.603869,[]
2026-06-10,12:18:59.637236,[]
2026-06-10,12:18:59.670603,[]
2026-06-10,12:18:59.703970,[]
2026-06-10,12:18:59.737337,[]
2026-06-10,12:18:59.770704,[]
2026-06-10,12:18:59.804071,[]
2026-06-10,12:18:59.837438,[]
2026-06-10,12:18:59.870805,[]
2026-06-10,12:18:59.904172,[]
2026-06-10,12:18:59.937539,[]
2026-06-10,12:18:59.970906,[]
2026-06-10,12:19:00.004273,[]
2026-06-10,12:19:00.037640,[]
2026-06-10,12:19:00.071007,[]
2026-06-10,12:19:00.104374,['DY86162']
2026-06-10,12:19:00.137741,['DY86162']
2026-06-10,12:19:00.171108,['DY86162']
2026-06-10,12:19:00.204475,['DY86162']
2026-06-10,12:19:00.237842,[]
2026-06-10,12:19:00.271209,[]
2026-06-10,12:19:00.304576,[]
2026-06-10,12:19:00.337943,[]
2026-06-10,12:19:00.371310,[]
2026-06-10,12:19:00.404677,[]
2026-06-10,12:19:00.438044,[]
2026-06-10,12:19:00.471411,[]
2026-06-10,12:19:00.504778,[]
2026-06-10,12:19:00.538145,[]
2026-06-10,12:19:00.571512,[]
2026-06-10,12:19:00.604879,[]
2026-06-10,12:19:00.638246,[]
2026-06-10,12:19:00.671613,[]
2026-06-10,12:19:00.704980,[]
2026-06-10,12:19:00.738347,[]
2026-06-10,12:19:00.771714,[]
2026-06-10,12:19:00.805081,[]
2026-06-10,12:19:00.838448,[]
2026-06-10,12:19:00.871815,[]
2026-06-10,12:19:00.905182,[]
2026-06-10,12:19:00.938549,[]
2026-06-10,12:19:00.971916,[]
2026-06-10,12:19:01.005283,[]
2026-06-10,12:19:01.038650,[]
2026-06-10,12:19:01.072017,[]
2026-06-10,12:19:01.105384,[]
2026-06-10,12:19:01.138751,[]
2026-06-10,12:19:01.172118,[]
2026-06-10,12:19:01.205485,[]
2026-06-10,12:19:01.238852,[]
2026-06-10,12:19:01.272219,[]
2026-06-10,12:19:01.305586,[]
2026-06-10,12:19:01.338953,[]
2026-06-10,12:19:01.372320,[]
2026-06-10,12:19:01.405687,[]
2026-06-10,12:19:01.439054,[]
2026-06-10,12:19:01.472421,[]
2026-06-10,12:19:01.505788,[]
2026-06-10,12:19:01.539155,[]
2026-06-10,12:19:01.572522,[]
2026-06-10,12:19:01.605889,[]
2026-06-10,12:19:01.639256,[]
2026-06-10,12:19:01.672623,[]
2026-06-10,12:19:01.705990,[]
2026-06-10,12:19:01.739357,[]
2026-06-10,12:19:01.772724,[]
2026-06-10,12:19:01.806091,[]
2026-06-10,12:19:01.839458,[]
2026-06-10,12:19:01.872825,[]
2026-06-10,12:19:01.906192,[]
2026-06-10,12:19:01.939559,[]
2026-06-10,12:19:01.972926,[]
2026-06-10,12:19:02.006293,[]
2026-06-10,12:19:02.039660,[]
2026-06-10,12:19:02.073027,[]
2026-06-10,12:19:02.106394,[]
2026-06-10,12:19:02.139761,[]
2026-06-10,12:19:02.173128,[]
2026-06-10,12:19:02.206495,[]
2026-06-10,12:19:02.239862,[]
2026-06-10,12:19:02.273229,[]
2026-06-10,12:19:02.306596,[]
2026-06-10,12:19:02.339963,[]
2026-06-10,12:19:02.373330,[]
2026-06-10,12:19:02.406697,[]
2026-06-10,12:19:02.440064,[]
2026-06-10,12:19:02.473431,[]
2026-06-10,12:19:02.506798,[]
2026-06-10,12:19:02.540165,[]
2026-06-10,12:19:02.573532,[]
2026-06-10,12:19:02.606899,[]
2026-06-10,12:19:02.640266,[]
2026-06-10,12:19:02.673633,[]
2026-06-10,12:19:02.707000,[]
2026-06-10,12:19:02.740367,[]
2026-06-10,12:19:02.773734,[]
2026-06-10,12:19:02.807101,[]
2026-06-10,12:19:02.840468,[]
2026-06-10,12:19:02.873835,[]
2026-06-10,12:19:02.907202,[]
2026-06-10,12:19:02.940569,[]
2026-06-10,12:19:02.973936,[]
2026-06-10,12:19:03.007303,[]
2026-06-10,12:19:03.040670,[]
2026-06-10,12:19:03.074037,[]
2026-06-10,12:19:03.107404,[]
2026-06-10,12:19:03.140771,[]
2026-06-10,12:19:03.174138,[]
2026-06-10,12:19:03.207505,[]
2026-06-10,12:19:03.240872,[]
2026-06-10,12:19:03.274239,[]
2026-06-10,12:19:03.307606,[]
2026-06-10,12:19:03.340973,[]
2026-06-10,12:19:03.374340,[]
2026-06-10,12:19:03.407707,[]
2026-06-10,12:19:03.441074,[]
2026-06-10,12:19:03.474441,[]
2026-06-10,12:19:03.507808,[]
2026-06-10,12:19:03.541175,[]
2026-06-10,12:19:03.574542,['BL99076']
2026-06-10,12:19:03.607909,['BL99076']
2026-06-10,12:19:03.641276,['BL99076']
2026-06-10,12:19:03.674643,[]
2026-06-10,12:19:03.708010,[]
2026-06-10,12:19:03.741377,[]
2026-06-10,12:19:03.774744,[]
2026-06-10,12:19:03.808111,[]
2026-06-10,12:19:03.841478,[]
2026-06-10,12:19:03.874845,[]
2026-06-10,12:19:03.908212,[]
2026-06-10,12:19:03.941579,[]
2026-06-10,12:19:03.974946,[]
2026-06-10,12:19:04.008313,[]
2026-06-10,12:19:04.041680,[]
2026-06-10,12:19:04.075047,[]
2026-06-10,12:19:04.108414,[]
2026-06-10,12:19:04.141781,[]
2026-06-10,12:19:04.175148,[]
2026-06-10,12:19:04.208515,[]
2026-06-10,12:19:04.241882,[]
2026-06-10,12:19:04.275249,[]
2026-06-10,12:19:04.308616,[]
2026-06-10,12:19:04.341983,[]
2026-06-10,12:19:04.375350,[]
2026-06-10,12:19:04.408717,[]
2026-06-10,12:19:04.442084,[]
2026-06-10,12:19:04.475451,[]
2026-06-10,12:19:04.508818,[]
2026-06-10,12:19:04.542185,[]
2026-06-10,12:19:04.575552,[]
2026-06-10,12:19:04.608919,[]
2026-06-10,12:19:04.642286,[]
2026-06-10,12:19:04.675653,[]
2026-06-10,12:19:04.709020,[]
2026-06-10,12:19:04.742387,[]
2026-06-10,12:19:04.775754,[]
2026-06-10,12:19:04.809121,[]
2026-06-10,12:19:04.842488,[]
2026-06-10,12:19:04.875855,[]
2026-06-10,12:19:04.909222,[]
2026-06-10,12:19:04.942589,[]
2026-06-10,12:19:04.975956,[]
2026-06-10,12:19:05.009323,[]
2026-06-10,12:19:05.042690,[]
2026-06-10,12:19:05.076057,[]
2026-06-10,12:19:05.109424,[]
2026-06-10,12:19:05.142791,[]
2026-06-10,12:19:05.176158,[]
2026-06-10,12:19:05.209525,['EC55255']
2026-06-10,12:19:05.242892,['EC55255']
2026-06-10,12:19:05.276259,['EC55255']
2026-06-10,12:19:05.309626,['EC55255']
2026-06-10,12:19:05.342993,[]
2026-06-10,12:19:05.376360,[]
2026-06-10,12:19:05.409727,[]
2026-06-10,12:19:05.443094,[]
2026-06-10,12:19:05.476461,[]
2026-06-10,12:19:05.509828,[]
2026-06-10,12:19:05.543195,[]
2026-06-10,12:19:05.576562,[]
2026-06-10,12:19:05.609929,[]
2026-06-10,12:19:05.643296,[]
2026-06-10,12:19:05.676663,[]
2026-06-10,12:19:05.710030,[]
2026-06-10,12:19:05.743397,[]
2026-06-10,12:19:05.776764,[]
2026-06-10,12:19:05.810131,[]
2026-06-10,12:19:05.843498,[]
2026-06-10,12:19:05.876865,[]
2026-06-10,12:19:05.910232,[]
2026-06-10,12:19:05.943599,[]
2026-06-10,12:19:05.976966,[]
2026-06-10,12:19:06.010333,[]
2026-06-10,12:19:06.043700,[]
2026-06-10,12:19:06.077067,[]
2026-06-10,12:19:06.110434,[]
2026-06-10,12:19:06.143801,[]
2026-06-10,12:19:06.177168,[]
2026-06-10,12:19:06.210535,[]
2026-06-10,12:19:06.243902,[]
2026-06-10,12:19:06.277269,[]
2026-06-10,12:19:06.310636,[]
2026-06-10,12:19:06.344003,[]
2026-06-10,12:19:06.377370,[]
2026-06-10,12:19:06.410737,[]
2026-06-10,12:19:06.444104,[]
2026-06-10,12:19:06.477471,[]
2026-06-10,12:19:06.510838,[]
2026-06-10,12:19:06.544205,[]
2026-06-10,12:19:06.577572,[]
2026-06-10,12:19:06.610939,[]
2026-06-10,12:19:06.644306,[]
2026-06-10,12:19:06.677673,[]
2026-06-10,12:19:06.711040,[]
2026-06-10,12:19:06.744407,[]
2026-06-10,12:19:06.777774,[]
2026-06-10,12:19:06.811141,[]
2026-06-10,12:19:06.844508,[]
2026-06-10,12:19:06.877875,[]
2026-06-10,12:19:06.911242,[]
2026-06-10,12:19:06.944609,[]
2026-06-10,12:19:06.977976,[]
2026-06-10,12:19:07.011343,[]
2026-06-10,12:19:07.044710,[]
2026-06-10,12:19:07.078077,[]
2026-06-10,12:19:07.111444,['EF86910']
2026-06-10,12:19:07.144811,['EF86910']
2026-06-10,12:19:07.178178,['EF86910']
2026-06-10,12:19:07.211545,['EF86910']
2026-06-10,12:19:07.244912,[]
2026-06-10,12:19:07.278279,[]
2026-06-10,12:19:07.311646,[]
2026-06-10,12:19:07.345013,[]
2026-06-10,12:19:07.378380,[]
2026-06-10,12:19:07.411747,[]
2026-06-10,12:19:07.445114,[]
2026-06-10,12:19:07.478481,[]
2026-06-10,12:19:07.511848,[]
2026-06-10,12:19:07.545215,[]
2026-06-10,12:19:07.578582,[]
2026-06-10,12:19:07.611949,[]
2026-06-10,12:19:07.645316,[]
2026-06-10,12:19:07.678683,[]
2026-06-10,12:19:07.712050,[]
2026-06-10,12:19:07.745417,[]
2026-06-10,12:19:07.778784,[]
2026-06-10,12:19:07.812151,[]
2026-06-10,12:19:07.845518,[]
2026-06-10,12:19:07.878885,[]
2026-06-10,12:19:07.912252,[]
2026-06-10,12:19:07.945619,[]
2026-06-10,12:19:07.978986,[]
2026-06-10,12:19:08.012353,[]
2026-06-10,12:19:08.045720,[]
2026-06-10,12:19:08.079087,[]
2026-06-10,12:19:08.112454,[]
2026-06-10,12:19:08.145821,[]
2026-06-10,12:19:08.179188,[]
2026-06-10,12:19:08.212555,[]
2026-06-10,12:19:08.245922,[]
2026-06-10,12:19:08.279289,[]
2026-06-10,12:19:08.312656,[]
2026-06-10,12:19:08.346023,[]
2026-06-10,12:19:08.379390,[]
2026-06-10,12:19:08.412757,[]
2026-06-10,12:19:08.446124,[]
2026-06-10,12:19:08.479491,[]
2026-06-10,12:19:08.512858,[]
2026-06-10,12:19:08.546225,[]
2026-06-10,12:19:08.579592,[]
2026-06-10,12:19:08.612959,[]
2026-06-10,12:19:08.646326,[]
2026-06-10,12:19:08.679693,[]
2026-06-10,12:19:08.713060,[]
2026-06-10,12:19:08.746427,[]
2026-06-10,12:19:08.779794,[]
2026-06-10,12:19:08.813161,[]
2026-06-10,12:19:08.846528,[]
2026-06-10,12:19:08.879895,[]
2026-06-10,12:19:08.913262,[]
2026-06-10,12:19:08.946629,[]
2026-06-10,12:19:08.979996,[]
2026-06-10,12:19:09.013363,[]
2026-06-10,12:19:09.046730,[]
2026-06-10,12:19:09.080097,[]
2026-06-10,12:19:09.113464,[]
2026-06-10,12:19:09.146831,[]
2026-06-10,12:19:09.180198,[]
2026-06-10,12:19:09.213565,[]
2026-06-10,12:19:09.246932,[]
2026-06-10,12:19:09.280299,[]
2026-06-10,12:19:09.313666,[]
2026-06-10,12:19:09.347033,[]
2026-06-10,12:19:09.380400,[]
2026-06-10,12:19:09.413767,[]
2026-06-10,12:19:09.447134,[]
2026-06-10,12:19:09.480501,[]
2026-06-10,12:19:09.513868,[]
2026-06-10,12:19:09.547235,[]
2026-06-10,12:19:09.580602,[]
2026-06-10,12:19:09.613969,[]
2026-06-10,12:19:09.647336,[]
2026-06-10,12:19:09.680703,[]
2026-06-10,12:19:09.714070,[]
2026-06-10,12:19:09.747437,[]
2026-06-10,12:19:09.780804,[]
2026-06-10,12:19:09.814171,[]
2026-06-10,12:19:09.847538,[]
2026-06-10,12:19:09.880905,[]
2026-06-10,12:19:09.914272,[]
2026-06-10,12:19:09.947639,[]
2026-06-10,12:19:09.981006,[]
2026-06-10,12:19:10.014373,[]
2026-06-10,12:19:10.047740,[]
2026-06-10,12:19:10.081107,[]
2026-06-10,12:19:10.114474,[]
2026-06-10,12:19:10.147841,[]
2026-06-10,12:19:10.181208,[]
2026-06-10,12:19:10.214575,[]
2026-06-10,12:19:10.247942,[]
2026-06-10,12:19:10.281309,[]
2026-06-10,12:19:10.314676,[]
2026-06-10,12:19:10.348043,[]
2026-06-10,12:19:10.381410,[]
2026-06-10,12:19:10.414777,[]
2026-06-10,12:19:10.448144,[]
2026-06-10,12:19:10.481511,[]
2026-06-10,12:19:10.514878,[]
2026-06-10,12:19:10.548245,[]
2026-06-10,12:19:10.581612,[]
2026-06-10,12:19:10.614979,[]
2026-06-10,12:19:10.648346,[]
2026-06-10,12:19:10.681713,[]
2026-06-10,12:19:10.715080,[]
2026-06-10,12:19:10.748447,[]
2026-06-10,12:19:10.781814,[]
2026-06-10,12:19:10.815181,[]
2026-06-10,12:19:10.848548,[]
2026-06-10,12:19:10.881915,[]
2026-06-10,12:19:10.915282,[]
2026-06-10,12:19:10.948649,[]
2026-06-10,12:19:10.982016,[]
2026-06-10,12:19:11.015383,[]
2026-06-10,12:19:11.048750,[]
2026-06-10,12:19:11.082117,[]
2026-06-10,12:19:11.115484,[]
2026-06-10,12:19:11.148851,[]
2026-06-10,12:19:11.182218,[]
2026-06-10,12:19:11.215585,[]
2026-06-10,12:19:11.248952,[]
2026-06-10,12:19:11.282319,[]
2026-06-10,12:19:11.315686,[]
2026-06-10,12:19:11.349053,[]
2026-06-10,12:19:11.382420,[]
2026-06-10,12:19:11.415787,[]
2026-06-10,12:19:11.449154,[]
2026-06-10,12:19:11.482521,[]
2026-06-10,12:19:11.515888,[]
2026-06-10,12:19:11.549255,[]
2026-06-10,12:19:11.582622,[]
2026-06-10,12:19:11.615989,[]
2026-06-10,12:19:11.649356,[]
2026-06-10,12:19:11.682723,[]
2026-06-10,12:19:11.716090,[]
2026-06-10,12:19:11.749457,[]
2026-06-10,12:19:11.782824,[]
2026-06-10,12:19:11.816191,[]
2026-06-10,12:19:11.849558,[]
2026-06-10,12:19:11.882925,[]
2026-06-10,12:19:11.916292,[]
2026-06-10,12:19:11.949659,[]
2026-06-10,12:19:11.983026,[]
2026-06-10,12:19:12.016393,[]
2026-06-10,12:19:12.049760,[]
2026-06-10,12:19:12.083127,[]
2026-06-10,12:19:12.116494,[]
2026-06-10,12:19:12.149861,[]
2026-06-10,12:19:12.183228,[]
2026-06-10,12:19:12.216595,[]
2026-06-10,12:19:12.249962,[]
2026-06-10,12:19:12.283329,[]
2026-06-10,12:19:12.316696,[]
2026-06-10,12:19:12.350063,[]
2026-06-10,12:19:12.383430,[]
2026-06-10,12:19:12.416797,[]
2026-06-10,12:19:12.450164,[]
2026-06-10,12:19:12.483531,[]
2026-06-10,12:19:12.516898,[]
2026-06-10,12:19:12.550265,[]
2026-06-10,12:19:12.583632,[]
2026-06-10,12:19:12.616999,[]
2026-06-10,12:19:12.650366,[]
2026-06-10,12:19:12.683733,[]
2026-06-10,12:19:12.717100,[]
2026-06-10,12:19:12.750467,[]
2026-06-10,12:19:12.783834,[]
2026-06-10,12:19:12.817201,[]
2026-06-10,12:19:12.850568,[]
2026-06-10,12:19:12.883935,[]
2026-06-10,12:19:12.917302,[]
2026-06-10,12:19:12.950669,[]
2026-06-10,12:19:12.984036,[]
2026-06-10,12:19:13.017403,[]
2026-06-10,12:19:13.050770,[]
2026-06-10,12:19:13.084137,[]
2026-06-10,12:19:13.117504,[]
2026-06-10,12:19:13.150871,[]
2026-06-10,12:19:13.184238,[]
2026-06-10,12:19:13.217605,[]
2026-06-10,12:19:13.250972,[]
2026-06-10,12:19:13.284339,[]
2026-06-10,12:19:13.317706,[]
2026-06-10,12:19:13.351073,[]
2026-06-10,12:19:13.384440,[]
2026-06-10,12:19:13.417807,[]
2026-06-10,12:19:13.451174,[]
2026-06-10,12:19:13.484541,[]
2026-06-10,12:19:13.517908,[]
2026-06-10,12:19:13.551275,[]
2026-06-10,12:19:13.584642,[]
2026-06-10,12:19:13.618009,[]
2026-06-10,12:19:13.651376,[]
2026-06-10,12:19:13.684743,[]
2026-06-10,12:19:13.718110,[]
2026-06-10,12:19:13.751477,[]
2026-06-10,12:19:13.784844,[]
2026-06-10,12:19:13.818211,[]
2026-06-10,12:19:13.851578,[]
2026-06-10,12:19:13.884945,[]
2026-06-10,12:19:13.918312,[]
2026-06-10,12:19:13.951679,[]
2026-06-10,12:19:13.985046,[]
2026-06-10,12:19:14.018413,[]
2026-06-10,12:19:14.051780,[]
2026-06-10,12:19:14.085147,[]
2026-06-10,12:19:14.118514,[]
2026-06-10,12:19:14.151881,[]
2026-06-10,12:19:14.185248,[]
2026-06-10,12:19:14.218615,[]
2026-06-10,12:19:14.251982,[]
2026-06-10,12:19:14.285349,[]
2026-06-10,12:19:14.318716,[]
2026-06-10,12:19:14.352083,[]
2026-06-10,12:19:14.385450,[]
2026-06-10,12:19:14.418817,[]
2026-06-10,12:19:14.452184,[]
2026-06-10,12:19:14.485551,[]
2026-06-10,12:19:14.518918,[]
2026-06-10,12:19:14.552285,[]
2026-06-10,12:19:14.585652,[]
2026-06-10,12:19:14.619019,[]
2026-06-10,12:19:14.652386,[]
2026-06-10,12:19:14.685753,[]
2026-06-10,12:19:14.719120,[]
2026-06-10,12:19:14.752487,[]
2026-06-10,12:19:14.785854,[]
2026-06-10,12:19:14.819221,[]
2026-06-10,12:19:14.852588,[]
2026-06-10,12:19:14.885955,[]
2026-06-10,12:19:14.919322,[]
2026-06-10,12:19:14.952689,[]
2026-06-10,12:19:14.986056,[]
2026-06-10,12:19:15.019423,[]
2026-06-10,12:19:15.052790,[]
2026-06-10,12:19:15.086157,[]
2026-06-10,12:19:15.119524,[]
2026-06-10,12:19:15.152891,[]
2026-06-10,12:19:15.186258,[]
2026-06-10,12:19:15.219625,[]
2026-06-10,12:19:15.252992,[]
2026-06-10,12:19:15.286359,[]
2026-06-10,12:19:15.319726,[]
2026-06-10,12:19:15.353093,[]
2026-06-10,12:19:15.386460,[]
2026-06-10,12:19:15.419827,[]
2026-06-10,12:19:15.453194,[]
2026-06-10,12:19:15.486561,[]
2026-06-10,12:19:15.519928,[]
2026-06-10,12:19:15.553295,[]
2026-06-10,12:19:15.586662,[]
2026-06-10,12:19:15.620029,[]
2026-06-10,12:19:15.653396,[]
2026-06-10,12:19:15.686763,[]
2026-06-10,12:19:15.720130,[]
2026-06-10,12:19:15.753497,[]
2026-06-10,12:19:15.786864,[]
2026-06-10,12:19:15.820231,[]
2026-06-10,12:19:15.853598,[]
2026-06-10,12:19:15.886965,[]
2026-06-10,12:19:15.920332,[]
2026-06-10,12:19:15.953699,[]
2026-06-10,12:19:15.987066,[]
2026-06-10,12:19:16.020433,[]
2026-06-10,12:19:16.053800,[]
2026-06-10,12:19:16.087167,[]
2026-06-10,12:19:16.120534,[]
2026-06-10,12:19:16.153901,[]
2026-06-10,12:19:16.187268,[]
2026-06-10,12:19:16.220635,[]
2026-06-10,12:19:16.254002,[]
2026-06-10,12:19:16.287369,[]
2026-06-10,12:19:16.320736,[]
2026-06-10,12:19:16.354103,[]
2026-06-10,12:19:16.387470,[]
2026-06-10,12:19:16.420837,[]
2026-06-10,12:19:16.454204,[]
2026-06-10,12:19:16.487571,[]
2026-06-10,12:19:16.520938,[]
2026-06-10,12:19:16.554305,[]
2026-06-10,12:19:16.587672,[]
2026-06-10,12:19:16.621039,[]
2026-06-10,12:19:16.654406,[]
2026-06-10,12:19:16.687773,[]
2026-06-10,12:19:16.721140,[]
2026-06-10,12:19:16.754507,[]
2026-06-10,12:19:16.787874,[]
2026-06-10,12:19:16.821241,[]
2026-06-10,12:19:16.854608,[]
2026-06-10,12:19:16.887975,[]
2026-06-10,12:19:16.921342,[]
2026-06-10,12:19:16.954709,[]
2026-06-10,12:19:16.988076,[]
2026-06-10,12:19:17.021443,[]
2026-06-10,12:19:17.054810,[]
2026-06-10,12:19:17.088177,[]
2026-06-10,12:19:17.121544,[]
2026-06-10,12:19:17.154911,[]
2026-06-10,12:19:17.188278,[]
2026-06-10,12:19:17.221645,[]
2026-06-10,12:19:17.255012,[]
2026-06-10,12:19:17.288379,[]
2026-06-10,12:19:17.321746,[]
2026-06-10,12:19:17.355113,[]
2026-06-10,12:19:17.388480,[]
2026-06-10,12:19:17.421847,[]
2026-06-10,12:19:17.455214,[]
2026-06-10,12:19:17.488581,[]
2026-06-10,12:19:17.521948,[]
2026-06-10,12:19:17.555315,[]
2026-06-10,12:19:17.588682,[]
2026-06-10,12:19:17.622049,[]
2026-06-10,12:19:17.655416,[]
2026-06-10,12:19:17.688783,[]
2026-06-10,12:19:17.722150,[]
2026-06-10,12:19:17.755517,[]
2026-06-10,12:19:17.788884,[]
2026-06-10,12:19:17.822251,[]
2026-06-10,12:19:17.855618,[]
2026-06-10,12:19:17.888985,[]
2026-06-10,12:19:17.922352,[]
2026-06-10,12:19:17.955719,[]
2026-06-10,12:19:17.989086,[]
2026-06-10,12:19:18.022453,[]
2026-06-10,12:19:18.055820,[]
2026-06-10,12:19:18.089187,[]
2026-06-10,12:19:18.122554,[]
2026-06-10,12:19:18.155921,[]
2026-06-10,12:19:18.189288,[]
2026-06-10,12:19:18.222655,[]
2026-06-10,12:19:18.256022,[]
2026-06-10,12:19:18.289389,[]
2026-06-10,12:19:18.322756,[]
2026-06-10,12:19:18.356123,[]
2026-06-10,12:19:18.389490,[]
2026-06-10,12:19:18.422857,[]
2026-06-10,12:19:18.456224,[]
2026-06-10,12:19:18.489591,[]
2026-06-10,12:19:18.522958,[]
2026-06-10,12:19:18.556325,[]
2026-06-10,12:19:18.589692,[]
2026-06-10,12:19:18.623059,[]
2026-06-10,12:19:18.656426,[]
2026-06-10,12:19:18.689793,[]
2026-06-10,12:19:18.723160,[]
2026-06-10,12:19:18.756527,[]
2026-06-10,12:19:18.789894,[]
2026-06-10,12:19:18.823261,[]
2026-06-10,12:19:18.856628,[]
2026-06-10,12:19:18.889995,[]
2026-06-10,12:19:18.923362,[]
2026-06-10,12:19:18.956729,[]
2026-06-10,12:19:18.990096,[]
2026-06-10,12:19:19.023463,[]
2026-06-10,12:19:19.056830,[]
2026-06-10,12:19:19.090197,[]
2026-06-10,12:19:19.123564,[]
2026-06-10,12:19:19.156931,[]
2026-06-10,12:19:19.190298,[]
2026-06-10,12:19:19.223665,[]
2026-06-10,12:19:19.257032,[]
2026-06-10,12:19:19.290399,[]
2026-06-10,12:19:19.323766,[]
2026-06-10,12:19:19.357133,[]
2026-06-10,12:19:19.390500,[]
2026-06-10,12:19:19.423867,[]
2026-06-10,12:19:19.457234,[]
2026-06-10,12:19:19.490601,[]
2026-06-10,12:19:19.523968,[]
2026-06-10,12:19:19.557335,[]
2026-06-10,12:19:19.590702,[]
2026-06-10,12:19:19.624069,[]
2026-06-10,12:19:19.657436,[]
2026-06-10,12:19:19.690803,[]
2026-06-10,12:19:19.724170,[]
2026-06-10,12:19:19.757537,[]
2026-06-10,12:19:19.790904,[]
2026-06-10,12:19:19.824271,[]
2026-06-10,12:19:19.857638,[]
2026-06-10,12:19:19.891005,[]
2026-06-10,12:19:19.924372,[]
2026-06-10,12:19:19.957739,[]
2026-06-10,12:19:19.991106,[]
2026-06-10,12:19:20.024473,[]
2026-06-10,12:19:20.057840,[]
2026-06-10,12:19:20.091207,[]
2026-06-10,12:19:20.124574,[]
2026-06-10,12:19:20.157941,[]
2026-06-10,12:19:20.191308,[]
2026-06-10,12:19:20.224675,[]
2026-06-10,12:19:20.258042,[]
2026-06-10,12:19:20.291409,[]
2026-06-10,12:19:20.324776,[]
2026-06-10,12:19:20.358143,[]
2026-06-10,12:19:20.391510,[]
2026-06-10,12:19:20.424877,[]
2026-06-10,12:19:20.458244,[]
2026-06-10,12:19:20.491611,[]
2026-06-10,12:19:20.524978,[]
2026-06-10,12:19:20.558345,[]
2026-06-10,12:19:20.591712,[]
2026-06-10,12:19:20.625079,[]
2026-06-10,12:19:20.658446,[]
2026-06-10,12:19:20.691813,[]
2026-06-10,12:19:20.725180,[]
2026-06-10,12:19:20.758547,[]
2026-06-10,12:19:20.791914,[]
2026-06-10,12:19:20.825281,[]
2026-06-10,12:19:20.858648,[]
2026-06-10,12:19:20.892015,[]
2026-06-10,12:19:20.925382,[]
2026-06-10,12:19:20.958749,[]
2026-06-10,12:19:20.992116,[]
2026-06-10,12:19:21.025483,[]
2026-06-10,12:19:21.058850,[]
2026-06-10,12:19:21.092217,[]
2026-06-10,12:19:21.125584,[]
2026-06-10,12:19:21.158951,[]
2026-06-10,12:19:21.192318,[]
2026-06-10,12:19:21.225685,[]
2026-06-10,12:19:21.259052,[]
2026-06-10,12:19:21.292419,[]
2026-06-10,12:19:21.325786,[]
2026-06-10,12:19:21.359153,[]
2026-06-10,12:19:21.392520,[]
2026-06-10,12:19:21.425887,[]
2026-06-10,12:19:21.459254,[]
2026-06-10,12:19:21.492621,[]
2026-06-10,12:19:21.525988,[]
2026-06-10,12:19:21.559355,[]
2026-06-10,12:19:21.592722,[]
2026-06-10,12:19:21.626089,[]
2026-06-10,12:19:21.659456,[]
2026-06-10,12:19:21.692823,[]
2026-06-10,12:19:21.726190,[]
2026-06-10,12:19:21.759557,[]
2026-06-10,12:19:21.792924,[]
2026-06-10,12:19:21.826291,[]
2026-06-10,12:19:21.859658,[]
2026-06-10,12:19:21.893025,[]
2026-06-10,12:19:21.926392,[]
2026-06-10,12:19:21.959759,[]
2026-06-10,12:19:21.993126,[]
2026-06-10,12:19:22.026493,[]
2026-06-10,12:19:22.059860,[]
2026-06-10,12:19:22.093227,[]
2026-06-10,12:19:22.126594,[]
2026-06-10,12:19:22.159961,[]
2026-06-10,12:19:22.193328,[]
2026-06-10,12:19:22.226695,[]
2026-06-10,12:19:22.260062,[]
2026-06-10,12:19:22.293429,[]
2026-06-10,12:19:22.326796,[]
2026-06-10,12:19:22.360163,[]
2026-06-10,12:19:22.393530,[]
2026-06-10,12:19:22.426897,[]
2026-06-10,12:19:22.460264,[]
2026-06-10,12:19:22.493631,[]
2026-06-10,12:19:22.526998,[]
2026-06-10,12:19:22.560365,[]
2026-06-10,12:19:22.593732,[]
2026-06-10,12:19:22.627099,[]
2026-06-10,12:19:22.660466,[]
2026-06-10,12:19:22.693833,[]
2026-06-10,12:19:22.727200,[]
2026-06-10,12:19:22.760567,[]
2026-06-10,12:19:22.793934,[]
2026-06-10,12:19:22.827301,[]
2026-06-10,12:19:22.860668,[]
2026-06-10,12:19:22.894035,[]
2026-06-10,12:19:22.927402,[]
2026-06-10,12:19:22.960769,[]
2026-06-10,12:19:22.994136,[]
2026-06-10,12:19:23.027503,[]
2026-06-10,12:19:23.060870,[]
2026-06-10,12:19:23.094237,[]
2026-06-10,12:19:23.127604,[]
2026-06-10,12:19:23.160971,[]
2026-06-10,12:19:23.194338,[]
2026-06-10,12:19:23.227705,[]
2026-06-10,12:19:23.261072,[]
2026-06-10,12:19:23.294439,[]
2026-06-10,12:19:23.327806,[]
2026-06-10,12:19:23.361173,[]
2026-06-10,12:19:23.394540,[]
2026-06-10,12:19:23.427907,[]
2026-06-10,12:19:23.461274,[]
2026-06-10,12:19:23.494641,[]
2026-06-10,12:19:23.528008,[]
2026-06-10,12:19:23.561375,[]
2026-06-10,12:19:23.594742,[]
2026-06-10,12:19:23.628109,[]
2026-06-10,12:19:23.661476,[]
2026-06-10,12:19:23.694843,[]
2026-06-10,12:19:23.728210,[]
2026-06-10,12:19:23.761577,[]
2026-06-10,12:19:23.794944,[]
2026-06-10,12:19:23.828311,[]
2026-06-10,12:19:23.861678,[]
2026-06-10,12:19:23.895045,[]
2026-06-10,12:19:23.928412,[]
2026-06-10,12:19:23.961779,[]
2026-06-10,12:19:23.995146,[]
2026-06-10,12:19:24.028513,[]
2026-06-10,12:19:24.061880,[]
2026-06-10,12:19:24.095247,[]
2026-06-10,12:19:24.128614,[]
2026-06-10,12:19:24.161981,[]
2026-06-10,12:19:24.195348,[]
2026-06-10,12:19:24.228715,[]
2026-06-10,12:19:24.262082,[]
2026-06-10,12:19:24.295449,[]
2026-06-10,12:19:24.328816,[]
2026-06-10,12:19:24.362183,[]
2026-06-10,12:19:24.395550,[]
2026-06-10,12:19:24.428917,[]
2026-06-10,12:19:24.462284,[]
2026-06-10,12:19:24.495651,[]
2026-06-10,12:19:24.529018,[]
2026-06-10,12:19:24.562385,[]
2026-06-10,12:19:24.595752,[]
2026-06-10,12:19:24.629119,[]
2026-06-10,12:19:24.662486,[]
2026-06-10,12:19:24.695853,[]
2026-06-10,12:19:24.729220,[]
2026-06-10,12:19:24.762587,[]
2026-06-10,12:19:24.795954,[]
2026-06-10,12:19:24.829321,[]
2026-06-10,12:19:24.862688,[]
2026-06-10,12:19:24.896055,[]
2026-06-10,12:19:24.929422,[]
2026-06-10,12:19:24.962789,[]
2026-06-10,12:19:24.996156,[]
2026-06-10,12:19:25.029523,[]
2026-06-10,12:19:25.062890,[]
2026-06-10,12:19:25.096257,[]
2026-06-10,12:19:25.129624,[]
2026-06-10,12:19:25.162991,[]
2026-06-10,12:19:25.196358,[]
2026-06-10,12:19:25.229725,[]
2026-06-10,12:19:25.263092,[]
2026-06-10,12:19:25.296459,[]
2026-06-10,12:19:25.329826,[]
2026-06-10,12:19:25.363193,[]
2026-06-10,12:19:25.396560,[]
2026-06-10,12:19:25.429927,[]
2026-06-10,12:19:25.463294,[]
2026-06-10,12:19:25.496661,[]
2026-06-10,12:19:25.530028,[]
2026-06-10,12:19:25.563395,[]
2026-06-10,12:19:25.596762,[]
2026-06-10,12:19:25.630129,[]
2026-06-10,12:19:25.663496,[]
2026-06-10,12:19:25.696863,[]
2026-06-10,12:19:25.730230,[]
2026-06-10,12:19:25.763597,[]
2026-06-10,12:19:25.796964,[]
2026-06-10,12:19:25.830331,[]
2026-06-10,12:19:25.863698,[]
2026-06-10,12:19:25.897065,[]
2026-06-10,12:19:25.930432,[]
2026-06-10,12:19:25.963799,[]
2026-06-10,12:19:25.997166,[]
2026-06-10,12:19:26.030533,[]
2026-06-10,12:19:26.063900,[]
2026-06-10,12:19:26.097267,[]
2026-06-10,12:19:26.130634,[]
2026-06-10,12:19:26.164001,[]
2026-06-10,12:19:26.197368,[]
2026-06-10,12:19:26.230735,[]
2026-06-10,12:19:26.264102,[]
2026-06-10,12:19:26.297469,[]
2026-06-10,12:19:26.330836,[]
2026-06-10,12:19:26.364203,[]
2026-06-10,12:19:26.397570,[]
2026-06-10,12:19:26.430937,[]
2026-06-10,12:19:26.464304,[]
2026-06-10,12:19:26.497671,[]
2026-06-10,12:19:26.531038,[]
2026-06-10,12:19:26.564405,[]
2026-06-10,12:19:26.597772,[]
2026-06-10,12:19:26.631139,[]
2026-06-10,12:19:26.664506,[]
2026-06-10,12:19:26.697873,[]
2026-06-10,12:19:26.731240,[]
2026-06-10,12:19:26.764607,[]
2026-06-10,12:19:26.797974,[]
2026-06-10,12:19:26.831341,[]
2026-06-10,12:19:26.864708,[]
2026-06-10,12:19:26.898075,[]
2026-06-10,12:19:26.931442,[]
2026-06-10,12:19:26.964809,[]
2026-06-10,12:19:26.998176,[]
2026-06-10,12:19:27.031543,[]
2026-06-10,12:19:27.064910,[]
2026-06-10,12:19:27.098277,[]
2026-06-10,12:19:27.131644,[]
2026-06-10,12:19:27.165011,[]
2026-06-10,12:19:27.198378,[]
2026-06-10,12:19:27.231745,[]
2026-06-10,12:19:27.265112,[]
2026-06-10,12:19:27.298479,[]
2026-06-10,12:19:27.331846,[]
2026-06-10,12:19:27.365213,[]
2026-06-10,12:19:27.398580,[]
2026-06-10,12:19:27.431947,[]
2026-06-10,12:19:27.465314,[]
2026-06-10,12:19:27.498681,[]
2026-06-10,12:19:27.532048,[]
2026-06-10,12:19:27.565415,[]
2026-06-10,12:19:27.598782,[]
2026-06-10,12:19:27.632149,[]
2026-06-10,12:19:27.665516,[]
2026-06-10,12:19:27.698883,[]
2026-06-10,12:19:27.732250,[]
2026-06-10,12:19:27.765617,[]
2026-06-10,12:19:27.798984,[]
2026-06-10,12:19:27.832351,[]
2026-06-10,12:19:27.865718,[]
2026-06-10,12:19:27.899085,[]
2026-06-10,12:19:27.932452,[]
2026-06-10,12:19:27.965819,[]
2026-06-10,12:19:27.999186,[]
2026-06-10,12:19:28.032553,[]
2026-06-10,12:19:28.065920,[]
2026-06-10,12:19:28.099287,[]
2026-06-10,12:19:28.132654,[]
2026-06-10,12:19:28.166021,[]
2026-06-10,12:19:28.199388,[]
2026-06-10,12:19:28.232755,[]
2026-06-10,12:19:28.266122,[]
2026-06-10,12:19:28.299489,[]
2026-06-10,12:19:28.332856,[]
2026-06-10,12:19:28.366223,[]
2026-06-10,12:19:28.399590,[]
2026-06-10,12:19:28.432957,[]
2026-06-10,12:19:28.466324,[]
2026-06-10,12:19:28.499691,[]
2026-06-10,12:19:28.533058,[]
2026-06-10,12:19:28.566425,[]
2026-06-10,12:19:28.599792,[]
2026-06-10,12:19:28.633159,[]
2026-06-10,12:19:28.666526,[]
2026-06-10,12:19:28.699893,[]
2026-06-10,12:19:28.733260,[]
2026-06-10,12:19:28.766627,[]
2026-06-10,12:19:28.799994,[]
2026-06-10,12:19:28.833361,[]
2026-06-10,12:19:28.866728,[]
2026-06-10,12:19:28.900095,[]
2026-06-10,12:19:28.933462,[]
2026-06-10,12:19:28.966829,[]
2026-06-10,12:19:29.000196,[]
2026-06-10,12:19:29.033563,[]
2026-06-10,12:19:29.066930,[]
2026-06-10,12:19:29.100297,[]
2026-06-10,12:19:29.133664,[]
2026-06-10,12:19:29.167031,[]
2026-06-10,12:19:29.200398,[]
2026-06-10,12:19:29.233765,[]
2026-06-10,12:19:29.267132,[]
2026-06-10,12:19:29.300499,[]
2026-06-10,12:19:29.333866,[]
2026-06-10,12:19:29.367233,[]
2026-06-10,12:19:29.400600,[]
2026-06-10,12:19:29.433967,[]
2026-06-10,12:19:29.467334,[]
2026-06-10,12:19:29.500701,[]
2026-06-10,12:19:29.534068,[]
2026-06-10,12:19:29.567435,[]
2026-06-10,12:19:29.600802,[]
2026-06-10,12:19:29.634169,[]
2026-06-10,12:19:29.667536,[]
2026-06-10,12:19:29.700903,[]
2026-06-10,12:19:29.734270,[]
2026-06-10,12:19:29.767637,[]
2026-06-10,12:19:29.801004,[]
2026-06-10,12:19:29.834371,[]
2026-06-10,12:19:29.867738,[]
2026-06-10,12:19:29.901105,[]
2026-06-10,12:19:29.934472,[]
2026-06-10,12:19:29.967839,[]
2026-06-10,12:19:30.001206,[]
2026-06-10,12:19:30.034573,[]
2026-06-10,12:19:30.067940,[]
2026-06-10,12:19:30.101307,[]
2026-06-10,12:19:30.134674,[]
2026-06-10,12:19:30.168041,[]
2026-06-10,12:19:30.201408,[]
2026-06-10,12:19:30.234775,[]
2026-06-10,12:19:30.268142,[]
2026-06-10,12:19:30.301509,[]
2026-06-10,12:19:30.334876,[]
2026-06-10,12:19:30.368243,[]
2026-06-10,12:19:30.401610,[]
2026-06-10,12:19:30.434977,[]
2026-06-10,12:19:30.468344,[]
2026-06-10,12:19:30.501711,[]
2026-06-10,12:19:30.535078,[]
2026-06-10,12:19:30.568445,[]
2026-06-10,12:19:30.601812,[]
2026-06-10,12:19:30.635179,[]
2026-06-10,12:19:30.668546,[]
2026-06-10,12:19:30.701913,[]
2026-06-10,12:19:30.735280,[]
2026-06-10,12:19:30.768647,[]
2026-06-10,12:19:30.802014,[]
2026-06-10,12:19:30.835381,[]
2026-06-10,12:19:30.868748,[]
2026-06-10,12:19:30.902115,[]
2026-06-10,12:19:30.935482,[]
2026-06-10,12:19:30.968849,[]
2026-06-10,12:19:31.002216,[]
2026-06-10,12:19:31.035583,[]
2026-06-10,12:19:31.068950,[]
2026-06-10,12:19:31.102317,[]
2026-06-10,12:19:31.135684,[]
2026-06-10,12:19:31.169051,[]
2026-06-10,12:19:31.202418,[]
2026-06-10,12:19:31.235785,[]
2026-06-10,12:19:31.269152,[]
2026-06-10,12:19:31.302519,[]
2026-06-10,12:19:31.335886,[]
2026-06-10,12:19:31.369253,[]
2026-06-10,12:19:31.402620,[]
2026-06-10,12:19:31.435987,[]
2026-06-10,12:19:31.469354,[]
2026-06-10,12:19:31.502721,[]
2026-06-10,12:19:31.536088,[]
2026-06-10,12:19:31.569455,[]
2026-06-10,12:19:31.602822,[]
2026-06-10,12:19:31.636189,[]
2026-06-10,12:19:31.669556,[]
2026-06-10,12:19:31.702923,[]
2026-06-10,12:19:31.736290,[]
2026-06-10,12:19:31.769657,[]
2026-06-10,12:19:31.803024,[]
2026-06-10,12:19:31.836391,[]
2026-06-10,12:19:31.869758,[]
2026-06-10,12:19:31.903125,[]
2026-06-10,12:19:31.936492,[]
2026-06-10,12:19:31.969859,[]
2026-06-10,12:19:32.003226,[]
2026-06-10,12:19:32.036593,[]
2026-06-10,12:19:32.069960,[]
2026-06-10,12:19:32.103327,[]
2026-06-10,12:19:32.136694,[]
2026-06-10,12:19:32.170061,[]
2026-06-10,12:19:32.203428,[]
2026-06-10,12:19:32.236795,[]
2026-06-10,12:19:32.270162,[]
2026-06-10,12:19:32.303529,[]
2026-06-10,12:19:32.336896,[]
2026-06-10,12:19:32.370263,[]
2026-06-10,12:19:32.403630,[]
2026-06-10,12:19:32.436997,[]
2026-06-10,12:19:32.470364,[]
2026-06-10,12:19:32.503731,[]
2026-06-10,12:19:32.537098,[]
2026-06-10,12:19:32.570465,[]
2026-06-10,12:19:32.603832,[]
2026-06-10,12:19:32.637199,[]
2026-06-10,12:19:32.670566,[]
2026-06-10,12:19:32.703933,[]
2026-06-10,12:19:32.737300,[]
2026-06-10,12:19:32.770667,[]
2026-06-10,12:19:32.804034,[]
2026-06-10,12:19:32.837401,[]
2026-06-10,12:19:32.870768,[]
2026-06-10,12:19:32.904135,[]
2026-06-10,12:19:32.937502,[]
2026-06-10,12:19:32.970869,[]
2026-06-10,12:19:33.004236,[]
2026-06-10,12:19:33.037603,[]
2026-06-10,12:19:33.070970,[]
2026-06-10,12:19:33.104337,[]
2026-06-10,12:19:33.137704,[]
2026-06-10,12:19:33.171071,[]
2026-06-10,12:19:33.204438,[]
2026-06-10,12:19:33.237805,[]
2026-06-10,12:19:33.271172,[]
2026-06-10,12:19:33.304539,[]
2026-06-10,12:19:33.337906,[]
2026-06-10,12:19:33.371273,[]
2026-06-10,12:19:33.404640,[]
2026-06-10,12:19:33.438007,[]
2026-06-10,12:19:33.471374,[]
2026-06-10,12:19:33.504741,[]
2026-06-10,12:19:33.538108,[]
2026-06-10,12:19:33.571475,[]
2026-06-10,12:19:33.604842,[]
2026-06-10,12:19:33.638209,[]
2026-06-10,12:19:33.671576,[]
2026-06-10,12:19:33.704943,[]
2026-06-10,12:19:33.738310,[]
2026-06-10,12:19:33.771677,[]
2026-06-10,12:19:33.805044,[]
2026-06-10,12:19:33.838411,[]
2026-06-10,12:19:33.871778,[]
2026-06-10,12:19:33.905145,[]
2026-06-10,12:19:33.938512,[]
2026-06-10,12:19:33.971879,[]
2026-06-10,12:19:34.005246,[]
2026-06-10,12:19:34.038613,[]
2026-06-10,12:19:34.071980,[]
2026-06-10,12:19:34.105347,[]
2026-06-10,12:19:34.138714,[]
2026-06-10,12:19:34.172081,[]
2026-06-10,12:19:34.205448,[]
2026-06-10,12:19:34.238815,[]
2026-06-10,12:19:34.272182,[]
2026-06-10,12:19:34.305549,[]
2026-06-10,12:19:34.338916,[]
2026-06-10,12:19:34.372283,[]
2026-06-10,12:19:34.405650,[]
2026-06-10,12:19:34.439017,[]
2026-06-10,12:19:34.472384,[]
2026-06-10,12:19:34.505751,[]
2026-06-10,12:19:34.539118,[]
2026-06-10,12:19:34.572485,[]
2026-06-10,12:19:34.605852,[]
2026-06-10,12:19:34.639219,[]
2026-06-10,12:19:34.672586,[]
2026-06-10,12:19:34.705953,[]
2026-06-10,12:19:34.739320,[]
2026-06-10,12:19:34.772687,[]
2026-06-10,12:19:34.806054,[]
2026-06-10,12:19:34.839421,[]
2026-06-10,12:19:34.872788,[]
2026-06-10,12:19:34.906155,[]
2026-06-10,12:19:34.939522,[]
2026-06-10,12:19:34.972889,[]
2026-06-10,12:19:35.006256,[]
2026-06-10,12:19:35.039623,[]
2026-06-10,12:19:35.072990,[]
2026-06-10,12:19:35.106357,[]
2026-06-10,12:19:35.139724,[]
2026-06-10,12:19:35.173091,[]
2026-06-10,12:19:35.206458,[]
2026-06-10,12:19:35.239825,[]
2026-06-10,12:19:35.273192,[]
2026-06-10,12:19:35.306559,[]
2026-06-10,12:19:35.339926,[]
2026-06-10,12:19:35.373293,[]
2026-06-10,12:19:35.406660,[]
2026-06-10,12:19:35.440027,[]
2026-06-10,12:19:35.473394,[]
2026-06-10,12:19:35.506761,[]
2026-06-10,12:19:35.540128,[]
2026-06-10,12:19:35.573495,[]
2026-06-10,12:19:35.606862,[]
2026-06-10,12:19:35.640229,[]
2026-06-10,12:19:35.673596,[]
2026-06-10,12:19:35.706963,[]
2026-06-10,12:19:35.740330,[]
2026-06-10,12:19:35.773697,[]
2026-06-10,12:19:35.807064,[]
2026-06-10,12:19:35.840431,[]
2026-06-10,12:19:35.873798,[]
2026-06-10,12:19:35.907165,[]
2026-06-10,12:19:35.940532,[]
2026-06-10,12:19:35.973899,[]
2026-06-10,12:19:36.007266,[]
2026-06-10,12:19:36.040633,[]
2026-06-10,12:19:36.074000,[]
2026-06-10,12:19:36.107367,[]
2026-06-10,12:19:36.140734,[]
2026-06-10,12:19:36.174101,[]
2026-06-10,12:19:36.207468,[]
2026-06-10,12:19:36.240835,[]
2026-06-10,12:19:36.274202,[]
2026-06-10,12:19:36.307569,[]
2026-06-10,12:19:36.340936,[]
2026-06-10,12:19:36.374303,[]
2026-06-10,12:19:36.407670,[]
2026-06-10,12:19:36.441037,[]
2026-06-10,12:19:36.474404,[]
2026-06-10,12:19:36.507771,[]
2026-06-10,12:19:36.541138,[]
2026-06-10,12:19:36.574505,[]
2026-06-10,12:19:36.607872,[]
2026-06-10,12:19:36.641239,[]
2026-06-10,12:19:36.674606,[]
2026-06-10,12:19:36.707973,[]
2026-06-10,12:19:36.741340,[]
2026-06-10,12:19:36.774707,[]
2026-06-10,12:19:36.808074,[]
2026-06-10,12:19:36.841441,[]
2026-06-10,12:19:36.874808,[]
2026-06-10,12:19:36.908175,[]
2026-06-10,12:19:36.941542,[]
2026-06-10,12:19:36.974909,[]
2026-06-10,12:19:37.008276,[]
2026-06-10,12:19:37.041643,[]
2026-06-10,12:19:37.075010,[]
2026-06-10,12:19:37.108377,[]
2026-06-10,12:19:37.141744,[]
2026-06-10,12:19:37.175111,[]
2026-06-10,12:19:37.208478,[]
2026-06-10,12:19:37.241845,[]
2026-06-10,12:19:37.275212,[]
2026-06-10,12:19:37.308579,[]
2026-06-10,12:19:37.341946,[]
2026-06-10,12:19:37.375313,[]
2026-06-10,12:19:37.408680,[]
2026-06-10,12:19:37.442047,[]
2026-06-10,12:19:37.475414,[]
2026-06-10,12:19:37.508781,[]
2026-06-10,12:19:37.542148,[]
2026-06-10,12:19:37.575515,[]
2026-06-10,12:19:37.608882,[]
2026-06-10,12:19:37.642249,[]
2026-06-10,12:19:37.675616,[]
2026-06-10,12:19:37.708983,[]
2026-06-10,12:19:37.742350,[]
2026-06-10,12:19:37.775717,[]
2026-06-10,12:19:37.809084,[]
2026-06-10,12:19:37.842451,[]
2026-06-10,12:19:37.875818,[]
2026-06-10,12:19:37.909185,[]
2026-06-10,12:19:37.942552,[]
2026-06-10,12:19:37.975919,[]
2026-06-10,12:19:38.009286,[]
2026-06-10,12:19:38.042653,[]
2026-06-10,12:19:38.076020,[]
2026-06-10,12:19:38.109387,[]
2026-06-10,12:19:38.142754,[]
2026-06-10,12:19:38.176121,[]
2026-06-10,12:19:38.209488,[]
2026-06-10,12:19:38.242855,[]
2026-06-10,12:19:38.276222,[]
2026-06-10,12:19:38.309589,[]
2026-06-10,12:19:38.342956,[]
2026-06-10,12:19:38.376323,[]
2026-06-10,12:19:38.409690,[]
2026-06-10,12:19:38.443057,[]
2026-06-10,12:19:38.476424,[]
2026-06-10,12:19:38.509791,[]
2026-06-10,12:19:38.543158,[]
2026-06-10,12:19:38.576525,[]
2026-06-10,12:19:38.609892,[]
2026-06-10,12:19:38.643259,[]
2026-06-10,12:19:38.676626,[]
2026-06-10,12:19:38.709993,[]
2026-06-10,12:19:38.743360,[]
2026-06-10,12:19:38.776727,[]
2026-06-10,12:19:38.810094,[]
2026-06-10,12:19:38.843461,[]
2026-06-10,12:19:38.876828,[]
2026-06-10,12:19:38.910195,[]
2026-06-10,12:19:38.943562,[]
2026-06-10,12:19:38.976929,[]
2026-06-10,12:19:39.010296,[]
2026-06-10,12:19:39.043663,[]
2026-06-10,12:19:39.077030,[]
2026-06-10,12:19:39.110397,[]
2026-06-10,12:19:39.143764,[]
2026-06-10,12:19:39.177131,[]
2026-06-10,12:19:39.210498,[]
2026-06-10,12:19:39.243865,[]
2026-06-10,12:19:39.277232,[]
2026-06-10,12:19:39.310599,[]
2026-06-10,12:19:39.343966,[]
2026-06-10,12:19:39.377333,[]
2026-06-10,12:19:39.410700,[]
2026-06-10,12:19:39.444067,[]
2026-06-10,12:19:39.477434,[]
2026-06-10,12:19:39.510801,[]
2026-06-10,12:19:39.544168,[]
2026-06-10,12:19:39.577535,[]
2026-06-10,12:19:39.610902,[]
2026-06-10,12:19:39.644269,[]
2026-06-10,12:19:39.677636,[]
2026-06-10,12:19:39.711003,[]
2026-06-10,12:19:39.744370,[]
2026-06-10,12:19:39.777737,[]
2026-06-10,12:19:39.811104,[]
2026-06-10,12:19:39.844471,[]
2026-06-10,12:19:39.877838,[]
2026-06-10,12:19:39.911205,[]
2026-06-10,12:19:39.944572,[]
2026-06-10,12:19:39.977939,[]
2026-06-10,12:19:40.011306,[]
2026-06-10,12:19:40.044673,[]
2026-06-10,12:19:40.078040,[]
2026-06-10,12:19:40.111407,[]
2026-06-10,12:19:40.144774,[]
2026-06-10,12:19:40.178141,[]
2026-06-10,12:19:40.211508,[]
2026-06-10,12:19:40.244875,[]
2026-06-10,12:19:40.278242,[]
2026-06-10,12:19:40.311609,[]
2026-06-10,12:19:40.344976,[]
2026-06-10,12:19:40.378343,[]
2026-06-10,12:19:40.411710,[]
2026-06-10,12:19:40.445077,[]
2026-06-10,12:19:40.478444,[]
2026-06-10,12:19:40.511811,[]
2026-06-10,12:19:40.545178,[]
2026-06-10,12:19:40.578545,[]
2026-06-10,12:19:40.611912,[]
2026-06-10,12:19:40.645279,[]
2026-06-10,12:19:40.678646,[]
2026-06-10,12:19:40.712013,[]
2026-06-10,12:19:40.745380,[]
2026-06-10,12:19:40.778747,[]
2026-06-10,12:19:40.812114,[]
2026-06-10,12:19:40.845481,[]
2026-06-10,12:19:40.878848,[]
2026-06-10,12:19:40.912215,[]
2026-06-10,12:19:40.945582,[]
2026-06-10,12:19:40.978949,[]
2026-06-10,12:19:41.012316,[]
2026-06-10,12:19:41.045683,[]
2026-06-10,12:19:41.079050,[]
2026-06-10,12:19:41.112417,[]
2026-06-10,12:19:41.145784,[]
2026-06-10,12:19:41.179151,[]
2026-06-10,12:19:41.212518,[]
2026-06-10,12:19:41.245885,[]
2026-06-10,12:19:41.279252,[]
2026-06-10,12:19:41.312619,[]
2026-06-10,12:19:41.345986,[]
2026-06-10,12:19:41.379353,[]
2026-06-10,12:19:41.412720,[]
2026-06-10,12:19:41.446087,[]
2026-06-10,12:19:41.479454,[]
2026-06-10,12:19:41.512821,[]
2026-06-10,12:19:41.546188,[]
2026-06-10,12:19:41.579555,[]
2026-06-10,12:19:41.612922,[]
2026-06-10,12:19:41.646289,[]
2026-06-10,12:19:41.679656,[]
2026-06-10,12:19:41.713023,[]
2026-06-10,12:19:41.746390,[]
2026-06-10,12:19:41.779757,[]
2026-06-10,12:19:41.813124,[]
2026-06-10,12:19:41.846491,[]
2026-06-10,12:19:41.879858,[]
2026-06-10,12:19:41.913225,[]
2026-06-10,12:19:41.946592,[]
2026-06-10,12:19:41.979959,[]
2026-06-10,12:19:42.013326,[]
2026-06-10,12:19:42.046693,[]
2026-06-10,12:19:42.080060,[]
2026-06-10,12:19:42.113427,[]
2026-06-10,12:19:42.146794,[]
2026-06-10,12:19:42.180161,[]
2026-06-10,12:19:42.213528,[]
2026-06-10,12:19:42.246895,[]
2026-06-10,12:19:42.280262,[]
2026-06-10,12:19:42.313629,[]
2026-06-10,12:19:42.346996,[]
2026-06-10,12:19:42.380363,[]
2026-06-10,12:19:42.413730,[]
2026-06-10,12:19:42.447097,[]
2026-06-10,12:19:42.480464,[]
2026-06-10,12:19:42.513831,[]
2026-06-10,12:19:42.547198,[]
2026-06-10,12:19:42.580565,[]
2026-06-10,12:19:42.613932,[]
2026-06-10,12:19:42.647299,[]
2026-06-10,12:19:42.680666,[]
2026-06-10,12:19:42.714033,[]
2026-06-10,12:19:42.747400,[]
2026-06-10,12:19:42.780767,[]
2026-06-10,12:19:42.814134,[]
2026-06-10,12:19:42.847501,[]
2026-06-10,12:19:42.880868,[]
2026-06-10,12:19:42.914235,[]
2026-06-10,12:19:42.947602,[]
2026-06-10,12:19:42.980969,[]
2026-06-10,12:19:43.014336,[]
2026-06-10,12:19:43.047703,[]
2026-06-10,12:19:43.081070,[]
2026-06-10,12:19:43.114437,[]
2026-06-10,12:19:43.147804,[]
2026-06-10,12:19:43.181171,[]
2026-06-10,12:19:43.214538,[]
2026-06-10,12:19:43.247905,[]
2026-06-10,12:19:43.281272,[]
2026-06-10,12:19:43.314639,[]
2026-06-10,12:19:43.348006,[]
2026-06-10,12:19:43.381373,[]
2026-06-10,12:19:43.414740,[]
2026-06-10,12:19:43.448107,[]
2026-06-10,12:19:43.481474,[]
2026-06-10,12:19:43.514841,[]
2026-06-10,12:19:43.548208,[]
2026-06-10,12:19:43.581575,[]
2026-06-10,12:19:43.614942,[]
2026-06-10,12:19:43.648309,[]
2026-06-10,12:19:43.681676,[]
2026-06-10,12:19:43.715043,[]
2026-06-10,12:19:43.748410,[]
2026-06-10,12:19:43.781777,[]
2026-06-10,12:19:43.815144,[]
2026-06-10,12:19:43.848511,[]
2026-06-10,12:19:43.881878,[]
2026-06-10,12:19:43.915245,[]
2026-06-10,12:19:43.948612,[]
2026-06-10,12:19:43.981979,[]
2026-06-10,12:19:44.015346,[]
2026-06-10,12:19:44.048713,[]
2026-06-10,12:19:44.082080,[]
2026-06-10,12:19:44.115447,[]
2026-06-10,12:19:44.148814,[]
2026-06-10,12:19:44.182181,[]
2026-06-10,12:19:44.215548,[]
2026-06-10,12:19:44.248915,[]
2026-06-10,12:19:44.282282,[]
2026-06-10,12:19:44.315649,[]
2026-06-10,12:19:44.349016,[]
2026-06-10,12:19:44.382383,[]
2026-06-10,12:19:44.415750,[]
2026-06-10,12:19:44.449117,[]
2026-06-10,12:19:44.482484,[]
2026-06-10,12:19:44.515851,[]
2026-06-10,12:19:44.549218,[]
2026-06-10,12:19:44.582585,[]
2026-06-10,12:19:44.615952,[]
2026-06-10,12:19:44.649319,[]
2026-06-10,12:19:44.682686,[]
2026-06-10,12:19:44.716053,[]
2026-06-10,12:19:44.749420,[]
2026-06-10,12:19:44.782787,[]
2026-06-10,12:19:44.816154,[]
2026-06-10,12:19:44.849521,[]
2026-06-10,12:19:44.882888,[]
2026-06-10,12:19:44.916255,[]
2026-06-10,12:19:44.949622,[]
2026-06-10,12:19:44.982989,[]
2026-06-10,12:19:45.016356,[]
2026-06-10,12:19:45.049723,[]
2026-06-10,12:19:45.083090,[]
2026-06-10,12:19:45.116457,[]
2026-06-10,12:19:45.149824,[]
2026-06-10,12:19:45.183191,[]
2026-06-10,12:19:45.216558,[]
2026-06-10,12:19:45.249925,[]
2026-06-10,12:19:45.283292,[]
2026-06-10,12:19:45.316659,[]
2026-06-10,12:19:45.350026,[]
2026-06-10,12:19:45.383393,[]
2026-06-10,12:19:45.416760,[]
2026-06-10,12:19:45.450127,[]
2026-06-10,12:19:45.483494,[]
2026-06-10,12:19:45.516861,[]
2026-06-10,12:19:45.550228,[]
2026-06-10,12:19:45.583595,[]
2026-06-10,12:19:45.616962,[]
2026-06-10,12:19:45.650329,[]
2026-06-10,12:19:45.683696,[]
2026-06-10,12:19:45.717063,[]
2026-06-10,12:19:45.750430,[]
2026-06-10,12:19:45.783797,[]
2026-06-10,12:19:45.817164,[]
2026-06-10,12:19:45.850531,[]
2026-06-10,12:19:45.883898,[]
2026-06-10,12:19:45.917265,[]
2026-06-10,12:19:45.950632,[]
2026-06-10,12:19:45.983999,[]
2026-06-10,12:19:46.017366,[]
2026-06-10,12:19:46.050733,[]
2026-06-10,12:19:46.084100,[]
2026-06-10,12:19:46.117467,[]
2026-06-10,12:19:46.150834,[]
2026-06-10,12:19:46.184201,[]
2026-06-10,12:19:46.217568,[]
2026-06-10,12:19:46.250935,[]
2026-06-10,12:19:46.284302,[]
2026-06-10,12:19:46.317669,[]
2026-06-10,12:19:46.351036,[]
2026-06-10,12:19:46.384403,[]
2026-06-10,12:19:46.417770,[]
2026-06-10,12:19:46.451137,[]
2026-06-10,12:19:46.484504,[]
2026-06-10,12:19:46.517871,[]
2026-06-10,12:19:46.551238,[]
2026-06-10,12:19:46.584605,[]
2026-06-10,12:19:46.617972,[]
2026-06-10,12:19:46.651339,[]
2026-06-10,12:19:46.684706,[]
2026-06-10,12:19:46.718073,[]
2026-06-10,12:19:46.751440,[]
2026-06-10,12:19:46.784807,[]
2026-06-10,12:19:46.818174,[]
2026-06-10,12:19:46.851541,[]
2026-06-10,12:19:46.884908,[]
2026-06-10,12:19:46.918275,[]
2026-06-10,12:19:46.951642,[]
2026-06-10,12:19:46.985009,[]
2026-06-10,12:19:47.018376,[]
2026-06-10,12:19:47.051743,[]
2026-06-10,12:19:47.085110,[]
2026-06-10,12:19:47.118477,[]
2026-06-10,12:19:47.151844,[]
2026-06-10,12:19:47.185211,[]
2026-06-10,12:19:47.218578,[]
2026-06-10,12:19:47.251945,[]
2026-06-10,12:19:47.285312,[]
2026-06-10,12:19:47.318679,[]
2026-06-10,12:19:47.352046,[]
2026-06-10,12:19:47.385413,[]
2026-06-10,12:19:47.418780,[]
2026-06-10,12:19:47.452147,[]
2026-06-10,12:19:47.485514,[]
2026-06-10,12:19:47.518881,[]
2026-06-10,12:19:47.552248,[]
2026-06-10,12:19:47.585615,[]
2026-06-10,12:19:47.618982,[]
2026-06-10,12:19:47.652349,[]
2026-06-10,12:19:47.685716,[]
2026-06-10,12:19:47.719083,[]
2026-06-10,12:19:47.752450,[]
2026-06-10,12:19:47.785817,[]
2026-06-10,12:19:47.819184,[]
2026-06-10,12:19:47.852551,[]
2026-06-10,12:19:47.885918,[]
2026-06-10,12:19:47.919285,[]
2026-06-10,12:19:47.952652,[]
2026-06-10,12:19:47.986019,[]
2026-06-10,12:19:48.019386,[]
2026-06-10,12:19:48.052753,[]
2026-06-10,12:19:48.086120,[]
2026-06-10,12:19:48.119487,[]
2026-06-10,12:19:48.152854,[]
2026-06-10,12:19:48.186221,[]
2026-06-10,12:19:48.219588,[]
2026-06-10,12:19:48.252955,[]
2026-06-10,12:19:48.286322,[]
2026-06-10,12:19:48.319689,[]
2026-06-10,12:19:48.353056,[]
2026-06-10,12:19:48.386423,[]
2026-06-10,12:19:48.419790,[]
2026-06-10,12:19:48.453157,[]
2026-06-10,12:19:48.486524,[]
2026-06-10,12:19:48.519891,[]
2026-06-10,12:19:48.553258,[]
2026-06-10,12:19:48.586625,[]
2026-06-10,12:19:48.619992,[]
2026-06-10,12:19:48.653359,[]
2026-06-10,12:19:48.686726,[]
2026-06-10,12:19:48.720093,[]
2026-06-10,12:19:48.753460,[]
2026-06-10,12:19:48.786827,[]
2026-06-10,12:19:48.820194,[]
2026-06-10,12:19:48.853561,[]
2026-06-10,12:19:48.886928,[]
2026-06-10,12:19:48.920295,[]
2026-06-10,12:19:48.953662,[]
2026-06-10,12:19:48.987029,[]
2026-06-10,12:19:49.020396,[]
2026-06-10,12:19:49.053763,[]
2026-06-10,12:19:49.087130,[]
2026-06-10,12:19:49.120497,[]
2026-06-10,12:19:49.153864,[]
2026-06-10,12:19:49.187231,[]
2026-06-10,12:19:49.220598,[]
2026-06-10,12:19:49.253965,[]
2026-06-10,12:19:49.287332,[]
2026-06-10,12:19:49.320699,[]
2026-06-10,12:19:49.354066,[]
2026-06-10,12:19:49.387433,[]
2026-06-10,12:19:49.420800,[]
2026-06-10,12:19:49.454167,[]
2026-06-10,12:19:49.487534,[]
2026-06-10,12:19:49.520901,[]
2026-06-10,12:19:49.554268,[]
2026-06-10,12:19:49.587635,[]
2026-06-10,12:19:49.621002,[]
2026-06-10,12:19:49.654369,[]
2026-06-10,12:19:49.687736,[]
2026-06-10,12:19:49.721103,[]
2026-06-10,12:19:49.754470,[]
2026-06-10,12:19:49.787837,[]
2026-06-10,12:19:49.821204,[]
2026-06-10,12:19:49.854571,[]
2026-06-10,12:19:49.887938,[]
2026-06-10,12:19:49.921305,[]
2026-06-10,12:19:49.954672,[]
2026-06-10,12:19:49.988039,[]
2026-06-10,12:19:50.021406,[]
2026-06-10,12:19:50.054773,[]
2026-06-10,12:19:50.088140,[]
2026-06-10,12:19:50.121507,[]
2026-06-10,12:19:50.154874,[]
2026-06-10,12:19:50.188241,[]
2026-06-10,12:19:50.221608,[]
2026-06-10,12:19:50.254975,[]
2026-06-10,12:19:50.288342,[]
2026-06-10,12:19:50.321709,[]
2026-06-10,12:19:50.355076,[]
2026-06-10,12:19:50.388443,[]
2026-06-10,12:19:50.421810,[]
2026-06-10,12:19:50.455177,[]
2026-06-10,12:19:50.488544,[]
2026-06-10,12:19:50.521911,[]
2026-06-10,12:19:50.555278,[]
2026-06-10,12:19:50.588645,[]
2026-06-10,12:19:50.622012,[]
2026-06-10,12:19:50.655379,[]
2026-06-10,12:19:50.688746,[]
2026-06-10,12:19:50.722113,[]
2026-06-10,12:19:50.755480,[]
2026-06-10,12:19:50.788847,[]
2026-06-10,12:19:50.822214,[]
2026-06-10,12:19:50.855581,[]
2026-06-10,12:19:50.888948,[]
2026-06-10,12:19:50.922315,[]
2026-06-10,12:19:50.955682,[]
2026-06-10,12:19:50.989049,[]
2026-06-10,12:19:51.022416,[]
2026-06-10,12:19:51.055783,[]
2026-06-10,12:19:51.089150,[]
2026-06-10,12:19:51.122517,[]
2026-06-10,12:19:51.155884,[]
2026-06-10,12:19:51.189251,[]
2026-06-10,12:19:51.222618,[]
2026-06-10,12:19:51.255985,[]
2026-06-10,12:19:51.289352,[]
2026-06-10,12:19:51.322719,[]
2026-06-10,12:19:51.356086,[]
2026-06-10,12:19:51.389453,[]
2026-06-10,12:19:51.422820,[]
2026-06-10,12:19:51.456187,[]
2026-06-10,12:19:51.489554,[]
2026-06-10,12:19:51.522921,[]
2026-06-10,12:19:51.556288,[]
2026-06-10,12:19:51.589655,[]
2026-06-10,12:19:51.623022,[]
2026-06-10,12:19:51.656389,[]
2026-06-10,12:19:51.689756,[]
2026-06-10,12:19:51.723123,[]
2026-06-10,12:19:51.756490,[]
2026-06-10,12:19:51.789857,[]
2026-06-10,12:19:51.823224,[]
2026-06-10,12:19:51.856591,[]
2026-06-10,12:19:51.889958,[]
2026-06-10,12:19:51.923325,[]
2026-06-10,12:19:51.956692,[]
2026-06-10,12:19:51.990059,[]
2026-06-10,12:19:52.023426,[]
2026-06-10,12:19:52.056793,[]
2026-06-10,12:19:52.090160,[]
2026-06-10,12:19:52.123527,[]
2026-06-10,12:19:52.156894,[]
2026-06-10,12:19:52.190261,[]
2026-06-10,12:19:52.223628,[]
2026-06-10,12:19:52.256995,[]
2026-06-10,12:19:52.290362,[]
2026-06-10,12:19:52.323729,[]
2026-06-10,12:19:52.357096,[]
2026-06-10,12:19:52.390463,[]
2026-06-10,12:19:52.423830,[]
2026-06-10,12:19:52.457197,['DH30609']
2026-06-10,12:19:52.490564,[]
2026-06-10,12:19:52.523931,[]
2026-06-10,12:19:52.557298,[]
2026-06-10,12:19:52.590665,[]
2026-06-10,12:19:52.624032,[]
2026-06-10,12:19:52.657399,[]
2026-06-10,12:19:52.690766,[]
2026-06-10,12:19:52.724133,[]
2026-06-10,12:19:52.757500,[]
2026-06-10,12:19:52.790867,[]
2026-06-10,12:19:52.824234,[]
2026-06-10,12:19:52.857601,[]
2026-06-10,12:19:52.890968,[]
2026-06-10,12:19:52.924335,[]
2026-06-10,12:19:52.957702,[]
2026-06-10,12:19:52.991069,[]
2026-06-10,12:19:53.024436,[]
2026-06-10,12:19:53.057803,[]
2026-06-10,12:19:53.091170,[]
2026-06-10,12:19:53.124537,[]
2026-06-10,12:19:53.157904,[]
2026-06-10,12:19:53.191271,[]
2026-06-10,12:19:53.224638,[]
2026-06-10,12:19:53.258005,[]
2026-06-10,12:19:53.291372,[]
2026-06-10,12:19:53.324739,[]
2026-06-10,12:19:53.358106,[]
2026-06-10,12:19:53.391473,[]
2026-06-10,12:19:53.424840,[]
2026-06-10,12:19:53.458207,[]
2026-06-10,12:19:53.491574,[]
2026-06-10,12:19:53.524941,[]
2026-06-10,12:19:53.558308,[]
2026-06-10,12:19:53.591675,[]
2026-06-10,12:19:53.625042,[]
2026-06-10,12:19:53.658409,[]
2026-06-10,12:19:53.691776,[]
2026-06-10,12:19:53.725143,[]
2026-06-10,12:19:53.758510,[]
2026-06-10,12:19:53.791877,[]
2026-06-10,12:19:53.825244,[]
2026-06-10,12:19:53.858611,[]
2026-06-10,12:19:53.891978,[]
2026-06-10,12:19:53.925345,[]
2026-06-10,12:19:53.958712,[]
2026-06-10,12:19:53.992079,[]
2026-06-10,12:19:54.025446,[]
2026-06-10,12:19:54.058813,[]
2026-06-10,12:19:54.092180,[]
2026-06-10,12:19:54.125547,[]
2026-06-10,12:19:54.158914,[]
2026-06-10,12:19:54.192281,[]
2026-06-10,12:19:54.225648,[]
2026-06-10,12:19:54.259015,[]
2026-06-10,12:19:54.292382,[]
2026-06-10,12:19:54.325749,[]
2026-06-10,12:19:54.359116,[]
2026-06-10,12:19:54.392483,[]
2026-06-10,12:19:54.425850,[]
2026-06-10,12:19:54.459217,[]
2026-06-10,12:19:54.492584,[]
2026-06-10,12:19:54.525951,[]
2026-06-10,12:19:54.559318,[]
2026-06-10,12:19:54.592685,[]
2026-06-10,12:19:54.626052,[]
2026-06-10,12:19:54.659419,[]
2026-06-10,12:19:54.692786,[]
2026-06-10,12:19:54.726153,[]
2026-06-10,12:19:54.759520,[]
2026-06-10,12:19:54.792887,[]
2026-06-10,12:19:54.826254,[]
2026-06-10,12:19:54.859621,[]
2026-06-10,12:19:54.892988,[]
2026-06-10,12:19:54.926355,[]
2026-06-10,12:19:54.959722,[]
2026-06-10,12:19:54.993089,[]
2026-06-10,12:19:55.026456,[]
2026-06-10,12:19:55.059823,[]
2026-06-10,12:19:55.093190,[]
2026-06-10,12:19:55.126557,[]
2026-06-10,12:19:55.159924,[]
2026-06-10,12:19:55.193291,[]
2026-06-10,12:19:55.226658,[]
2026-06-10,12:19:55.260025,[]
2026-06-10,12:19:55.293392,[]
2026-06-10,12:19:55.326759,[]
2026-06-10,12:19:55.360126,[]
2026-06-10,12:19:55.393493,[]
2026-06-10,12:19:55.426860,[]
2026-06-10,12:19:55.460227,[]
2026-06-10,12:19:55.493594,[]
2026-06-10,12:19:55.526961,[]
2026-06-10,12:19:55.560328,[]
2026-06-10,12:19:55.593695,[]
2026-06-10,12:19:55.627062,[]
2026-06-10,12:19:55.660429,[]
2026-06-10,12:19:55.693796,[]
2026-06-10,12:19:55.727163,[]
2026-06-10,12:19:55.760530,[]
2026-06-10,12:19:55.793897,[]
2026-06-10,12:19:55.827264,['EF90456']
2026-06-10,12:19:55.860631,['EF90456']
2026-06-10,12:19:55.893998,['EF90256']
2026-06-10,12:19:55.927365,[]
2026-06-10,12:19:55.960732,[]
2026-06-10,12:19:55.994099,[]
2026-06-10,12:19:56.027466,[]
2026-06-10,12:19:56.060833,[]
2026-06-10,12:19:56.094200,[]
2026-06-10,12:19:56.127567,[]
2026-06-10,12:19:56.160934,[]
2026-06-10,12:19:56.194301,[]
2026-06-10,12:19:56.227668,[]
2026-06-10,12:19:56.261035,[]
2026-06-10,12:19:56.294402,[]
2026-06-10,12:19:56.327769,[]
2026-06-10,12:19:56.361136,[]
2026-06-10,12:19:56.394503,[]
2026-06-10,12:19:56.427870,[]
2026-06-10,12:19:56.461237,[]
2026-06-10,12:19:56.494604,[]
2026-06-10,12:19:56.527971,[]
2026-06-10,12:19:56.561338,[]
2026-06-10,12:19:56.594705,[]
2026-06-10,12:19:56.628072,[]
2026-06-10,12:19:56.661439,[]
2026-06-10,12:19:56.694806,[]
2026-06-10,12:19:56.728173,[]
2026-06-10,12:19:56.761540,[]
2026-06-10,12:19:56.794907,[]
2026-06-10,12:19:56.828274,[]
2026-06-10,12:19:56.861641,[]
2026-06-10,12:19:56.895008,[]
2026-06-10,12:19:56.928375,[]
2026-06-10,12:19:56.961742,[]
2026-06-10,12:19:56.995109,[]
2026-06-10,12:19:57.028476,[]
2026-06-10,12:19:57.061843,[]
2026-06-10,12:19:57.095210,[]
2026-06-10,12:19:57.128577,[]
2026-06-10,12:19:57.161944,[]
2026-06-10,12:19:57.195311,[]
2026-06-10,12:19:57.228678,[]
2026-06-10,12:19:57.262045,[]
2026-06-10,12:19:57.295412,[]
2026-06-10,12:19:57.328779,[]
2026-06-10,12:19:57.362146,[]
2026-06-10,12:19:57.395513,[]
2026-06-10,12:19:57.428880,[]
2026-06-10,12:19:57.462247,[]
2026-06-10,12:19:57.495614,[]
2026-06-10,12:19:57.528981,[]
2026-06-10,12:19:57.562348,[]
2026-06-10,12:19:57.595715,[]
2026-06-10,12:19:57.629082,[]
2026-06-10,12:19:57.662449,[]
2026-06-10,12:19:57.695816,[]
2026-06-10,12:19:57.729183,[]
2026-06-10,12:19:57.762550,[]
2026-06-10,12:19:57.795917,[]
2026-06-10,12:19:57.829284,[]
2026-06-10,12:19:57.862651,[]
2026-06-10,12:19:57.896018,[]
2026-06-10,12:19:57.929385,[]
2026-06-10,12:19:57.962752,[]
2026-06-10,12:19:57.996119,['AK98927']
2026-06-10,12:19:58.029486,['AK98927']
2026-06-10,12:19:58.062853,['AK98927']
2026-06-10,12:19:58.096220,[]
2026-06-10,12:19:58.129587,[]
2026-06-10,12:19:58.162954,[]
2026-06-10,12:19:58.196321,[]
2026-06-10,12:19:58.229688,[]
2026-06-10,12:19:58.263055,[]
2026-06-10,12:19:58.296422,[]
2026-06-10,12:19:58.329789,[]
2026-06-10,12:19:58.363156,[]
2026-06-10,12:19:58.396523,[]
2026-06-10,12:19:58.429890,[]
2026-06-10,12:19:58.463257,[]
2026-06-10,12:19:58.496624,[]
2026-06-10,12:19:58.529991,[]
2026-06-10,12:19:58.563358,[]
2026-06-10,12:19:58.596725,[]
2026-06-10,12:19:58.630092,[]
2026-06-10,12:19:58.663459,[]
2026-06-10,12:19:58.696826,[]
2026-06-10,12:19:58.730193,[]
2026-06-10,12:19:58.763560,[]
2026-06-10,12:19:58.796927,[]
2026-06-10,12:19:58.830294,[]
2026-06-10,12:19:58.863661,[]
2026-06-10,12:19:58.897028,[]
2026-06-10,12:19:58.930395,[]
2026-06-10,12:19:58.963762,[]
2026-06-10,12:19:58.997129,[]
2026-06-10,12:19:59.030496,[]
2026-06-10,12:19:59.063863,[]
2026-06-10,12:19:59.097230,[]
2026-06-10,12:19:59.130597,[]
2026-06-10,12:19:59.163964,[]
2026-06-10,12:19:59.197331,[]
2026-06-10,12:19:59.230698,[]
2026-06-10,12:19:59.264065,[]
2026-06-10,12:19:59.297432,[]
2026-06-10,12:19:59.330799,[]
2026-06-10,12:19:59.364166,[]
2026-06-10,12:19:59.397533,[]
2026-06-10,12:19:59.430900,[]
2026-06-10,12:19:59.464267,[]
2026-06-10,12:19:59.497634,[]
2026-06-10,12:19:59.531001,[]
2026-06-10,12:19:59.564368,[]
2026-06-10,12:19:59.597735,[]
2026-06-10,12:19:59.631102,[]
2026-06-10,12:19:59.664469,[]
2026-06-10,12:19:59.697836,[]
2026-06-10,12:19:59.731203,[]
2026-06-10,12:19:59.764570,[]
2026-06-10,12:19:59.797937,[]
2026-06-10,12:19:59.831304,[]
2026-06-10,12:19:59.864671,[]
2026-06-10,12:19:59.898038,[]
2026-06-10,12:19:59.931405,[]
2026-06-10,12:19:59.964772,[]
2026-06-10,12:19:59.998139,[]
2026-06-10,12:20:00.031506,[]
2026-06-10,12:20:00.064873,[]
2026-06-10,12:20:00.098240,[]
2026-06-10,12:20:00.131607,[]
2026-06-10,12:20:00.164974,[]
2026-06-10,12:20:00.198341,[]
2026-06-10,12:20:00.231708,[]
2026-06-10,12:20:00.265075,[]
2026-06-10,12:20:00.298442,[]
2026-06-10,12:20:00.331809,[]
2026-06-10,12:20:00.365176,[]
2026-06-10,12:20:00.398543,[]
2026-06-10,12:20:00.431910,[]
2026-06-10,12:20:00.465277,[]
2026-06-10,12:20:00.498644,[]
2026-06-10,12:20:00.532011,[]
2026-06-10,12:20:00.565378,[]
2026-06-10,12:20:00.598745,[]
2026-06-10,12:20:00.632112,[]
2026-06-10,12:20:00.665479,[]
2026-06-10,12:20:00.698846,[]
2026-06-10,12:20:00.732213,[]
2026-06-10,12:20:00.765580,[]
2026-06-10,12:20:00.798947,[]
2026-06-10,12:20:00.832314,[]
2026-06-10,12:20:00.865681,[]
2026-06-10,12:20:00.899048,[]
2026-06-10,12:20:00.932415,[]
2026-06-10,12:20:00.965782,[]
2026-06-10,12:20:00.999149,[]
2026-06-10,12:20:01.032516,[]
2026-06-10,12:20:01.065883,[]
2026-06-10,12:20:01.099250,[]
2026-06-10,12:20:01.132617,[]
2026-06-10,12:20:01.165984,[]
2026-06-10,12:20:01.199351,[]
2026-06-10,12:20:01.232718,[]
2026-06-10,12:20:01.266085,[]
2026-06-10,12:20:01.299452,[]
2026-06-10,12:20:01.332819,[]
2026-06-10,12:20:01.366186,[]
2026-06-10,12:20:01.399553,[]
2026-06-10,12:20:01.432920,[]
2026-06-10,12:20:01.466287,[]
2026-06-10,12:20:01.499654,[]
2026-06-10,12:20:01.533021,[]
2026-06-10,12:20:01.566388,[]
2026-06-10,12:20:01.599755,[]
2026-06-10,12:20:01.633122,[]
2026-06-10,12:20:01.666489,[]
2026-06-10,12:20:01.699856,[]
2026-06-10,12:20:01.733223,[]
2026-06-10,12:20:01.766590,[]
2026-06-10,12:20:01.799957,[]
2026-06-10,12:20:01.833324,[]
2026-06-10,12:20:01.866691,[]
2026-06-10,12:20:01.900058,[]
2026-06-10,12:20:01.933425,[]
2026-06-10,12:20:01.966792,[]
2026-06-10,12:20:02.000159,[]
2026-06-10,12:20:02.033526,[]
2026-06-10,12:20:02.066893,[]
2026-06-10,12:20:02.100260,[]
2026-06-10,12:20:02.133627,[]
2026-06-10,12:20:02.166994,[]
2026-06-10,12:20:02.200361,[]
2026-06-10,12:20:02.233728,[]
2026-06-10,12:20:02.267095,[]
2026-06-10,12:20:02.300462,[]
2026-06-10,12:20:02.333829,[]
2026-06-10,12:20:02.367196,[]
2026-06-10,12:20:02.400563,[]
2026-06-10,12:20:02.433930,[]
2026-06-10,12:20:02.467297,[]
2026-06-10,12:20:02.500664,[]
2026-06-10,12:20:02.534031,[]
2026-06-10,12:20:02.567398,[]
2026-06-10,12:20:02.600765,[]
2026-06-10,12:20:02.634132,[]
2026-06-10,12:20:02.667499,[]
2026-06-10,12:20:02.700866,[]
2026-06-10,12:20:02.734233,[]
2026-06-10,12:20:02.767600,[]
2026-06-10,12:20:02.800967,[]
2026-06-10,12:20:02.834334,[]
2026-06-10,12:20:02.867701,[]
2026-06-10,12:20:02.901068,[]
2026-06-10,12:20:02.934435,[]
2026-06-10,12:20:02.967802,[]
2026-06-10,12:20:03.001169,[]
2026-06-10,12:20:03.034536,[]
2026-06-10,12:20:03.067903,[]
2026-06-10,12:20:03.101270,[]
2026-06-10,12:20:03.134637,[]
2026-06-10,12:20:03.168004,[]
2026-06-10,12:20:03.201371,[]
2026-06-10,12:20:03.234738,[]
2026-06-10,12:20:03.268105,[]
2026-06-10,12:20:03.301472,[]
2026-06-10,12:20:03.334839,[]
2026-06-10,12:20:03.368206,[]
2026-06-10,12:20:03.401573,[]
2026-06-10,12:20:03.434940,[]
2026-06-10,12:20:03.468307,[]
2026-06-10,12:20:03.501674,[]
2026-06-10,12:20:03.535041,[]
2026-06-10,12:20:03.568408,[]
2026-06-10,12:20:03.601775,[]
2026-06-10,12:20:03.635142,[]
2026-06-10,12:20:03.668509,[]
2026-06-10,12:20:03.701876,[]
2026-06-10,12:20:03.735243,[]
2026-06-10,12:20:03.768610,[]
2026-06-10,12:20:03.801977,[]
2026-06-10,12:20:03.835344,[]
2026-06-10,12:20:03.868711,[]
2026-06-10,12:20:03.902078,[]
2026-06-10,12:20:03.935445,[]
2026-06-10,12:20:03.968812,[]
2026-06-10,12:20:04.002179,[]
2026-06-10,12:20:04.035546,[]
2026-06-10,12:20:04.068913,[]
2026-06-10,12:20:04.102280,[]
2026-06-10,12:20:04.135647,[]
2026-06-10,12:20:04.169014,[]
2026-06-10,12:20:04.202381,[]
2026-06-10,12:20:04.235748,[]
2026-06-10,12:20:04.269115,[]
2026-06-10,12:20:04.302482,[]
2026-06-10,12:20:04.335849,[]
2026-06-10,12:20:04.369216,[]
2026-06-10,12:20:04.402583,[]
2026-06-10,12:20:04.435950,[]
2026-06-10,12:20:04.469317,[]
2026-06-10,12:20:04.502684,[]
2026-06-10,12:20:04.536051,[]
2026-06-10,12:20:04.569418,[]
2026-06-10,12:20:04.602785,[]
2026-06-10,12:20:04.636152,[]
2026-06-10,12:20:04.669519,[]
2026-06-10,12:20:04.702886,[]
2026-06-10,12:20:04.736253,[]
2026-06-10,12:20:04.769620,[]
2026-06-10,12:20:04.802987,[]
2026-06-10,12:20:04.836354,[]
2026-06-10,12:20:04.869721,[]
2026-06-10,12:20:04.903088,[]
2026-06-10,12:20:04.936455,[]
2026-06-10,12:20:04.969822,[]
2026-06-10,12:20:05.003189,[]
2026-06-10,12:20:05.036556,[]
2026-06-10,12:20:05.069923,[]
2026-06-10,12:20:05.103290,[]
2026-06-10,12:20:05.136657,[]
2026-06-10,12:20:05.170024,[]
2026-06-10,12:20:05.203391,[]
2026-06-10,12:20:05.236758,[]
2026-06-10,12:20:05.270125,[]
2026-06-10,12:20:05.303492,[]
2026-06-10,12:20:05.336859,[]
2026-06-10,12:20:05.370226,[]
2026-06-10,12:20:05.403593,[]
2026-06-10,12:20:05.436960,[]
2026-06-10,12:20:05.470327,[]
2026-06-10,12:20:05.503694,[]
2026-06-10,12:20:05.537061,[]
2026-06-10,12:20:05.570428,[]
2026-06-10,12:20:05.603795,[]
2026-06-10,12:20:05.637162,[]
2026-06-10,12:20:05.670529,[]
2026-06-10,12:20:05.703896,[]
2026-06-10,12:20:05.737263,[]
2026-06-10,12:20:05.770630,[]
2026-06-10,12:20:05.803997,[]
2026-06-10,12:20:05.837364,[]
2026-06-10,12:20:05.870731,[]
2026-06-10,12:20:05.904098,[]
2026-06-10,12:20:05.937465,[]
2026-06-10,12:20:05.970832,[]
2026-06-10,12:20:06.004199,[]
2026-06-10,12:20:06.037566,[]
2026-06-10,12:20:06.070933,[]
2026-06-10,12:20:06.104300,[]
2026-06-10,12:20:06.137667,[]
2026-06-10,12:20:06.171034,[]
2026-06-10,12:20:06.204401,[]
2026-06-10,12:20:06.237768,[]
2026-06-10,12:20:06.271135,[]
2026-06-10,12:20:06.304502,[]
2026-06-10,12:20:06.337869,[]
2026-06-10,12:20:06.371236,[]
2026-06-10,12:20:06.404603,[]
2026-06-10,12:20:06.437970,[]
2026-06-10,12:20:06.471337,[]
2026-06-10,12:20:06.504704,[]
2026-06-10,12:20:06.538071,[]
2026-06-10,12:20:06.571438,[]
2026-06-10,12:20:06.604805,[]
2026-06-10,12:20:06.638172,[]
2026-06-10,12:20:06.671539,[]
2026-06-10,12:20:06.704906,[]
2026-06-10,12:20:06.738273,[]
2026-06-10,12:20:06.771640,[]
2026-06-10,12:20:06.805007,[]
2026-06-10,12:20:06.838374,[]
2026-06-10,12:20:06.871741,[]
2026-06-10,12:20:06.905108,[]
2026-06-10,12:20:06.938475,[]
2026-06-10,12:20:06.971842,[]
2026-06-10,12:20:07.005209,[]
2026-06-10,12:20:07.038576,[]
2026-06-10,12:20:07.071943,[]
2026-06-10,12:20:07.105310,[]
2026-06-10,12:20:07.138677,[]
2026-06-10,12:20:07.172044,[]
2026-06-10,12:20:07.205411,[]
2026-06-10,12:20:07.238778,[]
2026-06-10,12:20:07.272145,[]
2026-06-10,12:20:07.305512,[]
2026-06-10,12:20:07.338879,[]
2026-06-10,12:20:07.372246,[]
2026-06-10,12:20:07.405613,[]
2026-06-10,12:20:07.438980,[]
2026-06-10,12:20:07.472347,[]
2026-06-10,12:20:07.505714,[]
2026-06-10,12:20:07.539081,[]
2026-06-10,12:20:07.572448,[]
2026-06-10,12:20:07.605815,[]
2026-06-10,12:20:07.639182,[]
2026-06-10,12:20:07.672549,[]
2026-06-10,12:20:07.705916,[]
2026-06-10,12:20:07.739283,[]
2026-06-10,12:20:07.772650,[]
2026-06-10,12:20:07.806017,[]
2026-06-10,12:20:07.839384,[]
2026-06-10,12:20:07.872751,[]
2026-06-10,12:20:07.906118,[]
2026-06-10,12:20:07.939485,[]
2026-06-10,12:20:07.972852,[]
2026-06-10,12:20:08.006219,[]
2026-06-10,12:20:08.039586,[]
2026-06-10,12:20:08.072953,[]
2026-06-10,12:20:08.106320,[]
2026-06-10,12:20:08.139687,[]
2026-06-10,12:20:08.173054,[]
2026-06-10,12:20:08.206421,[]
2026-06-10,12:20:08.239788,[]
2026-06-10,12:20:08.273155,[]
2026-06-10,12:20:08.306522,[]
2026-06-10,12:20:08.339889,[]
2026-06-10,12:20:08.373256,[]
2026-06-10,12:20:08.406623,[]
2026-06-10,12:20:08.439990,[]
2026-06-10,12:20:08.473357,[]
2026-06-10,12:20:08.506724,[]
2026-06-10,12:20:08.540091,[]
2026-06-10,12:20:08.573458,[]
2026-06-10,12:20:08.606825,[]
2026-06-10,12:20:08.640192,[]
2026-06-10,12:20:08.673559,[]
2026-06-10,12:20:08.706926,[]
2026-06-10,12:20:08.740293,[]
2026-06-10,12:20:08.773660,[]
2026-06-10,12:20:08.807027,[]
2026-06-10,12:20:08.840394,[]
2026-06-10,12:20:08.873761,[]
2026-06-10,12:20:08.907128,['EH66473']
2026-06-10,12:20:08.940495,['EM66473']
2026-06-10,12:20:08.973862,['EH66473']
2026-06-10,12:20:09.007229,['EM66473']
2026-06-10,12:20:09.040596,[]
2026-06-10,12:20:09.073963,[]
2026-06-10,12:20:09.107330,[]
2026-06-10,12:20:09.140697,[]
2026-06-10,12:20:09.174064,[]
2026-06-10,12:20:09.207431,[]
2026-06-10,12:20:09.240798,[]
2026-06-10,12:20:09.274165,[]
2026-06-10,12:20:09.307532,[]
2026-06-10,12:20:09.340899,[]
2026-06-10,12:20:09.374266,[]
2026-06-10,12:20:09.407633,[]
2026-06-10,12:20:09.441000,[]
2026-06-10,12:20:09.474367,[]
2026-06-10,12:20:09.507734,[]
2026-06-10,12:20:09.541101,[]
2026-06-10,12:20:09.574468,[]
2026-06-10,12:20:09.607835,[]
2026-06-10,12:20:09.641202,[]
2026-06-10,12:20:09.674569,[]
2026-06-10,12:20:09.707936,[]
2026-06-10,12:20:09.741303,[]
2026-06-10,12:20:09.774670,[]
2026-06-10,12:20:09.808037,[]
2026-06-10,12:20:09.841404,[]
2026-06-10,12:20:09.874771,[]
2026-06-10,12:20:09.908138,[]
2026-06-10,12:20:09.941505,[]
2026-06-10,12:20:09.974872,[]
2026-06-10,12:20:10.008239,[]
2026-06-10,12:20:10.041606,[]
2026-06-10,12:20:10.074973,[]
2026-06-10,12:20:10.108340,[]
2026-06-10,12:20:10.141707,[]
2026-06-10,12:20:10.175074,[]
2026-06-10,12:20:10.208441,[]
2026-06-10,12:20:10.241808,[]
2026-06-10,12:20:10.275175,[]
2026-06-10,12:20:10.308542,[]
2026-06-10,12:20:10.341909,[]
2026-06-10,12:20:10.375276,[]
2026-06-10,12:20:10.408643,[]
2026-06-10,12:20:10.442010,[]
2026-06-10,12:20:10.475377,[]
2026-06-10,12:20:10.508744,[]
2026-06-10,12:20:10.542111,[]
2026-06-10,12:20:10.575478,[]
2026-06-10,12:20:10.608845,[]
2026-06-10,12:20:10.642212,[]
2026-06-10,12:20:10.675579,[]
2026-06-10,12:20:10.708946,[]
2026-06-10,12:20:10.742313,[]
2026-06-10,12:20:10.775680,[]
2026-06-10,12:20:10.809047,[]
2026-06-10,12:20:10.842414,[]
2026-06-10,12:20:10.875781,[]
2026-06-10,12:20:10.909148,[]
2026-06-10,12:20:10.942515,[]
2026-06-10,12:20:10.975882,[]
2026-06-10,12:20:11.009249,[]
2026-06-10,12:20:11.042616,[]
2026-06-10,12:20:11.075983,[]
2026-06-10,12:20:11.109350,[]
2026-06-10,12:20:11.142717,[]
2026-06-10,12:20:11.176084,[]
2026-06-10,12:20:11.209451,[]
2026-06-10,12:20:11.242818,[]
2026-06-10,12:20:11.276185,[]
2026-06-10,12:20:11.309552,[]
2026-06-10,12:20:11.342919,[]
2026-06-10,12:20:11.376286,[]
2026-06-10,12:20:11.409653,[]
2026-06-10,12:20:11.443020,[]
2026-06-10,12:20:11.476387,[]
2026-06-10,12:20:11.509754,[]
2026-06-10,12:20:11.543121,[]
2026-06-10,12:20:11.576488,[]
2026-06-10,12:20:11.609855,[]
2026-06-10,12:20:11.643222,[]
2026-06-10,12:20:11.676589,[]
2026-06-10,12:20:11.709956,[]
2026-06-10,12:20:11.743323,[]
2026-06-10,12:20:11.776690,[]
2026-06-10,12:20:11.810057,[]
2026-06-10,12:20:11.843424,[]
2026-06-10,12:20:11.876791,[]
2026-06-10,12:20:11.910158,[]
2026-06-10,12:20:11.943525,[]
2026-06-10,12:20:11.976892,[]
2026-06-10,12:20:12.010259,[]
2026-06-10,12:20:12.043626,[]
2026-06-10,12:20:12.076993,[]
2026-06-10,12:20:12.110360,[]
2026-06-10,12:20:12.143727,[]
2026-06-10,12:20:12.177094,[]
2026-06-10,12:20:12.210461,[]
2026-06-10,12:20:12.243828,[]
2026-06-10,12:20:12.277195,[]
2026-06-10,12:20:12.310562,[]
2026-06-10,12:20:12.343929,[]
2026-06-10,12:20:12.377296,[]
2026-06-10,12:20:12.410663,[]
2026-06-10,12:20:12.444030,[]
2026-06-10,12:20:12.477397,[]
2026-06-10,12:20:12.510764,[]
2026-06-10,12:20:12.544131,[]
2026-06-10,12:20:12.577498,[]
2026-06-10,12:20:12.610865,[]
2026-06-10,12:20:12.644232,[]
2026-06-10,12:20:12.677599,[]
2026-06-10,12:20:12.710966,[]
2026-06-10,12:20:12.744333,[]
2026-06-10,12:20:12.777700,[]
2026-06-10,12:20:12.811067,[]
2026-06-10,12:20:12.844434,[]
2026-06-10,12:20:12.877801,[]
2026-06-10,12:20:12.911168,[]
2026-06-10,12:20:12.944535,[]
2026-06-10,12:20:12.977902,['BB98539']
2026-06-10,12:20:13.011269,['BB98539']
2026-06-10,12:20:13.044636,['BB98539']
2026-06-10,12:20:13.078003,[]
2026-06-10,12:20:13.111370,[]
2026-06-10,12:20:13.144737,[]
2026-06-10,12:20:13.178104,[]
2026-06-10,12:20:13.211471,[]
2026-06-10,12:20:13.244838,[]
2026-06-10,12:20:13.278205,[]
2026-06-10,12:20:13.311572,[]
2026-06-10,12:20:13.344939,[]
2026-06-10,12:20:13.378306,[]
2026-06-10,12:20:13.411673,[]
2026-06-10,12:20:13.445040,[]
2026-06-10,12:20:13.478407,[]
2026-06-10,12:20:13.511774,[]
2026-06-10,12:20:13.545141,[]
2026-06-10,12:20:13.578508,[]
2026-06-10,12:20:13.611875,[]
2026-06-10,12:20:13.645242,[]
2026-06-10,12:20:13.678609,[]
2026-06-10,12:20:13.711976,[]
2026-06-10,12:20:13.745343,[]
2026-06-10,12:20:13.778710,[]
2026-06-10,12:20:13.812077,[]
2026-06-10,12:20:13.845444,[]
2026-06-10,12:20:13.878811,[]
2026-06-10,12:20:13.912178,[]
2026-06-10,12:20:13.945545,[]
2026-06-10,12:20:13.978912,[]
2026-06-10,12:20:14.012279,[]
2026-06-10,12:20:14.045646,[]
2026-06-10,12:20:14.079013,[]
2026-06-10,12:20:14.112380,[]
2026-06-10,12:20:14.145747,[]
2026-06-10,12:20:14.179114,[]
2026-06-10,12:20:14.212481,[]
2026-06-10,12:20:14.245848,[]
2026-06-10,12:20:14.279215,[]
2026-06-10,12:20:14.312582,[]
2026-06-10,12:20:14.345949,[]
2026-06-10,12:20:14.379316,[]
2026-06-10,12:20:14.412683,[]
2026-06-10,12:20:14.446050,[]
2026-06-10,12:20:14.479417,[]
2026-06-10,12:20:14.512784,[]
2026-06-10,12:20:14.546151,[]
2026-06-10,12:20:14.579518,[]
2026-06-10,12:20:14.612885,[]
2026-06-10,12:20:14.646252,[]
2026-06-10,12:20:14.679619,[]
2026-06-10,12:20:14.712986,[]
2026-06-10,12:20:14.746353,[]
2026-06-10,12:20:14.779720,[]
2026-06-10,12:20:14.813087,[]
2026-06-10,12:20:14.846454,[]
2026-06-10,12:20:14.879821,[]
2026-06-10,12:20:14.913188,[]
2026-06-10,12:20:14.946555,[]
2026-06-10,12:20:14.979922,[]
2026-06-10,12:20:15.013289,[]
2026-06-10,12:20:15.046656,[]
2026-06-10,12:20:15.080023,[]
2026-06-10,12:20:15.113390,[]
2026-06-10,12:20:15.146757,[]
2026-06-10,12:20:15.180124,[]
2026-06-10,12:20:15.213491,[]
2026-06-10,12:20:15.246858,[]
2026-06-10,12:20:15.280225,[]
2026-06-10,12:20:15.313592,[]
2026-06-10,12:20:15.346959,[]
2026-06-10,12:20:15.380326,[]
2026-06-10,12:20:15.413693,[]
2026-06-10,12:20:15.447060,[]
2026-06-10,12:20:15.480427,[]
2026-06-10,12:20:15.513794,[]
2026-06-10,12:20:15.547161,[]
2026-06-10,12:20:15.580528,[]
2026-06-10,12:20:15.613895,[]
2026-06-10,12:20:15.647262,[]
2026-06-10,12:20:15.680629,[]
2026-06-10,12:20:15.713996,[]
2026-06-10,12:20:15.747363,[]
2026-06-10,12:20:15.780730,[]
2026-06-10,12:20:15.814097,[]
2026-06-10,12:20:15.847464,[]
2026-06-10,12:20:15.880831,[]
2026-06-10,12:20:15.914198,[]
2026-06-10,12:20:15.947565,[]
2026-06-10,12:20:15.980932,[]
2026-06-10,12:20:16.014299,[]
2026-06-10,12:20:16.047666,[]
2026-06-10,12:20:16.081033,[]
2026-06-10,12:20:16.114400,[]
2026-06-10,12:20:16.147767,[]
2026-06-10,12:20:16.181134,[]
2026-06-10,12:20:16.214501,[]
2026-06-10,12:20:16.247868,[]
2026-06-10,12:20:16.281235,[]
2026-06-10,12:20:16.314602,[]
2026-06-10,12:20:16.347969,[]
2026-06-10,12:20:16.381336,[]
2026-06-10,12:20:16.414703,[]
2026-06-10,12:20:16.448070,[]
2026-06-10,12:20:16.481437,[]
2026-06-10,12:20:16.514804,[]
2026-06-10,12:20:16.548171,[]
2026-06-10,12:20:16.581538,[]
2026-06-10,12:20:16.614905,[]
2026-06-10,12:20:16.648272,[]
2026-06-10,12:20:16.681639,[]
2026-06-10,12:20:16.715006,[]
2026-06-10,12:20:16.748373,[]
2026-06-10,12:20:16.781740,[]
2026-06-10,12:20:16.815107,[]
2026-06-10,12:20:16.848474,[]
2026-06-10,12:20:16.881841,[]
2026-06-10,12:20:16.915208,[]
2026-06-10,12:20:16.948575,[]
2026-06-10,12:20:16.981942,[]
2026-06-10,12:20:17.015309,[]
2026-06-10,12:20:17.048676,[]
2026-06-10,12:20:17.082043,[]
2026-06-10,12:20:17.115410,[]
2026-06-10,12:20:17.148777,[]
2026-06-10,12:20:17.182144,[]
2026-06-10,12:20:17.215511,[]
2026-06-10,12:20:17.248878,[]
2026-06-10,12:20:17.282245,[]
2026-06-10,12:20:17.315612,[]
2026-06-10,12:20:17.348979,[]
2026-06-10,12:20:17.382346,[]
2026-06-10,12:20:17.415713,[]
2026-06-10,12:20:17.449080,[]
2026-06-10,12:20:17.482447,[]
2026-06-10,12:20:17.515814,[]
2026-06-10,12:20:17.549181,[]
2026-06-10,12:20:17.582548,[]
2026-06-10,12:20:17.615915,[]
2026-06-10,12:20:17.649282,[]
2026-06-10,12:20:17.682649,[]
2026-06-10,12:20:17.716016,[]
2026-06-10,12:20:17.749383,[]
2026-06-10,12:20:17.782750,[]
2026-06-10,12:20:17.816117,[]
2026-06-10,12:20:17.849484,[]
2026-06-10,12:20:17.882851,[]
2026-06-10,12:20:17.916218,[]
2026-06-10,12:20:17.949585,[]
2026-06-10,12:20:17.982952,[]
2026-06-10,12:20:18.016319,[]
2026-06-10,12:20:18.049686,[]
2026-06-10,12:20:18.083053,[]
2026-06-10,12:20:18.116420,[]
2026-06-10,12:20:18.149787,[]
2026-06-10,12:20:18.183154,[]
2026-06-10,12:20:18.216521,[]
2026-06-10,12:20:18.249888,[]
2026-06-10,12:20:18.283255,[]
2026-06-10,12:20:18.316622,[]
2026-06-10,12:20:18.349989,[]
2026-06-10,12:20:18.383356,[]
2026-06-10,12:20:18.416723,[]
2026-06-10,12:20:18.450090,[]
2026-06-10,12:20:18.483457,[]
2026-06-10,12:20:18.516824,[]
2026-06-10,12:20:18.550191,[]
2026-06-10,12:20:18.583558,[]
2026-06-10,12:20:18.616925,[]
2026-06-10,12:20:18.650292,[]
2026-06-10,12:20:18.683659,[]
2026-06-10,12:20:18.717026,[]
2026-06-10,12:20:18.750393,[]
2026-06-10,12:20:18.783760,[]
2026-06-10,12:20:18.817127,[]
2026-06-10,12:20:18.850494,[]
2026-06-10,12:20:18.883861,[]
2026-06-10,12:20:18.917228,[]
2026-06-10,12:20:18.950595,[]
2026-06-10,12:20:18.983962,[]
2026-06-10,12:20:19.017329,[]
2026-06-10,12:20:19.050696,[]
2026-06-10,12:20:19.084063,[]
2026-06-10,12:20:19.117430,[]
2026-06-10,12:20:19.150797,[]
2026-06-10,12:20:19.184164,[]
2026-06-10,12:20:19.217531,[]
2026-06-10,12:20:19.250898,[]
2026-06-10,12:20:19.284265,[]
2026-06-10,12:20:19.317632,[]
2026-06-10,12:20:19.350999,[]
2026-06-10,12:20:19.384366,[]
2026-06-10,12:20:19.417733,[]
2026-06-10,12:20:19.451100,[]
2026-06-10,12:20:19.484467,[]
2026-06-10,12:20:19.517834,[]
2026-06-10,12:20:19.551201,[]
2026-06-10,12:20:19.584568,[]
2026-06-10,12:20:19.617935,[]
2026-06-10,12:20:19.651302,[]
2026-06-10,12:20:19.684669,[]
2026-06-10,12:20:19.718036,[]
2026-06-10,12:20:19.751403,[]
2026-06-10,12:20:19.784770,[]
2026-06-10,12:20:19.818137,[]
2026-06-10,12:20:19.851504,[]
2026-06-10,12:20:19.884871,[]
2026-06-10,12:20:19.918238,[]
2026-06-10,12:20:19.951605,[]
2026-06-10,12:20:19.984972,[]
2026-06-10,12:20:20.018339,[]
2026-06-10,12:20:20.051706,[]
2026-06-10,12:20:20.085073,[]
2026-06-10,12:20:20.118440,[]
2026-06-10,12:20:20.151807,[]
2026-06-10,12:20:20.185174,[]
2026-06-10,12:20:20.218541,[]
2026-06-10,12:20:20.251908,[]
2026-06-10,12:20:20.285275,[]
2026-06-10,12:20:20.318642,[]
2026-06-10,12:20:20.352009,[]
2026-06-10,12:20:20.385376,[]
2026-06-10,12:20:20.418743,[]
2026-06-10,12:20:20.452110,[]
2026-06-10,12:20:20.485477,[]
2026-06-10,12:20:20.518844,[]
2026-06-10,12:20:20.552211,[]
2026-06-10,12:20:20.585578,[]
2026-06-10,12:20:20.618945,[]
2026-06-10,12:20:20.652312,[]
2026-06-10,12:20:20.685679,[]
2026-06-10,12:20:20.719046,[]
2026-06-10,12:20:20.752413,[]
2026-06-10,12:20:20.785780,[]
2026-06-10,12:20:20.819147,[]
2026-06-10,12:20:20.852514,[]
2026-06-10,12:20:20.885881,[]
2026-06-10,12:20:20.919248,[]
2026-06-10,12:20:20.952615,[]
2026-06-10,12:20:20.985982,[]
2026-06-10,12:20:21.019349,[]
2026-06-10,12:20:21.052716,[]
2026-06-10,12:20:21.086083,[]
2026-06-10,12:20:21.119450,[]
2026-06-10,12:20:21.152817,[]
2026-06-10,12:20:21.186184,[]
2026-06-10,12:20:21.219551,[]
2026-06-10,12:20:21.252918,[]
2026-06-10,12:20:21.286285,[]
2026-06-10,12:20:21.319652,[]
2026-06-10,12:20:21.353019,[]
2026-06-10,12:20:21.386386,[]
2026-06-10,12:20:21.419753,[]
2026-06-10,12:20:21.453120,[]
2026-06-10,12:20:21.486487,[]
2026-06-10,12:20:21.519854,[]
2026-06-10,12:20:21.553221,[]
2026-06-10,12:20:21.586588,[]
2026-06-10,12:20:21.619955,[]
2026-06-10,12:20:21.653322,[]
2026-06-10,12:20:21.686689,[]
2026-06-10,12:20:21.720056,[]
2026-06-10,12:20:21.753423,[]
2026-06-10,12:20:21.786790,[]
2026-06-10,12:20:21.820157,[]
2026-06-10,12:20:21.853524,[]
2026-06-10,12:20:21.886891,[]
2026-06-10,12:20:21.920258,[]
2026-06-10,12:20:21.953625,[]
2026-06-10,12:20:21.986992,[]
2026-06-10,12:20:22.020359,[]
2026-06-10,12:20:22.053726,[]
2026-06-10,12:20:22.087093,[]
2026-06-10,12:20:22.120460,[]
2026-06-10,12:20:22.153827,[]
2026-06-10,12:20:22.187194,[]
2026-06-10,12:20:22.220561,[]
2026-06-10,12:20:22.253928,[]
2026-06-10,12:20:22.287295,[]
2026-06-10,12:20:22.320662,[]
2026-06-10,12:20:22.354029,[]
2026-06-10,12:20:22.387396,[]
2026-06-10,12:20:22.420763,[]
2026-06-10,12:20:22.454130,[]
2026-06-10,12:20:22.487497,[]
2026-06-10,12:20:22.520864,[]
2026-06-10,12:20:22.554231,[]
2026-06-10,12:20:22.587598,[]
2026-06-10,12:20:22.620965,[]
2026-06-10,12:20:22.654332,[]
2026-06-10,12:20:22.687699,[]
2026-06-10,12:20:22.721066,[]
2026-06-10,12:20:22.754433,[]
2026-06-10,12:20:22.787800,[]
2026-06-10,12:20:22.821167,[]
2026-06-10,12:20:22.854534,[]
2026-06-10,12:20:22.887901,[]
2026-06-10,12:20:22.921268,[]
2026-06-10,12:20:22.954635,[]
2026-06-10,12:20:22.988002,[]
2026-06-10,12:20:23.021369,[]
2026-06-10,12:20:23.054736,[]
2026-06-10,12:20:23.088103,[]
2026-06-10,12:20:23.121470,[]
2026-06-10,12:20:23.154837,[]
2026-06-10,12:20:23.188204,[]
2026-06-10,12:20:23.221571,[]
2026-06-10,12:20:23.254938,[]
2026-06-10,12:20:23.288305,[]
2026-06-10,12:20:23.321672,[]
2026-06-10,12:20:23.355039,[]
2026-06-10,12:20:23.388406,[]
2026-06-10,12:20:23.421773,[]
2026-06-10,12:20:23.455140,[]
2026-06-10,12:20:23.488507,[]
2026-06-10,12:20:23.521874,[]
2026-06-10,12:20:23.555241,[]
2026-06-10,12:20:23.588608,[]
2026-06-10,12:20:23.621975,[]
2026-06-10,12:20:23.655342,[]
2026-06-10,12:20:23.688709,[]
2026-06-10,12:20:23.722076,[]
2026-06-10,12:20:23.755443,[]
2026-06-10,12:20:23.788810,[]
2026-06-10,12:20:23.822177,[]
2026-06-10,12:20:23.855544,[]
2026-06-10,12:20:23.888911,[]
2026-06-10,12:20:23.922278,[]
2026-06-10,12:20:23.955645,[]
2026-06-10,12:20:23.989012,[]
2026-06-10,12:20:24.022379,[]
2026-06-10,12:20:24.055746,[]
2026-06-10,12:20:24.089113,[]
2026-06-10,12:20:24.122480,[]
2026-06-10,12:20:24.155847,[]
2026-06-10,12:20:24.189214,[]
2026-06-10,12:20:24.222581,[]
2026-06-10,12:20:24.255948,[]
2026-06-10,12:20:24.289315,[]
2026-06-10,12:20:24.322682,[]
2026-06-10,12:20:24.356049,[]
2026-06-10,12:20:24.389416,[]
2026-06-10,12:20:24.422783,[]
2026-06-10,12:20:24.456150,[]
2026-06-10,12:20:24.489517,[]
2026-06-10,12:20:24.522884,[]
2026-06-10,12:20:24.556251,[]
2026-06-10,12:20:24.589618,[]
2026-06-10,12:20:24.622985,[]
2026-06-10,12:20:24.656352,[]
2026-06-10,12:20:24.689719,[]
2026-06-10,12:20:24.723086,[]
2026-06-10,12:20:24.756453,[]
2026-06-10,12:20:24.789820,[]
2026-06-10,12:20:24.823187,[]
2026-06-10,12:20:24.856554,[]
2026-06-10,12:20:24.889921,[]
2026-06-10,12:20:24.923288,[]
2026-06-10,12:20:24.956655,[]
2026-06-10,12:20:24.990022,[]
2026-06-10,12:20:25.023389,[]
2026-06-10,12:20:25.056756,[]
2026-06-10,12:20:25.090123,[]
2026-06-10,12:20:25.123490,[]
2026-06-10,12:20:25.156857,[]
2026-06-10,12:20:25.190224,[]
2026-06-10,12:20:25.223591,[]
2026-06-10,12:20:25.256958,[]
2026-06-10,12:20:25.290325,[]
2026-06-10,12:20:25.323692,[]
2026-06-10,12:20:25.357059,[]
2026-06-10,12:20:25.390426,[]
2026-06-10,12:20:25.423793,[]
2026-06-10,12:20:25.457160,[]
2026-06-10,12:20:25.490527,[]
2026-06-10,12:20:25.523894,[]
2026-06-10,12:20:25.557261,[]
2026-06-10,12:20:25.590628,[]
2026-06-10,12:20:25.623995,[]
2026-06-10,12:20:25.657362,[]
2026-06-10,12:20:25.690729,[]
2026-06-10,12:20:25.724096,[]
2026-06-10,12:20:25.757463,[]
2026-06-10,12:20:25.790830,[]
2026-06-10,12:20:25.824197,[]
2026-06-10,12:20:25.857564,[]
2026-06-10,12:20:25.890931,[]
2026-06-10,12:20:25.924298,[]
2026-06-10,12:20:25.957665,[]
2026-06-10,12:20:25.991032,[]
2026-06-10,12:20:26.024399,[]
2026-06-10,12:20:26.057766,[]
2026-06-10,12:20:26.091133,[]
2026-06-10,12:20:26.124500,[]
2026-06-10,12:20:26.157867,[]
2026-06-10,12:20:26.191234,[]
2026-06-10,12:20:26.224601,[]
2026-06-10,12:20:26.257968,[]
2026-06-10,12:20:26.291335,[]
2026-06-10,12:20:26.324702,[]
2026-06-10,12:20:26.358069,[]
2026-06-10,12:20:26.391436,[]
2026-06-10,12:20:26.424803,[]
2026-06-10,12:20:26.458170,[]
2026-06-10,12:20:26.491537,[]
2026-06-10,12:20:26.524904,[]
2026-06-10,12:20:26.558271,[]
2026-06-10,12:20:26.591638,[]
2026-06-10,12:20:26.625005,[]
2026-06-10,12:20:26.658372,[]
2026-06-10,12:20:26.691739,[]
2026-06-10,12:20:26.725106,[]
2026-06-10,12:20:26.758473,[]
2026-06-10,12:20:26.791840,[]
2026-06-10,12:20:26.825207,[]
2026-06-10,12:20:26.858574,[]
2026-06-10,12:20:26.891941,[]
2026-06-10,12:20:26.925308,[]
2026-06-10,12:20:26.958675,[]
2026-06-10,12:20:26.992042,[]
2026-06-10,12:20:27.025409,[]
2026-06-10,12:20:27.058776,[]
2026-06-10,12:20:27.092143,[]
2026-06-10,12:20:27.125510,[]
2026-06-10,12:20:27.158877,[]
2026-06-10,12:20:27.192244,[]
2026-06-10,12:20:27.225611,[]
2026-06-10,12:20:27.258978,[]
2026-06-10,12:20:27.292345,[]
2026-06-10,12:20:27.325712,[]
2026-06-10,12:20:27.359079,[]
2026-06-10,12:20:27.392446,[]
2026-06-10,12:20:27.425813,[]
2026-06-10,12:20:27.459180,[]
2026-06-10,12:20:27.492547,[]
2026-06-10,12:20:27.525914,[]
2026-06-10,12:20:27.559281,[]
2026-06-10,12:20:27.592648,[]
2026-06-10,12:20:27.626015,[]
2026-06-10,12:20:27.659382,[]
2026-06-10,12:20:27.692749,[]
2026-06-10,12:20:27.726116,[]
2026-06-10,12:20:27.759483,[]
2026-06-10,12:20:27.792850,[]
2026-06-10,12:20:27.826217,[]
2026-06-10,12:20:27.859584,[]
2026-06-10,12:20:27.892951,[]
2026-06-10,12:20:27.926318,[]
2026-06-10,12:20:27.959685,[]
2026-06-10,12:20:27.993052,[]
2026-06-10,12:20:28.026419,[]
2026-06-10,12:20:28.059786,[]
2026-06-10,12:20:28.093153,[]
2026-06-10,12:20:28.126520,[]
2026-06-10,12:20:28.159887,[]
2026-06-10,12:20:28.193254,[]
2026-06-10,12:20:28.226621,[]
2026-06-10,12:20:28.259988,[]
2026-06-10,12:20:28.293355,[]
2026-06-10,12:20:28.326722,[]
2026-06-10,12:20:28.360089,[]
2026-06-10,12:20:28.393456,[]
2026-06-10,12:20:28.426823,[]
2026-06-10,12:20:28.460190,[]
2026-06-10,12:20:28.493557,[]
2026-06-10,12:20:28.526924,[]
2026-06-10,12:20:28.560291,[]
2026-06-10,12:20:28.593658,[]
2026-06-10,12:20:28.627025,[]
2026-06-10,12:20:28.660392,[]
2026-06-10,12:20:28.693759,[]
2026-06-10,12:20:28.727126,[]
2026-06-10,12:20:28.760493,[]
2026-06-10,12:20:28.793860,[]
2026-06-10,12:20:28.827227,[]
2026-06-10,12:20:28.860594,[]
2026-06-10,12:20:28.893961,[]
2026-06-10,12:20:28.927328,[]
2026-06-10,12:20:28.960695,[]
2026-06-10,12:20:28.994062,[]
2026-06-10,12:20:29.027429,[]
2026-06-10,12:20:29.060796,[]
2026-06-10,12:20:29.094163,[]
2026-06-10,12:20:29.127530,[]
2026-06-10,12:20:29.160897,[]
2026-06-10,12:20:29.194264,[]
2026-06-10,12:20:29.227631,[]
2026-06-10,12:20:29.260998,[]
2026-06-10,12:20:29.294365,[]
2026-06-10,12:20:29.327732,[]
2026-06-10,12:20:29.361099,[]
2026-06-10,12:20:29.394466,[]
2026-06-10,12:20:29.427833,[]
2026-06-10,12:20:29.461200,[]
2026-06-10,12:20:29.494567,[]
2026-06-10,12:20:29.527934,[]
2026-06-10,12:20:29.561301,[]
2026-06-10,12:20:29.594668,[]
2026-06-10,12:20:29.628035,[]
2026-06-10,12:20:29.661402,[]
2026-06-10,12:20:29.694769,[]
2026-06-10,12:20:29.728136,[]
2026-06-10,12:20:29.761503,[]
2026-06-10,12:20:29.794870,[]
2026-06-10,12:20:29.828237,[]
2026-06-10,12:20:29.861604,[]
2026-06-10,12:20:29.894971,[]
2026-06-10,12:20:29.928338,[]
2026-06-10,12:20:29.961705,[]
2026-06-10,12:20:29.995072,[]
2026-06-10,12:20:30.028439,[]
2026-06-10,12:20:30.061806,[]
2026-06-10,12:20:30.095173,[]
2026-06-10,12:20:30.128540,[]
2026-06-10,12:20:30.161907,[]
2026-06-10,12:20:30.195274,[]
2026-06-10,12:20:30.228641,[]
2026-06-10,12:20:30.262008,[]
2026-06-10,12:20:30.295375,[]
2026-06-10,12:20:30.328742,[]
2026-06-10,12:20:30.362109,[]
2026-06-10,12:20:30.395476,[]
2026-06-10,12:20:30.428843,[]
2026-06-10,12:20:30.462210,[]
2026-06-10,12:20:30.495577,[]
2026-06-10,12:20:30.528944,[]
2026-06-10,12:20:30.562311,[]
2026-06-10,12:20:30.595678,[]
2026-06-10,12:20:30.629045,[]
2026-06-10,12:20:30.662412,[]
2026-06-10,12:20:30.695779,[]
2026-06-10,12:20:30.729146,[]
2026-06-10,12:20:30.762513,[]
2026-06-10,12:20:30.795880,[]
2026-06-10,12:20:30.829247,[]
2026-06-10,12:20:30.862614,[]
2026-06-10,12:20:30.895981,[]
2026-06-10,12:20:30.929348,[]
2026-06-10,12:20:30.962715,[]
2026-06-10,12:20:30.996082,[]
2026-06-10,12:20:31.029449,[]
2026-06-10,12:20:31.062816,[]
2026-06-10,12:20:31.096183,[]
2026-06-10,12:20:31.129550,[]
2026-06-10,12:20:31.162917,[]
2026-06-10,12:20:31.196284,[]
2026-06-10,12:20:31.229651,[]
2026-06-10,12:20:31.263018,[]
2026-06-10,12:20:31.296385,[]
2026-06-10,12:20:31.329752,[]
2026-06-10,12:20:31.363119,[]
2026-06-10,12:20:31.396486,[]
2026-06-10,12:20:31.429853,[]
2026-06-10,12:20:31.463220,[]
2026-06-10,12:20:31.496587,[]
2026-06-10,12:20:31.529954,[]
2026-06-10,12:20:31.563321,[]
2026-06-10,12:20:31.596688,[]
2026-06-10,12:20:31.630055,[]
2026-06-10,12:20:31.663422,[]
2026-06-10,12:20:31.696789,[]
2026-06-10,12:20:31.730156,[]
2026-06-10,12:20:31.763523,[]
2026-06-10,12:20:31.796890,[]
2026-06-10,12:20:31.830257,[]
2026-06-10,12:20:31.863624,[]
2026-06-10,12:20:31.896991,[]
2026-06-10,12:20:31.930358,[]
2026-06-10,12:20:31.963725,[]
2026-06-10,12:20:31.997092,[]
2026-06-10,12:20:32.030459,[]
2026-06-10,12:20:32.063826,[]
2026-06-10,12:20:32.097193,[]
2026-06-10,12:20:32.130560,[]
2026-06-10,12:20:32.163927,[]
2026-06-10,12:20:32.197294,[]
2026-06-10,12:20:32.230661,[]
2026-06-10,12:20:32.264028,[]
2026-06-10,12:20:32.297395,[]
2026-06-10,12:20:32.330762,[]
2026-06-10,12:20:32.364129,[]
2026-06-10,12:20:32.397496,[]
2026-06-10,12:20:32.430863,[]
2026-06-10,12:20:32.464230,[]
2026-06-10,12:20:32.497597,[]
2026-06-10,12:20:32.530964,[]
2026-06-10,12:20:32.564331,[]
2026-06-10,12:20:32.597698,[]
2026-06-10,12:20:32.631065,[]
2026-06-10,12:20:32.664432,[]
2026-06-10,12:20:32.697799,[]
2026-06-10,12:20:32.731166,[]
2026-06-10,12:20:32.764533,[]
2026-06-10,12:20:32.797900,[]
2026-06-10,12:20:32.831267,[]
2026-06-10,12:20:32.864634,[]
2026-06-10,12:20:32.898001,[]
2026-06-10,12:20:32.931368,[]
2026-06-10,12:20:32.964735,[]
2026-06-10,12:20:32.998102,[]
2026-06-10,12:20:33.031469,[]
2026-06-10,12:20:33.064836,[]
2026-06-10,12:20:33.098203,[]
2026-06-10,12:20:33.131570,[]
2026-06-10,12:20:33.164937,[]
2026-06-10,12:20:33.198304,[]
2026-06-10,12:20:33.231671,[]
2026-06-10,12:20:33.265038,[]
2026-06-10,12:20:33.298405,[]
2026-06-10,12:20:33.331772,[]
2026-06-10,12:20:33.365139,[]
2026-06-10,12:20:33.398506,[]
2026-06-10,12:20:33.431873,[]
2026-06-10,12:20:33.465240,[]
2026-06-10,12:20:33.498607,[]
2026-06-10,12:20:33.531974,[]
2026-06-10,12:20:33.565341,[]
2026-06-10,12:20:33.598708,[]
2026-06-10,12:20:33.632075,[]
2026-06-10,12:20:33.665442,[]
2026-06-10,12:20:33.698809,[]
2026-06-10,12:20:33.732176,[]
2026-06-10,12:20:33.765543,[]
2026-06-10,12:20:33.798910,[]
2026-06-10,12:20:33.832277,[]
2026-06-10,12:20:33.865644,[]
2026-06-10,12:20:33.899011,[]
2026-06-10,12:20:33.932378,[]
2026-06-10,12:20:33.965745,[]
2026-06-10,12:20:33.999112,[]
2026-06-10,12:20:34.032479,[]
2026-06-10,12:20:34.065846,[]
2026-06-10,12:20:34.099213,[]
2026-06-10,12:20:34.132580,[]
2026-06-10,12:20:34.165947,[]
2026-06-10,12:20:34.199314,[]
2026-06-10,12:20:34.232681,[]
2026-06-10,12:20:34.266048,[]
2026-06-10,12:20:34.299415,[]
2026-06-10,12:20:34.332782,[]
2026-06-10,12:20:34.366149,[]
2026-06-10,12:20:34.399516,[]
2026-06-10,12:20:34.432883,[]
2026-06-10,12:20:34.466250,[]
2026-06-10,12:20:34.499617,[]
2026-06-10,12:20:34.532984,[]
2026-06-10,12:20:34.566351,[]
2026-06-10,12:20:34.599718,[]
2026-06-10,12:20:34.633085,[]
2026-06-10,12:20:34.666452,[]
2026-06-10,12:20:34.699819,[]
2026-06-10,12:20:34.733186,[]
2026-06-10,12:20:34.766553,[]
2026-06-10,12:20:34.799920,[]
2026-06-10,12:20:34.833287,[]
2026-06-10,12:20:34.866654,[]
2026-06-10,12:20:34.900021,[]
2026-06-10,12:20:34.933388,[]
2026-06-10,12:20:34.966755,[]
2026-06-10,12:20:35.000122,[]
2026-06-10,12:20:35.033489,[]
2026-06-10,12:20:35.066856,[]
2026-06-10,12:20:35.100223,[]
2026-06-10,12:20:35.133590,[]
2026-06-10,12:20:35.166957,[]
2026-06-10,12:20:35.200324,[]
2026-06-10,12:20:35.233691,[]
2026-06-10,12:20:35.267058,[]
2026-06-10,12:20:35.300425,[]
2026-06-10,12:20:35.333792,[]
2026-06-10,12:20:35.367159,[]
2026-06-10,12:20:35.400526,[]
2026-06-10,12:20:35.433893,[]
2026-06-10,12:20:35.467260,[]
2026-06-10,12:20:35.500627,[]
2026-06-10,12:20:35.533994,[]
2026-06-10,12:20:35.567361,[]
2026-06-10,12:20:35.600728,[]
2026-06-10,12:20:35.634095,[]
2026-06-10,12:20:35.667462,[]
2026-06-10,12:20:35.700829,[]
2026-06-10,12:20:35.734196,[]
2026-06-10,12:20:35.767563,[]
2026-06-10,12:20:35.800930,[]
2026-06-10,12:20:35.834297,[]
2026-06-10,12:20:35.867664,[]
2026-06-10,12:20:35.901031,[]
2026-06-10,12:20:35.934398,[]
2026-06-10,12:20:35.967765,[]
2026-06-10,12:20:36.001132,[]
2026-06-10,12:20:36.034499,[]
2026-06-10,12:20:36.067866,[]
2026-06-10,12:20:36.101233,[]
2026-06-10,12:20:36.134600,[]
2026-06-10,12:20:36.167967,[]
2026-06-10,12:20:36.201334,[]
2026-06-10,12:20:36.234701,[]
2026-06-10,12:20:36.268068,[]
2026-06-10,12:20:36.301435,[]
2026-06-10,12:20:36.334802,[]
2026-06-10,12:20:36.368169,[]
2026-06-10,12:20:36.401536,[]
2026-06-10,12:20:36.434903,[]
2026-06-10,12:20:36.468270,[]
2026-06-10,12:20:36.501637,[]
2026-06-10,12:20:36.535004,[]
2026-06-10,12:20:36.568371,[]
2026-06-10,12:20:36.601738,[]
2026-06-10,12:20:36.635105,[]
2026-06-10,12:20:36.668472,[]
2026-06-10,12:20:36.701839,[]
2026-06-10,12:20:36.735206,[]
2026-06-10,12:20:36.768573,[]
2026-06-10,12:20:36.801940,[]
2026-06-10,12:20:36.835307,[]
2026-06-10,12:20:36.868674,[]
2026-06-10,12:20:36.902041,[]
2026-06-10,12:20:36.935408,[]
2026-06-10,12:20:36.968775,[]
2026-06-10,12:20:37.002142,[]
2026-06-10,12:20:37.035509,[]
2026-06-10,12:20:37.068876,[]
2026-06-10,12:20:37.102243,[]
2026-06-10,12:20:37.135610,[]
2026-06-10,12:20:37.168977,[]
2026-06-10,12:20:37.202344,[]
2026-06-10,12:20:37.235711,[]
2026-06-10,12:20:37.269078,[]
2026-06-10,12:20:37.302445,[]
2026-06-10,12:20:37.335812,[]
2026-06-10,12:20:37.369179,[]
2026-06-10,12:20:37.402546,[]
2026-06-10,12:20:37.435913,[]
2026-06-10,12:20:37.469280,[]
2026-06-10,12:20:37.502647,[]
2026-06-10,12:20:37.536014,[]
2026-06-10,12:20:37.569381,[]
2026-06-10,12:20:37.602748,[]
2026-06-10,12:20:37.636115,[]
2026-06-10,12:20:37.669482,[]
2026-06-10,12:20:37.702849,[]
2026-06-10,12:20:37.736216,[]
2026-06-10,12:20:37.769583,[]
2026-06-10,12:20:37.802950,[]
2026-06-10,12:20:37.836317,[]
2026-06-10,12:20:37.869684,[]
2026-06-10,12:20:37.903051,[]
2026-06-10,12:20:37.936418,[]
2026-06-10,12:20:37.969785,[]
2026-06-10,12:20:38.003152,[]
2026-06-10,12:20:38.036519,[]
2026-06-10,12:20:38.069886,[]
2026-06-10,12:20:38.103253,[]
2026-06-10,12:20:38.136620,[]
2026-06-10,12:20:38.169987,[]
2026-06-10,12:20:38.203354,[]
2026-06-10,12:20:38.236721,[]
2026-06-10,12:20:38.270088,[]
2026-06-10,12:20:38.303455,[]
2026-06-10,12:20:38.336822,[]
2026-06-10,12:20:38.370189,[]
2026-06-10,12:20:38.403556,[]
2026-06-10,12:20:38.436923,[]
2026-06-10,12:20:38.470290,[]
2026-06-10,12:20:38.503657,[]
2026-06-10,12:20:38.537024,[]
2026-06-10,12:20:38.570391,[]
2026-06-10,12:20:38.603758,[]
2026-06-10,12:20:38.637125,[]
2026-06-10,12:20:38.670492,[]
2026-06-10,12:20:38.703859,[]
2026-06-10,12:20:38.737226,[]
2026-06-10,12:20:38.770593,[]
2026-06-10,12:20:38.803960,[]
2026-06-10,12:20:38.837327,[]
2026-06-10,12:20:38.870694,[]
2026-06-10,12:20:38.904061,[]
2026-06-10,12:20:38.937428,[]
2026-06-10,12:20:38.970795,[]
2026-06-10,12:20:39.004162,[]
2026-06-10,12:20:39.037529,[]
2026-06-10,12:20:39.070896,[]
2026-06-10,12:20:39.104263,[]
2026-06-10,12:20:39.137630,[]
2026-06-10,12:20:39.170997,[]
2026-06-10,12:20:39.204364,[]
2026-06-10,12:20:39.237731,[]
2026-06-10,12:20:39.271098,[]
2026-06-10,12:20:39.304465,[]
2026-06-10,12:20:39.337832,[]
2026-06-10,12:20:39.371199,[]
2026-06-10,12:20:39.404566,[]
2026-06-10,12:20:39.437933,[]
2026-06-10,12:20:39.471300,[]
2026-06-10,12:20:39.504667,[]
2026-06-10,12:20:39.538034,[]
2026-06-10,12:20:39.571401,[]
2026-06-10,12:20:39.604768,[]
2026-06-10,12:20:39.638135,[]
2026-06-10,12:20:39.671502,[]
2026-06-10,12:20:39.704869,[]
2026-06-10,12:20:39.738236,[]
2026-06-10,12:20:39.771603,[]
2026-06-10,12:20:39.804970,[]
2026-06-10,12:20:39.838337,[]
2026-06-10,12:20:39.871704,[]
2026-06-10,12:20:39.905071,[]
2026-06-10,12:20:39.938438,[]
2026-06-10,12:20:39.971805,[]
2026-06-10,12:20:40.005172,[]
2026-06-10,12:20:40.038539,[]
2026-06-10,12:20:40.071906,[]
2026-06-10,12:20:40.105273,[]
2026-06-10,12:20:40.138640,[]
2026-06-10,12:20:40.172007,[]
2026-06-10,12:20:40.205374,[]
2026-06-10,12:20:40.238741,[]
2026-06-10,12:20:40.272108,[]
2026-06-10,12:20:40.305475,[]
2026-06-10,12:20:40.338842,[]
2026-06-10,12:20:40.372209,[]
2026-06-10,12:20:40.405576,[]
2026-06-10,12:20:40.438943,[]
2026-06-10,12:20:40.472310,[]
2026-06-10,12:20:40.505677,[]
2026-06-10,12:20:40.539044,[]
2026-06-10,12:20:40.572411,[]
2026-06-10,12:20:40.605778,[]
2026-06-10,12:20:40.639145,[]
2026-06-10,12:20:40.672512,[]
2026-06-10,12:20:40.705879,[]
2026-06-10,12:20:40.739246,[]
2026-06-10,12:20:40.772613,[]
2026-06-10,12:20:40.805980,[]
2026-06-10,12:20:40.839347,[]
2026-06-10,12:20:40.872714,[]
2026-06-10,12:20:40.906081,[]
2026-06-10,12:20:40.939448,[]
2026-06-10,12:20:40.972815,[]
2026-06-10,12:20:41.006182,[]
2026-06-10,12:20:41.039549,[]
2026-06-10,12:20:41.072916,[]
2026-06-10,12:20:41.106283,[]
2026-06-10,12:20:41.139650,[]
2026-06-10,12:20:41.173017,[]
2026-06-10,12:20:41.206384,[]
2026-06-10,12:20:41.239751,[]
2026-06-10,12:20:41.273118,[]
2026-06-10,12:20:41.306485,[]
2026-06-10,12:20:41.339852,[]
2026-06-10,12:20:41.373219,[]
2026-06-10,12:20:41.406586,[]
2026-06-10,12:20:41.439953,[]
2026-06-10,12:20:41.473320,[]
2026-06-10,12:20:41.506687,[]
2026-06-10,12:20:41.540054,[]
2026-06-10,12:20:41.573421,[]
2026-06-10,12:20:41.606788,[]
2026-06-10,12:20:41.640155,[]
2026-06-10,12:20:41.673522,[]
2026-06-10,12:20:41.706889,[]
2026-06-10,12:20:41.740256,[]
2026-06-10,12:20:41.773623,[]
2026-06-10,12:20:41.806990,[]
2026-06-10,12:20:41.840357,[]
2026-06-10,12:20:41.873724,[]
2026-06-10,12:20:41.907091,[]
2026-06-10,12:20:41.940458,[]
2026-06-10,12:20:41.973825,[]
2026-06-10,12:20:42.007192,[]
2026-06-10,12:20:42.040559,[]
2026-06-10,12:20:42.073926,[]
2026-06-10,12:20:42.107293,[]
2026-06-10,12:20:42.140660,[]
2026-06-10,12:20:42.174027,[]
2026-06-10,12:20:42.207394,[]
2026-06-10,12:20:42.240761,[]
2026-06-10,12:20:42.274128,[]
2026-06-10,12:20:42.307495,[]
2026-06-10,12:20:42.340862,[]
2026-06-10,12:20:42.374229,[]
2026-06-10,12:20:42.407596,[]
2026-06-10,12:20:42.440963,[]
2026-06-10,12:20:42.474330,[]
2026-06-10,12:20:42.507697,[]
2026-06-10,12:20:42.541064,[]
2026-06-10,12:20:42.574431,[]
2026-06-10,12:20:42.607798,[]
2026-06-10,12:20:42.641165,[]
2026-06-10,12:20:42.674532,[]
2026-06-10,12:20:42.707899,[]
2026-06-10,12:20:42.741266,[]
2026-06-10,12:20:42.774633,[]
2026-06-10,12:20:42.808000,[]
2026-06-10,12:20:42.841367,[]
2026-06-10,12:20:42.874734,[]
2026-06-10,12:20:42.908101,[]
2026-06-10,12:20:42.941468,[]
2026-06-10,12:20:42.974835,[]
2026-06-10,12:20:43.008202,[]
2026-06-10,12:20:43.041569,[]
2026-06-10,12:20:43.074936,[]
2026-06-10,12:20:43.108303,[]
2026-06-10,12:20:43.141670,[]
2026-06-10,12:20:43.175037,[]
2026-06-10,12:20:43.208404,[]
2026-06-10,12:20:43.241771,[]
2026-06-10,12:20:43.275138,[]
2026-06-10,12:20:43.308505,[]
2026-06-10,12:20:43.341872,[]
2026-06-10,12:20:43.375239,[]
2026-06-10,12:20:43.408606,[]
2026-06-10,12:20:43.441973,[]
2026-06-10,12:20:43.475340,[]
2026-06-10,12:20:43.508707,[]
2026-06-10,12:20:43.542074,[]
2026-06-10,12:20:43.575441,[]
2026-06-10,12:20:43.608808,[]
2026-06-10,12:20:43.642175,[]
2026-06-10,12:20:43.675542,[]
2026-06-10,12:20:43.708909,[]
2026-06-10,12:20:43.742276,[]
2026-06-10,12:20:43.775643,[]
2026-06-10,12:20:43.809010,[]
2026-06-10,12:20:43.842377,[]
2026-06-10,12:20:43.875744,[]
2026-06-10,12:20:43.909111,[]
2026-06-10,12:20:43.942478,[]
2026-06-10,12:20:43.975845,[]
2026-06-10,12:20:44.009212,[]
2026-06-10,12:20:44.042579,[]
2026-06-10,12:20:44.075946,[]
2026-06-10,12:20:44.109313,[]
2026-06-10,12:20:44.142680,[]
2026-06-10,12:20:44.176047,[]
2026-06-10,12:20:44.209414,[]
2026-06-10,12:20:44.242781,[]
2026-06-10,12:20:44.276148,[]
2026-06-10,12:20:44.309515,[]
2026-06-10,12:20:44.342882,[]
2026-06-10,12:20:44.376249,[]
2026-06-10,12:20:44.409616,[]
2026-06-10,12:20:44.442983,[]
2026-06-10,12:20:44.476350,[]
2026-06-10,12:20:44.509717,[]
2026-06-10,12:20:44.543084,[]
2026-06-10,12:20:44.576451,[]
2026-06-10,12:20:44.609818,[]
2026-06-10,12:20:44.643185,[]
2026-06-10,12:20:44.676552,[]
2026-06-10,12:20:44.709919,[]
2026-06-10,12:20:44.743286,[]
2026-06-10,12:20:44.776653,[]
2026-06-10,12:20:44.810020,[]
2026-06-10,12:20:44.843387,[]
2026-06-10,12:20:44.876754,[]
2026-06-10,12:20:44.910121,[]
2026-06-10,12:20:44.943488,[]
2026-06-10,12:20:44.976855,[]
2026-06-10,12:20:45.010222,[]
2026-06-10,12:20:45.043589,[]
2026-06-10,12:20:45.076956,[]
2026-06-10,12:20:45.110323,[]
2026-06-10,12:20:45.143690,[]
2026-06-10,12:20:45.177057,[]
2026-06-10,12:20:45.210424,[]
2026-06-10,12:20:45.243791,[]
2026-06-10,12:20:45.277158,[]
2026-06-10,12:20:45.310525,[]
2026-06-10,12:20:45.343892,[]
2026-06-10,12:20:45.377259,[]
2026-06-10,12:20:45.410626,[]
2026-06-10,12:20:45.443993,[]
2026-06-10,12:20:45.477360,[]
2026-06-10,12:20:45.510727,[]
2026-06-10,12:20:45.544094,[]
2026-06-10,12:20:45.577461,[]
2026-06-10,12:20:45.610828,[]
2026-06-10,12:20:45.644195,[]
2026-06-10,12:20:45.677562,[]
2026-06-10,12:20:45.710929,[]
2026-06-10,12:20:45.744296,[]
2026-06-10,12:20:45.777663,[]
2026-06-10,12:20:45.811030,[]
2026-06-10,12:20:45.844397,[]
2026-06-10,12:20:45.877764,[]
2026-06-10,12:20:45.911131,[]
2026-06-10,12:20:45.944498,[]
2026-06-10,12:20:45.977865,[]
2026-06-10,12:20:46.011232,[]
2026-06-10,12:20:46.044599,[]
2026-06-10,12:20:46.077966,[]
2026-06-10,12:20:46.111333,[]
2026-06-10,12:20:46.144700,[]
2026-06-10,12:20:46.178067,[]
2026-06-10,12:20:46.211434,[]
2026-06-10,12:20:46.244801,[]
2026-06-10,12:20:46.278168,[]
2026-06-10,12:20:46.311535,[]
2026-06-10,12:20:46.344902,[]
2026-06-10,12:20:46.378269,[]
2026-06-10,12:20:46.411636,[]
2026-06-10,12:20:46.445003,[]
2026-06-10,12:20:46.478370,[]
2026-06-10,12:20:46.511737,[]
2026-06-10,12:20:46.545104,[]
2026-06-10,12:20:46.578471,[]
2026-06-10,12:20:46.611838,[]
2026-06-10,12:20:46.645205,[]
2026-06-10,12:20:46.678572,[]
2026-06-10,12:20:46.711939,[]
2026-06-10,12:20:46.745306,[]
2026-06-10,12:20:46.778673,[]
2026-06-10,12:20:46.812040,[]
2026-06-10,12:20:46.845407,[]
2026-06-10,12:20:46.878774,[]
2026-06-10,12:20:46.912141,[]
2026-06-10,12:20:46.945508,[]
2026-06-10,12:20:46.978875,[]
2026-06-10,12:20:47.012242,[]
2026-06-10,12:20:47.045609,[]
2026-06-10,12:20:47.078976,[]
2026-06-10,12:20:47.112343,[]
2026-06-10,12:20:47.145710,[]
2026-06-10,12:20:47.179077,[]
2026-06-10,12:20:47.212444,[]
2026-06-10,12:20:47.245811,[]
2026-06-10,12:20:47.279178,[]
2026-06-10,12:20:47.312545,[]
2026-06-10,12:20:47.345912,[]
2026-06-10,12:20:47.379279,[]
2026-06-10,12:20:47.412646,[]
2026-06-10,12:20:47.446013,[]
2026-06-10,12:20:47.479380,[]
2026-06-10,12:20:47.512747,[]
2026-06-10,12:20:47.546114,[]
2026-06-10,12:20:47.579481,[]
2026-06-10,12:20:47.612848,[]
2026-06-10,12:20:47.646215,[]
2026-06-10,12:20:47.679582,[]
2026-06-10,12:20:47.712949,[]
2026-06-10,12:20:47.746316,[]
2026-06-10,12:20:47.779683,[]
2026-06-10,12:20:47.813050,[]
2026-06-10,12:20:47.846417,[]
2026-06-10,12:20:47.879784,[]
2026-06-10,12:20:47.913151,[]
2026-06-10,12:20:47.946518,[]
2026-06-10,12:20:47.979885,[]
2026-06-10,12:20:48.013252,[]
2026-06-10,12:20:48.046619,[]
2026-06-10,12:20:48.079986,[]
2026-06-10,12:20:48.113353,[]
2026-06-10,12:20:48.146720,[]
2026-06-10,12:20:48.180087,[]
2026-06-10,12:20:48.213454,[]
2026-06-10,12:20:48.246821,[]
2026-06-10,12:20:48.280188,[]
2026-06-10,12:20:48.313555,[]
2026-06-10,12:20:48.346922,[]
2026-06-10,12:20:48.380289,[]
2026-06-10,12:20:48.413656,[]
2026-06-10,12:20:48.447023,[]
2026-06-10,12:20:48.480390,[]
2026-06-10,12:20:48.513757,[]
2026-06-10,12:20:48.547124,[]
2026-06-10,12:20:48.580491,[]
2026-06-10,12:20:48.613858,[]
2026-06-10,12:20:48.647225,[]
2026-06-10,12:20:48.680592,[]
2026-06-10,12:20:48.713959,[]
2026-06-10,12:20:48.747326,[]
2026-06-10,12:20:48.780693,[]
2026-06-10,12:20:48.814060,[]
2026-06-10,12:20:48.847427,[]
2026-06-10,12:20:48.880794,[]
2026-06-10,12:20:48.914161,[]
2026-06-10,12:20:48.947528,[]
2026-06-10,12:20:48.980895,[]
2026-06-10,12:20:49.014262,[]
2026-06-10,12:20:49.047629,[]
2026-06-10,12:20:49.080996,[]
2026-06-10,12:20:49.114363,[]
2026-06-10,12:20:49.147730,[]
2026-06-10,12:20:49.181097,[]
2026-06-10,12:20:49.214464,[]
2026-06-10,12:20:49.247831,[]
2026-06-10,12:20:49.281198,[]
2026-06-10,12:20:49.314565,[]
2026-06-10,12:20:49.347932,[]
2026-06-10,12:20:49.381299,[]
2026-06-10,12:20:49.414666,[]
2026-06-10,12:20:49.448033,[]
2026-06-10,12:20:49.481400,[]
2026-06-10,12:20:49.514767,[]
2026-06-10,12:20:49.548134,[]
2026-06-10,12:20:49.581501,[]
2026-06-10,12:20:49.614868,[]
2026-06-10,12:20:49.648235,[]
2026-06-10,12:20:49.681602,[]
2026-06-10,12:20:49.714969,[]
2026-06-10,12:20:49.748336,[]
2026-06-10,12:20:49.781703,[]
2026-06-10,12:20:49.815070,[]
2026-06-10,12:20:49.848437,[]
2026-06-10,12:20:49.881804,[]
2026-06-10,12:20:49.915171,[]
2026-06-10,12:20:49.948538,[]
2026-06-10,12:20:49.981905,[]
2026-06-10,12:20:50.015272,[]
2026-06-10,12:20:50.048639,[]
2026-06-10,12:20:50.082006,[]
2026-06-10,12:20:50.115373,[]
2026-06-10,12:20:50.148740,[]
2026-06-10,12:20:50.182107,[]
2026-06-10,12:20:50.215474,[]
2026-06-10,12:20:50.248841,[]
2026-06-10,12:20:50.282208,[]
2026-06-10,12:20:50.315575,[]
2026-06-10,12:20:50.348942,[]
2026-06-10,12:20:50.382309,[]
2026-06-10,12:20:50.415676,[]
2026-06-10,12:20:50.449043,[]
2026-06-10,12:20:50.482410,[]
2026-06-10,12:20:50.515777,[]
2026-06-10,12:20:50.549144,[]
2026-06-10,12:20:50.582511,[]
2026-06-10,12:20:50.615878,[]
2026-06-10,12:20:50.649245,[]
2026-06-10,12:20:50.682612,[]
2026-06-10,12:20:50.715979,[]
2026-06-10,12:20:50.749346,[]
2026-06-10,12:20:50.782713,[]
2026-06-10,12:20:50.816080,[]
2026-06-10,12:20:50.849447,[]
2026-06-10,12:20:50.882814,[]
2026-06-10,12:20:50.916181,[]
2026-06-10,12:20:50.949548,[]
2026-06-10,12:20:50.982915,[]
2026-06-10,12:20:51.016282,[]
2026-06-10,12:20:51.049649,[]
2026-06-10,12:20:51.083016,[]
2026-06-10,12:20:51.116383,[]
2026-06-10,12:20:51.149750,[]
2026-06-10,12:20:51.183117,[]
2026-06-10,12:20:51.216484,[]
2026-06-10,12:20:51.249851,[]
2026-06-10,12:20:51.283218,[]
2026-06-10,12:20:51.316585,[]
2026-06-10,12:20:51.349952,[]
2026-06-10,12:20:51.383319,[]
2026-06-10,12:20:51.416686,[]
2026-06-10,12:20:51.450053,[]
2026-06-10,12:20:51.483420,[]
2026-06-10,12:20:51.516787,[]
2026-06-10,12:20:51.550154,[]
2026-06-10,12:20:51.583521,[]
2026-06-10,12:20:51.616888,[]
2026-06-10,12:20:51.650255,[]
2026-06-10,12:20:51.683622,[]
2026-06-10,12:20:51.716989,[]
2026-06-10,12:20:51.750356,[]
2026-06-10,12:20:51.783723,[]
2026-06-10,12:20:51.817090,[]
2026-06-10,12:20:51.850457,[]
2026-06-10,12:20:51.883824,[]
2026-06-10,12:20:51.917191,[]
2026-06-10,12:20:51.950558,[]
2026-06-10,12:20:51.983925,[]
2026-06-10,12:20:52.017292,[]
2026-06-10,12:20:52.050659,[]
2026-06-10,12:20:52.084026,[]
2026-06-10,12:20:52.117393,[]
2026-06-10,12:20:52.150760,[]
2026-06-10,12:20:52.184127,[]
2026-06-10,12:20:52.217494,[]
2026-06-10,12:20:52.250861,[]
2026-06-10,12:20:52.284228,[]
2026-06-10,12:20:52.317595,[]
2026-06-10,12:20:52.350962,[]
2026-06-10,12:20:52.384329,[]
2026-06-10,12:20:52.417696,[]
2026-06-10,12:20:52.451063,[]
2026-06-10,12:20:52.484430,[]
2026-06-10,12:20:52.517797,[]
2026-06-10,12:20:52.551164,[]
2026-06-10,12:20:52.584531,[]
2026-06-10,12:20:52.617898,[]
2026-06-10,12:20:52.651265,[]
2026-06-10,12:20:52.684632,[]
2026-06-10,12:20:52.717999,[]
2026-06-10,12:20:52.751366,[]
2026-06-10,12:20:52.784733,[]
2026-06-10,12:20:52.818100,[]
2026-06-10,12:20:52.851467,[]
2026-06-10,12:20:52.884834,[]
2026-06-10,12:20:52.918201,[]
2026-06-10,12:20:52.951568,[]
2026-06-10,12:20:52.984935,[]
2026-06-10,12:20:53.018302,[]
2026-06-10,12:20:53.051669,[]
2026-06-10,12:20:53.085036,[]
2026-06-10,12:20:53.118403,[]
2026-06-10,12:20:53.151770,[]
2026-06-10,12:20:53.185137,[]
2026-06-10,12:20:53.218504,[]
2026-06-10,12:20:53.251871,[]
2026-06-10,12:20:53.285238,[]
2026-06-10,12:20:53.318605,[]
2026-06-10,12:20:53.351972,[]
2026-06-10,12:20:53.385339,[]
2026-06-10,12:20:53.418706,[]
2026-06-10,12:20:53.452073,[]
2026-06-10,12:20:53.485440,[]
2026-06-10,12:20:53.518807,[]
2026-06-10,12:20:53.552174,[]
2026-06-10,12:20:53.585541,[]
2026-06-10,12:20:53.618908,[]
2026-06-10,12:20:53.652275,[]
2026-06-10,12:20:53.685642,[]
2026-06-10,12:20:53.719009,[]
2026-06-10,12:20:53.752376,[]
2026-06-10,12:20:53.785743,[]
2026-06-10,12:20:53.819110,[]
2026-06-10,12:20:53.852477,[]
2026-06-10,12:20:53.885844,[]
2026-06-10,12:20:53.919211,[]
2026-06-10,12:20:53.952578,[]
2026-06-10,12:20:53.985945,[]
2026-06-10,12:20:54.019312,[]
2026-06-10,12:20:54.052679,[]
2026-06-10,12:20:54.086046,[]
2026-06-10,12:20:54.119413,[]
2026-06-10,12:20:54.152780,[]
2026-06-10,12:20:54.186147,[]
2026-06-10,12:20:54.219514,[]
2026-06-10,12:20:54.252881,[]
2026-06-10,12:20:54.286248,[]
2026-06-10,12:20:54.319615,[]
2026-06-10,12:20:54.352982,[]
2026-06-10,12:20:54.386349,[]
2026-06-10,12:20:54.419716,[]
2026-06-10,12:20:54.453083,[]
2026-06-10,12:20:54.486450,[]
2026-06-10,12:20:54.519817,[]
2026-06-10,12:20:54.553184,[]
2026-06-10,12:20:54.586551,[]
2026-06-10,12:20:54.619918,[]
2026-06-10,12:20:54.653285,[]
2026-06-10,12:20:54.686652,[]
2026-06-10,12:20:54.720019,[]
2026-06-10,12:20:54.753386,[]
2026-06-10,12:20:54.786753,[]
2026-06-10,12:20:54.820120,[]
2026-06-10,12:20:54.853487,[]
2026-06-10,12:20:54.886854,[]
2026-06-10,12:20:54.920221,[]
2026-06-10,12:20:54.953588,[]
2026-06-10,12:20:54.986955,[]
2026-06-10,12:20:55.020322,[]
2026-06-10,12:20:55.053689,[]
2026-06-10,12:20:55.087056,[]
2026-06-10,12:20:55.120423,[]
2026-06-10,12:20:55.153790,[]
2026-06-10,12:20:55.187157,[]
2026-06-10,12:20:55.220524,[]
2026-06-10,12:20:55.253891,[]
2026-06-10,12:20:55.287258,[]
2026-06-10,12:20:55.320625,[]
2026-06-10,12:20:55.353992,[]
2026-06-10,12:20:55.387359,[]
2026-06-10,12:20:55.420726,[]
2026-06-10,12:20:55.454093,[]
2026-06-10,12:20:55.487460,[]
2026-06-10,12:20:55.520827,[]
2026-06-10,12:20:55.554194,[]
2026-06-10,12:20:55.587561,[]
2026-06-10,12:20:55.620928,[]
2026-06-10,12:20:55.654295,[]
2026-06-10,12:20:55.687662,[]
2026-06-10,12:20:55.721029,[]
2026-06-10,12:20:55.754396,[]
2026-06-10,12:20:55.787763,[]
2026-06-10,12:20:55.821130,[]
2026-06-10,12:20:55.854497,[]
2026-06-10,12:20:55.887864,[]
2026-06-10,12:20:55.921231,[]
2026-06-10,12:20:55.954598,[]
2026-06-10,12:20:55.987965,[]
2026-06-10,12:20:56.021332,[]
2026-06-10,12:20:56.054699,[]
2026-06-10,12:20:56.088066,[]
2026-06-10,12:20:56.121433,[]
2026-06-10,12:20:56.154800,[]
2026-06-10,12:20:56.188167,[]
2026-06-10,12:20:56.221534,[]
2026-06-10,12:20:56.254901,[]
2026-06-10,12:20:56.288268,[]
2026-06-10,12:20:56.321635,[]
2026-06-10,12:20:56.355002,[]
2026-06-10,12:20:56.388369,[]
2026-06-10,12:20:56.421736,[]
2026-06-10,12:20:56.455103,[]
2026-06-10,12:20:56.488470,[]
2026-06-10,12:20:56.521837,[]
2026-06-10,12:20:56.555204,[]
2026-06-10,12:20:56.588571,[]
2026-06-10,12:20:56.621938,[]
2026-06-10,12:20:56.655305,[]
2026-06-10,12:20:56.688672,[]
2026-06-10,12:20:56.722039,[]
2026-06-10,12:20:56.755406,[]
2026-06-10,12:20:56.788773,[]
2026-06-10,12:20:56.822140,[]
2026-06-10,12:20:56.855507,[]
2026-06-10,12:20:56.888874,[]
2026-06-10,12:20:56.922241,[]
2026-06-10,12:20:56.955608,[]
2026-06-10,12:20:56.988975,[]
2026-06-10,12:20:57.022342,[]
2026-06-10,12:20:57.055709,[]
2026-06-10,12:20:57.089076,[]
2026-06-10,12:20:57.122443,[]
2026-06-10,12:20:57.155810,[]
2026-06-10,12:20:57.189177,[]
2026-06-10,12:20:57.222544,[]
2026-06-10,12:20:57.255911,[]
2026-06-10,12:20:57.289278,[]
2026-06-10,12:20:57.322645,[]
2026-06-10,12:20:57.356012,[]
2026-06-10,12:20:57.389379,[]
2026-06-10,12:20:57.422746,[]
2026-06-10,12:20:57.456113,[]
2026-06-10,12:20:57.489480,[]
2026-06-10,12:20:57.522847,[]
2026-06-10,12:20:57.556214,[]
2026-06-10,12:20:57.589581,[]
2026-06-10,12:20:57.622948,[]
2026-06-10,12:20:57.656315,[]
2026-06-10,12:20:57.689682,[]
2026-06-10,12:20:57.723049,[]
2026-06-10,12:20:57.756416,[]
2026-06-10,12:20:57.789783,[]
2026-06-10,12:20:57.823150,[]
2026-06-10,12:20:57.856517,[]
2026-06-10,12:20:57.889884,[]
2026-06-10,12:20:57.923251,[]
2026-06-10,12:20:57.956618,[]
2026-06-10,12:20:57.989985,[]
2026-06-10,12:20:58.023352,[]
2026-06-10,12:20:58.056719,[]
2026-06-10,12:20:58.090086,[]
2026-06-10,12:20:58.123453,[]
2026-06-10,12:20:58.156820,[]
2026-06-10,12:20:58.190187,[]
2026-06-10,12:20:58.223554,[]
2026-06-10,12:20:58.256921,[]
2026-06-10,12:20:58.290288,[]
2026-06-10,12:20:58.323655,[]
2026-06-10,12:20:58.357022,[]
2026-06-10,12:20:58.390389,[]
2026-06-10,12:20:58.423756,[]
2026-06-10,12:20:58.457123,[]
2026-06-10,12:20:58.490490,[]
2026-06-10,12:20:58.523857,[]
2026-06-10,12:20:58.557224,[]
2026-06-10,12:20:58.590591,[]
2026-06-10,12:20:58.623958,[]
2026-06-10,12:20:58.657325,[]
2026-06-10,12:20:58.690692,[]
2026-06-10,12:20:58.724059,[]
2026-06-10,12:20:58.757426,[]
2026-06-10,12:20:58.790793,[]
2026-06-10,12:20:58.824160,[]
2026-06-10,12:20:58.857527,[]
2026-06-10,12:20:58.890894,[]
2026-06-10,12:20:58.924261,[]
2026-06-10,12:20:58.957628,[]
2026-06-10,12:20:58.990995,[]
2026-06-10,12:20:59.024362,[]
2026-06-10,12:20:59.057729,[]
2026-06-10,12:20:59.091096,[]
2026-06-10,12:20:59.124463,[]
2026-06-10,12:20:59.157830,[]
2026-06-10,12:20:59.191197,[]
2026-06-10,12:20:59.224564,[]
2026-06-10,12:20:59.257931,[]
2026-06-10,12:20:59.291298,[]
2026-06-10,12:20:59.324665,[]
2026-06-10,12:20:59.358032,[]
2026-06-10,12:20:59.391399,[]
2026-06-10,12:20:59.424766,[]
2026-06-10,12:20:59.458133,[]
2026-06-10,12:20:59.491500,[]
2026-06-10,12:20:59.524867,[]
2026-06-10,12:20:59.558234,[]
2026-06-10,12:20:59.591601,[]
2026-06-10,12:20:59.624968,[]
2026-06-10,12:20:59.658335,[]
2026-06-10,12:20:59.691702,[]
2026-06-10,12:20:59.725069,[]
2026-06-10,12:20:59.758436,[]
2026-06-10,12:20:59.791803,[]
2026-06-10,12:20:59.825170,[]
2026-06-10,12:20:59.858537,[]
2026-06-10,12:20:59.891904,[]
2026-06-10,12:20:59.925271,[]
2026-06-10,12:20:59.958638,[]
2026-06-10,12:20:59.992005,[]
2026-06-10,12:21:00.025372,[]
2026-06-10,12:21:00.058739,[]
2026-06-10,12:21:00.092106,[]
2026-06-10,12:21:00.125473,[]
2026-06-10,12:21:00.158840,[]
2026-06-10,12:21:00.192207,[]
2026-06-10,12:21:00.225574,[]
2026-06-10,12:21:00.258941,[]
2026-06-10,12:21:00.292308,[]
2026-06-10,12:21:00.325675,[]
2026-06-10,12:21:00.359042,[]
2026-06-10,12:21:00.392409,[]
2026-06-10,12:21:00.425776,[]
2026-06-10,12:21:00.459143,[]
2026-06-10,12:21:00.492510,[]
2026-06-10,12:21:00.525877,[]
2026-06-10,12:21:00.559244,[]
2026-06-10,12:21:00.592611,[]
2026-06-10,12:21:00.625978,[]
2026-06-10,12:21:00.659345,[]
2026-06-10,12:21:00.692712,[]
2026-06-10,12:21:00.726079,[]
2026-06-10,12:21:00.759446,[]
2026-06-10,12:21:00.792813,[]
2026-06-10,12:21:00.826180,[]
2026-06-10,12:21:00.859547,[]
2026-06-10,12:21:00.892914,[]
2026-06-10,12:21:00.926281,[]
2026-06-10,12:21:00.959648,[]
2026-06-10,12:21:00.993015,[]
2026-06-10,12:21:01.026382,[]
2026-06-10,12:21:01.059749,[]
2026-06-10,12:21:01.093116,[]
2026-06-10,12:21:01.126483,[]
2026-06-10,12:21:01.159850,[]
2026-06-10,12:21:01.193217,[]
2026-06-10,12:21:01.226584,[]
2026-06-10,12:21:01.259951,[]
2026-06-10,12:21:01.293318,[]
2026-06-10,12:21:01.326685,[]
2026-06-10,12:21:01.360052,[]
2026-06-10,12:21:01.393419,[]
2026-06-10,12:21:01.426786,[]
2026-06-10,12:21:01.460153,[]
2026-06-10,12:21:01.493520,[]
2026-06-10,12:21:01.526887,[]
2026-06-10,12:21:01.560254,[]
2026-06-10,12:21:01.593621,[]
2026-06-10,12:21:01.626988,[]
2026-06-10,12:21:01.660355,[]
2026-06-10,12:21:01.693722,[]
2026-06-10,12:21:01.727089,[]
2026-06-10,12:21:01.760456,[]
2026-06-10,12:21:01.793823,[]
2026-06-10,12:21:01.827190,[]
2026-06-10,12:21:01.860557,[]
2026-06-10,12:21:01.893924,[]
2026-06-10,12:21:01.927291,[]
2026-06-10,12:21:01.960658,[]
2026-06-10,12:21:01.994025,[]
2026-06-10,12:21:02.027392,[]
2026-06-10,12:21:02.060759,[]
2026-06-10,12:21:02.094126,[]
2026-06-10,12:21:02.127493,[]
2026-06-10,12:21:02.160860,[]
2026-06-10,12:21:02.194227,[]
2026-06-10,12:21:02.227594,[]
2026-06-10,12:21:02.260961,[]
2026-06-10,12:21:02.294328,[]
2026-06-10,12:21:02.327695,[]
2026-06-10,12:21:02.361062,[]
2026-06-10,12:21:02.394429,[]
2026-06-10,12:21:02.427796,[]
2026-06-10,12:21:02.461163,[]
2026-06-10,12:21:02.494530,[]
2026-06-10,12:21:02.527897,[]
2026-06-10,12:21:02.561264,[]
2026-06-10,12:21:02.594631,[]
2026-06-10,12:21:02.627998,[]
2026-06-10,12:21:02.661365,[]
2026-06-10,12:21:02.694732,[]
2026-06-10,12:21:02.728099,[]
2026-06-10,12:21:02.761466,[]
2026-06-10,12:21:02.794833,[]
2026-06-10,12:21:02.828200,[]
2026-06-10,12:21:02.861567,[]
2026-06-10,12:21:02.894934,[]
2026-06-10,12:21:02.928301,[]
2026-06-10,12:21:02.961668,[]
2026-06-10,12:21:02.995035,[]
2026-06-10,12:21:03.028402,[]
2026-06-10,12:21:03.061769,[]
2026-06-10,12:21:03.095136,[]
2026-06-10,12:21:03.128503,[]
2026-06-10,12:21:03.161870,[]
2026-06-10,12:21:03.195237,[]
2026-06-10,12:21:03.228604,[]
2026-06-10,12:21:03.261971,[]
2026-06-10,12:21:03.295338,[]
2026-06-10,12:21:03.328705,[]
2026-06-10,12:21:03.362072,[]
2026-06-10,12:21:03.395439,[]
2026-06-10,12:21:03.428806,[]
2026-06-10,12:21:03.462173,[]
2026-06-10,12:21:03.495540,[]
2026-06-10,12:21:03.528907,[]
2026-06-10,12:21:03.562274,[]
2026-06-10,12:21:03.595641,[]
2026-06-10,12:21:03.629008,[]
2026-06-10,12:21:03.662375,[]
2026-06-10,12:21:03.695742,[]
2026-06-10,12:21:03.729109,[]
2026-06-10,12:21:03.762476,[]
2026-06-10,12:21:03.795843,[]
2026-06-10,12:21:03.829210,[]
2026-06-10,12:21:03.862577,[]
2026-06-10,12:21:03.895944,[]
2026-06-10,12:21:03.929311,[]
2026-06-10,12:21:03.962678,[]
2026-06-10,12:21:03.996045,[]
2026-06-10,12:21:04.029412,[]
2026-06-10,12:21:04.062779,[]
2026-06-10,12:21:04.096146,[]
2026-06-10,12:21:04.129513,[]
2026-06-10,12:21:04.162880,[]
2026-06-10,12:21:04.196247,[]
2026-06-10,12:21:04.229614,[]
2026-06-10,12:21:04.262981,[]
2026-06-10,12:21:04.296348,[]
2026-06-10,12:21:04.329715,[]
2026-06-10,12:21:04.363082,[]
2026-06-10,12:21:04.396449,[]
2026-06-10,12:21:04.429816,[]
2026-06-10,12:21:04.463183,[]
2026-06-10,12:21:04.496550,[]
2026-06-10,12:21:04.529917,[]
2026-06-10,12:21:04.563284,[]
2026-06-10,12:21:04.596651,[]
2026-06-10,12:21:04.630018,[]
2026-06-10,12:21:04.663385,[]
2026-06-10,12:21:04.696752,[]
2026-06-10,12:21:04.730119,[]
2026-06-10,12:21:04.763486,[]
2026-06-10,12:21:04.796853,[]
2026-06-10,12:21:04.830220,[]
2026-06-10,12:21:04.863587,[]
2026-06-10,12:21:04.896954,[]
2026-06-10,12:21:04.930321,[]
2026-06-10,12:21:04.963688,[]
2026-06-10,12:21:04.997055,[]
2026-06-10,12:21:05.030422,[]
2026-06-10,12:21:05.063789,[]
2026-06-10,12:21:05.097156,[]
2026-06-10,12:21:05.130523,[]
2026-06-10,12:21:05.163890,[]
2026-06-10,12:21:05.197257,[]
2026-06-10,12:21:05.230624,[]
2026-06-10,12:21:05.263991,[]
2026-06-10,12:21:05.297358,[]
2026-06-10,12:21:05.330725,[]
2026-06-10,12:21:05.364092,[]
2026-06-10,12:21:05.397459,[]
2026-06-10,12:21:05.430826,[]
2026-06-10,12:21:05.464193,[]
2026-06-10,12:21:05.497560,[]
2026-06-10,12:21:05.530927,[]
2026-06-10,12:21:05.564294,[]
2026-06-10,12:21:05.597661,[]
2026-06-10,12:21:05.631028,[]
2026-06-10,12:21:05.664395,[]
2026-06-10,12:21:05.697762,[]
2026-06-10,12:21:05.731129,[]
2026-06-10,12:21:05.764496,[]
2026-06-10,12:21:05.797863,[]
2026-06-10,12:21:05.831230,[]
2026-06-10,12:21:05.864597,[]
2026-06-10,12:21:05.897964,[]
2026-06-10,12:21:05.931331,[]
2026-06-10,12:21:05.964698,[]
2026-06-10,12:21:05.998065,[]
2026-06-10,12:21:06.031432,[]
2026-06-10,12:21:06.064799,[]
2026-06-10,12:21:06.098166,[]
2026-06-10,12:21:06.131533,[]
2026-06-10,12:21:06.164900,[]
2026-06-10,12:21:06.198267,[]
2026-06-10,12:21:06.231634,[]
2026-06-10,12:21:06.265001,[]
2026-06-10,12:21:06.298368,[]
2026-06-10,12:21:06.331735,[]
2026-06-10,12:21:06.365102,[]
2026-06-10,12:21:06.398469,[]
2026-06-10,12:21:06.431836,[]
2026-06-10,12:21:06.465203,[]
2026-06-10,12:21:06.498570,[]
2026-06-10,12:21:06.531937,[]
2026-06-10,12:21:06.565304,[]
2026-06-10,12:21:06.598671,[]
2026-06-10,12:21:06.632038,[]
2026-06-10,12:21:06.665405,[]
2026-06-10,12:21:06.698772,[]
2026-06-10,12:21:06.732139,[]
2026-06-10,12:21:06.765506,[]
2026-06-10,12:21:06.798873,[]
2026-06-10,12:21:06.832240,[]
2026-06-10,12:21:06.865607,[]
2026-06-10,12:21:06.898974,[]
2026-06-10,12:21:06.932341,[]
2026-06-10,12:21:06.965708,[]
2026-06-10,12:21:06.999075,[]
2026-06-10,12:21:07.032442,[]
2026-06-10,12:21:07.065809,[]
2026-06-10,12:21:07.099176,[]
2026-06-10,12:21:07.132543,[]
2026-06-10,12:21:07.165910,[]
2026-06-10,12:21:07.199277,[]
2026-06-10,12:21:07.232644,[]
2026-06-10,12:21:07.266011,[]
2026-06-10,12:21:07.299378,[]
2026-06-10,12:21:07.332745,[]
2026-06-10,12:21:07.366112,[]
2026-06-10,12:21:07.399479,[]
2026-06-10,12:21:07.432846,[]
2026-06-10,12:21:07.466213,[]
2026-06-10,12:21:07.499580,[]
2026-06-10,12:21:07.532947,[]
2026-06-10,12:21:07.566314,[]
2026-06-10,12:21:07.599681,[]
2026-06-10,12:21:07.633048,[]
2026-06-10,12:21:07.666415,[]
2026-06-10,12:21:07.699782,[]
2026-06-10,12:21:07.733149,[]
2026-06-10,12:21:07.766516,[]
2026-06-10,12:21:07.799883,[]
2026-06-10,12:21:07.833250,[]
2026-06-10,12:21:07.866617,[]
2026-06-10,12:21:07.899984,[]
2026-06-10,12:21:07.933351,[]
2026-06-10,12:21:07.966718,[]
2026-06-10,12:21:08.000085,[]
2026-06-10,12:21:08.033452,[]
2026-06-10,12:21:08.066819,[]
2026-06-10,12:21:08.100186,[]
2026-06-10,12:21:08.133553,[]
2026-06-10,12:21:08.166920,[]
2026-06-10,12:21:08.200287,[]
2026-06-10,12:21:08.233654,[]
2026-06-10,12:21:08.267021,[]
2026-06-10,12:21:08.300388,[]
2026-06-10,12:21:08.333755,[]
2026-06-10,12:21:08.367122,[]
2026-06-10,12:21:08.400489,[]
2026-06-10,12:21:08.433856,[]
2026-06-10,12:21:08.467223,[]
2026-06-10,12:21:08.500590,[]
2026-06-10,12:21:08.533957,[]
2026-06-10,12:21:08.567324,[]
2026-06-10,12:21:08.600691,[]
2026-06-10,12:21:08.634058,[]
2026-06-10,12:21:08.667425,[]
2026-06-10,12:21:08.700792,[]
2026-06-10,12:21:08.734159,[]
2026-06-10,12:21:08.767526,[]
2026-06-10,12:21:08.800893,[]
2026-06-10,12:21:08.834260,[]
2026-06-10,12:21:08.867627,[]
2026-06-10,12:21:08.900994,[]
2026-06-10,12:21:08.934361,[]
2026-06-10,12:21:08.967728,[]
2026-06-10,12:21:09.001095,[]
2026-06-10,12:21:09.034462,[]
2026-06-10,12:21:09.067829,[]
2026-06-10,12:21:09.101196,[]
2026-06-10,12:21:09.134563,[]
2026-06-10,12:21:09.167930,[]
2026-06-10,12:21:09.201297,[]
2026-06-10,12:21:09.234664,[]
2026-06-10,12:21:09.268031,[]
2026-06-10,12:21:09.301398,[]
2026-06-10,12:21:09.334765,[]
2026-06-10,12:21:09.368132,['CX31984']
2026-06-10,12:21:09.401499,['CX31984']
2026-06-10,12:21:09.434866,['CX31984']
2026-06-10,12:21:09.468233,['CX31984']
2026-06-10,12:21:09.501600,[]
2026-06-10,12:21:09.534967,[]
2026-06-10,12:21:09.568334,[]
2026-06-10,12:21:09.601701,[]
2026-06-10,12:21:09.635068,[]
2026-06-10,12:21:09.668435,[]
2026-06-10,12:21:09.701802,[]
2026-06-10,12:21:09.735169,[]
2026-06-10,12:21:09.768536,[]
2026-06-10,12:21:09.801903,[]
2026-06-10,12:21:09.835270,[]
2026-06-10,12:21:09.868637,[]
2026-06-10,12:21:09.902004,[]
2026-06-10,12:21:09.935371,[]
2026-06-10,12:21:09.968738,[]
2026-06-10,12:21:10.002105,[]
2026-06-10,12:21:10.035472,[]
2026-06-10,12:21:10.068839,[]
2026-06-10,12:21:10.102206,[]
2026-06-10,12:21:10.135573,[]
2026-06-10,12:21:10.168940,[]
2026-06-10,12:21:10.202307,[]
2026-06-10,12:21:10.235674,[]
2026-06-10,12:21:10.269041,[]
2026-06-10,12:21:10.302408,[]
2026-06-10,12:21:10.335775,[]
2026-06-10,12:21:10.369142,[]
2026-06-10,12:21:10.402509,[]
2026-06-10,12:21:10.435876,[]
2026-06-10,12:21:10.469243,[]
2026-06-10,12:21:10.502610,[]
2026-06-10,12:21:10.535977,[]
2026-06-10,12:21:10.569344,[]
2026-06-10,12:21:10.602711,[]
2026-06-10,12:21:10.636078,[]
2026-06-10,12:21:10.669445,[]
2026-06-10,12:21:10.702812,[]
2026-06-10,12:21:10.736179,[]
2026-06-10,12:21:10.769546,[]
2026-06-10,12:21:10.802913,[]
2026-06-10,12:21:10.836280,[]
2026-06-10,12:21:10.869647,[]
2026-06-10,12:21:10.903014,[]
2026-06-10,12:21:10.936381,[]
2026-06-10,12:21:10.969748,[]
2026-06-10,12:21:11.003115,[]
2026-06-10,12:21:11.036482,[]
2026-06-10,12:21:11.069849,[]
2026-06-10,12:21:11.103216,[]
2026-06-10,12:21:11.136583,[]
2026-06-10,12:21:11.169950,[]
2026-06-10,12:21:11.203317,[]
2026-06-10,12:21:11.236684,[]
2026-06-10,12:21:11.270051,[]
2026-06-10,12:21:11.303418,[]
2026-06-10,12:21:11.336785,[]
2026-06-10,12:21:11.370152,[]
2026-06-10,12:21:11.403519,[]
2026-06-10,12:21:11.436886,[]
2026-06-10,12:21:11.470253,[]
2026-06-10,12:21:11.503620,[]
2026-06-10,12:21:11.536987,[]
2026-06-10,12:21:11.570354,[]
2026-06-10,12:21:11.603721,[]
2026-06-10,12:21:11.637088,[]
2026-06-10,12:21:11.670455,[]
2026-06-10,12:21:11.703822,[]
2026-06-10,12:21:11.737189,[]
2026-06-10,12:21:11.770556,[]
2026-06-10,12:21:11.803923,[]
2026-06-10,12:21:11.837290,[]
2026-06-10,12:21:11.870657,[]
2026-06-10,12:21:11.904024,[]
2026-06-10,12:21:11.937391,[]
2026-06-10,12:21:11.970758,[]
2026-06-10,12:21:12.004125,[]
2026-06-10,12:21:12.037492,[]
2026-06-10,12:21:12.070859,[]
2026-06-10,12:21:12.104226,[]
2026-06-10,12:21:12.137593,[]
2026-06-10,12:21:12.170960,[]
2026-06-10,12:21:12.204327,[]
2026-06-10,12:21:12.237694,[]
2026-06-10,12:21:12.271061,[]
2026-06-10,12:21:12.304428,[]
2026-06-10,12:21:12.337795,[]
2026-06-10,12:21:12.371162,[]
2026-06-10,12:21:12.404529,[]
2026-06-10,12:21:12.437896,[]
2026-06-10,12:21:12.471263,[]
2026-06-10,12:21:12.504630,[]
2026-06-10,12:21:12.537997,[]
2026-06-10,12:21:12.571364,[]
2026-06-10,12:21:12.604731,[]
2026-06-10,12:21:12.638098,[]
2026-06-10,12:21:12.671465,[]
2026-06-10,12:21:12.704832,[]
2026-06-10,12:21:12.738199,[]
2026-06-10,12:21:12.771566,[]
2026-06-10,12:21:12.804933,[]
2026-06-10,12:21:12.838300,[]
2026-06-10,12:21:12.871667,[]
2026-06-10,12:21:12.905034,[]
2026-06-10,12:21:12.938401,[]
2026-06-10,12:21:12.971768,[]
2026-06-10,12:21:13.005135,[]
2026-06-10,12:21:13.038502,[]
2026-06-10,12:21:13.071869,[]
2026-06-10,12:21:13.105236,[]
2026-06-10,12:21:13.138603,[]
2026-06-10,12:21:13.171970,[]
2026-06-10,12:21:13.205337,[]
2026-06-10,12:21:13.238704,[]
2026-06-10,12:21:13.272071,[]
2026-06-10,12:21:13.305438,[]
2026-06-10,12:21:13.338805,[]
2026-06-10,12:21:13.372172,[]
2026-06-10,12:21:13.405539,[]
2026-06-10,12:21:13.438906,[]
2026-06-10,12:21:13.472273,[]
2026-06-10,12:21:13.505640,[]
2026-06-10,12:21:13.539007,[]
2026-06-10,12:21:13.572374,[]
2026-06-10,12:21:13.605741,[]
2026-06-10,12:21:13.639108,[]
2026-06-10,12:21:13.672475,[]
2026-06-10,12:21:13.705842,[]
2026-06-10,12:21:13.739209,[]
2026-06-10,12:21:13.772576,[]
2026-06-10,12:21:13.805943,[]
2026-06-10,12:21:13.839310,[]
2026-06-10,12:21:13.872677,[]
2026-06-10,12:21:13.906044,[]
2026-06-10,12:21:13.939411,[]
2026-06-10,12:21:13.972778,[]
2026-06-10,12:21:14.006145,[]
2026-06-10,12:21:14.039512,[]
2026-06-10,12:21:14.072879,[]
2026-06-10,12:21:14.106246,[]
2026-06-10,12:21:14.139613,[]
2026-06-10,12:21:14.172980,[]
2026-06-10,12:21:14.206347,[]
2026-06-10,12:21:14.239714,[]
2026-06-10,12:21:14.273081,[]
2026-06-10,12:21:14.306448,[]
2026-06-10,12:21:14.339815,[]
2026-06-10,12:21:14.373182,[]
2026-06-10,12:21:14.406549,[]
2026-06-10,12:21:14.439916,[]
2026-06-10,12:21:14.473283,[]
2026-06-10,12:21:14.506650,[]
2026-06-10,12:21:14.540017,[]
2026-06-10,12:21:14.573384,[]
2026-06-10,12:21:14.606751,[]
2026-06-10,12:21:14.640118,[]
2026-06-10,12:21:14.673485,[]
2026-06-10,12:21:14.706852,[]
2026-06-10,12:21:14.740219,[]
2026-06-10,12:21:14.773586,[]
2026-06-10,12:21:14.806953,[]
2026-06-10,12:21:14.840320,[]
2026-06-10,12:21:14.873687,[]
2026-06-10,12:21:14.907054,[]
2026-06-10,12:21:14.940421,[]
2026-06-10,12:21:14.973788,[]
2026-06-10,12:21:15.007155,[]
2026-06-10,12:21:15.040522,[]
2026-06-10,12:21:15.073889,[]
2026-06-10,12:21:15.107256,[]
2026-06-10,12:21:15.140623,[]
2026-06-10,12:21:15.173990,[]
2026-06-10,12:21:15.207357,[]
2026-06-10,12:21:15.240724,[]
2026-06-10,12:21:15.274091,[]
2026-06-10,12:21:15.307458,[]
2026-06-10,12:21:15.340825,[]
2026-06-10,12:21:15.374192,[]
2026-06-10,12:21:15.407559,[]
2026-06-10,12:21:15.440926,[]
2026-06-10,12:21:15.474293,[]
2026-06-10,12:21:15.507660,[]
2026-06-10,12:21:15.541027,[]
2026-06-10,12:21:15.574394,[]
2026-06-10,12:21:15.607761,[]
2026-06-10,12:21:15.641128,[]
2026-06-10,12:21:15.674495,[]
2026-06-10,12:21:15.707862,[]
2026-06-10,12:21:15.741229,[]
2026-06-10,12:21:15.774596,[]
2026-06-10,12:21:15.807963,[]
2026-06-10,12:21:15.841330,[]
2026-06-10,12:21:15.874697,[]
2026-06-10,12:21:15.908064,[]
2026-06-10,12:21:15.941431,[]
2026-06-10,12:21:15.974798,[]
2026-06-10,12:21:16.008165,[]
2026-06-10,12:21:16.041532,[]
2026-06-10,12:21:16.074899,[]
2026-06-10,12:21:16.108266,[]
2026-06-10,12:21:16.141633,[]
2026-06-10,12:21:16.175000,[]
2026-06-10,12:21:16.208367,[]
2026-06-10,12:21:16.241734,[]
2026-06-10,12:21:16.275101,[]
2026-06-10,12:21:16.308468,[]
2026-06-10,12:21:16.341835,[]
2026-06-10,12:21:16.375202,[]
2026-06-10,12:21:16.408569,[]
2026-06-10,12:21:16.441936,[]
2026-06-10,12:21:16.475303,[]
2026-06-10,12:21:16.508670,[]
2026-06-10,12:21:16.542037,[]
2026-06-10,12:21:16.575404,[]
2026-06-10,12:21:16.608771,[]
2026-06-10,12:21:16.642138,[]
2026-06-10,12:21:16.675505,[]
2026-06-10,12:21:16.708872,[]
2026-06-10,12:21:16.742239,[]
2026-06-10,12:21:16.775606,[]
2026-06-10,12:21:16.808973,[]
2026-06-10,12:21:16.842340,[]
2026-06-10,12:21:16.875707,[]
2026-06-10,12:21:16.909074,[]
2026-06-10,12:21:16.942441,[]
2026-06-10,12:21:16.975808,[]
2026-06-10,12:21:17.009175,[]
2026-06-10,12:21:17.042542,[]
2026-06-10,12:21:17.075909,[]
2026-06-10,12:21:17.109276,[]
2026-06-10,12:21:17.142643,[]
2026-06-10,12:21:17.176010,[]
2026-06-10,12:21:17.209377,[]
2026-06-10,12:21:17.242744,[]
2026-06-10,12:21:17.276111,[]
2026-06-10,12:21:17.309478,[]
2026-06-10,12:21:17.342845,[]
2026-06-10,12:21:17.376212,[]
2026-06-10,12:21:17.409579,[]
2026-06-10,12:21:17.442946,[]
2026-06-10,12:21:17.476313,[]
2026-06-10,12:21:17.509680,[]
2026-06-10,12:21:17.543047,[]
2026-06-10,12:21:17.576414,[]
2026-06-10,12:21:17.609781,[]
2026-06-10,12:21:17.643148,[]
2026-06-10,12:21:17.676515,[]
2026-06-10,12:21:17.709882,[]
2026-06-10,12:21:17.743249,[]
2026-06-10,12:21:17.776616,[]
2026-06-10,12:21:17.809983,[]
2026-06-10,12:21:17.843350,[]
2026-06-10,12:21:17.876717,[]
2026-06-10,12:21:17.910084,[]
2026-06-10,12:21:17.943451,[]
2026-06-10,12:21:17.976818,[]
2026-06-10,12:21:18.010185,[]
2026-06-10,12:21:18.043552,[]
2026-06-10,12:21:18.076919,[]
2026-06-10,12:21:18.110286,[]
2026-06-10,12:21:18.143653,[]
2026-06-10,12:21:18.177020,[]
2026-06-10,12:21:18.210387,[]
2026-06-10,12:21:18.243754,[]
2026-06-10,12:21:18.277121,[]
2026-06-10,12:21:18.310488,[]
2026-06-10,12:21:18.343855,[]
2026-06-10,12:21:18.377222,[]
2026-06-10,12:21:18.410589,[]
2026-06-10,12:21:18.443956,[]
2026-06-10,12:21:18.477323,[]
2026-06-10,12:21:18.510690,[]
2026-06-10,12:21:18.544057,[]
2026-06-10,12:21:18.577424,[]
2026-06-10,12:21:18.610791,[]
2026-06-10,12:21:18.644158,[]
2026-06-10,12:21:18.677525,[]
2026-06-10,12:21:18.710892,[]
2026-06-10,12:21:18.744259,[]
2026-06-10,12:21:18.777626,[]
2026-06-10,12:21:18.810993,[]
2026-06-10,12:21:18.844360,[]
2026-06-10,12:21:18.877727,[]
2026-06-10,12:21:18.911094,[]
2026-06-10,12:21:18.944461,[]
2026-06-10,12:21:18.977828,[]
2026-06-10,12:21:19.011195,[]
2026-06-10,12:21:19.044562,[]
2026-06-10,12:21:19.077929,[]
2026-06-10,12:21:19.111296,[]
2026-06-10,12:21:19.144663,[]
2026-06-10,12:21:19.178030,[]
2026-06-10,12:21:19.211397,[]
2026-06-10,12:21:19.244764,[]
2026-06-10,12:21:19.278131,[]
2026-06-10,12:21:19.311498,[]
2026-06-10,12:21:19.344865,[]
2026-06-10,12:21:19.378232,[]
2026-06-10,12:21:19.411599,[]
2026-06-10,12:21:19.444966,[]
2026-06-10,12:21:19.478333,[]
2026-06-10,12:21:19.511700,[]
2026-06-10,12:21:19.545067,[]
2026-06-10,12:21:19.578434,[]
2026-06-10,12:21:19.611801,[]
2026-06-10,12:21:19.645168,[]
2026-06-10,12:21:19.678535,[]
2026-06-10,12:21:19.711902,[]
2026-06-10,12:21:19.745269,[]
2026-06-10,12:21:19.778636,[]
2026-06-10,12:21:19.812003,[]
2026-06-10,12:21:19.845370,[]
2026-06-10,12:21:19.878737,[]
2026-06-10,12:21:19.912104,[]
2026-06-10,12:21:19.945471,[]
2026-06-10,12:21:19.978838,[]
2026-06-10,12:21:20.012205,[]
2026-06-10,12:21:20.045572,[]
2026-06-10,12:21:20.078939,[]
2026-06-10,12:21:20.112306,[]
2026-06-10,12:21:20.145673,[]
2026-06-10,12:21:20.179040,[]
2026-06-10,12:21:20.212407,[]
2026-06-10,12:21:20.245774,[]
2026-06-10,12:21:20.279141,[]
2026-06-10,12:21:20.312508,[]
2026-06-10,12:21:20.345875,[]
2026-06-10,12:21:20.379242,[]
2026-06-10,12:21:20.412609,[]
2026-06-10,12:21:20.445976,[]
2026-06-10,12:21:20.479343,[]
2026-06-10,12:21:20.512710,[]
2026-06-10,12:21:20.546077,[]
2026-06-10,12:21:20.579444,[]
2026-06-10,12:21:20.612811,[]
2026-06-10,12:21:20.646178,[]
2026-06-10,12:21:20.679545,[]
2026-06-10,12:21:20.712912,[]
2026-06-10,12:21:20.746279,[]
2026-06-10,12:21:20.779646,[]
2026-06-10,12:21:20.813013,[]
2026-06-10,12:21:20.846380,[]
2026-06-10,12:21:20.879747,[]
2026-06-10,12:21:20.913114,[]
2026-06-10,12:21:20.946481,[]
2026-06-10,12:21:20.979848,[]
2026-06-10,12:21:21.013215,[]
2026-06-10,12:21:21.046582,[]
2026-06-10,12:21:21.079949,[]
2026-06-10,12:21:21.113316,[]
2026-06-10,12:21:21.146683,[]
2026-06-10,12:21:21.180050,[]
2026-06-10,12:21:21.213417,[]
2026-06-10,12:21:21.246784,[]
2026-06-10,12:21:21.280151,[]
2026-06-10,12:21:21.313518,[]
2026-06-10,12:21:21.346885,[]
2026-06-10,12:21:21.380252,[]
2026-06-10,12:21:21.413619,[]
2026-06-10,12:21:21.446986,[]
2026-06-10,12:21:21.480353,[]
2026-06-10,12:21:21.513720,[]
2026-06-10,12:21:21.547087,[]
2026-06-10,12:21:21.580454,[]
2026-06-10,12:21:21.613821,[]
2026-06-10,12:21:21.647188,[]
2026-06-10,12:21:21.680555,[]
2026-06-10,12:21:21.713922,[]
2026-06-10,12:21:21.747289,[]
2026-06-10,12:21:21.780656,[]
2026-06-10,12:21:21.814023,[]
2026-06-10,12:21:21.847390,[]
2026-06-10,12:21:21.880757,[]
2026-06-10,12:21:21.914124,[]
2026-06-10,12:21:21.947491,[]
2026-06-10,12:21:21.980858,[]
2026-06-10,12:21:22.014225,[]
2026-06-10,12:21:22.047592,[]
2026-06-10,12:21:22.080959,[]
2026-06-10,12:21:22.114326,[]
2026-06-10,12:21:22.147693,[]
2026-06-10,12:21:22.181060,[]
2026-06-10,12:21:22.214427,[]
2026-06-10,12:21:22.247794,[]
2026-06-10,12:21:22.281161,[]
2026-06-10,12:21:22.314528,[]
2026-06-10,12:21:22.347895,[]
2026-06-10,12:21:22.381262,[]
2026-06-10,12:21:22.414629,[]
2026-06-10,12:21:22.447996,[]
2026-06-10,12:21:22.481363,[]
2026-06-10,12:21:22.514730,[]
2026-06-10,12:21:22.548097,[]
2026-06-10,12:21:22.581464,[]
2026-06-10,12:21:22.614831,[]
2026-06-10,12:21:22.648198,[]
2026-06-10,12:21:22.681565,[]
2026-06-10,12:21:22.714932,[]
2026-06-10,12:21:22.748299,[]
2026-06-10,12:21:22.781666,[]
2026-06-10,12:21:22.815033,[]
2026-06-10,12:21:22.848400,[]
2026-06-10,12:21:22.881767,[]
2026-06-10,12:21:22.915134,[]
2026-06-10,12:21:22.948501,[]
2026-06-10,12:21:22.981868,[]
2026-06-10,12:21:23.015235,[]
2026-06-10,12:21:23.048602,[]
2026-06-10,12:21:23.081969,[]
2026-06-10,12:21:23.115336,[]
2026-06-10,12:21:23.148703,[]
2026-06-10,12:21:23.182070,[]
2026-06-10,12:21:23.215437,[]
2026-06-10,12:21:23.248804,[]
2026-06-10,12:21:23.282171,[]
2026-06-10,12:21:23.315538,[]
2026-06-10,12:21:23.348905,[]
2026-06-10,12:21:23.382272,[]
2026-06-10,12:21:23.415639,[]
2026-06-10,12:21:23.449006,[]
2026-06-10,12:21:23.482373,[]
2026-06-10,12:21:23.515740,[]
2026-06-10,12:21:23.549107,[]
2026-06-10,12:21:23.582474,[]
2026-06-10,12:21:23.615841,[]
2026-06-10,12:21:23.649208,[]
2026-06-10,12:21:23.682575,[]
2026-06-10,12:21:23.715942,[]
2026-06-10,12:21:23.749309,[]
2026-06-10,12:21:23.782676,[]
2026-06-10,12:21:23.816043,[]
2026-06-10,12:21:23.849410,[]
2026-06-10,12:21:23.882777,[]
2026-06-10,12:21:23.916144,[]
2026-06-10,12:21:23.949511,[]
2026-06-10,12:21:23.982878,[]
2026-06-10,12:21:24.016245,[]
2026-06-10,12:21:24.049612,[]
2026-06-10,12:21:24.082979,[]
2026-06-10,12:21:24.116346,[]
2026-06-10,12:21:24.149713,[]
2026-06-10,12:21:24.183080,[]
2026-06-10,12:21:24.216447,[]
2026-06-10,12:21:24.249814,[]
2026-06-10,12:21:24.283181,[]
2026-06-10,12:21:24.316548,[]
2026-06-10,12:21:24.349915,[]
2026-06-10,12:21:24.383282,[]
2026-06-10,12:21:24.416649,[]
2026-06-10,12:21:24.450016,[]
2026-06-10,12:21:24.483383,[]
2026-06-10,12:21:24.516750,[]
2026-06-10,12:21:24.550117,[]
2026-06-10,12:21:24.583484,[]
2026-06-10,12:21:24.616851,[]
2026-06-10,12:21:24.650218,[]
2026-06-10,12:21:24.683585,[]
2026-06-10,12:21:24.716952,[]
2026-06-10,12:21:24.750319,[]
2026-06-10,12:21:24.783686,[]
2026-06-10,12:21:24.817053,[]
2026-06-10,12:21:24.850420,[]
2026-06-10,12:21:24.883787,[]
2026-06-10,12:21:24.917154,[]
2026-06-10,12:21:24.950521,[]
2026-06-10,12:21:24.983888,[]
2026-06-10,12:21:25.017255,[]
2026-06-10,12:21:25.050622,[]
2026-06-10,12:21:25.083989,[]
2026-06-10,12:21:25.117356,[]
2026-06-10,12:21:25.150723,[]
2026-06-10,12:21:25.184090,[]
2026-06-10,12:21:25.217457,[]
2026-06-10,12:21:25.250824,[]
2026-06-10,12:21:25.284191,[]
2026-06-10,12:21:25.317558,[]
2026-06-10,12:21:25.350925,[]
2026-06-10,12:21:25.384292,[]
2026-06-10,12:21:25.417659,[]
2026-06-10,12:21:25.451026,[]
2026-06-10,12:21:25.484393,[]
2026-06-10,12:21:25.517760,[]
2026-06-10,12:21:25.551127,[]
2026-06-10,12:21:25.584494,[]
2026-06-10,12:21:25.617861,[]
2026-06-10,12:21:25.651228,[]
2026-06-10,12:21:25.684595,[]
2026-06-10,12:21:25.717962,[]
2026-06-10,12:21:25.751329,[]
2026-06-10,12:21:25.784696,[]
2026-06-10,12:21:25.818063,[]
2026-06-10,12:21:25.851430,[]
2026-06-10,12:21:25.884797,[]
2026-06-10,12:21:25.918164,[]
2026-06-10,12:21:25.951531,[]
2026-06-10,12:21:25.984898,[]
2026-06-10,12:21:26.018265,[]
2026-06-10,12:21:26.051632,[]
2026-06-10,12:21:26.084999,[]
2026-06-10,12:21:26.118366,[]
2026-06-10,12:21:26.151733,[]
2026-06-10,12:21:26.185100,[]
2026-06-10,12:21:26.218467,[]
2026-06-10,12:21:26.251834,[]
2026-06-10,12:21:26.285201,[]
2026-06-10,12:21:26.318568,[]
2026-06-10,12:21:26.351935,[]
2026-06-10,12:21:26.385302,[]
2026-06-10,12:21:26.418669,[]
2026-06-10,12:21:26.452036,[]
2026-06-10,12:21:26.485403,[]
2026-06-10,12:21:26.518770,[]
2026-06-10,12:21:26.552137,[]
2026-06-10,12:21:26.585504,[]
2026-06-10,12:21:26.618871,[]
2026-06-10,12:21:26.652238,[]
2026-06-10,12:21:26.685605,[]
2026-06-10,12:21:26.718972,[]
2026-06-10,12:21:26.752339,[]
2026-06-10,12:21:26.785706,[]
2026-06-10,12:21:26.819073,[]
2026-06-10,12:21:26.852440,[]
2026-06-10,12:21:26.885807,[]
2026-06-10,12:21:26.919174,[]
2026-06-10,12:21:26.952541,[]
2026-06-10,12:21:26.985908,[]
2026-06-10,12:21:27.019275,[]
2026-06-10,12:21:27.052642,[]
2026-06-10,12:21:27.086009,[]
2026-06-10,12:21:27.119376,[]
2026-06-10,12:21:27.152743,[]
2026-06-10,12:21:27.186110,[]
2026-06-10,12:21:27.219477,[]
2026-06-10,12:21:27.252844,[]
2026-06-10,12:21:27.286211,[]
2026-06-10,12:21:27.319578,[]
2026-06-10,12:21:27.352945,[]
2026-06-10,12:21:27.386312,[]
2026-06-10,12:21:27.419679,[]
2026-06-10,12:21:27.453046,[]
2026-06-10,12:21:27.486413,[]
2026-06-10,12:21:27.519780,[]
2026-06-10,12:21:27.553147,[]
2026-06-10,12:21:27.586514,[]
2026-06-10,12:21:27.619881,[]
2026-06-10,12:21:27.653248,[]
2026-06-10,12:21:27.686615,[]
2026-06-10,12:21:27.719982,[]
2026-06-10,12:21:27.753349,[]
2026-06-10,12:21:27.786716,[]
2026-06-10,12:21:27.820083,[]
2026-06-10,12:21:27.853450,[]
2026-06-10,12:21:27.886817,[]
2026-06-10,12:21:27.920184,[]
2026-06-10,12:21:27.953551,[]
2026-06-10,12:21:27.986918,[]
2026-06-10,12:21:28.020285,[]
2026-06-10,12:21:28.053652,[]
2026-06-10,12:21:28.087019,[]
2026-06-10,12:21:28.120386,[]
2026-06-10,12:21:28.153753,[]
2026-06-10,12:21:28.187120,[]
2026-06-10,12:21:28.220487,[]
2026-06-10,12:21:28.253854,[]
2026-06-10,12:21:28.287221,[]
2026-06-10,12:21:28.320588,[]
2026-06-10,12:21:28.353955,[]
2026-06-10,12:21:28.387322,[]
2026-06-10,12:21:28.420689,[]
2026-06-10,12:21:28.454056,[]
2026-06-10,12:21:28.487423,[]
2026-06-10,12:21:28.520790,[]
2026-06-10,12:21:28.554157,[]
2026-06-10,12:21:28.587524,[]
2026-06-10,12:21:28.620891,[]
2026-06-10,12:21:28.654258,[]
2026-06-10,12:21:28.687625,[]
2026-06-10,12:21:28.720992,[]
2026-06-10,12:21:28.754359,[]
2026-06-10,12:21:28.787726,[]
2026-06-10,12:21:28.821093,[]
2026-06-10,12:21:28.854460,[]
2026-06-10,12:21:28.887827,[]
2026-06-10,12:21:28.921194,[]
2026-06-10,12:21:28.954561,[]
2026-06-10,12:21:28.987928,[]
2026-06-10,12:21:29.021295,[]
2026-06-10,12:21:29.054662,[]
2026-06-10,12:21:29.088029,[]
2026-06-10,12:21:29.121396,[]
2026-06-10,12:21:29.154763,[]
2026-06-10,12:21:29.188130,[]
2026-06-10,12:21:29.221497,[]
2026-06-10,12:21:29.254864,[]
2026-06-10,12:21:29.288231,[]
2026-06-10,12:21:29.321598,[]
2026-06-10,12:21:29.354965,[]
2026-06-10,12:21:29.388332,[]
2026-06-10,12:21:29.421699,[]
2026-06-10,12:21:29.455066,[]
2026-06-10,12:21:29.488433,[]
2026-06-10,12:21:29.521800,[]
2026-06-10,12:21:29.555167,[]
2026-06-10,12:21:29.588534,[]
2026-06-10,12:21:29.621901,[]
2026-06-10,12:21:29.655268,[]
2026-06-10,12:21:29.688635,[]
2026-06-10,12:21:29.722002,[]
2026-06-10,12:21:29.755369,[]
2026-06-10,12:21:29.788736,[]
2026-06-10,12:21:29.822103,[]
2026-06-10,12:21:29.855470,[]
2026-06-10,12:21:29.888837,[]
2026-06-10,12:21:29.922204,[]
2026-06-10,12:21:29.955571,[]
2026-06-10,12:21:29.988938,[]
2026-06-10,12:21:30.022305,[]
2026-06-10,12:21:30.055672,[]
2026-06-10,12:21:30.089039,[]
2026-06-10,12:21:30.122406,[]
2026-06-10,12:21:30.155773,[]
2026-06-10,12:21:30.189140,[]
2026-06-10,12:21:30.222507,[]
2026-06-10,12:21:30.255874,[]
2026-06-10,12:21:30.289241,[]
2026-06-10,12:21:30.322608,[]
2026-06-10,12:21:30.355975,[]
2026-06-10,12:21:30.389342,[]
2026-06-10,12:21:30.422709,[]
2026-06-10,12:21:30.456076,[]
2026-06-10,12:21:30.489443,[]
2026-06-10,12:21:30.522810,[]
2026-06-10,12:21:30.556177,[]
2026-06-10,12:21:30.589544,[]
2026-06-10,12:21:30.622911,[]
2026-06-10,12:21:30.656278,[]
2026-06-10,12:21:30.689645,[]
2026-06-10,12:21:30.723012,[]
2026-06-10,12:21:30.756379,[]
2026-06-10,12:21:30.789746,[]
2026-06-10,12:21:30.823113,[]
2026-06-10,12:21:30.856480,[]
2026-06-10,12:21:30.889847,[]
2026-06-10,12:21:30.923214,[]
2026-06-10,12:21:30.956581,[]
2026-06-10,12:21:30.989948,[]
2026-06-10,12:21:31.023315,[]
2026-06-10,12:21:31.056682,[]
2026-06-10,12:21:31.090049,[]
2026-06-10,12:21:31.123416,[]
2026-06-10,12:21:31.156783,[]
2026-06-10,12:21:31.190150,[]
2026-06-10,12:21:31.223517,[]
2026-06-10,12:21:31.256884,[]
2026-06-10,12:21:31.290251,[]
2026-06-10,12:21:31.323618,[]
2026-06-10,12:21:31.356985,[]
2026-06-10,12:21:31.390352,[]
2026-06-10,12:21:31.423719,[]
2026-06-10,12:21:31.457086,[]
2026-06-10,12:21:31.490453,[]
2026-06-10,12:21:31.523820,[]
2026-06-10,12:21:31.557187,[]
2026-06-10,12:21:31.590554,[]
2026-06-10,12:21:31.623921,[]
2026-06-10,12:21:31.657288,[]
2026-06-10,12:21:31.690655,[]
2026-06-10,12:21:31.724022,[]
2026-06-10,12:21:31.757389,[]
2026-06-10,12:21:31.790756,[]
2026-06-10,12:21:31.824123,[]
2026-06-10,12:21:31.857490,[]
2026-06-10,12:21:31.890857,[]
2026-06-10,12:21:31.924224,[]
2026-06-10,12:21:31.957591,[]
2026-06-10,12:21:31.990958,[]
2026-06-10,12:21:32.024325,[]
2026-06-10,12:21:32.057692,[]
2026-06-10,12:21:32.091059,[]
2026-06-10,12:21:32.124426,[]
2026-06-10,12:21:32.157793,[]
2026-06-10,12:21:32.191160,[]
2026-06-10,12:21:32.224527,[]
2026-06-10,12:21:32.257894,[]
2026-06-10,12:21:32.291261,[]
2026-06-10,12:21:32.324628,[]
2026-06-10,12:21:32.357995,[]
2026-06-10,12:21:32.391362,[]
2026-06-10,12:21:32.424729,[]
2026-06-10,12:21:32.458096,[]
2026-06-10,12:21:32.491463,[]
2026-06-10,12:21:32.524830,[]
2026-06-10,12:21:32.558197,[]
2026-06-10,12:21:32.591564,[]
2026-06-10,12:21:32.624931,[]
2026-06-10,12:21:32.658298,[]
2026-06-10,12:21:32.691665,[]
2026-06-10,12:21:32.725032,[]
2026-06-10,12:21:32.758399,[]
2026-06-10,12:21:32.791766,[]
2026-06-10,12:21:32.825133,[]
2026-06-10,12:21:32.858500,[]
2026-06-10,12:21:32.891867,[]
2026-06-10,12:21:32.925234,[]
2026-06-10,12:21:32.958601,[]
2026-06-10,12:21:32.991968,[]
2026-06-10,12:21:33.025335,[]
2026-06-10,12:21:33.058702,[]
2026-06-10,12:21:33.092069,[]
2026-06-10,12:21:33.125436,[]
2026-06-10,12:21:33.158803,[]
2026-06-10,12:21:33.192170,[]
2026-06-10,12:21:33.225537,[]
2026-06-10,12:21:33.258904,[]
2026-06-10,12:21:33.292271,[]
2026-06-10,12:21:33.325638,[]
2026-06-10,12:21:33.359005,[]
2026-06-10,12:21:33.392372,[]
2026-06-10,12:21:33.425739,[]
2026-06-10,12:21:33.459106,[]
2026-06-10,12:21:33.492473,[]
2026-06-10,12:21:33.525840,[]
2026-06-10,12:21:33.559207,[]
2026-06-10,12:21:33.592574,[]
2026-06-10,12:21:33.625941,[]
2026-06-10,12:21:33.659308,[]
2026-06-10,12:21:33.692675,[]
2026-06-10,12:21:33.726042,[]
2026-06-10,12:21:33.759409,[]
2026-06-10,12:21:33.792776,[]
2026-06-10,12:21:33.826143,[]
2026-06-10,12:21:33.859510,[]
2026-06-10,12:21:33.892877,[]
2026-06-10,12:21:33.926244,[]
2026-06-10,12:21:33.959611,[]
2026-06-10,12:21:33.992978,[]
2026-06-10,12:21:34.026345,[]
2026-06-10,12:21:34.059712,[]
2026-06-10,12:21:34.093079,[]
2026-06-10,12:21:34.126446,[]
2026-06-10,12:21:34.159813,[]
2026-06-10,12:21:34.193180,[]
2026-06-10,12:21:34.226547,[]
2026-06-10,12:21:34.259914,[]
2026-06-10,12:21:34.293281,[]
2026-06-10,12:21:34.326648,[]
2026-06-10,12:21:34.360015,[]
2026-06-10,12:21:34.393382,[]
2026-06-10,12:21:34.426749,[]
2026-06-10,12:21:34.460116,[]
2026-06-10,12:21:34.493483,[]
2026-06-10,12:21:34.526850,[]
2026-06-10,12:21:34.560217,[]
2026-06-10,12:21:34.593584,[]
2026-06-10,12:21:34.626951,[]
2026-06-10,12:21:34.660318,[]
2026-06-10,12:21:34.693685,[]
2026-06-10,12:21:34.727052,[]
2026-06-10,12:21:34.760419,[]
2026-06-10,12:21:34.793786,[]
2026-06-10,12:21:34.827153,[]
2026-06-10,12:21:34.860520,[]
2026-06-10,12:21:34.893887,[]
2026-06-10,12:21:34.927254,[]
2026-06-10,12:21:34.960621,[]
2026-06-10,12:21:34.993988,[]
2026-06-10,12:21:35.027355,[]
2026-06-10,12:21:35.060722,[]
2026-06-10,12:21:35.094089,[]
2026-06-10,12:21:35.127456,[]
2026-06-10,12:21:35.160823,[]
2026-06-10,12:21:35.194190,[]
2026-06-10,12:21:35.227557,[]
2026-06-10,12:21:35.260924,[]
2026-06-10,12:21:35.294291,[]
2026-06-10,12:21:35.327658,[]
2026-06-10,12:21:35.361025,[]
2026-06-10,12:21:35.394392,[]
2026-06-10,12:21:35.427759,[]
2026-06-10,12:21:35.461126,[]
2026-06-10,12:21:35.494493,[]
2026-06-10,12:21:35.527860,[]
2026-06-10,12:21:35.561227,[]
2026-06-10,12:21:35.594594,[]
2026-06-10,12:21:35.627961,[]
2026-06-10,12:21:35.661328,[]
2026-06-10,12:21:35.694695,['BB79484']
2026-06-10,12:21:35.728062,['BB79484']
2026-06-10,12:21:35.761429,['BB79484']
2026-06-10,12:21:35.794796,['BB79484']
2026-06-10,12:21:35.828163,[]
2026-06-10,12:21:35.861530,[]
2026-06-10,12:21:35.894897,[]
2026-06-10,12:21:35.928264,[]
2026-06-10,12:21:35.961631,[]
2026-06-10,12:21:35.994998,[]
2026-06-10,12:21:36.028365,[]
2026-06-10,12:21:36.061732,[]
2026-06-10,12:21:36.095099,[]
2026-06-10,12:21:36.128466,[]
2026-06-10,12:21:36.161833,[]
2026-06-10,12:21:36.195200,[]
2026-06-10,12:21:36.228567,[]
2026-06-10,12:21:36.261934,[]
2026-06-10,12:21:36.295301,[]
2026-06-10,12:21:36.328668,[]
2026-06-10,12:21:36.362035,[]
2026-06-10,12:21:36.395402,[]
2026-06-10,12:21:36.428769,[]
2026-06-10,12:21:36.462136,[]
2026-06-10,12:21:36.495503,[]
2026-06-10,12:21:36.528870,[]
2026-06-10,12:21:36.562237,[]
2026-06-10,12:21:36.595604,[]
2026-06-10,12:21:36.628971,[]
2026-06-10,12:21:36.662338,[]
2026-06-10,12:21:36.695705,[]
2026-06-10,12:21:36.729072,[]
2026-06-10,12:21:36.762439,[]
2026-06-10,12:21:36.795806,[]
2026-06-10,12:21:36.829173,[]
2026-06-10,12:21:36.862540,[]
2026-06-10,12:21:36.895907,[]
2026-06-10,12:21:36.929274,[]
2026-06-10,12:21:36.962641,[]
2026-06-10,12:21:36.996008,[]
2026-06-10,12:21:37.029375,[]
2026-06-10,12:21:37.062742,[]
2026-06-10,12:21:37.096109,[]
2026-06-10,12:21:37.129476,[]
2026-06-10,12:21:37.162843,[]
2026-06-10,12:21:37.196210,[]
2026-06-10,12:21:37.229577,[]
2026-06-10,12:21:37.262944,[]
2026-06-10,12:21:37.296311,[]
2026-06-10,12:21:37.329678,[]
2026-06-10,12:21:37.363045,[]
2026-06-10,12:21:37.396412,[]
2026-06-10,12:21:37.429779,[]
2026-06-10,12:21:37.463146,[]
2026-06-10,12:21:37.496513,[]
2026-06-10,12:21:37.529880,[]
2026-06-10,12:21:37.563247,[]
2026-06-10,12:21:37.596614,[]
2026-06-10,12:21:37.629981,[]
2026-06-10,12:21:37.663348,[]
2026-06-10,12:21:37.696715,[]
2026-06-10,12:21:37.730082,[]
2026-06-10,12:21:37.763449,[]
2026-06-10,12:21:37.796816,[]
2026-06-10,12:21:37.830183,[]
2026-06-10,12:21:37.863550,[]
2026-06-10,12:21:37.896917,[]
2026-06-10,12:21:37.930284,[]
2026-06-10,12:21:37.963651,[]
2026-06-10,12:21:37.997018,[]
2026-06-10,12:21:38.030385,[]
2026-06-10,12:21:38.063752,[]
2026-06-10,12:21:38.097119,[]
2026-06-10,12:21:38.130486,[]
2026-06-10,12:21:38.163853,[]
2026-06-10,12:21:38.197220,[]
2026-06-10,12:21:38.230587,[]
2026-06-10,12:21:38.263954,[]
2026-06-10,12:21:38.297321,[]
2026-06-10,12:21:38.330688,[]
2026-06-10,12:21:38.364055,[]
2026-06-10,12:21:38.397422,[]
2026-06-10,12:21:38.430789,[]
2026-06-10,12:21:38.464156,[]
2026-06-10,12:21:38.497523,[]
2026-06-10,12:21:38.530890,[]
2026-06-10,12:21:38.564257,[]
2026-06-10,12:21:38.597624,[]
2026-06-10,12:21:38.630991,[]
2026-06-10,12:21:38.664358,[]
2026-06-10,12:21:38.697725,[]
2026-06-10,12:21:38.731092,[]
2026-06-10,12:21:38.764459,[]
2026-06-10,12:21:38.797826,[]
2026-06-10,12:21:38.831193,[]
2026-06-10,12:21:38.864560,[]
2026-06-10,12:21:38.897927,[]
2026-06-10,12:21:38.931294,[]
2026-06-10,12:21:38.964661,[]
2026-06-10,12:21:38.998028,[]
2026-06-10,12:21:39.031395,[]
2026-06-10,12:21:39.064762,[]
2026-06-10,12:21:39.098129,[]
2026-06-10,12:21:39.131496,[]
2026-06-10,12:21:39.164863,[]
2026-06-10,12:21:39.198230,[]
2026-06-10,12:21:39.231597,[]
2026-06-10,12:21:39.264964,[]
2026-06-10,12:21:39.298331,[]
2026-06-10,12:21:39.331698,[]
2026-06-10,12:21:39.365065,[]
2026-06-10,12:21:39.398432,[]
2026-06-10,12:21:39.431799,[]
2026-06-10,12:21:39.465166,[]
2026-06-10,12:21:39.498533,[]
2026-06-10,12:21:39.531900,[]
2026-06-10,12:21:39.565267,[]
2026-06-10,12:21:39.598634,[]
2026-06-10,12:21:39.632001,[]
2026-06-10,12:21:39.665368,[]
2026-06-10,12:21:39.698735,[]
2026-06-10,12:21:39.732102,[]
2026-06-10,12:21:39.765469,[]
2026-06-10,12:21:39.798836,[]
2026-06-10,12:21:39.832203,[]
2026-06-10,12:21:39.865570,[]
2026-06-10,12:21:39.898937,[]
2026-06-10,12:21:39.932304,[]
2026-06-10,12:21:39.965671,[]
2026-06-10,12:21:39.999038,[]
2026-06-10,12:21:40.032405,[]
2026-06-10,12:21:40.065772,[]
2026-06-10,12:21:40.099139,[]
2026-06-10,12:21:40.132506,[]
2026-06-10,12:21:40.165873,[]
2026-06-10,12:21:40.199240,[]
2026-06-10,12:21:40.232607,[]
2026-06-10,12:21:40.265974,[]
2026-06-10,12:21:40.299341,[]
2026-06-10,12:21:40.332708,[]
2026-06-10,12:21:40.366075,[]
2026-06-10,12:21:40.399442,[]
2026-06-10,12:21:40.432809,[]
2026-06-10,12:21:40.466176,[]
2026-06-10,12:21:40.499543,[]
2026-06-10,12:21:40.532910,[]
2026-06-10,12:21:40.566277,[]
2026-06-10,12:21:40.599644,[]
2026-06-10,12:21:40.633011,[]
2026-06-10,12:21:40.666378,[]
2026-06-10,12:21:40.699745,[]
2026-06-10,12:21:40.733112,[]
2026-06-10,12:21:40.766479,[]
2026-06-10,12:21:40.799846,[]
2026-06-10,12:21:40.833213,[]
2026-06-10,12:21:40.866580,['EP90519']
2026-06-10,12:21:40.899947,['EP90519']
2026-06-10,12:21:40.933314,['EP90519']
2026-06-10,12:21:40.966681,['EP90519']
2026-06-10,12:21:41.000048,['EP90519']
2026-06-10,12:21:41.033415,[]
2026-06-10,12:21:41.066782,[]
2026-06-10,12:21:41.100149,[]
2026-06-10,12:21:41.133516,[]
2026-06-10,12:21:41.166883,[]
2026-06-10,12:21:41.200250,[]
2026-06-10,12:21:41.233617,[]
2026-06-10,12:21:41.266984,[]
2026-06-10,12:21:41.300351,[]
2026-06-10,12:21:41.333718,[]
2026-06-10,12:21:41.367085,[]
2026-06-10,12:21:41.400452,[]
2026-06-10,12:21:41.433819,[]
2026-06-10,12:21:41.467186,[]
2026-06-10,12:21:41.500553,[]
2026-06-10,12:21:41.533920,[]
2026-06-10,12:21:41.567287,[]
2026-06-10,12:21:41.600654,[]
2026-06-10,12:21:41.634021,[]
2026-06-10,12:21:41.667388,[]
2026-06-10,12:21:41.700755,[]
2026-06-10,12:21:41.734122,[]
2026-06-10,12:21:41.767489,[]
2026-06-10,12:21:41.800856,[]
2026-06-10,12:21:41.834223,[]
2026-06-10,12:21:41.867590,[]
2026-06-10,12:21:41.900957,[]
2026-06-10,12:21:41.934324,[]
2026-06-10,12:21:41.967691,[]
2026-06-10,12:21:42.001058,[]
2026-06-10,12:21:42.034425,[]
2026-06-10,12:21:42.067792,[]
2026-06-10,12:21:42.101159,[]
2026-06-10,12:21:42.134526,[]
2026-06-10,12:21:42.167893,[]
2026-06-10,12:21:42.201260,[]
2026-06-10,12:21:42.234627,[]
2026-06-10,12:21:42.267994,[]
2026-06-10,12:21:42.301361,[]
2026-06-10,12:21:42.334728,[]
2026-06-10,12:21:42.368095,[]
2026-06-10,12:21:42.401462,[]
2026-06-10,12:21:42.434829,[]
2026-06-10,12:21:42.468196,[]
2026-06-10,12:21:42.501563,[]
2026-06-10,12:21:42.534930,[]
2026-06-10,12:21:42.568297,[]
2026-06-10,12:21:42.601664,[]
2026-06-10,12:21:42.635031,[]
2026-06-10,12:21:42.668398,[]
2026-06-10,12:21:42.701765,[]
2026-06-10,12:21:42.735132,[]
2026-06-10,12:21:42.768499,[]
2026-06-10,12:21:42.801866,[]
2026-06-10,12:21:42.835233,[]
2026-06-10,12:21:42.868600,[]
2026-06-10,12:21:42.901967,[]
2026-06-10,12:21:42.935334,[]
2026-06-10,12:21:42.968701,[]
2026-06-10,12:21:43.002068,[]
2026-06-10,12:21:43.035435,[]
2026-06-10,12:21:43.068802,[]
2026-06-10,12:21:43.102169,[]
2026-06-10,12:21:43.135536,[]
2026-06-10,12:21:43.168903,[]
2026-06-10,12:21:43.202270,[]
2026-06-10,12:21:43.235637,[]
2026-06-10,12:21:43.269004,[]
2026-06-10,12:21:43.302371,[]
2026-06-10,12:21:43.335738,[]
2026-06-10,12:21:43.369105,[]
2026-06-10,12:21:43.402472,[]
2026-06-10,12:21:43.435839,[]
2026-06-10,12:21:43.469206,[]
2026-06-10,12:21:43.502573,[]
2026-06-10,12:21:43.535940,[]
2026-06-10,12:21:43.569307,[]
2026-06-10,12:21:43.602674,[]
2026-06-10,12:21:43.636041,[]
2026-06-10,12:21:43.669408,[]
2026-06-10,12:21:43.702775,[]
2026-06-10,12:21:43.736142,[]
2026-06-10,12:21:43.769509,[]
2026-06-10,12:21:43.802876,[]
2026-06-10,12:21:43.836243,[]
2026-06-10,12:21:43.869610,[]
2026-06-10,12:21:43.902977,[]
2026-06-10,12:21:43.936344,[]
2026-06-10,12:21:43.969711,[]
2026-06-10,12:21:44.003078,[]
2026-06-10,12:21:44.036445,[]
2026-06-10,12:21:44.069812,[]
2026-06-10,12:21:44.103179,[]
2026-06-10,12:21:44.136546,[]
2026-06-10,12:21:44.169913,[]
2026-06-10,12:21:44.203280,[]
2026-06-10,12:21:44.236647,[]
2026-06-10,12:21:44.270014,[]
2026-06-10,12:21:44.303381,[]
2026-06-10,12:21:44.336748,[]
2026-06-10,12:21:44.370115,[]
2026-06-10,12:21:44.403482,[]
2026-06-10,12:21:44.436849,[]
2026-06-10,12:21:44.470216,[]
2026-06-10,12:21:44.503583,[]
2026-06-10,12:21:44.536950,[]
2026-06-10,12:21:44.570317,[]
2026-06-10,12:21:44.603684,[]
2026-06-10,12:21:44.637051,[]
2026-06-10,12:21:44.670418,[]
2026-06-10,12:21:44.703785,[]
2026-06-10,12:21:44.737152,[]
2026-06-10,12:21:44.770519,[]
2026-06-10,12:21:44.803886,[]
2026-06-10,12:21:44.837253,[]
2026-06-10,12:21:44.870620,[]
2026-06-10,12:21:44.903987,[]
2026-06-10,12:21:44.937354,[]
2026-06-10,12:21:44.970721,[]
2026-06-10,12:21:45.004088,[]
2026-06-10,12:21:45.037455,[]
2026-06-10,12:21:45.070822,[]
2026-06-10,12:21:45.104189,[]
2026-06-10,12:21:45.137556,[]
2026-06-10,12:21:45.170923,[]
2026-06-10,12:21:45.204290,[]
2026-06-10,12:21:45.237657,[]
2026-06-10,12:21:45.271024,[]
2026-06-10,12:21:45.304391,[]
2026-06-10,12:21:45.337758,[]
2026-06-10,12:21:45.371125,[]
2026-06-10,12:21:45.404492,[]
2026-06-10,12:21:45.437859,[]
2026-06-10,12:21:45.471226,[]
2026-06-10,12:21:45.504593,[]
2026-06-10,12:21:45.537960,[]
2026-06-10,12:21:45.571327,[]
2026-06-10,12:21:45.604694,[]
2026-06-10,12:21:45.638061,[]
2026-06-10,12:21:45.671428,[]
2026-06-10,12:21:45.704795,[]
2026-06-10,12:21:45.738162,[]
2026-06-10,12:21:45.771529,[]
2026-06-10,12:21:45.804896,[]
2026-06-10,12:21:45.838263,[]
2026-06-10,12:21:45.871630,[]
2026-06-10,12:21:45.904997,[]
2026-06-10,12:21:45.938364,[]
2026-06-10,12:21:45.971731,[]
2026-06-10,12:21:46.005098,[]
2026-06-10,12:21:46.038465,[]
2026-06-10,12:21:46.071832,[]
2026-06-10,12:21:46.105199,[]
2026-06-10,12:21:46.138566,[]
2026-06-10,12:21:46.171933,[]
2026-06-10,12:21:46.205300,[]
2026-06-10,12:21:46.238667,[]
2026-06-10,12:21:46.272034,[]
2026-06-10,12:21:46.305401,[]
2026-06-10,12:21:46.338768,[]
2026-06-10,12:21:46.372135,[]
2026-06-10,12:21:46.405502,[]
2026-06-10,12:21:46.438869,[]
2026-06-10,12:21:46.472236,[]
2026-06-10,12:21:46.505603,[]
2026-06-10,12:21:46.538970,[]
2026-06-10,12:21:46.572337,[]
2026-06-10,12:21:46.605704,[]
2026-06-10,12:21:46.639071,[]
2026-06-10,12:21:46.672438,[]
2026-06-10,12:21:46.705805,[]
2026-06-10,12:21:46.739172,[]
2026-06-10,12:21:46.772539,[]
2026-06-10,12:21:46.805906,[]
2026-06-10,12:21:46.839273,[]
2026-06-10,12:21:46.872640,[]
2026-06-10,12:21:46.906007,[]
2026-06-10,12:21:46.939374,[]
2026-06-10,12:21:46.972741,[]
2026-06-10,12:21:47.006108,[]
2026-06-10,12:21:47.039475,[]
2026-06-10,12:21:47.072842,[]
2026-06-10,12:21:47.106209,[]
2026-06-10,12:21:47.139576,[]
2026-06-10,12:21:47.172943,[]
2026-06-10,12:21:47.206310,[]
2026-06-10,12:21:47.239677,[]
2026-06-10,12:21:47.273044,[]
2026-06-10,12:21:47.306411,[]
2026-06-10,12:21:47.339778,[]
2026-06-10,12:21:47.373145,[]
2026-06-10,12:21:47.406512,[]
2026-06-10,12:21:47.439879,[]
2026-06-10,12:21:47.473246,[]
2026-06-10,12:21:47.506613,[]
2026-06-10,12:21:47.539980,[]
2026-06-10,12:21:47.573347,[]
2026-06-10,12:21:47.606714,[]
2026-06-10,12:21:47.640081,[]
2026-06-10,12:21:47.673448,[]
2026-06-10,12:21:47.706815,[]
2026-06-10,12:21:47.740182,[]
2026-06-10,12:21:47.773549,[]
2026-06-10,12:21:47.806916,[]
2026-06-10,12:21:47.840283,[]
2026-06-10,12:21:47.873650,[]
2026-06-10,12:21:47.907017,[]
2026-06-10,12:21:47.940384,[]
2026-06-10,12:21:47.973751,[]
2026-06-10,12:21:48.007118,[]
2026-06-10,12:21:48.040485,[]
2026-06-10,12:21:48.073852,[]
2026-06-10,12:21:48.107219,[]
2026-06-10,12:21:48.140586,[]
2026-06-10,12:21:48.173953,[]
2026-06-10,12:21:48.207320,[]
2026-06-10,12:21:48.240687,[]
2026-06-10,12:21:48.274054,[]
2026-06-10,12:21:48.307421,[]
2026-06-10,12:21:48.340788,['CR45819']
2026-06-10,12:21:48.374155,['CR45819']
2026-06-10,12:21:48.407522,[]
2026-06-10,12:21:48.440889,[]
2026-06-10,12:21:48.474256,[]
2026-06-10,12:21:48.507623,[]
2026-06-10,12:21:48.540990,[]
2026-06-10,12:21:48.574357,[]
2026-06-10,12:21:48.607724,[]
2026-06-10,12:21:48.641091,[]
2026-06-10,12:21:48.674458,[]
2026-06-10,12:21:48.707825,[]
2026-06-10,12:21:48.741192,[]
2026-06-10,12:21:48.774559,[]
2026-06-10,12:21:48.807926,[]
2026-06-10,12:21:48.841293,[]
2026-06-10,12:21:48.874660,[]
2026-06-10,12:21:48.908027,[]
2026-06-10,12:21:48.941394,[]
2026-06-10,12:21:48.974761,[]
2026-06-10,12:21:49.008128,[]
2026-06-10,12:21:49.041495,[]
2026-06-10,12:21:49.074862,[]
2026-06-10,12:21:49.108229,[]
2026-06-10,12:21:49.141596,[]
2026-06-10,12:21:49.174963,[]
2026-06-10,12:21:49.208330,[]
2026-06-10,12:21:49.241697,[]
2026-06-10,12:21:49.275064,[]
2026-06-10,12:21:49.308431,[]
2026-06-10,12:21:49.341798,[]
2026-06-10,12:21:49.375165,[]
2026-06-10,12:21:49.408532,[]
2026-06-10,12:21:49.441899,[]
2026-06-10,12:21:49.475266,[]
2026-06-10,12:21:49.508633,[]
2026-06-10,12:21:49.542000,[]
2026-06-10,12:21:49.575367,[]
2026-06-10,12:21:49.608734,[]
2026-06-10,12:21:49.642101,[]
2026-06-10,12:21:49.675468,[]
2026-06-10,12:21:49.708835,[]
2026-06-10,12:21:49.742202,[]
2026-06-10,12:21:49.775569,[]
2026-06-10,12:21:49.808936,[]
2026-06-10,12:21:49.842303,[]
2026-06-10,12:21:49.875670,[]
2026-06-10,12:21:49.909037,['EC92609']
2026-06-10,12:21:49.942404,['EC92609']
2026-06-10,12:21:49.975771,['EC92609']
2026-06-10,12:21:50.009138,['EC92609']
2026-06-10,12:21:50.042505,[]
2026-06-10,12:21:50.075872,[]
2026-06-10,12:21:50.109239,[]
2026-06-10,12:21:50.142606,[]
2026-06-10,12:21:50.175973,[]
2026-06-10,12:21:50.209340,[]
2026-06-10,12:21:50.242707,[]
2026-06-10,12:21:50.276074,[]
2026-06-10,12:21:50.309441,[]
2026-06-10,12:21:50.342808,[]
2026-06-10,12:21:50.376175,[]
2026-06-10,12:21:50.409542,[]
2026-06-10,12:21:50.442909,[]
2026-06-10,12:21:50.476276,[]
2026-06-10,12:21:50.509643,[]
2026-06-10,12:21:50.543010,[]
2026-06-10,12:21:50.576377,[]
2026-06-10,12:21:50.609744,[]
2026-06-10,12:21:50.643111,[]
2026-06-10,12:21:50.676478,[]
2026-06-10,12:21:50.709845,[]
2026-06-10,12:21:50.743212,[]
2026-06-10,12:21:50.776579,[]
2026-06-10,12:21:50.809946,[]
2026-06-10,12:21:50.843313,[]
2026-06-10,12:21:50.876680,[]
2026-06-10,12:21:50.910047,[]
2026-06-10,12:21:50.943414,[]
2026-06-10,12:21:50.976781,[]
2026-06-10,12:21:51.010148,[]
2026-06-10,12:21:51.043515,[]
2026-06-10,12:21:51.076882,[]
2026-06-10,12:21:51.110249,[]
2026-06-10,12:21:51.143616,[]
2026-06-10,12:21:51.176983,[]
2026-06-10,12:21:51.210350,[]
2026-06-10,12:21:51.243717,[]
2026-06-10,12:21:51.277084,[]
2026-06-10,12:21:51.310451,[]
2026-06-10,12:21:51.343818,[]
2026-06-10,12:21:51.377185,[]
2026-06-10,12:21:51.410552,[]
2026-06-10,12:21:51.443919,[]
2026-06-10,12:21:51.477286,[]
2026-06-10,12:21:51.510653,[]
2026-06-10,12:21:51.544020,[]
2026-06-10,12:21:51.577387,[]
2026-06-10,12:21:51.610754,[]
2026-06-10,12:21:51.644121,[]
2026-06-10,12:21:51.677488,[]
2026-06-10,12:21:51.710855,[]
2026-06-10,12:21:51.744222,[]
2026-06-10,12:21:51.777589,[]
2026-06-10,12:21:51.810956,[]
2026-06-10,12:21:51.844323,[]
2026-06-10,12:21:51.877690,[]
2026-06-10,12:21:51.911057,[]
2026-06-10,12:21:51.944424,[]
2026-06-10,12:21:51.977791,[]
2026-06-10,12:21:52.011158,[]
2026-06-10,12:21:52.044525,[]
2026-06-10,12:21:52.077892,[]
2026-06-10,12:21:52.111259,[]
2026-06-10,12:21:52.144626,[]
2026-06-10,12:21:52.177993,[]
2026-06-10,12:21:52.211360,[]
2026-06-10,12:21:52.244727,[]
2026-06-10,12:21:52.278094,[]
2026-06-10,12:21:52.311461,[]
2026-06-10,12:21:52.344828,[]
2026-06-10,12:21:52.378195,[]
2026-06-10,12:21:52.411562,[]
2026-06-10,12:21:52.444929,[]
2026-06-10,12:21:52.478296,[]
2026-06-10,12:21:52.511663,[]
2026-06-10,12:21:52.545030,[]
2026-06-10,12:21:52.578397,[]
2026-06-10,12:21:52.611764,[]
2026-06-10,12:21:52.645131,[]
2026-06-10,12:21:52.678498,[]
2026-06-10,12:21:52.711865,[]
2026-06-10,12:21:52.745232,[]
2026-06-10,12:21:52.778599,[]
2026-06-10,12:21:52.811966,[]
2026-06-10,12:21:52.845333,[]
2026-06-10,12:21:52.878700,[]
2026-06-10,12:21:52.912067,[]
2026-06-10,12:21:52.945434,[]
2026-06-10,12:21:52.978801,[]
2026-06-10,12:21:53.012168,[]
2026-06-10,12:21:53.045535,[]
2026-06-10,12:21:53.078902,[]
2026-06-10,12:21:53.112269,[]
2026-06-10,12:21:53.145636,[]
2026-06-10,12:21:53.179003,[]
2026-06-10,12:21:53.212370,[]
2026-06-10,12:21:53.245737,[]
2026-06-10,12:21:53.279104,[]
2026-06-10,12:21:53.312471,[]
2026-06-10,12:21:53.345838,[]
2026-06-10,12:21:53.379205,[]
2026-06-10,12:21:53.412572,[]
2026-06-10,12:21:53.445939,[]
2026-06-10,12:21:53.479306,[]
2026-06-10,12:21:53.512673,[]
2026-06-10,12:21:53.546040,[]
2026-06-10,12:21:53.579407,[]
2026-06-10,12:21:53.612774,[]
2026-06-10,12:21:53.646141,[]
2026-06-10,12:21:53.679508,[]
2026-06-10,12:21:53.712875,[]
2026-06-10,12:21:53.746242,[]
2026-06-10,12:21:53.779609,[]
2026-06-10,12:21:53.812976,[]
2026-06-10,12:21:53.846343,[]
2026-06-10,12:21:53.879710,[]
2026-06-10,12:21:53.913077,[]
2026-06-10,12:21:53.946444,[]
2026-06-10,12:21:53.979811,[]
2026-06-10,12:21:54.013178,[]
2026-06-10,12:21:54.046545,[]
2026-06-10,12:21:54.079912,[]
2026-06-10,12:21:54.113279,[]
2026-06-10,12:21:54.146646,[]
2026-06-10,12:21:54.180013,[]
2026-06-10,12:21:54.213380,[]
2026-06-10,12:21:54.246747,[]
2026-06-10,12:21:54.280114,[]
2026-06-10,12:21:54.313481,[]
2026-06-10,12:21:54.346848,[]
2026-06-10,12:21:54.380215,[]
2026-06-10,12:21:54.413582,[]
2026-06-10,12:21:54.446949,[]
2026-06-10,12:21:54.480316,[]
2026-06-10,12:21:54.513683,[]
2026-06-10,12:21:54.547050,[]
2026-06-10,12:21:54.580417,[]
2026-06-10,12:21:54.613784,[]
2026-06-10,12:21:54.647151,[]
2026-06-10,12:21:54.680518,[]
2026-06-10,12:21:54.713885,[]
2026-06-10,12:21:54.747252,[]
2026-06-10,12:21:54.780619,[]
2026-06-10,12:21:54.813986,[]
2026-06-10,12:21:54.847353,[]
2026-06-10,12:21:54.880720,[]
2026-06-10,12:21:54.914087,[]
2026-06-10,12:21:54.947454,[]
2026-06-10,12:21:54.980821,[]
2026-06-10,12:21:55.014188,[]
2026-06-10,12:21:55.047555,[]
2026-06-10,12:21:55.080922,[]
2026-06-10,12:21:55.114289,[]
2026-06-10,12:21:55.147656,[]
2026-06-10,12:21:55.181023,[]
2026-06-10,12:21:55.214390,[]
2026-06-10,12:21:55.247757,[]
2026-06-10,12:21:55.281124,[]
2026-06-10,12:21:55.314491,[]
2026-06-10,12:21:55.347858,[]
2026-06-10,12:21:55.381225,[]
2026-06-10,12:21:55.414592,[]
2026-06-10,12:21:55.447959,[]
2026-06-10,12:21:55.481326,[]
2026-06-10,12:21:55.514693,[]
2026-06-10,12:21:55.548060,[]
2026-06-10,12:21:55.581427,[]
2026-06-10,12:21:55.614794,[]
2026-06-10,12:21:55.648161,[]
2026-06-10,12:21:55.681528,[]
2026-06-10,12:21:55.714895,[]
2026-06-10,12:21:55.748262,[]
2026-06-10,12:21:55.781629,[]
2026-06-10,12:21:55.814996,[]
2026-06-10,12:21:55.848363,[]
2026-06-10,12:21:55.881730,[]
2026-06-10,12:21:55.915097,[]
2026-06-10,12:21:55.948464,[]
2026-06-10,12:21:55.981831,[]
2026-06-10,12:21:56.015198,[]
2026-06-10,12:21:56.048565,[]
2026-06-10,12:21:56.081932,[]
2026-06-10,12:21:56.115299,[]
2026-06-10,12:21:56.148666,[]
2026-06-10,12:21:56.182033,[]
2026-06-10,12:21:56.215400,[]
2026-06-10,12:21:56.248767,[]
2026-06-10,12:21:56.282134,[]
2026-06-10,12:21:56.315501,[]
2026-06-10,12:21:56.348868,[]
2026-06-10,12:21:56.382235,[]
2026-06-10,12:21:56.415602,[]
2026-06-10,12:21:56.448969,[]
2026-06-10,12:21:56.482336,[]
2026-06-10,12:21:56.515703,[]
2026-06-10,12:21:56.549070,[]
2026-06-10,12:21:56.582437,[]
2026-06-10,12:21:56.615804,[]
2026-06-10,12:21:56.649171,[]
2026-06-10,12:21:56.682538,[]
2026-06-10,12:21:56.715905,[]
2026-06-10,12:21:56.749272,[]
2026-06-10,12:21:56.782639,[]
2026-06-10,12:21:56.816006,[]
2026-06-10,12:21:56.849373,[]
2026-06-10,12:21:56.882740,[]
2026-06-10,12:21:56.916107,[]
2026-06-10,12:21:56.949474,[]
2026-06-10,12:21:56.982841,[]
2026-06-10,12:21:57.016208,[]
2026-06-10,12:21:57.049575,[]
2026-06-10,12:21:57.082942,[]
2026-06-10,12:21:57.116309,[]
2026-06-10,12:21:57.149676,[]
2026-06-10,12:21:57.183043,[]
2026-06-10,12:21:57.216410,[]
2026-06-10,12:21:57.249777,[]
2026-06-10,12:21:57.283144,[]
2026-06-10,12:21:57.316511,[]
2026-06-10,12:21:57.349878,[]
2026-06-10,12:21:57.383245,[]
2026-06-10,12:21:57.416612,[]
2026-06-10,12:21:57.449979,[]
2026-06-10,12:21:57.483346,[]
2026-06-10,12:21:57.516713,[]
2026-06-10,12:21:57.550080,[]
2026-06-10,12:21:57.583447,[]
2026-06-10,12:21:57.616814,[]
2026-06-10,12:21:57.650181,[]
2026-06-10,12:21:57.683548,[]
2026-06-10,12:21:57.716915,[]
2026-06-10,12:21:57.750282,[]
2026-06-10,12:21:57.783649,[]
2026-06-10,12:21:57.817016,[]
2026-06-10,12:21:57.850383,[]
2026-06-10,12:21:57.883750,[]
2026-06-10,12:21:57.917117,[]
2026-06-10,12:21:57.950484,[]
2026-06-10,12:21:57.983851,[]
2026-06-10,12:21:58.017218,[]
2026-06-10,12:21:58.050585,[]
2026-06-10,12:21:58.083952,[]
2026-06-10,12:21:58.117319,[]
2026-06-10,12:21:58.150686,[]
2026-06-10,12:21:58.184053,[]
2026-06-10,12:21:58.217420,[]
2026-06-10,12:21:58.250787,[]
2026-06-10,12:21:58.284154,[]
2026-06-10,12:21:58.317521,[]
2026-06-10,12:21:58.350888,[]
2026-06-10,12:21:58.384255,[]
2026-06-10,12:21:58.417622,[]
2026-06-10,12:21:58.450989,[]
2026-06-10,12:21:58.484356,[]
2026-06-10,12:21:58.517723,[]
2026-06-10,12:21:58.551090,[]
2026-06-10,12:21:58.584457,[]
2026-06-10,12:21:58.617824,[]
2026-06-10,12:21:58.651191,[]
2026-06-10,12:21:58.684558,[]
2026-06-10,12:21:58.717925,[]
2026-06-10,12:21:58.751292,[]
2026-06-10,12:21:58.784659,[]
2026-06-10,12:21:58.818026,[]
2026-06-10,12:21:58.851393,[]
2026-06-10,12:21:58.884760,[]
2026-06-10,12:21:58.918127,[]
2026-06-10,12:21:58.951494,[]
2026-06-10,12:21:58.984861,[]
2026-06-10,12:21:59.018228,[]
2026-06-10,12:21:59.051595,[]
2026-06-10,12:21:59.084962,[]
2026-06-10,12:21:59.118329,[]
2026-06-10,12:21:59.151696,[]
2026-06-10,12:21:59.185063,[]
2026-06-10,12:21:59.218430,[]
2026-06-10,12:21:59.251797,[]
2026-06-10,12:21:59.285164,[]
2026-06-10,12:21:59.318531,[]
2026-06-10,12:21:59.351898,[]
2026-06-10,12:21:59.385265,[]
2026-06-10,12:21:59.418632,[]
2026-06-10,12:21:59.451999,[]
2026-06-10,12:21:59.485366,[]
2026-06-10,12:21:59.518733,[]
2026-06-10,12:21:59.552100,[]
2026-06-10,12:21:59.585467,[]
2026-06-10,12:21:59.618834,[]
2026-06-10,12:21:59.652201,[]
2026-06-10,12:21:59.685568,[]
2026-06-10,12:21:59.718935,[]
2026-06-10,12:21:59.752302,[]
2026-06-10,12:21:59.785669,[]
2026-06-10,12:21:59.819036,[]
2026-06-10,12:21:59.852403,[]
2026-06-10,12:21:59.885770,[]
2026-06-10,12:21:59.919137,[]
2026-06-10,12:21:59.952504,[]
2026-06-10,12:21:59.985871,[]
2026-06-10,12:22:00.019238,[]
2026-06-10,12:22:00.052605,[]
2026-06-10,12:22:00.085972,[]
2026-06-10,12:22:00.119339,[]
2026-06-10,12:22:00.152706,[]
2026-06-10,12:22:00.186073,[]
2026-06-10,12:22:00.219440,[]
2026-06-10,12:22:00.252807,[]
2026-06-10,12:22:00.286174,[]
2026-06-10,12:22:00.319541,[]
2026-06-10,12:22:00.352908,[]
2026-06-10,12:22:00.386275,[]
2026-06-10,12:22:00.419642,[]
2026-06-10,12:22:00.453009,[]
2026-06-10,12:22:00.486376,[]
2026-06-10,12:22:00.519743,[]
2026-06-10,12:22:00.553110,[]
2026-06-10,12:22:00.586477,[]
2026-06-10,12:22:00.619844,[]
2026-06-10,12:22:00.653211,[]
2026-06-10,12:22:00.686578,[]
2026-06-10,12:22:00.719945,[]
2026-06-10,12:22:00.753312,[]
2026-06-10,12:22:00.786679,[]
2026-06-10,12:22:00.820046,[]
2026-06-10,12:22:00.853413,[]
2026-06-10,12:22:00.886780,[]
2026-06-10,12:22:00.920147,[]
2026-06-10,12:22:00.953514,[]
2026-06-10,12:22:00.986881,[]
2026-06-10,12:22:01.020248,[]
2026-06-10,12:22:01.053615,[]
2026-06-10,12:22:01.086982,[]
2026-06-10,12:22:01.120349,[]
2026-06-10,12:22:01.153716,[]
2026-06-10,12:22:01.187083,[]
2026-06-10,12:22:01.220450,[]
2026-06-10,12:22:01.253817,[]
2026-06-10,12:22:01.287184,[]
2026-06-10,12:22:01.320551,[]
2026-06-10,12:22:01.353918,[]
2026-06-10,12:22:01.387285,[]
2026-06-10,12:22:01.420652,[]
2026-06-10,12:22:01.454019,[]
2026-06-10,12:22:01.487386,[]
2026-06-10,12:22:01.520753,[]
2026-06-10,12:22:01.554120,[]
2026-06-10,12:22:01.587487,[]
2026-06-10,12:22:01.620854,[]
2026-06-10,12:22:01.654221,[]
2026-06-10,12:22:01.687588,[]
2026-06-10,12:22:01.720955,[]
2026-06-10,12:22:01.754322,[]
2026-06-10,12:22:01.787689,[]
2026-06-10,12:22:01.821056,[]
2026-06-10,12:22:01.854423,[]
2026-06-10,12:22:01.887790,[]
2026-06-10,12:22:01.921157,[]
2026-06-10,12:22:01.954524,[]
2026-06-10,12:22:01.987891,[]
2026-06-10,12:22:02.021258,[]
2026-06-10,12:22:02.054625,[]
2026-06-10,12:22:02.087992,[]
2026-06-10,12:22:02.121359,[]
2026-06-10,12:22:02.154726,[]
2026-06-10,12:22:02.188093,[]
2026-06-10,12:22:02.221460,[]
2026-06-10,12:22:02.254827,[]
2026-06-10,12:22:02.288194,[]
2026-06-10,12:22:02.321561,[]
2026-06-10,12:22:02.354928,[]
2026-06-10,12:22:02.388295,[]
2026-06-10,12:22:02.421662,[]
2026-06-10,12:22:02.455029,[]
2026-06-10,12:22:02.488396,[]
2026-06-10,12:22:02.521763,[]
2026-06-10,12:22:02.555130,[]
2026-06-10,12:22:02.588497,[]
2026-06-10,12:22:02.621864,[]
2026-06-10,12:22:02.655231,[]
2026-06-10,12:22:02.688598,[]
2026-06-10,12:22:02.721965,[]
2026-06-10,12:22:02.755332,[]
2026-06-10,12:22:02.788699,[]
2026-06-10,12:22:02.822066,[]
2026-06-10,12:22:02.855433,[]
2026-06-10,12:22:02.888800,[]
2026-06-10,12:22:02.922167,[]
2026-06-10,12:22:02.955534,[]
2026-06-10,12:22:02.988901,[]
2026-06-10,12:22:03.022268,[]
2026-06-10,12:22:03.055635,[]
2026-06-10,12:22:03.089002,[]
2026-06-10,12:22:03.122369,[]
2026-06-10,12:22:03.155736,[]
2026-06-10,12:22:03.189103,[]
2026-06-10,12:22:03.222470,[]
2026-06-10,12:22:03.255837,[]
2026-06-10,12:22:03.289204,[]
2026-06-10,12:22:03.322571,[]
2026-06-10,12:22:03.355938,[]
2026-06-10,12:22:03.389305,[]
2026-06-10,12:22:03.422672,[]
2026-06-10,12:22:03.456039,[]
2026-06-10,12:22:03.489406,[]
2026-06-10,12:22:03.522773,[]
2026-06-10,12:22:03.556140,[]
2026-06-10,12:22:03.589507,[]
2026-06-10,12:22:03.622874,[]
2026-06-10,12:22:03.656241,[]
2026-06-10,12:22:03.689608,[]
2026-06-10,12:22:03.722975,[]
2026-06-10,12:22:03.756342,[]
2026-06-10,12:22:03.789709,[]
2026-06-10,12:22:03.823076,[]
2026-06-10,12:22:03.856443,[]
2026-06-10,12:22:03.889810,[]
2026-06-10,12:22:03.923177,[]
2026-06-10,12:22:03.956544,[]
2026-06-10,12:22:03.989911,[]
2026-06-10,12:22:04.023278,[]
2026-06-10,12:22:04.056645,[]
2026-06-10,12:22:04.090012,[]
2026-06-10,12:22:04.123379,[]
2026-06-10,12:22:04.156746,[]
2026-06-10,12:22:04.190113,[]
2026-06-10,12:22:04.223480,[]
2026-06-10,12:22:04.256847,[]
2026-06-10,12:22:04.290214,[]
2026-06-10,12:22:04.323581,[]
2026-06-10,12:22:04.356948,[]
2026-06-10,12:22:04.390315,[]
2026-06-10,12:22:04.423682,[]
2026-06-10,12:22:04.457049,[]
2026-06-10,12:22:04.490416,[]
2026-06-10,12:22:04.523783,[]
2026-06-10,12:22:04.557150,[]
2026-06-10,12:22:04.590517,[]
2026-06-10,12:22:04.623884,[]
2026-06-10,12:22:04.657251,[]
2026-06-10,12:22:04.690618,[]
2026-06-10,12:22:04.723985,[]
2026-06-10,12:22:04.757352,[]
2026-06-10,12:22:04.790719,[]
2026-06-10,12:22:04.824086,[]
2026-06-10,12:22:04.857453,[]
2026-06-10,12:22:04.890820,[]
2026-06-10,12:22:04.924187,[]
2026-06-10,12:22:04.957554,[]
2026-06-10,12:22:04.990921,[]
2026-06-10,12:22:05.024288,[]
2026-06-10,12:22:05.057655,[]
2026-06-10,12:22:05.091022,[]
2026-06-10,12:22:05.124389,[]
2026-06-10,12:22:05.157756,[]
2026-06-10,12:22:05.191123,[]
2026-06-10,12:22:05.224490,[]
2026-06-10,12:22:05.257857,[]
2026-06-10,12:22:05.291224,[]
2026-06-10,12:22:05.324591,[]
2026-06-10,12:22:05.357958,[]
2026-06-10,12:22:05.391325,[]
2026-06-10,12:22:05.424692,[]
